fips_year,county_id,year,fold,split,county_outer_fold,validation_fold
17001-2020,17001,2020,0,test,0,1
17001-2022,17001,2022,0,test,0,1
17003-2019,17003,2019,0,train,4,1
17003-2020,17003,2020,0,train,4,1
17005-2019,17005,2019,0,train,2,1
17005-2020,17005,2020,0,train,2,1
17005-2021,17005,2021,0,train,2,1
17005-2022,17005,2022,0,train,2,1
17007-2019,17007,2019,0,train,2,1
17007-2020,17007,2020,0,train,2,1
17007-2022,17007,2022,0,train,2,1
17009-2020,17009,2020,0,train,3,1
17009-2022,17009,2022,0,train,3,1
17011-2019,17011,2019,0,val,1,1
17011-2020,17011,2020,0,val,1,1
17011-2021,17011,2021,0,val,1,1
17011-2022,17011,2022,0,val,1,1
17013-2020,17013,2020,0,train,2,1
17013-2022,17013,2022,0,train,2,1
17015-2020,17015,2020,0,val,1,1
17015-2022,17015,2022,0,val,1,1
17017-2019,17017,2019,0,test,0,1
17017-2020,17017,2020,0,test,0,1
17017-2021,17017,2021,0,test,0,1
17017-2022,17017,2022,0,test,0,1
17019-2021,17019,2021,0,test,0,1
17019-2022,17019,2022,0,test,0,1
17021-2020,17021,2020,0,val,1,1
17021-2021,17021,2021,0,val,1,1
17021-2022,17021,2022,0,val,1,1
17023-2020,17023,2020,0,train,4,1
17023-2022,17023,2022,0,train,4,1
17025-2019,17025,2019,0,train,4,1
17025-2020,17025,2020,0,train,4,1
17025-2021,17025,2021,0,train,4,1
17025-2022,17025,2022,0,train,4,1
17027-2019,17027,2019,0,train,3,1
17027-2020,17027,2020,0,train,3,1
17027-2021,17027,2021,0,train,3,1
17027-2022,17027,2022,0,train,3,1
17029-2019,17029,2019,0,train,3,1
17029-2021,17029,2021,0,train,3,1
17031-2019,17031,2019,0,test,0,1
17033-2019,17033,2019,0,test,0,1
17033-2020,17033,2020,0,test,0,1
17033-2022,17033,2022,0,test,0,1
17035-2019,17035,2019,0,train,2,1
17035-2022,17035,2022,0,train,2,1
17039-2020,17039,2020,0,train,4,1
17039-2021,17039,2021,0,train,4,1
17039-2022,17039,2022,0,train,4,1
17041-2019,17041,2019,0,val,1,1
17041-2022,17041,2022,0,val,1,1
17045-2020,17045,2020,0,train,3,1
17045-2021,17045,2021,0,train,3,1
17045-2022,17045,2022,0,train,3,1
17047-2020,17047,2020,0,train,2,1
17047-2021,17047,2021,0,train,2,1
17047-2022,17047,2022,0,train,2,1
17049-2021,17049,2021,0,test,0,1
17049-2022,17049,2022,0,test,0,1
17051-2019,17051,2019,0,val,1,1
17051-2020,17051,2020,0,val,1,1
17051-2021,17051,2021,0,val,1,1
17053-2019,17053,2019,0,train,2,1
17053-2020,17053,2020,0,train,2,1
17053-2021,17053,2021,0,train,2,1
17053-2022,17053,2022,0,train,2,1
17055-2019,17055,2019,0,val,1,1
17055-2020,17055,2020,0,val,1,1
17055-2021,17055,2021,0,val,1,1
17055-2022,17055,2022,0,val,1,1
17057-2020,17057,2020,0,test,0,1
17057-2021,17057,2021,0,test,0,1
17057-2022,17057,2022,0,test,0,1
17059-2019,17059,2019,0,test,0,1
17059-2020,17059,2020,0,test,0,1
17059-2021,17059,2021,0,test,0,1
17059-2022,17059,2022,0,test,0,1
17061-2020,17061,2020,0,train,4,1
17061-2021,17061,2021,0,train,4,1
17061-2022,17061,2022,0,train,4,1
17063-2019,17063,2019,0,train,3,1
17063-2020,17063,2020,0,train,3,1
17063-2022,17063,2022,0,train,3,1
17065-2020,17065,2020,0,train,4,1
17065-2022,17065,2022,0,train,4,1
17067-2020,17067,2020,0,train,3,1
17067-2022,17067,2022,0,train,3,1
17071-2020,17071,2020,0,train,2,1
17071-2022,17071,2022,0,train,2,1
17073-2020,17073,2020,0,val,1,1
17073-2022,17073,2022,0,val,1,1
17075-2019,17075,2019,0,train,4,1
17075-2020,17075,2020,0,train,4,1
17075-2021,17075,2021,0,train,4,1
17075-2022,17075,2022,0,train,4,1
17077-2019,17077,2019,0,train,3,1
17077-2020,17077,2020,0,train,3,1
17077-2021,17077,2021,0,train,3,1
17077-2022,17077,2022,0,train,3,1
17079-2019,17079,2019,0,train,2,1
17079-2020,17079,2020,0,train,2,1
17079-2022,17079,2022,0,train,2,1
17081-2019,17081,2019,0,val,1,1
17081-2021,17081,2021,0,val,1,1
17081-2022,17081,2022,0,val,1,1
17083-2020,17083,2020,0,test,0,1
17083-2022,17083,2022,0,test,0,1
17085-2020,17085,2020,0,train,4,1
17085-2022,17085,2022,0,train,4,1
17087-2020,17087,2020,0,train,4,1
17089-2019,17089,2019,0,test,0,1
17089-2020,17089,2020,0,test,0,1
17089-2022,17089,2022,0,test,0,1
17091-2020,17091,2020,0,train,3,1
17091-2022,17091,2022,0,train,3,1
17093-2019,17093,2019,0,train,4,1
17093-2020,17093,2020,0,train,4,1
17093-2022,17093,2022,0,train,4,1
17095-2020,17095,2020,0,train,2,1
17095-2022,17095,2022,0,train,2,1
17097-2019,17097,2019,0,val,1,1
17097-2020,17097,2020,0,val,1,1
17101-2019,17101,2019,0,train,3,1
17101-2020,17101,2020,0,train,3,1
17101-2022,17101,2022,0,train,3,1
17103-2019,17103,2019,0,train,2,1
17103-2020,17103,2020,0,train,2,1
17103-2022,17103,2022,0,train,2,1
17105-2019,17105,2019,0,train,2,1
17105-2020,17105,2020,0,train,2,1
17105-2021,17105,2021,0,train,2,1
17105-2022,17105,2022,0,train,2,1
17107-2020,17107,2020,0,val,1,1
17107-2021,17107,2021,0,val,1,1
17107-2022,17107,2022,0,val,1,1
17115-2020,17115,2020,0,test,0,1
17115-2021,17115,2021,0,test,0,1
17115-2022,17115,2022,0,test,0,1
17117-2020,17117,2020,0,train,4,1
17117-2021,17117,2021,0,train,4,1
17117-2022,17117,2022,0,train,4,1
17119-2019,17119,2019,0,val,1,1
17119-2020,17119,2020,0,val,1,1
17119-2021,17119,2021,0,val,1,1
17119-2022,17119,2022,0,val,1,1
17121-2019,17121,2019,0,test,0,1
17121-2020,17121,2020,0,test,0,1
17121-2021,17121,2021,0,test,0,1
17121-2022,17121,2022,0,test,0,1
17123-2019,17123,2019,0,train,4,1
17123-2020,17123,2020,0,train,4,1
17123-2021,17123,2021,0,train,4,1
17123-2022,17123,2022,0,train,4,1
17125-2020,17125,2020,0,train,3,1
17125-2021,17125,2021,0,train,3,1
17125-2022,17125,2022,0,train,3,1
17127-2019,17127,2019,0,test,0,1
17127-2020,17127,2020,0,test,0,1
17129-2021,17129,2021,0,train,3,1
17131-2020,17131,2020,0,train,4,1
17131-2022,17131,2022,0,train,4,1
17133-2019,17133,2019,0,train,2,1
17133-2020,17133,2020,0,train,2,1
17133-2022,17133,2022,0,train,2,1
17135-2020,17135,2020,0,val,1,1
17135-2021,17135,2021,0,val,1,1
17135-2022,17135,2022,0,val,1,1
17137-2019,17137,2019,0,test,0,1
17137-2020,17137,2020,0,test,0,1
17137-2022,17137,2022,0,test,0,1
17139-2021,17139,2021,0,train,3,1
17139-2022,17139,2022,0,train,3,1
17141-2019,17141,2019,0,train,4,1
17141-2020,17141,2020,0,train,4,1
17141-2022,17141,2022,0,train,4,1
17143-2019,17143,2019,0,train,3,1
17143-2020,17143,2020,0,train,3,1
17143-2021,17143,2021,0,train,3,1
17143-2022,17143,2022,0,train,3,1
17145-2020,17145,2020,0,train,2,1
17145-2022,17145,2022,0,train,2,1
17147-2021,17147,2021,0,val,1,1
17147-2022,17147,2022,0,val,1,1
17149-2020,17149,2020,0,train,2,1
17151-2020,17151,2020,0,val,1,1
17153-2019,17153,2019,0,train,3,1
17153-2020,17153,2020,0,train,3,1
17153-2021,17153,2021,0,train,3,1
17155-2020,17155,2020,0,train,2,1
17155-2021,17155,2021,0,train,2,1
17155-2022,17155,2022,0,train,2,1
17157-2019,17157,2019,0,train,2,1
17157-2020,17157,2020,0,train,2,1
17157-2021,17157,2021,0,train,2,1
17157-2022,17157,2022,0,train,2,1
17159-2020,17159,2020,0,test,0,1
17161-2020,17161,2020,0,test,0,1
17161-2022,17161,2022,0,test,0,1
17165-2020,17165,2020,0,val,1,1
17165-2021,17165,2021,0,val,1,1
17165-2022,17165,2022,0,val,1,1
17167-2021,17167,2021,0,train,4,1
17169-2020,17169,2020,0,train,4,1
17169-2022,17169,2022,0,train,4,1
17171-2020,17171,2020,0,train,3,1
17171-2022,17171,2022,0,train,3,1
17173-2021,17173,2021,0,train,2,1
17173-2022,17173,2022,0,train,2,1
17175-2019,17175,2019,0,val,1,1
17175-2020,17175,2020,0,val,1,1
17175-2021,17175,2021,0,val,1,1
17175-2022,17175,2022,0,val,1,1
17177-2019,17177,2019,0,test,0,1
17177-2020,17177,2020,0,test,0,1
17177-2021,17177,2021,0,test,0,1
17177-2022,17177,2022,0,test,0,1
17179-2020,17179,2020,0,test,0,1
17179-2021,17179,2021,0,test,0,1
17179-2022,17179,2022,0,test,0,1
17181-2019,17181,2019,0,train,4,1
17181-2020,17181,2020,0,train,4,1
17181-2021,17181,2021,0,train,4,1
17183-2020,17183,2020,0,train,3,1
17183-2021,17183,2021,0,train,3,1
17183-2022,17183,2022,0,train,3,1
17185-2019,17185,2019,0,train,2,1
17185-2020,17185,2020,0,train,2,1
17185-2022,17185,2022,0,train,2,1
17187-2020,17187,2020,0,val,1,1
17187-2022,17187,2022,0,val,1,1
17189-2019,17189,2019,0,train,4,1
17189-2020,17189,2020,0,train,4,1
17189-2021,17189,2021,0,train,4,1
17189-2022,17189,2022,0,train,4,1
17191-2020,17191,2020,0,test,0,1
17191-2022,17191,2022,0,test,0,1
17193-2019,17193,2019,0,train,3,1
17193-2020,17193,2020,0,train,3,1
17193-2021,17193,2021,0,train,3,1
17193-2022,17193,2022,0,train,3,1
17195-2019,17195,2019,0,val,1,1
17195-2020,17195,2020,0,val,1,1
17195-2022,17195,2022,0,val,1,1
17197-2020,17197,2020,0,train,4,1
17197-2022,17197,2022,0,train,4,1
17199-2019,17199,2019,0,test,0,1
17199-2020,17199,2020,0,test,0,1
17199-2022,17199,2022,0,test,0,1
17201-2019,17201,2019,0,train,2,1
17201-2020,17201,2020,0,train,2,1
17201-2021,17201,2021,0,train,2,1
17201-2022,17201,2022,0,train,2,1
17203-2019,17203,2019,0,val,1,1
17203-2020,17203,2020,0,val,1,1
17203-2021,17203,2021,0,val,1,1
17203-2022,17203,2022,0,val,1,1
18001-2019,18001,2019,0,train,4,1
18001-2020,18001,2020,0,train,4,1
18001-2022,18001,2022,0,train,4,1
18003-2019,18003,2019,0,train,3,1
18003-2020,18003,2020,0,train,3,1
18003-2022,18003,2022,0,train,3,1
18005-2022,18005,2022,0,train,3,1
18007-2019,18007,2019,0,test,0,1
18007-2020,18007,2020,0,test,0,1
18007-2021,18007,2021,0,test,0,1
18007-2022,18007,2022,0,test,0,1
18009-2022,18009,2022,0,train,2,1
18011-2019,18011,2019,0,train,4,1
18011-2020,18011,2020,0,train,4,1
18011-2021,18011,2021,0,train,4,1
18011-2022,18011,2022,0,train,4,1
18015-2019,18015,2019,0,train,2,1
18015-2020,18015,2020,0,train,2,1
18015-2022,18015,2022,0,train,2,1
18017-2020,18017,2020,0,train,3,1
18017-2022,18017,2022,0,train,3,1
18019-2020,18019,2020,0,val,1,1
18021-2020,18021,2020,0,val,1,1
18021-2021,18021,2021,0,val,1,1
18021-2022,18021,2022,0,val,1,1
18023-2020,18023,2020,0,test,0,1
18023-2021,18023,2021,0,test,0,1
18023-2022,18023,2022,0,test,0,1
18027-2019,18027,2019,0,train,3,1
18027-2020,18027,2020,0,train,3,1
18027-2021,18027,2021,0,train,3,1
18027-2022,18027,2022,0,train,3,1
18029-2019,18029,2019,0,train,4,1
18029-2020,18029,2020,0,train,4,1
18029-2022,18029,2022,0,train,4,1
18031-2019,18031,2019,0,train,3,1
18031-2020,18031,2020,0,train,3,1
18031-2022,18031,2022,0,train,3,1
18035-2022,18035,2022,0,test,0,1
18037-2022,18037,2022,0,train,4,1
18039-2019,18039,2019,0,train,2,1
18039-2020,18039,2020,0,train,2,1
18039-2021,18039,2021,0,train,2,1
18039-2022,18039,2022,0,train,2,1
18041-2019,18041,2019,0,val,1,1
18041-2020,18041,2020,0,val,1,1
18041-2021,18041,2021,0,val,1,1
18041-2022,18041,2022,0,val,1,1
18045-2020,18045,2020,0,train,2,1
18045-2022,18045,2022,0,train,2,1
18047-2019,18047,2019,0,train,2,1
18047-2020,18047,2020,0,train,2,1
18047-2022,18047,2022,0,train,2,1
18049-2019,18049,2019,0,val,1,1
18049-2020,18049,2020,0,val,1,1
18049-2021,18049,2021,0,val,1,1
18051-2019,18051,2019,0,test,0,1
18051-2020,18051,2020,0,test,0,1
18051-2022,18051,2022,0,test,0,1
18053-2020,18053,2020,0,val,1,1
18053-2022,18053,2022,0,val,1,1
18055-2019,18055,2019,0,train,4,1
18055-2020,18055,2020,0,train,4,1
18055-2021,18055,2021,0,train,4,1
18057-2022,18057,2022,0,train,3,1
18059-2020,18059,2020,0,test,0,1
18059-2022,18059,2022,0,test,0,1
18063-2019,18063,2019,0,test,0,1
18063-2020,18063,2020,0,test,0,1
18063-2021,18063,2021,0,test,0,1
18063-2022,18063,2022,0,test,0,1
18065-2022,18065,2022,0,train,2,1
18067-2020,18067,2020,0,train,4,1
18067-2022,18067,2022,0,train,4,1
18069-2022,18069,2022,0,val,1,1
18071-2022,18071,2022,0,test,0,1
18073-2020,18073,2020,0,train,3,1
18073-2022,18073,2022,0,train,3,1
18075-2019,18075,2019,0,train,3,1
18075-2020,18075,2020,0,train,3,1
18075-2022,18075,2022,0,train,3,1
18077-2019,18077,2019,0,train,2,1
18077-2020,18077,2020,0,train,2,1
18077-2022,18077,2022,0,train,2,1
18079-2022,18079,2022,0,train,4,1
18081-2022,18081,2022,0,train,3,1
18083-2020,18083,2020,0,train,2,1
18083-2022,18083,2022,0,train,2,1
18085-2022,18085,2022,0,train,2,1
18089-2020,18089,2020,0,val,1,1
18089-2022,18089,2022,0,val,1,1
18093-2022,18093,2022,0,val,1,1
18095-2022,18095,2022,0,test,0,1
18097-2020,18097,2020,0,train,4,1
18099-2019,18099,2019,0,train,4,1
18099-2020,18099,2020,0,train,4,1
18099-2021,18099,2021,0,train,4,1
18099-2022,18099,2022,0,train,4,1
18101-2022,18101,2022,0,train,3,1
18103-2020,18103,2020,0,test,0,1
18103-2022,18103,2022,0,test,0,1
18105-2022,18105,2022,0,train,2,1
18107-2019,18107,2019,0,val,1,1
18107-2020,18107,2020,0,val,1,1
18107-2021,18107,2021,0,val,1,1
18109-2022,18109,2022,0,val,1,1
18111-2019,18111,2019,0,train,3,1
18111-2020,18111,2020,0,train,3,1
18111-2021,18111,2021,0,train,3,1
18111-2022,18111,2022,0,train,3,1
18113-2020,18113,2020,0,train,4,1
18113-2022,18113,2022,0,train,4,1
18115-2019,18115,2019,0,train,3,1
18115-2020,18115,2020,0,train,3,1
18119-2020,18119,2020,0,test,0,1
18119-2021,18119,2021,0,test,0,1
18119-2022,18119,2022,0,test,0,1
18121-2019,18121,2019,0,train,4,1
18121-2020,18121,2020,0,train,4,1
18121-2022,18121,2022,0,train,4,1
18123-2022,18123,2022,0,test,0,1
18125-2020,18125,2020,0,train,2,1
18125-2022,18125,2022,0,train,2,1
18127-2019,18127,2019,0,train,2,1
18127-2020,18127,2020,0,train,2,1
18127-2021,18127,2021,0,train,2,1
18127-2022,18127,2022,0,train,2,1
18129-2019,18129,2019,0,val,1,1
18129-2020,18129,2020,0,val,1,1
18129-2021,18129,2021,0,val,1,1
18129-2022,18129,2022,0,val,1,1
18131-2019,18131,2019,0,train,3,1
18131-2020,18131,2020,0,train,3,1
18131-2022,18131,2022,0,train,3,1
18133-2019,18133,2019,0,test,0,1
18133-2020,18133,2020,0,test,0,1
18133-2021,18133,2021,0,test,0,1
18133-2022,18133,2022,0,test,0,1
18135-2019,18135,2019,0,train,2,1
18135-2020,18135,2020,0,train,2,1
18135-2022,18135,2022,0,train,2,1
18137-2020,18137,2020,0,val,1,1
18137-2022,18137,2022,0,val,1,1
18139-2022,18139,2022,0,train,4,1
18141-2019,18141,2019,0,train,4,1
18141-2020,18141,2020,0,train,4,1
18141-2021,18141,2021,0,train,4,1
18141-2022,18141,2022,0,train,4,1
18143-2022,18143,2022,0,train,3,1
18145-2020,18145,2020,0,test,0,1
18145-2022,18145,2022,0,test,0,1
18147-2020,18147,2020,0,train,2,1
18149-2019,18149,2019,0,val,1,1
18149-2020,18149,2020,0,val,1,1
18149-2022,18149,2022,0,val,1,1
18151-2020,18151,2020,0,train,4,1
18151-2022,18151,2022,0,train,4,1
18153-2019,18153,2019,0,test,0,1
18153-2020,18153,2020,0,test,0,1
18153-2022,18153,2022,0,test,0,1
18155-2019,18155,2019,0,train,3,1
18155-2020,18155,2020,0,train,3,1
18157-2019,18157,2019,0,train,3,1
18157-2020,18157,2020,0,train,3,1
18157-2021,18157,2021,0,train,3,1
18157-2022,18157,2022,0,train,3,1
18159-2022,18159,2022,0,val,1,1
18161-2019,18161,2019,0,train,2,1
18161-2020,18161,2020,0,train,2,1
18161-2021,18161,2021,0,train,2,1
18161-2022,18161,2022,0,train,2,1
18163-2019,18163,2019,0,val,1,1
18163-2020,18163,2020,0,val,1,1
18163-2021,18163,2021,0,val,1,1
18163-2022,18163,2022,0,val,1,1
18165-2019,18165,2019,0,test,0,1
18165-2020,18165,2020,0,test,0,1
18165-2021,18165,2021,0,test,0,1
18165-2022,18165,2022,0,test,0,1
18167-2019,18167,2019,0,train,4,1
18167-2020,18167,2020,0,train,4,1
18167-2022,18167,2022,0,train,4,1
18169-2022,18169,2022,0,test,0,1
18171-2019,18171,2019,0,train,3,1
18171-2020,18171,2020,0,train,3,1
18171-2021,18171,2021,0,train,3,1
18173-2019,18173,2019,0,train,2,1
18173-2020,18173,2020,0,train,2,1
18173-2022,18173,2022,0,train,2,1
18177-2019,18177,2019,0,train,4,1
18177-2020,18177,2020,0,train,4,1
18177-2021,18177,2021,0,train,4,1
18177-2022,18177,2022,0,train,4,1
18179-2022,18179,2022,0,train,4,1
18181-2019,18181,2019,0,val,1,1
18181-2020,18181,2020,0,val,1,1
18181-2022,18181,2022,0,val,1,1
18183-2022,18183,2022,0,train,3,1
19001-2019,19001,2019,0,test,0,1
19001-2020,19001,2020,0,test,0,1
19001-2022,19001,2022,0,test,0,1
19003-2020,19003,2020,0,train,2,1
19005-2019,19005,2019,0,train,3,1
19005-2020,19005,2020,0,train,3,1
19005-2021,19005,2021,0,train,3,1
19005-2022,19005,2022,0,train,3,1
19007-2020,19007,2020,0,train,4,1
19007-2021,19007,2021,0,train,4,1
19007-2022,19007,2022,0,train,4,1
19009-2019,19009,2019,0,train,2,1
19009-2020,19009,2020,0,train,2,1
19009-2021,19009,2021,0,train,2,1
19009-2022,19009,2022,0,train,2,1
19011-2019,19011,2019,0,val,1,1
19011-2020,19011,2020,0,val,1,1
19011-2021,19011,2021,0,val,1,1
19011-2022,19011,2022,0,val,1,1
19013-2020,19013,2020,0,train,2,1
19013-2022,19013,2022,0,train,2,1
19015-2019,19015,2019,0,test,0,1
19015-2020,19015,2020,0,test,0,1
19015-2021,19015,2021,0,test,0,1
19015-2022,19015,2022,0,test,0,1
19017-2022,19017,2022,0,val,1,1
19019-2019,19019,2019,0,train,4,1
19019-2020,19019,2020,0,train,4,1
19019-2021,19019,2021,0,train,4,1
19019-2022,19019,2022,0,train,4,1
19021-2019,19021,2019,0,train,3,1
19021-2020,19021,2020,0,train,3,1
19021-2022,19021,2022,0,train,3,1
19023-2021,19023,2021,0,val,1,1
19023-2022,19023,2022,0,val,1,1
19025-2019,19025,2019,0,train,3,1
19025-2020,19025,2020,0,train,3,1
19025-2021,19025,2021,0,train,3,1
19025-2022,19025,2022,0,train,3,1
19027-2020,19027,2020,0,test,0,1
19027-2022,19027,2022,0,test,0,1
19029-2019,19029,2019,0,train,2,1
19029-2020,19029,2020,0,train,2,1
19029-2021,19029,2021,0,train,2,1
19029-2022,19029,2022,0,train,2,1
19031-2020,19031,2020,0,train,4,1
19031-2022,19031,2022,0,train,4,1
19033-2019,19033,2019,0,val,1,1
19033-2020,19033,2020,0,val,1,1
19033-2021,19033,2021,0,val,1,1
19033-2022,19033,2022,0,val,1,1
19035-2019,19035,2019,0,train,2,1
19035-2020,19035,2020,0,train,2,1
19035-2022,19035,2022,0,train,2,1
19037-2022,19037,2022,0,test,0,1
19039-2020,19039,2020,0,train,4,1
19041-2019,19041,2019,0,val,1,1
19041-2020,19041,2020,0,val,1,1
19041-2022,19041,2022,0,val,1,1
19043-2020,19043,2020,0,test,0,1
19043-2021,19043,2021,0,test,0,1
19043-2022,19043,2022,0,test,0,1
19045-2020,19045,2020,0,train,3,1
19045-2022,19045,2022,0,train,3,1
19047-2019,19047,2019,0,train,4,1
19047-2020,19047,2020,0,train,4,1
19047-2022,19047,2022,0,train,4,1
19049-2019,19049,2019,0,test,0,1
19049-2020,19049,2020,0,test,0,1
19049-2021,19049,2021,0,test,0,1
19049-2022,19049,2022,0,test,0,1
19051-2019,19051,2019,0,train,4,1
19051-2020,19051,2020,0,train,4,1
19051-2021,19051,2021,0,train,4,1
19051-2022,19051,2022,0,train,4,1
19053-2020,19053,2020,0,train,2,1
19053-2022,19053,2022,0,train,2,1
19055-2020,19055,2020,0,train,3,1
19055-2021,19055,2021,0,train,3,1
19055-2022,19055,2022,0,train,3,1
19057-2019,19057,2019,0,train,2,1
19057-2020,19057,2020,0,train,2,1
19057-2022,19057,2022,0,train,2,1
19059-2019,19059,2019,0,train,3,1
19059-2020,19059,2020,0,train,3,1
19059-2021,19059,2021,0,train,3,1
19059-2022,19059,2022,0,train,3,1
19061-2020,19061,2020,0,val,1,1
19061-2021,19061,2021,0,val,1,1
19061-2022,19061,2022,0,val,1,1
19063-2022,19063,2022,0,train,3,1
19065-2020,19065,2020,0,test,0,1
19065-2021,19065,2021,0,test,0,1
19065-2022,19065,2022,0,test,0,1
19067-2019,19067,2019,0,train,2,1
19067-2020,19067,2020,0,train,2,1
19067-2021,19067,2021,0,train,2,1
19067-2022,19067,2022,0,train,2,1
19069-2019,19069,2019,0,val,1,1
19069-2020,19069,2020,0,val,1,1
19069-2021,19069,2021,0,val,1,1
19069-2022,19069,2022,0,val,1,1
19071-2020,19071,2020,0,val,1,1
19071-2022,19071,2022,0,val,1,1
19073-2019,19073,2019,0,test,0,1
19073-2020,19073,2020,0,test,0,1
19073-2021,19073,2021,0,test,0,1
19073-2022,19073,2022,0,test,0,1
19075-2020,19075,2020,0,train,4,1
19075-2021,19075,2021,0,train,4,1
19075-2022,19075,2022,0,train,4,1
19077-2019,19077,2019,0,train,4,1
19077-2020,19077,2020,0,train,4,1
19077-2021,19077,2021,0,train,4,1
19077-2022,19077,2022,0,train,4,1
19079-2019,19079,2019,0,train,3,1
19079-2020,19079,2020,0,train,3,1
19079-2022,19079,2022,0,train,3,1
19081-2019,19081,2019,0,train,3,1
19081-2020,19081,2020,0,train,3,1
19081-2021,19081,2021,0,train,3,1
19081-2022,19081,2022,0,train,3,1
19083-2019,19083,2019,0,train,2,1
19083-2020,19083,2020,0,train,2,1
19083-2021,19083,2021,0,train,2,1
19083-2022,19083,2022,0,train,2,1
19085-2020,19085,2020,0,test,0,1
19085-2022,19085,2022,0,test,0,1
19087-2019,19087,2019,0,val,1,1
19087-2020,19087,2020,0,val,1,1
19087-2021,19087,2021,0,val,1,1
19087-2022,19087,2022,0,val,1,1
19089-2020,19089,2020,0,train,4,1
19089-2022,19089,2022,0,train,4,1
19091-2019,19091,2019,0,test,0,1
19091-2020,19091,2020,0,test,0,1
19091-2021,19091,2021,0,test,0,1
19091-2022,19091,2022,0,test,0,1
19093-2020,19093,2020,0,train,2,1
19093-2021,19093,2021,0,train,2,1
19093-2022,19093,2022,0,train,2,1
19095-2019,19095,2019,0,val,1,1
19095-2020,19095,2020,0,val,1,1
19095-2022,19095,2022,0,val,1,1
19097-2020,19097,2020,0,test,0,1
19097-2021,19097,2021,0,test,0,1
19097-2022,19097,2022,0,test,0,1
19099-2021,19099,2021,0,train,3,1
19099-2022,19099,2022,0,train,3,1
19101-2019,19101,2019,0,train,4,1
19101-2020,19101,2020,0,train,4,1
19101-2021,19101,2021,0,train,4,1
19101-2022,19101,2022,0,train,4,1
19103-2019,19103,2019,0,train,4,1
19103-2020,19103,2020,0,train,4,1
19103-2022,19103,2022,0,train,4,1
19105-2020,19105,2020,0,train,2,1
19105-2022,19105,2022,0,train,2,1
19107-2019,19107,2019,0,train,3,1
19107-2020,19107,2020,0,train,3,1
19107-2021,19107,2021,0,train,3,1
19107-2022,19107,2022,0,train,3,1
19109-2019,19109,2019,0,train,2,1
19109-2020,19109,2020,0,train,2,1
19109-2021,19109,2021,0,train,2,1
19109-2022,19109,2022,0,train,2,1
19111-2019,19111,2019,0,val,1,1
19111-2020,19111,2020,0,val,1,1
19111-2021,19111,2021,0,val,1,1
19111-2022,19111,2022,0,val,1,1
19113-2019,19113,2019,0,train,3,1
19113-2020,19113,2020,0,train,3,1
19113-2022,19113,2022,0,train,3,1
19115-2019,19115,2019,0,train,2,1
19115-2020,19115,2020,0,train,2,1
19115-2022,19115,2022,0,train,2,1
19117-2021,19117,2021,0,val,1,1
19117-2022,19117,2022,0,val,1,1
19119-2019,19119,2019,0,test,0,1
19119-2020,19119,2020,0,test,0,1
19119-2021,19119,2021,0,test,0,1
19119-2022,19119,2022,0,test,0,1
19121-2019,19121,2019,0,train,4,1
19121-2020,19121,2020,0,train,4,1
19121-2021,19121,2021,0,train,4,1
19121-2022,19121,2022,0,train,4,1
19123-2021,19123,2021,0,test,0,1
19123-2022,19123,2022,0,test,0,1
19125-2021,19125,2021,0,train,4,1
19125-2022,19125,2022,0,train,4,1
19127-2021,19127,2021,0,train,3,1
19127-2022,19127,2022,0,train,3,1
19129-2020,19129,2020,0,train,2,1
19129-2022,19129,2022,0,train,2,1
19131-2019,19131,2019,0,train,3,1
19131-2020,19131,2020,0,train,3,1
19131-2021,19131,2021,0,train,3,1
19131-2022,19131,2022,0,train,3,1
19133-2019,19133,2019,0,val,1,1
19133-2022,19133,2022,0,val,1,1
19135-2021,19135,2021,0,test,0,1
19135-2022,19135,2022,0,test,0,1
19137-2020,19137,2020,0,train,4,1
19137-2022,19137,2022,0,train,4,1
19139-2020,19139,2020,0,train,3,1
19139-2022,19139,2022,0,train,3,1
19143-2019,19143,2019,0,train,2,1
19143-2020,19143,2020,0,train,2,1
19143-2021,19143,2021,0,train,2,1
19143-2022,19143,2022,0,train,2,1
19145-2019,19145,2019,0,val,1,1
19145-2020,19145,2020,0,val,1,1
19145-2021,19145,2021,0,val,1,1
19145-2022,19145,2022,0,val,1,1
19147-2019,19147,2019,0,train,2,1
19147-2022,19147,2022,0,train,2,1
19149-2019,19149,2019,0,val,1,1
19149-2021,19149,2021,0,val,1,1
19149-2022,19149,2022,0,val,1,1
19151-2022,19151,2022,0,train,2,1
19153-2019,19153,2019,0,test,0,1
19153-2020,19153,2020,0,test,0,1
19153-2021,19153,2021,0,test,0,1
19153-2022,19153,2022,0,test,0,1
19155-2020,19155,2020,0,val,1,1
19155-2022,19155,2022,0,val,1,1
19157-2021,19157,2021,0,test,0,1
19157-2022,19157,2022,0,test,0,1
19159-2020,19159,2020,0,test,0,1
19159-2021,19159,2021,0,test,0,1
19159-2022,19159,2022,0,test,0,1
19161-2019,19161,2019,0,train,4,1
19161-2020,19161,2020,0,train,4,1
19161-2022,19161,2022,0,train,4,1
19163-2020,19163,2020,0,train,4,1
19163-2022,19163,2022,0,train,4,1
19165-2019,19165,2019,0,train,3,1
19165-2020,19165,2020,0,train,3,1
19165-2022,19165,2022,0,train,3,1
19167-2019,19167,2019,0,train,4,1
19167-2020,19167,2020,0,train,4,1
19167-2021,19167,2021,0,train,4,1
19167-2022,19167,2022,0,train,4,1
19169-2019,19169,2019,0,train,3,1
19169-2020,19169,2020,0,train,3,1
19169-2021,19169,2021,0,train,3,1
19169-2022,19169,2022,0,train,3,1
19171-2022,19171,2022,0,val,1,1
19173-2020,19173,2020,0,train,2,1
19173-2021,19173,2021,0,train,2,1
19173-2022,19173,2022,0,train,2,1
19175-2020,19175,2020,0,val,1,1
19175-2021,19175,2021,0,val,1,1
19175-2022,19175,2022,0,val,1,1
19177-2019,19177,2019,0,train,2,1
19177-2020,19177,2020,0,train,2,1
19177-2021,19177,2021,0,train,2,1
19177-2022,19177,2022,0,train,2,1
19179-2019,19179,2019,0,val,1,1
19179-2020,19179,2020,0,val,1,1
19179-2021,19179,2021,0,val,1,1
19179-2022,19179,2022,0,val,1,1
19181-2020,19181,2020,0,train,3,1
19181-2022,19181,2022,0,train,3,1
19183-2019,19183,2019,0,test,0,1
19183-2020,19183,2020,0,test,0,1
19183-2022,19183,2022,0,test,0,1
19185-2021,19185,2021,0,test,0,1
19187-2019,19187,2019,0,test,0,1
19187-2020,19187,2020,0,test,0,1
19187-2021,19187,2021,0,test,0,1
19187-2022,19187,2022,0,test,0,1
19189-2019,19189,2019,0,train,4,1
19189-2020,19189,2020,0,train,4,1
19189-2021,19189,2021,0,train,4,1
19189-2022,19189,2022,0,train,4,1
19191-2019,19191,2019,0,train,3,1
19191-2020,19191,2020,0,train,3,1
19191-2021,19191,2021,0,train,3,1
19191-2022,19191,2022,0,train,3,1
19193-2019,19193,2019,0,train,2,1
19193-2020,19193,2020,0,train,2,1
19193-2021,19193,2021,0,train,2,1
19193-2022,19193,2022,0,train,2,1
19195-2019,19195,2019,0,val,1,1
19195-2020,19195,2020,0,val,1,1
19195-2021,19195,2021,0,val,1,1
19195-2022,19195,2022,0,val,1,1
19197-2019,19197,2019,0,test,0,1
19197-2020,19197,2020,0,test,0,1
19197-2021,19197,2021,0,test,0,1
19197-2022,19197,2022,0,test,0,1
20001-2020,20001,2020,0,train,2,1
20001-2021,20001,2021,0,train,2,1
20003-2019,20003,2019,0,train,4,1
20003-2020,20003,2020,0,train,4,1
20003-2021,20003,2021,0,train,4,1
20005-2020,20005,2020,0,train,3,1
20005-2021,20005,2021,0,train,3,1
20005-2022,20005,2022,0,train,3,1
20009-2020,20009,2020,0,train,4,1
20011-2020,20011,2020,0,val,1,1
20011-2021,20011,2021,0,val,1,1
20013-2019,20013,2019,0,train,2,1
20013-2020,20013,2020,0,train,2,1
20013-2022,20013,2022,0,train,2,1
20015-2020,20015,2020,0,test,0,1
20015-2021,20015,2021,0,test,0,1
20017-2020,20017,2020,0,train,4,1
20017-2021,20017,2021,0,train,4,1
20021-2019,20021,2019,0,train,3,1
20023-2020,20023,2020,0,train,3,1
20023-2021,20023,2021,0,train,3,1
20027-2019,20027,2019,0,val,1,1
20027-2020,20027,2020,0,val,1,1
20027-2022,20027,2022,0,val,1,1
20029-2020,20029,2020,0,test,0,1
20029-2021,20029,2021,0,test,0,1
20029-2022,20029,2022,0,test,0,1
20031-2019,20031,2019,0,train,2,1
20031-2020,20031,2020,0,train,2,1
20035-2019,20035,2019,0,train,4,1
20035-2020,20035,2020,0,train,4,1
20035-2021,20035,2021,0,train,4,1
20037-2020,20037,2020,0,val,1,1
20037-2021,20037,2021,0,val,1,1
20039-2020,20039,2020,0,train,2,1
20041-2020,20041,2020,0,test,0,1
20041-2021,20041,2021,0,test,0,1
20043-2020,20043,2020,0,train,3,1
20043-2021,20043,2021,0,train,3,1
20043-2022,20043,2022,0,train,3,1
20045-2019,20045,2019,0,train,2,1
20045-2020,20045,2020,0,train,2,1
20045-2021,20045,2021,0,train,2,1
20047-2019,20047,2019,0,train,4,1
20047-2020,20047,2020,0,train,4,1
20049-2019,20049,2019,0,val,1,1
20053-2019,20053,2019,0,val,1,1
20053-2020,20053,2020,0,val,1,1
20053-2021,20053,2021,0,val,1,1
20055-2019,20055,2019,0,train,3,1
20055-2020,20055,2020,0,train,3,1
20057-2019,20057,2019,0,test,0,1
20057-2020,20057,2020,0,test,0,1
20057-2021,20057,2021,0,test,0,1
20059-2019,20059,2019,0,train,2,1
20059-2020,20059,2020,0,train,2,1
20061-2020,20061,2020,0,test,0,1
20063-2020,20063,2020,0,val,1,1
20063-2021,20063,2021,0,val,1,1
20065-2020,20065,2020,0,test,0,1
20065-2021,20065,2021,0,test,0,1
20067-2019,20067,2019,0,train,4,1
20067-2020,20067,2020,0,train,4,1
20067-2021,20067,2021,0,train,4,1
20069-2020,20069,2020,0,train,4,1
20069-2021,20069,2021,0,train,4,1
20071-2019,20071,2019,0,train,3,1
20071-2020,20071,2020,0,train,3,1
20071-2021,20071,2021,0,train,3,1
20075-2019,20075,2019,0,train,4,1
20079-2019,20079,2019,0,train,2,1
20079-2020,20079,2020,0,train,2,1
20079-2021,20079,2021,0,train,2,1
20081-2019,20081,2019,0,val,1,1
20081-2020,20081,2020,0,val,1,1
20081-2021,20081,2021,0,val,1,1
20083-2020,20083,2020,0,train,3,1
20085-2019,20085,2019,0,train,3,1
20085-2020,20085,2020,0,train,3,1
20087-2019,20087,2019,0,test,0,1
20087-2020,20087,2020,0,test,0,1
20087-2021,20087,2021,0,test,0,1
20089-2020,20089,2020,0,train,2,1
20095-2019,20095,2019,0,train,4,1
20095-2020,20095,2020,0,train,4,1
20095-2021,20095,2021,0,train,4,1
20097-2020,20097,2020,0,val,1,1
20099-2020,20099,2020,0,train,2,1
20099-2021,20099,2021,0,train,2,1
20101-2020,20101,2020,0,val,1,1
20101-2021,20101,2021,0,val,1,1
20103-2019,20103,2019,0,train,3,1
20103-2020,20103,2020,0,train,3,1
20103-2021,20103,2021,0,train,3,1
20105-2019,20105,2019,0,test,0,1
20107-2020,20107,2020,0,train,4,1
20109-2020,20109,2020,0,test,0,1
20109-2021,20109,2021,0,test,0,1
20111-2019,20111,2019,0,train,3,1
20115-2019,20115,2019,0,train,2,1
20115-2020,20115,2020,0,train,2,1
20115-2021,20115,2021,0,train,2,1
20117-2019,20117,2019,0,train,4,1
20117-2022,20117,2022,0,train,4,1
20119-2020,20119,2020,0,train,3,1
20119-2021,20119,2021,0,train,3,1
20121-2019,20121,2019,0,train,2,1
20121-2020,20121,2020,0,train,2,1
20123-2019,20123,2019,0,val,1,1
20123-2020,20123,2020,0,val,1,1
20123-2021,20123,2021,0,val,1,1
20125-2019,20125,2019,0,val,1,1
20125-2020,20125,2020,0,val,1,1
20127-2019,20127,2019,0,test,0,1
20127-2020,20127,2020,0,test,0,1
20127-2021,20127,2021,0,test,0,1
20129-2019,20129,2019,0,train,4,1
20129-2020,20129,2020,0,train,4,1
20129-2021,20129,2021,0,train,4,1
20131-2020,20131,2020,0,train,2,1
20133-2019,20133,2019,0,train,3,1
20133-2020,20133,2020,0,train,3,1
20133-2021,20133,2021,0,train,3,1
20135-2019,20135,2019,0,train,2,1
20135-2020,20135,2020,0,train,2,1
20135-2021,20135,2021,0,train,2,1
20137-2020,20137,2020,0,val,1,1
20137-2021,20137,2021,0,val,1,1
20137-2022,20137,2022,0,val,1,1
20139-2019,20139,2019,0,test,0,1
20139-2020,20139,2020,0,test,0,1
20141-2020,20141,2020,0,val,1,1
20143-2020,20143,2020,0,test,0,1
20145-2020,20145,2020,0,train,4,1
20147-2020,20147,2020,0,test,0,1
20147-2021,20147,2021,0,test,0,1
20147-2022,20147,2022,0,test,0,1
20149-2019,20149,2019,0,train,3,1
20151-2020,20151,2020,0,train,2,1
20153-2019,20153,2019,0,train,4,1
20153-2020,20153,2020,0,train,4,1
20153-2021,20153,2021,0,train,4,1
20155-2019,20155,2019,0,train,3,1
20155-2020,20155,2020,0,train,3,1
20155-2021,20155,2021,0,train,3,1
20157-2020,20157,2020,0,train,2,1
20157-2021,20157,2021,0,train,2,1
20157-2022,20157,2022,0,train,2,1
20159-2020,20159,2020,0,val,1,1
20161-2019,20161,2019,0,val,1,1
20161-2020,20161,2020,0,val,1,1
20161-2022,20161,2022,0,val,1,1
20163-2019,20163,2019,0,train,4,1
20163-2020,20163,2020,0,train,4,1
20169-2020,20169,2020,0,train,3,1
20169-2021,20169,2021,0,train,3,1
20171-2019,20171,2019,0,train,2,1
20171-2020,20171,2020,0,train,2,1
20173-2019,20173,2019,0,val,1,1
20173-2020,20173,2020,0,val,1,1
20175-2020,20175,2020,0,test,0,1
20175-2021,20175,2021,0,test,0,1
20177-2019,20177,2019,0,test,0,1
20177-2020,20177,2020,0,test,0,1
20177-2021,20177,2021,0,test,0,1
20179-2021,20179,2021,0,test,0,1
20181-2019,20181,2019,0,train,4,1
20181-2020,20181,2020,0,train,4,1
20181-2021,20181,2021,0,train,4,1
20183-2020,20183,2020,0,train,3,1
20183-2021,20183,2021,0,train,3,1
20183-2022,20183,2022,0,train,3,1
20185-2020,20185,2020,0,train,4,1
20187-2019,20187,2019,0,train,4,1
20187-2020,20187,2020,0,train,4,1
20189-2020,20189,2020,0,train,3,1
20189-2021,20189,2021,0,train,3,1
20191-2019,20191,2019,0,train,2,1
20191-2020,20191,2020,0,train,2,1
20191-2021,20191,2021,0,train,2,1
20193-2020,20193,2020,0,train,3,1
20195-2020,20195,2020,0,train,2,1
20195-2021,20195,2021,0,train,2,1
20197-2019,20197,2019,0,train,2,1
20201-2020,20201,2020,0,val,1,1
20201-2022,20201,2022,0,val,1,1
20203-2019,20203,2019,0,val,1,1
20203-2020,20203,2020,0,val,1,1
20203-2021,20203,2021,0,val,1,1
20205-2019,20205,2019,0,test,0,1
20205-2020,20205,2020,0,test,0,1
20207-2020,20207,2020,0,val,1,1
21001-2019,21001,2019,0,train,4,1
21001-2020,21001,2020,0,train,4,1
21007-2020,21007,2020,0,train,3,1
21007-2021,21007,2021,0,train,3,1
21009-2020,21009,2020,0,test,0,1
21031-2020,21031,2020,0,train,4,1
21033-2019,21033,2019,0,test,0,1
21033-2020,21033,2020,0,test,0,1
21033-2021,21033,2021,0,test,0,1
21035-2020,21035,2020,0,train,2,1
21035-2021,21035,2021,0,train,2,1
21039-2020,21039,2020,0,val,1,1
21039-2021,21039,2021,0,val,1,1
21047-2019,21047,2019,0,train,4,1
21047-2020,21047,2020,0,train,4,1
21047-2021,21047,2021,0,train,4,1
21055-2020,21055,2020,0,test,0,1
21055-2021,21055,2021,0,test,0,1
21059-2020,21059,2020,0,train,4,1
21059-2022,21059,2022,0,train,4,1
21075-2019,21075,2019,0,train,3,1
21075-2020,21075,2020,0,train,3,1
21075-2021,21075,2021,0,train,3,1
21083-2020,21083,2020,0,train,3,1
21091-2020,21091,2020,0,train,2,1
21093-2019,21093,2019,0,train,3,1
21093-2020,21093,2020,0,train,3,1
21099-2020,21099,2020,0,val,1,1
21101-2019,21101,2019,0,train,2,1
21101-2020,21101,2020,0,train,2,1
21101-2022,21101,2022,0,train,2,1
21103-2020,21103,2020,0,test,0,1
21105-2019,21105,2019,0,val,1,1
21105-2020,21105,2020,0,val,1,1
21105-2021,21105,2021,0,val,1,1
21107-2020,21107,2020,0,train,4,1
21123-2020,21123,2020,0,train,3,1
21139-2019,21139,2019,0,test,0,1
21139-2020,21139,2020,0,test,0,1
21139-2021,21139,2021,0,test,0,1
21141-2020,21141,2020,0,train,2,1
21143-2019,21143,2019,0,val,1,1
21157-2019,21157,2019,0,train,4,1
21157-2020,21157,2020,0,train,4,1
21157-2021,21157,2021,0,train,4,1
21167-2021,21167,2021,0,test,0,1
21169-2020,21169,2020,0,train,4,1
21177-2020,21177,2020,0,train,3,1
21183-2020,21183,2020,0,train,2,1
21211-2020,21211,2020,0,val,1,1
21213-2020,21213,2020,0,test,0,1
21215-2020,21215,2020,0,train,4,1
21219-2020,21219,2020,0,train,3,1
21221-2019,21221,2019,0,train,3,1
21221-2020,21221,2020,0,train,3,1
21221-2021,21221,2021,0,train,3,1
21223-2020,21223,2020,0,train,2,1
21225-2019,21225,2019,0,train,4,1
21225-2020,21225,2020,0,train,4,1
21225-2021,21225,2021,0,train,4,1
21225-2022,21225,2022,0,train,4,1
21227-2020,21227,2020,0,val,1,1
21229-2020,21229,2020,0,test,0,1
21233-2019,21233,2019,0,train,2,1
21233-2020,21233,2020,0,train,2,1
21233-2021,21233,2021,0,train,2,1
26005-2019,26005,2019,0,train,2,1
26005-2020,26005,2020,0,train,2,1
26007-2019,26007,2019,0,val,1,1
26007-2021,26007,2021,0,val,1,1
26011-2019,26011,2019,0,test,0,1
26011-2020,26011,2020,0,test,0,1
26015-2020,26015,2020,0,train,4,1
26021-2020,26021,2020,0,train,4,1
26021-2022,26021,2022,0,train,4,1
26023-2020,26023,2020,0,train,3,1
26023-2022,26023,2022,0,train,3,1
26025-2020,26025,2020,0,train,3,1
26027-2019,26027,2019,0,val,1,1
26027-2020,26027,2020,0,val,1,1
26027-2022,26027,2022,0,val,1,1
26037-2020,26037,2020,0,train,2,1
26045-2020,26045,2020,0,val,1,1
26049-2019,26049,2019,0,train,2,1
26049-2020,26049,2020,0,train,2,1
26051-2020,26051,2020,0,test,0,1
26059-2019,26059,2019,0,test,0,1
26059-2020,26059,2020,0,test,0,1
26059-2022,26059,2022,0,test,0,1
26063-2020,26063,2020,0,train,4,1
26065-2019,26065,2019,0,val,1,1
26065-2020,26065,2020,0,val,1,1
26067-2020,26067,2020,0,train,3,1
26069-2019,26069,2019,0,train,4,1
26069-2020,26069,2020,0,train,4,1
26069-2021,26069,2021,0,train,4,1
26075-2019,26075,2019,0,test,0,1
26075-2020,26075,2020,0,test,0,1
26077-2019,26077,2019,0,train,4,1
26077-2020,26077,2020,0,train,4,1
26081-2019,26081,2019,0,train,3,1
26081-2020,26081,2020,0,train,3,1
26087-2019,26087,2019,0,train,2,1
26087-2020,26087,2020,0,train,2,1
26091-2019,26091,2019,0,val,1,1
26091-2020,26091,2020,0,val,1,1
26099-2020,26099,2020,0,train,2,1
26105-2019,26105,2019,0,test,0,1
26105-2020,26105,2020,0,test,0,1
26107-2020,26107,2020,0,val,1,1
26109-2019,26109,2019,0,train,4,1
26109-2020,26109,2020,0,train,4,1
26115-2019,26115,2019,0,train,3,1
26115-2020,26115,2020,0,train,3,1
26117-2020,26117,2020,0,test,0,1
26121-2020,26121,2020,0,train,4,1
26123-2019,26123,2019,0,train,2,1
26123-2020,26123,2020,0,train,2,1
26127-2019,26127,2019,0,val,1,1
26127-2020,26127,2020,0,val,1,1
26129-2020,26129,2020,0,train,3,1
26139-2020,26139,2020,0,train,2,1
26141-2019,26141,2019,0,test,0,1
26141-2021,26141,2021,0,test,0,1
26151-2019,26151,2019,0,train,4,1
26151-2020,26151,2020,0,train,4,1
26157-2019,26157,2019,0,train,3,1
26157-2020,26157,2020,0,train,3,1
26159-2020,26159,2020,0,val,1,1
26161-2019,26161,2019,0,train,2,1
26161-2020,26161,2020,0,train,2,1
26165-2020,26165,2020,0,test,0,1
27001-2020,27001,2020,0,train,4,1
27005-2019,27005,2019,0,train,3,1
27005-2020,27005,2020,0,train,3,1
27005-2021,27005,2021,0,train,3,1
27007-2020,27007,2020,0,val,1,1
27007-2021,27007,2021,0,val,1,1
27011-2020,27011,2020,0,test,0,1
27011-2021,27011,2021,0,test,0,1
27013-2019,27013,2019,0,train,2,1
27013-2020,27013,2020,0,train,2,1
27013-2021,27013,2021,0,train,2,1
27015-2019,27015,2019,0,val,1,1
27015-2020,27015,2020,0,val,1,1
27015-2021,27015,2021,0,val,1,1
27019-2020,27019,2020,0,train,3,1
27023-2019,27023,2019,0,train,4,1
27023-2021,27023,2021,0,train,4,1
27025-2019,27025,2019,0,train,3,1
27025-2020,27025,2020,0,train,3,1
27027-2021,27027,2021,0,train,2,1
27029-2019,27029,2019,0,test,0,1
27029-2020,27029,2020,0,test,0,1
27029-2021,27029,2021,0,test,0,1
27033-2019,27033,2019,0,train,4,1
27033-2020,27033,2020,0,train,4,1
27033-2021,27033,2021,0,train,4,1
27035-2020,27035,2020,0,train,2,1
27035-2021,27035,2021,0,train,2,1
27037-2020,27037,2020,0,val,1,1
27039-2020,27039,2020,0,test,0,1
27041-2020,27041,2020,0,val,1,1
27041-2021,27041,2021,0,val,1,1
27043-2020,27043,2020,0,train,3,1
27043-2021,27043,2021,0,train,3,1
27043-2022,27043,2022,0,train,3,1
27045-2020,27045,2020,0,test,0,1
27045-2022,27045,2022,0,test,0,1
27047-2020,27047,2020,0,train,2,1
27047-2021,27047,2021,0,train,2,1
27047-2022,27047,2022,0,train,2,1
27049-2020,27049,2020,0,train,4,1
27049-2021,27049,2021,0,train,4,1
27051-2019,27051,2019,0,val,1,1
27051-2020,27051,2020,0,val,1,1
27051-2021,27051,2021,0,val,1,1
27053-2019,27053,2019,0,train,3,1
27053-2020,27053,2020,0,train,3,1
27055-2019,27055,2019,0,train,3,1
27055-2020,27055,2020,0,train,3,1
27055-2021,27055,2021,0,train,3,1
27055-2022,27055,2022,0,train,3,1
27057-2020,27057,2020,0,train,2,1
27057-2021,27057,2021,0,train,2,1
27059-2019,27059,2019,0,val,1,1
27059-2020,27059,2020,0,val,1,1
27063-2019,27063,2019,0,train,2,1
27063-2020,27063,2020,0,train,2,1
27063-2021,27063,2021,0,train,2,1
27063-2022,27063,2022,0,train,2,1
27067-2020,27067,2020,0,train,4,1
27069-2019,27069,2019,0,test,0,1
27069-2020,27069,2020,0,test,0,1
27079-2020,27079,2020,0,train,4,1
27079-2021,27079,2021,0,train,4,1
27081-2019,27081,2019,0,test,0,1
27081-2020,27081,2020,0,test,0,1
27081-2021,27081,2021,0,test,0,1
27083-2019,27083,2019,0,train,4,1
27083-2020,27083,2020,0,train,4,1
27083-2021,27083,2021,0,train,4,1
27087-2020,27087,2020,0,train,3,1
27087-2021,27087,2021,0,train,3,1
27089-2019,27089,2019,0,train,3,1
27089-2020,27089,2020,0,train,3,1
27089-2021,27089,2021,0,train,3,1
27091-2022,27091,2022,0,train,3,1
27093-2019,27093,2019,0,train,2,1
27093-2020,27093,2020,0,train,2,1
27093-2021,27093,2021,0,train,2,1
27097-2019,27097,2019,0,val,1,1
27097-2020,27097,2020,0,val,1,1
27097-2021,27097,2021,0,val,1,1
27099-2020,27099,2020,0,train,2,1
27099-2022,27099,2022,0,train,2,1
27101-2019,27101,2019,0,test,0,1
27101-2020,27101,2020,0,test,0,1
27101-2021,27101,2021,0,test,0,1
27103-2019,27103,2019,0,train,2,1
27105-2019,27105,2019,0,val,1,1
27105-2020,27105,2020,0,val,1,1
27105-2021,27105,2021,0,val,1,1
27105-2022,27105,2022,0,val,1,1
27107-2020,27107,2020,0,val,1,1
27109-2020,27109,2020,0,test,0,1
27111-2019,27111,2019,0,train,4,1
27111-2020,27111,2020,0,train,4,1
27111-2021,27111,2021,0,train,4,1
27115-2019,27115,2019,0,val,1,1
27115-2020,27115,2020,0,val,1,1
27117-2021,27117,2021,0,train,4,1
27119-2020,27119,2020,0,test,0,1
27119-2021,27119,2021,0,test,0,1
27121-2019,27121,2019,0,train,3,1
27121-2020,27121,2020,0,train,3,1
27121-2021,27121,2021,0,train,3,1
27125-2020,27125,2020,0,train,4,1
27125-2021,27125,2021,0,train,4,1
27127-2019,27127,2019,0,train,2,1
27127-2020,27127,2020,0,train,2,1
27127-2021,27127,2021,0,train,2,1
27129-2019,27129,2019,0,val,1,1
27129-2020,27129,2020,0,val,1,1
27129-2021,27129,2021,0,val,1,1
27131-2020,27131,2020,0,train,3,1
27131-2021,27131,2021,0,train,3,1
27133-2019,27133,2019,0,test,0,1
27133-2020,27133,2020,0,test,0,1
27133-2021,27133,2021,0,test,0,1
27133-2022,27133,2022,0,test,0,1
27135-2019,27135,2019,0,test,0,1
27135-2020,27135,2020,0,test,0,1
27135-2021,27135,2021,0,test,0,1
27139-2020,27139,2020,0,train,3,1
27143-2019,27143,2019,0,train,2,1
27145-2019,27145,2019,0,train,4,1
27145-2020,27145,2020,0,train,4,1
27145-2021,27145,2021,0,train,4,1
27147-2020,27147,2020,0,train,2,1
27147-2021,27147,2021,0,train,2,1
27149-2019,27149,2019,0,train,3,1
27149-2020,27149,2020,0,train,3,1
27149-2021,27149,2021,0,train,3,1
27151-2019,27151,2019,0,val,1,1
27151-2020,27151,2020,0,val,1,1
27153-2019,27153,2019,0,train,2,1
27153-2020,27153,2020,0,train,2,1
27153-2021,27153,2021,0,train,2,1
27155-2020,27155,2020,0,test,0,1
27155-2021,27155,2021,0,test,0,1
27157-2020,27157,2020,0,val,1,1
27159-2019,27159,2019,0,val,1,1
27159-2020,27159,2020,0,val,1,1
27159-2021,27159,2021,0,val,1,1
27161-2020,27161,2020,0,train,4,1
27161-2021,27161,2021,0,train,4,1
27163-2019,27163,2019,0,train,3,1
27163-2020,27163,2020,0,train,3,1
27167-2020,27167,2020,0,train,2,1
27167-2021,27167,2021,0,train,2,1
27169-2019,27169,2019,0,test,0,1
27169-2020,27169,2020,0,test,0,1
27169-2021,27169,2021,0,test,0,1
27173-2019,27173,2019,0,val,1,1
27173-2020,27173,2020,0,val,1,1
29001-2019,29001,2019,0,train,4,1
29001-2020,29001,2020,0,train,4,1
29001-2021,29001,2021,0,train,4,1
29003-2020,29003,2020,0,test,0,1
29005-2020,29005,2020,0,test,0,1
29005-2022,29005,2022,0,test,0,1
29007-2020,29007,2020,0,train,4,1
29011-2019,29011,2019,0,train,3,1
29013-2019,29013,2019,0,train,2,1
29015-2020,29015,2020,0,val,1,1
29017-2019,29017,2019,0,train,3,1
29017-2020,29017,2020,0,train,3,1
29017-2021,29017,2021,0,train,3,1
29019-2020,29019,2020,0,test,0,1
29021-2020,29021,2020,0,train,2,1
29021-2021,29021,2021,0,train,2,1
29021-2022,29021,2022,0,train,2,1
29023-2019,29023,2019,0,val,1,1
29023-2020,29023,2020,0,val,1,1
29023-2021,29023,2021,0,val,1,1
29025-2021,29025,2021,0,train,4,1
29027-2020,29027,2020,0,train,3,1
29031-2020,29031,2020,0,train,4,1
29031-2021,29031,2021,0,train,4,1
29037-2020,29037,2020,0,train,3,1
29037-2021,29037,2021,0,train,3,1
29039-2019,29039,2019,0,train,2,1
29039-2021,29039,2021,0,train,2,1
29041-2020,29041,2020,0,train,2,1
29045-2020,29045,2020,0,val,1,1
29047-2020,29047,2020,0,val,1,1
29047-2021,29047,2021,0,val,1,1
29049-2019,29049,2019,0,test,0,1
29049-2020,29049,2020,0,test,0,1
29049-2021,29049,2021,0,test,0,1
29051-2020,29051,2020,0,test,0,1
29053-2020,29053,2020,0,test,0,1
29053-2021,29053,2021,0,test,0,1
29057-2019,29057,2019,0,train,4,1
29061-2020,29061,2020,0,train,4,1
29061-2021,29061,2021,0,train,4,1
29069-2019,29069,2019,0,train,4,1
29069-2020,29069,2020,0,train,4,1
29069-2021,29069,2021,0,train,4,1
29071-2020,29071,2020,0,train,3,1
29073-2020,29073,2020,0,train,2,1
29075-2020,29075,2020,0,val,1,1
29081-2020,29081,2020,0,train,3,1
29081-2021,29081,2021,0,train,3,1
29083-2021,29083,2021,0,test,0,1
29087-2020,29087,2020,0,train,4,1
29089-2020,29089,2020,0,train,2,1
29089-2021,29089,2021,0,train,2,1
29095-2019,29095,2019,0,val,1,1
29095-2020,29095,2020,0,val,1,1
29101-2021,29101,2021,0,train,3,1
29103-2020,29103,2020,0,train,2,1
29109-2020,29109,2020,0,test,0,1
29109-2021,29109,2021,0,test,0,1
29111-2020,29111,2020,0,train,4,1
29111-2022,29111,2022,0,train,4,1
29113-2020,29113,2020,0,train,3,1
29113-2022,29113,2022,0,train,3,1
29115-2020,29115,2020,0,train,2,1
29115-2021,29115,2021,0,train,2,1
29121-2020,29121,2020,0,val,1,1
29127-2019,29127,2019,0,train,4,1
29127-2020,29127,2020,0,train,4,1
29127-2021,29127,2021,0,train,4,1
29127-2022,29127,2022,0,train,4,1
29133-2019,29133,2019,0,train,3,1
29133-2020,29133,2020,0,train,3,1
29133-2021,29133,2021,0,train,3,1
29135-2020,29135,2020,0,test,0,1
29137-2020,29137,2020,0,val,1,1
29137-2021,29137,2021,0,val,1,1
29139-2020,29139,2020,0,train,4,1
29141-2019,29141,2019,0,test,0,1
29141-2020,29141,2020,0,test,0,1
29143-2019,29143,2019,0,train,3,1
29145-2019,29145,2019,0,train,2,1
29145-2020,29145,2020,0,train,2,1
29145-2021,29145,2021,0,train,2,1
29151-2020,29151,2020,0,train,2,1
29155-2020,29155,2020,0,train,4,1
29155-2021,29155,2021,0,train,4,1
29157-2020,29157,2020,0,val,1,1
29157-2021,29157,2021,0,val,1,1
29157-2022,29157,2022,0,val,1,1
29159-2020,29159,2020,0,val,1,1
29163-2020,29163,2020,0,train,3,1
29163-2022,29163,2022,0,train,3,1
29165-2019,29165,2019,0,test,0,1
29165-2020,29165,2020,0,test,0,1
29165-2021,29165,2021,0,test,0,1
29173-2019,29173,2019,0,train,4,1
29173-2020,29173,2020,0,train,4,1
29173-2022,29173,2022,0,train,4,1
29175-2020,29175,2020,0,test,0,1
29195-2020,29195,2020,0,train,4,1
29197-2022,29197,2022,0,train,3,1
29199-2020,29199,2020,0,train,2,1
29199-2022,29199,2022,0,train,2,1
29201-2019,29201,2019,0,train,3,1
29201-2020,29201,2020,0,train,3,1
29201-2021,29201,2021,0,train,3,1
29205-2020,29205,2020,0,val,1,1
29205-2021,29205,2021,0,val,1,1
29207-2019,29207,2019,0,train,2,1
29207-2020,29207,2020,0,train,2,1
29207-2021,29207,2021,0,train,2,1
29211-2020,29211,2020,0,train,2,1
29219-2020,29219,2020,0,val,1,1
29227-2020,29227,2020,0,val,1,1
29227-2021,29227,2021,0,val,1,1
29227-2022,29227,2022,0,val,1,1
31001-2019,31001,2019,0,test,0,1
31001-2020,31001,2020,0,test,0,1
31001-2022,31001,2022,0,test,0,1
31011-2019,31011,2019,0,test,0,1
31011-2022,31011,2022,0,test,0,1
31013-2019,31013,2019,0,train,4,1
31013-2020,31013,2020,0,train,4,1
31013-2021,31013,2021,0,train,4,1
31015-2020,31015,2020,0,train,4,1
31015-2022,31015,2022,0,train,4,1
31017-2020,31017,2020,0,train,3,1
31017-2021,31017,2021,0,train,3,1
31019-2019,31019,2019,0,train,3,1
31019-2020,31019,2020,0,train,3,1
31019-2022,31019,2022,0,train,3,1
31021-2019,31021,2019,0,train,2,1
31021-2022,31021,2022,0,train,2,1
31023-2019,31023,2019,0,train,2,1
31023-2020,31023,2020,0,train,2,1
31023-2022,31023,2022,0,train,2,1
31025-2019,31025,2019,0,val,1,1
31025-2020,31025,2020,0,val,1,1
31025-2022,31025,2022,0,val,1,1
31027-2021,31027,2021,0,val,1,1
31027-2022,31027,2022,0,val,1,1
31029-2019,31029,2019,0,test,0,1
31029-2020,31029,2020,0,test,0,1
31029-2021,31029,2021,0,test,0,1
31031-2021,31031,2021,0,test,0,1
31033-2020,31033,2020,0,train,4,1
31035-2019,31035,2019,0,train,4,1
31035-2020,31035,2020,0,train,4,1
31035-2022,31035,2022,0,train,4,1
31037-2019,31037,2019,0,train,3,1
31037-2020,31037,2020,0,train,3,1
31037-2022,31037,2022,0,train,3,1
31039-2022,31039,2022,0,train,3,1
31041-2019,31041,2019,0,test,0,1
31041-2020,31041,2020,0,test,0,1
31043-2020,31043,2020,0,train,2,1
31043-2021,31043,2021,0,train,2,1
31043-2022,31043,2022,0,train,2,1
31045-2020,31045,2020,0,train,2,1
31047-2019,31047,2019,0,val,1,1
31047-2020,31047,2020,0,val,1,1
31047-2022,31047,2022,0,val,1,1
31049-2019,31049,2019,0,train,4,1
31049-2020,31049,2020,0,train,4,1
31051-2020,31051,2020,0,val,1,1
31053-2019,31053,2019,0,test,0,1
31053-2020,31053,2020,0,test,0,1
31053-2022,31053,2022,0,test,0,1
31055-2019,31055,2019,0,train,4,1
31055-2020,31055,2020,0,train,4,1
31055-2022,31055,2022,0,train,4,1
31057-2020,31057,2020,0,train,3,1
31057-2021,31057,2021,0,train,3,1
31059-2019,31059,2019,0,train,3,1
31059-2020,31059,2020,0,train,3,1
31059-2022,31059,2022,0,train,3,1
31061-2019,31061,2019,0,train,3,1
31061-2020,31061,2020,0,train,3,1
31061-2021,31061,2021,0,train,3,1
31061-2022,31061,2022,0,train,3,1
31063-2019,31063,2019,0,train,2,1
31063-2020,31063,2020,0,train,2,1
31063-2021,31063,2021,0,train,2,1
31063-2022,31063,2022,0,train,2,1
31065-2019,31065,2019,0,val,1,1
31065-2020,31065,2020,0,val,1,1
31065-2021,31065,2021,0,val,1,1
31065-2022,31065,2022,0,val,1,1
31067-2019,31067,2019,0,train,2,1
31067-2020,31067,2020,0,train,2,1
31067-2022,31067,2022,0,train,2,1
31069-2020,31069,2020,0,test,0,1
31071-2019,31071,2019,0,test,0,1
31071-2020,31071,2020,0,test,0,1
31071-2021,31071,2021,0,test,0,1
31071-2022,31071,2022,0,test,0,1
31073-2020,31073,2020,0,val,1,1
31073-2021,31073,2021,0,val,1,1
31073-2022,31073,2022,0,val,1,1
31077-2019,31077,2019,0,train,4,1
31077-2020,31077,2020,0,train,4,1
31077-2021,31077,2021,0,train,4,1
31077-2022,31077,2022,0,train,4,1
31079-2019,31079,2019,0,train,2,1
31079-2022,31079,2022,0,train,2,1
31081-2019,31081,2019,0,val,1,1
31081-2022,31081,2022,0,val,1,1
31083-2019,31083,2019,0,train,3,1
31083-2020,31083,2020,0,train,3,1
31083-2021,31083,2021,0,train,3,1
31083-2022,31083,2022,0,train,3,1
31085-2019,31085,2019,0,test,0,1
31085-2020,31085,2020,0,test,0,1
31085-2021,31085,2021,0,test,0,1
31087-2020,31087,2020,0,train,4,1
31089-2019,31089,2019,0,train,4,1
31089-2020,31089,2020,0,train,4,1
31089-2022,31089,2022,0,train,4,1
31093-2019,31093,2019,0,train,2,1
31093-2020,31093,2020,0,train,2,1
31093-2021,31093,2021,0,train,2,1
31093-2022,31093,2022,0,train,2,1
31095-2019,31095,2019,0,train,3,1
31095-2020,31095,2020,0,train,3,1
31095-2022,31095,2022,0,train,3,1
31097-2020,31097,2020,0,test,0,1
31097-2022,31097,2022,0,test,0,1
31099-2019,31099,2019,0,train,2,1
31099-2020,31099,2020,0,train,2,1
31099-2022,31099,2022,0,train,2,1
31101-2020,31101,2020,0,train,4,1
31101-2021,31101,2021,0,train,4,1
31103-2020,31103,2020,0,train,3,1
31107-2020,31107,2020,0,val,1,1
31107-2021,31107,2021,0,val,1,1
31107-2022,31107,2022,0,val,1,1
31109-2019,31109,2019,0,test,0,1
31109-2020,31109,2020,0,test,0,1
31109-2022,31109,2022,0,test,0,1
31111-2019,31111,2019,0,val,1,1
31111-2020,31111,2020,0,val,1,1
31111-2021,31111,2021,0,val,1,1
31111-2022,31111,2022,0,val,1,1
31113-2019,31113,2019,0,train,3,1
31113-2020,31113,2020,0,train,3,1
31115-2020,31115,2020,0,train,2,1
31119-2022,31119,2022,0,val,1,1
31121-2019,31121,2019,0,test,0,1
31123-2019,31123,2019,0,train,4,1
31123-2020,31123,2020,0,train,4,1
31123-2021,31123,2021,0,train,4,1
31125-2019,31125,2019,0,train,3,1
31125-2020,31125,2020,0,train,3,1
31125-2022,31125,2022,0,train,3,1
31127-2020,31127,2020,0,train,2,1
31127-2022,31127,2022,0,train,2,1
31129-2020,31129,2020,0,val,1,1
31129-2022,31129,2022,0,val,1,1
31131-2019,31131,2019,0,train,2,1
31131-2020,31131,2020,0,train,2,1
31131-2022,31131,2022,0,train,2,1
31135-2019,31135,2019,0,val,1,1
31135-2020,31135,2020,0,val,1,1
31135-2021,31135,2021,0,val,1,1
31137-2019,31137,2019,0,test,0,1
31137-2020,31137,2020,0,test,0,1
31137-2021,31137,2021,0,test,0,1
31137-2022,31137,2022,0,test,0,1
31139-2020,31139,2020,0,test,0,1
31139-2021,31139,2021,0,test,0,1
31139-2022,31139,2022,0,test,0,1
31141-2019,31141,2019,0,train,4,1
31141-2020,31141,2020,0,train,4,1
31141-2021,31141,2021,0,train,4,1
31141-2022,31141,2022,0,train,4,1
31143-2020,31143,2020,0,test,0,1
31143-2022,31143,2022,0,test,0,1
31145-2019,31145,2019,0,train,4,1
31145-2020,31145,2020,0,train,4,1
31145-2021,31145,2021,0,train,4,1
31147-2020,31147,2020,0,train,4,1
31147-2022,31147,2022,0,train,4,1
31149-2019,31149,2019,0,train,3,1
31149-2020,31149,2020,0,train,3,1
31149-2021,31149,2021,0,train,3,1
31151-2019,31151,2019,0,train,2,1
31151-2020,31151,2020,0,train,2,1
31151-2022,31151,2022,0,train,2,1
31153-2020,31153,2020,0,train,3,1
31153-2022,31153,2022,0,train,3,1
31155-2019,31155,2019,0,val,1,1
31155-2020,31155,2020,0,val,1,1
31155-2022,31155,2022,0,val,1,1
31157-2019,31157,2019,0,test,0,1
31157-2020,31157,2020,0,test,0,1
31157-2021,31157,2021,0,test,0,1
31159-2019,31159,2019,0,train,4,1
31159-2020,31159,2020,0,train,4,1
31159-2022,31159,2022,0,train,4,1
31161-2020,31161,2020,0,train,2,1
31161-2021,31161,2021,0,train,2,1
31163-2019,31163,2019,0,train,3,1
31163-2020,31163,2020,0,train,3,1
31163-2021,31163,2021,0,train,3,1
31163-2022,31163,2022,0,train,3,1
31165-2019,31165,2019,0,train,3,1
31165-2020,31165,2020,0,train,3,1
31165-2021,31165,2021,0,train,3,1
31167-2019,31167,2019,0,val,1,1
31167-2022,31167,2022,0,val,1,1
31169-2019,31169,2019,0,train,2,1
31169-2020,31169,2020,0,train,2,1
31169-2021,31169,2021,0,train,2,1
31169-2022,31169,2022,0,train,2,1
31173-2019,31173,2019,0,test,0,1
31173-2022,31173,2022,0,test,0,1
31175-2019,31175,2019,0,val,1,1
31175-2020,31175,2020,0,val,1,1
31175-2021,31175,2021,0,val,1,1
31175-2022,31175,2022,0,val,1,1
31177-2019,31177,2019,0,train,2,1
31177-2020,31177,2020,0,train,2,1
31177-2022,31177,2022,0,train,2,1
31179-2019,31179,2019,0,val,1,1
31179-2021,31179,2021,0,val,1,1
31179-2022,31179,2022,0,val,1,1
31181-2020,31181,2020,0,train,4,1
31181-2022,31181,2022,0,train,4,1
31183-2020,31183,2020,0,train,4,1
31185-2019,31185,2019,0,test,0,1
31185-2020,31185,2020,0,test,0,1
31185-2022,31185,2022,0,test,0,1
38001-2020,38001,2020,0,train,3,1
38001-2021,38001,2021,0,train,3,1
38003-2020,38003,2020,0,train,2,1
38003-2021,38003,2021,0,train,2,1
38005-2020,38005,2020,0,val,1,1
38005-2021,38005,2021,0,val,1,1
38007-2020,38007,2020,0,test,0,1
38007-2021,38007,2021,0,test,0,1
38009-2020,38009,2020,0,train,4,1
38009-2021,38009,2021,0,train,4,1
38011-2020,38011,2020,0,train,3,1
38015-2019,38015,2019,0,train,3,1
38015-2020,38015,2020,0,train,3,1
38017-2019,38017,2019,0,train,4,1
38017-2020,38017,2020,0,train,4,1
38017-2021,38017,2021,0,train,4,1
38021-2020,38021,2020,0,train,2,1
38021-2021,38021,2021,0,train,2,1
38025-2020,38025,2020,0,val,1,1
38025-2021,38025,2021,0,val,1,1
38027-2020,38027,2020,0,test,0,1
38027-2021,38027,2021,0,test,0,1
38029-2020,38029,2020,0,train,4,1
38029-2021,38029,2021,0,train,4,1
38031-2020,38031,2020,0,train,3,1
38031-2021,38031,2021,0,train,3,1
38033-2021,38033,2021,0,train,2,1
38035-2019,38035,2019,0,train,3,1
38035-2020,38035,2020,0,train,3,1
38035-2021,38035,2021,0,train,3,1
38037-2020,38037,2020,0,train,2,1
38037-2021,38037,2021,0,train,2,1
38041-2019,38041,2019,0,train,2,1
38041-2020,38041,2020,0,train,2,1
38041-2021,38041,2021,0,train,2,1
38043-2019,38043,2019,0,val,1,1
38043-2020,38043,2020,0,val,1,1
38043-2021,38043,2021,0,val,1,1
38047-2020,38047,2020,0,val,1,1
38047-2021,38047,2021,0,val,1,1
38057-2020,38057,2020,0,test,0,1
38057-2021,38057,2021,0,test,0,1
38059-2020,38059,2020,0,val,1,1
38061-2019,38061,2019,0,train,4,1
38061-2020,38061,2020,0,train,4,1
38063-2020,38063,2020,0,test,0,1
38065-2020,38065,2020,0,train,4,1
38067-2020,38067,2020,0,train,3,1
38067-2021,38067,2021,0,train,3,1
38069-2020,38069,2020,0,train,2,1
38069-2021,38069,2021,0,train,2,1
38071-2020,38071,2020,0,val,1,1
38071-2021,38071,2021,0,val,1,1
38073-2020,38073,2020,0,test,0,1
38073-2021,38073,2021,0,test,0,1
38075-2020,38075,2020,0,train,4,1
38075-2021,38075,2021,0,train,4,1
38077-2019,38077,2019,0,test,0,1
38077-2020,38077,2020,0,test,0,1
38077-2021,38077,2021,0,test,0,1
38079-2021,38079,2021,0,train,3,1
38081-2019,38081,2019,0,train,4,1
38081-2020,38081,2020,0,train,4,1
38081-2021,38081,2021,0,train,4,1
38083-2019,38083,2019,0,train,3,1
38083-2020,38083,2020,0,train,3,1
38087-2019,38087,2019,0,train,3,1
38087-2020,38087,2020,0,train,3,1
38087-2021,38087,2021,0,train,3,1
38089-2020,38089,2020,0,train,2,1
38089-2021,38089,2021,0,train,2,1
38091-2019,38091,2019,0,train,2,1
38091-2020,38091,2020,0,train,2,1
38091-2021,38091,2021,0,train,2,1
38093-2019,38093,2019,0,val,1,1
38093-2020,38093,2020,0,val,1,1
38093-2021,38093,2021,0,val,1,1
38095-2020,38095,2020,0,val,1,1
38095-2021,38095,2021,0,val,1,1
38097-2020,38097,2020,0,train,2,1
38099-2020,38099,2020,0,test,0,1
38099-2021,38099,2021,0,test,0,1
38101-2019,38101,2019,0,test,0,1
38101-2020,38101,2020,0,test,0,1
38101-2021,38101,2021,0,test,0,1
38103-2020,38103,2020,0,train,4,1
38103-2021,38103,2021,0,train,4,1
38105-2021,38105,2021,0,val,1,1
39001-2020,39001,2020,0,train,3,1
39001-2022,39001,2022,0,train,3,1
39003-2020,39003,2020,0,train,2,1
39003-2022,39003,2022,0,train,2,1
39005-2019,39005,2019,0,train,4,1
39005-2020,39005,2020,0,train,4,1
39005-2021,39005,2021,0,train,4,1
39007-2019,39007,2019,0,val,1,1
39007-2021,39007,2021,0,val,1,1
39011-2019,39011,2019,0,test,0,1
39011-2020,39011,2020,0,test,0,1
39011-2021,39011,2021,0,test,0,1
39011-2022,39011,2022,0,test,0,1
39015-2022,39015,2022,0,test,0,1
39017-2020,39017,2020,0,test,0,1
39017-2022,39017,2022,0,test,0,1
39021-2019,39021,2019,0,train,3,1
39021-2020,39021,2020,0,train,3,1
39021-2022,39021,2022,0,train,3,1
39023-2022,39023,2022,0,train,4,1
39025-2022,39025,2022,0,train,3,1
39027-2022,39027,2022,0,train,2,1
39029-2019,39029,2019,0,val,1,1
39031-2019,39031,2019,0,train,4,1
39031-2020,39031,2020,0,train,4,1
39031-2021,39031,2021,0,train,4,1
39031-2022,39031,2022,0,train,4,1
39033-2022,39033,2022,0,test,0,1
39037-2019,39037,2019,0,train,3,1
39037-2020,39037,2020,0,train,3,1
39037-2021,39037,2021,0,train,3,1
39037-2022,39037,2022,0,train,3,1
39039-2019,39039,2019,0,train,2,1
39039-2020,39039,2020,0,train,2,1
39039-2022,39039,2022,0,train,2,1
39041-2022,39041,2022,0,train,4,1
39043-2020,39043,2020,0,train,4,1
39043-2022,39043,2022,0,train,4,1
39045-2019,39045,2019,0,val,1,1
39045-2020,39045,2020,0,val,1,1
39045-2022,39045,2022,0,val,1,1
39047-2020,39047,2020,0,train,3,1
39047-2022,39047,2022,0,train,3,1
39049-2022,39049,2022,0,train,3,1
39051-2019,39051,2019,0,test,0,1
39051-2020,39051,2020,0,test,0,1
39051-2022,39051,2022,0,test,0,1
39053-2019,39053,2019,0,train,4,1
39053-2020,39053,2020,0,train,4,1
39053-2021,39053,2021,0,train,4,1
39057-2022,39057,2022,0,train,2,1
39061-2020,39061,2020,0,val,1,1
39063-2020,39063,2020,0,train,2,1
39063-2022,39063,2022,0,train,2,1
39065-2019,39065,2019,0,train,2,1
39065-2020,39065,2020,0,train,2,1
39065-2021,39065,2021,0,train,2,1
39065-2022,39065,2022,0,train,2,1
39069-2020,39069,2020,0,val,1,1
39069-2022,39069,2022,0,val,1,1
39071-2022,39071,2022,0,test,0,1
39075-2019,39075,2019,0,val,1,1
39075-2020,39075,2020,0,val,1,1
39075-2021,39075,2021,0,val,1,1
39075-2022,39075,2022,0,val,1,1
39077-2022,39077,2022,0,train,4,1
39079-2022,39079,2022,0,train,3,1
39083-2019,39083,2019,0,test,0,1
39083-2020,39083,2020,0,test,0,1
39083-2021,39083,2021,0,test,0,1
39083-2022,39083,2022,0,test,0,1
39089-2020,39089,2020,0,train,3,1
39089-2021,39089,2021,0,train,3,1
39089-2022,39089,2022,0,train,3,1
39091-2019,39091,2019,0,train,4,1
39091-2020,39091,2020,0,train,4,1
39091-2021,39091,2021,0,train,4,1
39091-2022,39091,2022,0,train,4,1
39093-2020,39093,2020,0,train,2,1
39093-2021,39093,2021,0,train,2,1
39093-2022,39093,2022,0,train,2,1
39095-2019,39095,2019,0,val,1,1
39095-2020,39095,2020,0,val,1,1
39095-2022,39095,2022,0,val,1,1
39097-2020,39097,2020,0,test,0,1
39097-2022,39097,2022,0,test,0,1
39099-2019,39099,2019,0,train,2,1
39101-2019,39101,2019,0,test,0,1
39101-2020,39101,2020,0,test,0,1
39101-2022,39101,2022,0,test,0,1
39103-2019,39103,2019,0,train,3,1
39103-2020,39103,2020,0,train,3,1
39103-2021,39103,2021,0,train,3,1
39103-2022,39103,2022,0,train,3,1
39107-2019,39107,2019,0,train,2,1
39107-2020,39107,2020,0,train,2,1
39107-2021,39107,2021,0,train,2,1
39107-2022,39107,2022,0,train,2,1
39109-2019,39109,2019,0,train,4,1
39109-2020,39109,2020,0,train,4,1
39109-2022,39109,2022,0,train,4,1
39113-2019,39113,2019,0,val,1,1
39117-2022,39117,2022,0,test,0,1
39119-2019,39119,2019,0,val,1,1
39119-2020,39119,2020,0,val,1,1
39119-2021,39119,2021,0,val,1,1
39119-2022,39119,2022,0,val,1,1
39123-2020,39123,2020,0,train,4,1
39123-2022,39123,2022,0,train,4,1
39125-2020,39125,2020,0,train,3,1
39125-2022,39125,2022,0,train,3,1
39127-2020,39127,2020,0,train,2,1
39127-2021,39127,2021,0,train,2,1
39129-2019,39129,2019,0,test,0,1
39129-2020,39129,2020,0,test,0,1
39129-2021,39129,2021,0,test,0,1
39129-2022,39129,2022,0,test,0,1
39131-2019,39131,2019,0,train,3,1
39131-2021,39131,2021,0,train,3,1
39131-2022,39131,2022,0,train,3,1
39133-2019,39133,2019,0,val,1,1
39133-2021,39133,2021,0,val,1,1
39135-2019,39135,2019,0,train,4,1
39135-2020,39135,2020,0,train,4,1
39135-2021,39135,2021,0,train,4,1
39135-2022,39135,2022,0,train,4,1
39137-2019,39137,2019,0,train,2,1
39137-2020,39137,2020,0,train,2,1
39137-2022,39137,2022,0,train,2,1
39139-2019,39139,2019,0,val,1,1
39139-2020,39139,2020,0,val,1,1
39139-2022,39139,2022,0,val,1,1
39141-2019,39141,2019,0,test,0,1
39141-2021,39141,2021,0,test,0,1
39141-2022,39141,2022,0,test,0,1
39143-2019,39143,2019,0,train,4,1
39143-2020,39143,2020,0,train,4,1
39143-2022,39143,2022,0,train,4,1
39145-2019,39145,2019,0,train,3,1
39145-2020,39145,2020,0,train,3,1
39145-2021,39145,2021,0,train,3,1
39147-2019,39147,2019,0,train,2,1
39147-2020,39147,2020,0,train,2,1
39147-2022,39147,2022,0,train,2,1
39149-2019,39149,2019,0,val,1,1
39149-2020,39149,2020,0,val,1,1
39149-2022,39149,2022,0,val,1,1
39151-2019,39151,2019,0,test,0,1
39151-2020,39151,2020,0,test,0,1
39151-2021,39151,2021,0,test,0,1
39155-2019,39155,2019,0,train,4,1
39157-2019,39157,2019,0,train,4,1
39157-2020,39157,2020,0,train,4,1
39157-2021,39157,2021,0,train,4,1
39159-2019,39159,2019,0,test,0,1
39159-2022,39159,2022,0,test,0,1
39161-2019,39161,2019,0,train,3,1
39161-2020,39161,2020,0,train,3,1
39161-2022,39161,2022,0,train,3,1
39165-2019,39165,2019,0,train,2,1
39165-2020,39165,2020,0,train,2,1
39165-2022,39165,2022,0,train,2,1
39167-2019,39167,2019,0,val,1,1
39167-2020,39167,2020,0,val,1,1
39167-2021,39167,2021,0,val,1,1
39169-2019,39169,2019,0,train,3,1
39169-2020,39169,2020,0,train,3,1
39169-2021,39169,2021,0,train,3,1
39169-2022,39169,2022,0,train,3,1
39171-2019,39171,2019,0,test,0,1
39171-2020,39171,2020,0,test,0,1
39171-2022,39171,2022,0,test,0,1
39173-2020,39173,2020,0,train,4,1
39173-2022,39173,2022,0,train,4,1
39175-2019,39175,2019,0,train,4,1
39175-2020,39175,2020,0,train,4,1
39175-2022,39175,2022,0,train,4,1
46003-2020,46003,2020,0,train,3,1
46003-2021,46003,2021,0,train,3,1
46005-2020,46005,2020,0,train,2,1
46005-2021,46005,2021,0,train,2,1
46007-2020,46007,2020,0,val,1,1
46007-2021,46007,2021,0,val,1,1
46009-2020,46009,2020,0,train,3,1
46009-2021,46009,2021,0,train,3,1
46009-2022,46009,2022,0,train,3,1
46011-2020,46011,2020,0,test,0,1
46011-2021,46011,2021,0,test,0,1
46013-2020,46013,2020,0,train,4,1
46013-2021,46013,2021,0,train,4,1
46015-2020,46015,2020,0,train,3,1
46015-2021,46015,2021,0,train,3,1
46017-2020,46017,2020,0,train,2,1
46017-2021,46017,2021,0,train,2,1
46019-2020,46019,2020,0,val,1,1
46019-2021,46019,2021,0,val,1,1
46021-2020,46021,2020,0,test,0,1
46021-2021,46021,2021,0,test,0,1
46023-2020,46023,2020,0,train,2,1
46023-2021,46023,2021,0,train,2,1
46023-2022,46023,2022,0,train,2,1
46025-2020,46025,2020,0,train,4,1
46025-2021,46025,2021,0,train,4,1
46027-2020,46027,2020,0,val,1,1
46027-2021,46027,2021,0,val,1,1
46027-2022,46027,2022,0,val,1,1
46029-2020,46029,2020,0,train,3,1
46029-2021,46029,2021,0,train,3,1
46031-2020,46031,2020,0,train,2,1
46031-2021,46031,2021,0,train,2,1
46035-2020,46035,2020,0,train,3,1
46037-2020,46037,2020,0,val,1,1
46037-2021,46037,2021,0,val,1,1
46039-2020,46039,2020,0,train,2,1
46041-2020,46041,2020,0,val,1,1
46043-2020,46043,2020,0,test,0,1
46043-2021,46043,2021,0,test,0,1
46045-2019,46045,2019,0,train,4,1
46045-2020,46045,2020,0,train,4,1
46049-2020,46049,2020,0,train,3,1
46049-2021,46049,2021,0,train,3,1
46051-2020,46051,2020,0,train,2,1
46051-2021,46051,2021,0,train,2,1
46053-2020,46053,2020,0,val,1,1
46053-2021,46053,2021,0,val,1,1
46057-2020,46057,2020,0,test,0,1
46057-2021,46057,2021,0,test,0,1
46059-2020,46059,2020,0,train,4,1
46059-2021,46059,2021,0,train,4,1
46061-2020,46061,2020,0,train,3,1
46061-2021,46061,2021,0,train,3,1
46063-2021,46063,2021,0,test,0,1
46065-2020,46065,2020,0,train,2,1
46065-2021,46065,2021,0,train,2,1
46067-2020,46067,2020,0,val,1,1
46067-2021,46067,2021,0,val,1,1
46069-2020,46069,2020,0,train,4,1
46073-2020,46073,2020,0,test,0,1
46073-2021,46073,2021,0,test,0,1
46075-2020,46075,2020,0,train,3,1
46077-2020,46077,2020,0,train,4,1
46077-2021,46077,2021,0,train,4,1
46079-2020,46079,2020,0,train,3,1
46079-2021,46079,2021,0,train,3,1
46083-2019,46083,2019,0,train,2,1
46083-2020,46083,2020,0,train,2,1
46083-2021,46083,2021,0,train,2,1
46083-2022,46083,2022,0,train,2,1
46085-2019,46085,2019,0,test,0,1
46085-2020,46085,2020,0,test,0,1
46085-2021,46085,2021,0,test,0,1
46091-2020,46091,2020,0,train,2,1
46091-2021,46091,2021,0,train,2,1
46093-2021,46093,2021,0,train,2,1
46095-2020,46095,2020,0,val,1,1
46097-2020,46097,2020,0,val,1,1
46097-2021,46097,2021,0,val,1,1
46099-2019,46099,2019,0,train,4,1
46099-2020,46099,2020,0,train,4,1
46099-2022,46099,2022,0,train,4,1
46101-2020,46101,2020,0,test,0,1
46102-2020,46102,2020,0,test,0,1
46102-2021,46102,2021,0,test,0,1
46103-2021,46103,2021,0,train,4,1
46107-2020,46107,2020,0,train,4,1
46107-2021,46107,2021,0,train,4,1
46109-2020,46109,2020,0,train,3,1
46111-2020,46111,2020,0,train,3,1
46111-2021,46111,2021,0,train,3,1
46115-2020,46115,2020,0,train,2,1
46119-2020,46119,2020,0,train,2,1
46119-2021,46119,2021,0,train,2,1
46121-2021,46121,2021,0,val,1,1
46123-2020,46123,2020,0,val,1,1
46123-2021,46123,2021,0,val,1,1
46125-2020,46125,2020,0,train,3,1
46125-2021,46125,2021,0,train,3,1
46125-2022,46125,2022,0,train,3,1
46127-2019,46127,2019,0,train,2,1
46127-2020,46127,2020,0,train,2,1
46127-2022,46127,2022,0,train,2,1
46129-2020,46129,2020,0,test,0,1
46129-2021,46129,2021,0,test,0,1
46135-2021,46135,2021,0,train,4,1
46135-2022,46135,2022,0,train,4,1
46137-2019,46137,2019,0,train,3,1
46137-2020,46137,2020,0,train,3,1
55001-2019,55001,2019,0,train,2,1
55001-2020,55001,2020,0,train,2,1
55005-2020,55005,2020,0,test,0,1
55009-2020,55009,2020,0,train,4,1
55011-2020,55011,2020,0,train,3,1
55013-2020,55013,2020,0,train,2,1
55015-2020,55015,2020,0,val,1,1
55017-2019,55017,2019,0,val,1,1
55017-2020,55017,2020,0,val,1,1
55017-2021,55017,2021,0,val,1,1
55019-2019,55019,2019,0,test,0,1
55019-2020,55019,2020,0,test,0,1
55019-2021,55019,2021,0,test,0,1
55021-2019,55021,2019,0,train,4,1
55021-2020,55021,2020,0,train,4,1
55021-2021,55021,2021,0,train,4,1
55023-2019,55023,2019,0,val,1,1
55023-2020,55023,2020,0,val,1,1
55023-2021,55023,2021,0,val,1,1
55023-2022,55023,2022,0,val,1,1
55025-2019,55025,2019,0,test,0,1
55025-2020,55025,2020,0,test,0,1
55025-2021,55025,2021,0,test,0,1
55025-2022,55025,2022,0,test,0,1
55027-2019,55027,2019,0,val,1,1
55027-2020,55027,2020,0,val,1,1
55029-2019,55029,2019,0,train,3,1
55029-2020,55029,2020,0,train,3,1
55029-2021,55029,2021,0,train,3,1
55033-2020,55033,2020,0,test,0,1
55035-2019,55035,2019,0,train,2,1
55035-2020,55035,2020,0,train,2,1
55035-2021,55035,2021,0,train,2,1
55043-2019,55043,2019,0,train,4,1
55043-2020,55043,2020,0,train,4,1
55043-2021,55043,2021,0,train,4,1
55043-2022,55043,2022,0,train,4,1
55045-2019,55045,2019,0,train,3,1
55045-2020,55045,2020,0,train,3,1
55045-2021,55045,2021,0,train,3,1
55045-2022,55045,2022,0,train,3,1
55047-2019,55047,2019,0,val,1,1
55047-2020,55047,2020,0,val,1,1
55047-2021,55047,2021,0,val,1,1
55049-2020,55049,2020,0,test,0,1
55049-2022,55049,2022,0,test,0,1
55053-2019,55053,2019,0,test,0,1
55053-2020,55053,2020,0,test,0,1
55053-2021,55053,2021,0,test,0,1
55055-2019,55055,2019,0,train,4,1
55055-2020,55055,2020,0,train,4,1
55055-2022,55055,2022,0,train,4,1
55057-2019,55057,2019,0,train,3,1
55057-2020,55057,2020,0,train,3,1
55057-2021,55057,2021,0,train,3,1
55059-2020,55059,2020,0,train,4,1
55059-2022,55059,2022,0,train,4,1
55061-2020,55061,2020,0,train,4,1
55063-2019,55063,2019,0,train,2,1
55063-2020,55063,2020,0,train,2,1
55063-2021,55063,2021,0,train,2,1
55065-2020,55065,2020,0,train,3,1
55065-2022,55065,2022,0,train,3,1
55067-2020,55067,2020,0,train,2,1
55067-2021,55067,2021,0,train,2,1
55069-2020,55069,2020,0,val,1,1
55069-2021,55069,2021,0,val,1,1
55071-2019,55071,2019,0,test,0,1
55071-2020,55071,2020,0,test,0,1
55073-2020,55073,2020,0,train,4,1
55073-2021,55073,2021,0,train,4,1
55075-2019,55075,2019,0,val,1,1
55075-2020,55075,2020,0,val,1,1
55075-2021,55075,2021,0,val,1,1
55077-2020,55077,2020,0,train,3,1
55079-2020,55079,2020,0,train,2,1
55081-2019,55081,2019,0,test,0,1
55081-2020,55081,2020,0,test,0,1
55081-2021,55081,2021,0,test,0,1
55083-2019,55083,2019,0,train,4,1
55083-2020,55083,2020,0,train,4,1
55083-2021,55083,2021,0,train,4,1
55087-2019,55087,2019,0,train,3,1
55087-2020,55087,2020,0,train,3,1
55089-2019,55089,2019,0,train,2,1
55089-2020,55089,2020,0,train,2,1
55091-2020,55091,2020,0,val,1,1
55093-2020,55093,2020,0,train,2,1
55095-2020,55095,2020,0,val,1,1
55097-2019,55097,2019,0,val,1,1
55097-2020,55097,2020,0,val,1,1
55101-2019,55101,2019,0,train,3,1
55101-2020,55101,2020,0,train,3,1
55101-2022,55101,2022,0,train,3,1
55103-2019,55103,2019,0,train,2,1
55103-2020,55103,2020,0,train,2,1
55103-2021,55103,2021,0,train,2,1
55103-2022,55103,2022,0,train,2,1
55105-2019,55105,2019,0,val,1,1
55105-2020,55105,2020,0,val,1,1
55105-2021,55105,2021,0,val,1,1
55105-2022,55105,2022,0,val,1,1
55107-2019,55107,2019,0,train,2,1
55107-2020,55107,2020,0,train,2,1
55107-2021,55107,2021,0,train,2,1
55111-2019,55111,2019,0,val,1,1
55111-2020,55111,2020,0,val,1,1
55111-2021,55111,2021,0,val,1,1
55113-2020,55113,2020,0,test,0,1
55113-2021,55113,2021,0,test,0,1
55115-2019,55115,2019,0,test,0,1
55115-2020,55115,2020,0,test,0,1
55115-2021,55115,2021,0,test,0,1
55117-2019,55117,2019,0,train,4,1
55117-2020,55117,2020,0,train,4,1
55119-2020,55119,2020,0,train,3,1
55119-2021,55119,2021,0,train,3,1
55121-2019,55121,2019,0,train,4,1
55121-2020,55121,2020,0,train,4,1
55121-2021,55121,2021,0,train,4,1
55123-2019,55123,2019,0,test,0,1
55123-2020,55123,2020,0,test,0,1
55123-2021,55123,2021,0,test,0,1
55123-2022,55123,2022,0,test,0,1
55127-2019,55127,2019,0,train,3,1
55127-2020,55127,2020,0,train,3,1
55127-2022,55127,2022,0,train,3,1
55129-2019,55129,2019,0,train,2,1
55129-2020,55129,2020,0,train,2,1
55131-2019,55131,2019,0,val,1,1
55131-2020,55131,2020,0,val,1,1
55133-2019,55133,2019,0,train,4,1
55133-2020,55133,2020,0,train,4,1
55133-2022,55133,2022,0,train,4,1
55135-2019,55135,2019,0,test,0,1
55135-2020,55135,2020,0,test,0,1
55137-2019,55137,2019,0,train,3,1
55137-2020,55137,2020,0,train,3,1
55137-2021,55137,2021,0,train,3,1
55139-2019,55139,2019,0,train,4,1
55139-2020,55139,2020,0,train,4,1
55141-2019,55141,2019,0,train,3,1
55141-2020,55141,2020,0,train,3,1
17001-2020,17001,2020,1,train,0,2
17001-2022,17001,2022,1,train,0,2
17003-2019,17003,2019,1,train,4,2
17003-2020,17003,2020,1,train,4,2
17005-2019,17005,2019,1,val,2,2
17005-2020,17005,2020,1,val,2,2
17005-2021,17005,2021,1,val,2,2
17005-2022,17005,2022,1,val,2,2
17007-2019,17007,2019,1,val,2,2
17007-2020,17007,2020,1,val,2,2
17007-2022,17007,2022,1,val,2,2
17009-2020,17009,2020,1,train,3,2
17009-2022,17009,2022,1,train,3,2
17011-2019,17011,2019,1,test,1,2
17011-2020,17011,2020,1,test,1,2
17011-2021,17011,2021,1,test,1,2
17011-2022,17011,2022,1,test,1,2
17013-2020,17013,2020,1,val,2,2
17013-2022,17013,2022,1,val,2,2
17015-2020,17015,2020,1,test,1,2
17015-2022,17015,2022,1,test,1,2
17017-2019,17017,2019,1,train,0,2
17017-2020,17017,2020,1,train,0,2
17017-2021,17017,2021,1,train,0,2
17017-2022,17017,2022,1,train,0,2
17019-2021,17019,2021,1,train,0,2
17019-2022,17019,2022,1,train,0,2
17021-2020,17021,2020,1,test,1,2
17021-2021,17021,2021,1,test,1,2
17021-2022,17021,2022,1,test,1,2
17023-2020,17023,2020,1,train,4,2
17023-2022,17023,2022,1,train,4,2
17025-2019,17025,2019,1,train,4,2
17025-2020,17025,2020,1,train,4,2
17025-2021,17025,2021,1,train,4,2
17025-2022,17025,2022,1,train,4,2
17027-2019,17027,2019,1,train,3,2
17027-2020,17027,2020,1,train,3,2
17027-2021,17027,2021,1,train,3,2
17027-2022,17027,2022,1,train,3,2
17029-2019,17029,2019,1,train,3,2
17029-2021,17029,2021,1,train,3,2
17031-2019,17031,2019,1,train,0,2
17033-2019,17033,2019,1,train,0,2
17033-2020,17033,2020,1,train,0,2
17033-2022,17033,2022,1,train,0,2
17035-2019,17035,2019,1,val,2,2
17035-2022,17035,2022,1,val,2,2
17039-2020,17039,2020,1,train,4,2
17039-2021,17039,2021,1,train,4,2
17039-2022,17039,2022,1,train,4,2
17041-2019,17041,2019,1,test,1,2
17041-2022,17041,2022,1,test,1,2
17045-2020,17045,2020,1,train,3,2
17045-2021,17045,2021,1,train,3,2
17045-2022,17045,2022,1,train,3,2
17047-2020,17047,2020,1,val,2,2
17047-2021,17047,2021,1,val,2,2
17047-2022,17047,2022,1,val,2,2
17049-2021,17049,2021,1,train,0,2
17049-2022,17049,2022,1,train,0,2
17051-2019,17051,2019,1,test,1,2
17051-2020,17051,2020,1,test,1,2
17051-2021,17051,2021,1,test,1,2
17053-2019,17053,2019,1,val,2,2
17053-2020,17053,2020,1,val,2,2
17053-2021,17053,2021,1,val,2,2
17053-2022,17053,2022,1,val,2,2
17055-2019,17055,2019,1,test,1,2
17055-2020,17055,2020,1,test,1,2
17055-2021,17055,2021,1,test,1,2
17055-2022,17055,2022,1,test,1,2
17057-2020,17057,2020,1,train,0,2
17057-2021,17057,2021,1,train,0,2
17057-2022,17057,2022,1,train,0,2
17059-2019,17059,2019,1,train,0,2
17059-2020,17059,2020,1,train,0,2
17059-2021,17059,2021,1,train,0,2
17059-2022,17059,2022,1,train,0,2
17061-2020,17061,2020,1,train,4,2
17061-2021,17061,2021,1,train,4,2
17061-2022,17061,2022,1,train,4,2
17063-2019,17063,2019,1,train,3,2
17063-2020,17063,2020,1,train,3,2
17063-2022,17063,2022,1,train,3,2
17065-2020,17065,2020,1,train,4,2
17065-2022,17065,2022,1,train,4,2
17067-2020,17067,2020,1,train,3,2
17067-2022,17067,2022,1,train,3,2
17071-2020,17071,2020,1,val,2,2
17071-2022,17071,2022,1,val,2,2
17073-2020,17073,2020,1,test,1,2
17073-2022,17073,2022,1,test,1,2
17075-2019,17075,2019,1,train,4,2
17075-2020,17075,2020,1,train,4,2
17075-2021,17075,2021,1,train,4,2
17075-2022,17075,2022,1,train,4,2
17077-2019,17077,2019,1,train,3,2
17077-2020,17077,2020,1,train,3,2
17077-2021,17077,2021,1,train,3,2
17077-2022,17077,2022,1,train,3,2
17079-2019,17079,2019,1,val,2,2
17079-2020,17079,2020,1,val,2,2
17079-2022,17079,2022,1,val,2,2
17081-2019,17081,2019,1,test,1,2
17081-2021,17081,2021,1,test,1,2
17081-2022,17081,2022,1,test,1,2
17083-2020,17083,2020,1,train,0,2
17083-2022,17083,2022,1,train,0,2
17085-2020,17085,2020,1,train,4,2
17085-2022,17085,2022,1,train,4,2
17087-2020,17087,2020,1,train,4,2
17089-2019,17089,2019,1,train,0,2
17089-2020,17089,2020,1,train,0,2
17089-2022,17089,2022,1,train,0,2
17091-2020,17091,2020,1,train,3,2
17091-2022,17091,2022,1,train,3,2
17093-2019,17093,2019,1,train,4,2
17093-2020,17093,2020,1,train,4,2
17093-2022,17093,2022,1,train,4,2
17095-2020,17095,2020,1,val,2,2
17095-2022,17095,2022,1,val,2,2
17097-2019,17097,2019,1,test,1,2
17097-2020,17097,2020,1,test,1,2
17101-2019,17101,2019,1,train,3,2
17101-2020,17101,2020,1,train,3,2
17101-2022,17101,2022,1,train,3,2
17103-2019,17103,2019,1,val,2,2
17103-2020,17103,2020,1,val,2,2
17103-2022,17103,2022,1,val,2,2
17105-2019,17105,2019,1,val,2,2
17105-2020,17105,2020,1,val,2,2
17105-2021,17105,2021,1,val,2,2
17105-2022,17105,2022,1,val,2,2
17107-2020,17107,2020,1,test,1,2
17107-2021,17107,2021,1,test,1,2
17107-2022,17107,2022,1,test,1,2
17115-2020,17115,2020,1,train,0,2
17115-2021,17115,2021,1,train,0,2
17115-2022,17115,2022,1,train,0,2
17117-2020,17117,2020,1,train,4,2
17117-2021,17117,2021,1,train,4,2
17117-2022,17117,2022,1,train,4,2
17119-2019,17119,2019,1,test,1,2
17119-2020,17119,2020,1,test,1,2
17119-2021,17119,2021,1,test,1,2
17119-2022,17119,2022,1,test,1,2
17121-2019,17121,2019,1,train,0,2
17121-2020,17121,2020,1,train,0,2
17121-2021,17121,2021,1,train,0,2
17121-2022,17121,2022,1,train,0,2
17123-2019,17123,2019,1,train,4,2
17123-2020,17123,2020,1,train,4,2
17123-2021,17123,2021,1,train,4,2
17123-2022,17123,2022,1,train,4,2
17125-2020,17125,2020,1,train,3,2
17125-2021,17125,2021,1,train,3,2
17125-2022,17125,2022,1,train,3,2
17127-2019,17127,2019,1,train,0,2
17127-2020,17127,2020,1,train,0,2
17129-2021,17129,2021,1,train,3,2
17131-2020,17131,2020,1,train,4,2
17131-2022,17131,2022,1,train,4,2
17133-2019,17133,2019,1,val,2,2
17133-2020,17133,2020,1,val,2,2
17133-2022,17133,2022,1,val,2,2
17135-2020,17135,2020,1,test,1,2
17135-2021,17135,2021,1,test,1,2
17135-2022,17135,2022,1,test,1,2
17137-2019,17137,2019,1,train,0,2
17137-2020,17137,2020,1,train,0,2
17137-2022,17137,2022,1,train,0,2
17139-2021,17139,2021,1,train,3,2
17139-2022,17139,2022,1,train,3,2
17141-2019,17141,2019,1,train,4,2
17141-2020,17141,2020,1,train,4,2
17141-2022,17141,2022,1,train,4,2
17143-2019,17143,2019,1,train,3,2
17143-2020,17143,2020,1,train,3,2
17143-2021,17143,2021,1,train,3,2
17143-2022,17143,2022,1,train,3,2
17145-2020,17145,2020,1,val,2,2
17145-2022,17145,2022,1,val,2,2
17147-2021,17147,2021,1,test,1,2
17147-2022,17147,2022,1,test,1,2
17149-2020,17149,2020,1,val,2,2
17151-2020,17151,2020,1,test,1,2
17153-2019,17153,2019,1,train,3,2
17153-2020,17153,2020,1,train,3,2
17153-2021,17153,2021,1,train,3,2
17155-2020,17155,2020,1,val,2,2
17155-2021,17155,2021,1,val,2,2
17155-2022,17155,2022,1,val,2,2
17157-2019,17157,2019,1,val,2,2
17157-2020,17157,2020,1,val,2,2
17157-2021,17157,2021,1,val,2,2
17157-2022,17157,2022,1,val,2,2
17159-2020,17159,2020,1,train,0,2
17161-2020,17161,2020,1,train,0,2
17161-2022,17161,2022,1,train,0,2
17165-2020,17165,2020,1,test,1,2
17165-2021,17165,2021,1,test,1,2
17165-2022,17165,2022,1,test,1,2
17167-2021,17167,2021,1,train,4,2
17169-2020,17169,2020,1,train,4,2
17169-2022,17169,2022,1,train,4,2
17171-2020,17171,2020,1,train,3,2
17171-2022,17171,2022,1,train,3,2
17173-2021,17173,2021,1,val,2,2
17173-2022,17173,2022,1,val,2,2
17175-2019,17175,2019,1,test,1,2
17175-2020,17175,2020,1,test,1,2
17175-2021,17175,2021,1,test,1,2
17175-2022,17175,2022,1,test,1,2
17177-2019,17177,2019,1,train,0,2
17177-2020,17177,2020,1,train,0,2
17177-2021,17177,2021,1,train,0,2
17177-2022,17177,2022,1,train,0,2
17179-2020,17179,2020,1,train,0,2
17179-2021,17179,2021,1,train,0,2
17179-2022,17179,2022,1,train,0,2
17181-2019,17181,2019,1,train,4,2
17181-2020,17181,2020,1,train,4,2
17181-2021,17181,2021,1,train,4,2
17183-2020,17183,2020,1,train,3,2
17183-2021,17183,2021,1,train,3,2
17183-2022,17183,2022,1,train,3,2
17185-2019,17185,2019,1,val,2,2
17185-2020,17185,2020,1,val,2,2
17185-2022,17185,2022,1,val,2,2
17187-2020,17187,2020,1,test,1,2
17187-2022,17187,2022,1,test,1,2
17189-2019,17189,2019,1,train,4,2
17189-2020,17189,2020,1,train,4,2
17189-2021,17189,2021,1,train,4,2
17189-2022,17189,2022,1,train,4,2
17191-2020,17191,2020,1,train,0,2
17191-2022,17191,2022,1,train,0,2
17193-2019,17193,2019,1,train,3,2
17193-2020,17193,2020,1,train,3,2
17193-2021,17193,2021,1,train,3,2
17193-2022,17193,2022,1,train,3,2
17195-2019,17195,2019,1,test,1,2
17195-2020,17195,2020,1,test,1,2
17195-2022,17195,2022,1,test,1,2
17197-2020,17197,2020,1,train,4,2
17197-2022,17197,2022,1,train,4,2
17199-2019,17199,2019,1,train,0,2
17199-2020,17199,2020,1,train,0,2
17199-2022,17199,2022,1,train,0,2
17201-2019,17201,2019,1,val,2,2
17201-2020,17201,2020,1,val,2,2
17201-2021,17201,2021,1,val,2,2
17201-2022,17201,2022,1,val,2,2
17203-2019,17203,2019,1,test,1,2
17203-2020,17203,2020,1,test,1,2
17203-2021,17203,2021,1,test,1,2
17203-2022,17203,2022,1,test,1,2
18001-2019,18001,2019,1,train,4,2
18001-2020,18001,2020,1,train,4,2
18001-2022,18001,2022,1,train,4,2
18003-2019,18003,2019,1,train,3,2
18003-2020,18003,2020,1,train,3,2
18003-2022,18003,2022,1,train,3,2
18005-2022,18005,2022,1,train,3,2
18007-2019,18007,2019,1,train,0,2
18007-2020,18007,2020,1,train,0,2
18007-2021,18007,2021,1,train,0,2
18007-2022,18007,2022,1,train,0,2
18009-2022,18009,2022,1,val,2,2
18011-2019,18011,2019,1,train,4,2
18011-2020,18011,2020,1,train,4,2
18011-2021,18011,2021,1,train,4,2
18011-2022,18011,2022,1,train,4,2
18015-2019,18015,2019,1,val,2,2
18015-2020,18015,2020,1,val,2,2
18015-2022,18015,2022,1,val,2,2
18017-2020,18017,2020,1,train,3,2
18017-2022,18017,2022,1,train,3,2
18019-2020,18019,2020,1,test,1,2
18021-2020,18021,2020,1,test,1,2
18021-2021,18021,2021,1,test,1,2
18021-2022,18021,2022,1,test,1,2
18023-2020,18023,2020,1,train,0,2
18023-2021,18023,2021,1,train,0,2
18023-2022,18023,2022,1,train,0,2
18027-2019,18027,2019,1,train,3,2
18027-2020,18027,2020,1,train,3,2
18027-2021,18027,2021,1,train,3,2
18027-2022,18027,2022,1,train,3,2
18029-2019,18029,2019,1,train,4,2
18029-2020,18029,2020,1,train,4,2
18029-2022,18029,2022,1,train,4,2
18031-2019,18031,2019,1,train,3,2
18031-2020,18031,2020,1,train,3,2
18031-2022,18031,2022,1,train,3,2
18035-2022,18035,2022,1,train,0,2
18037-2022,18037,2022,1,train,4,2
18039-2019,18039,2019,1,val,2,2
18039-2020,18039,2020,1,val,2,2
18039-2021,18039,2021,1,val,2,2
18039-2022,18039,2022,1,val,2,2
18041-2019,18041,2019,1,test,1,2
18041-2020,18041,2020,1,test,1,2
18041-2021,18041,2021,1,test,1,2
18041-2022,18041,2022,1,test,1,2
18045-2020,18045,2020,1,val,2,2
18045-2022,18045,2022,1,val,2,2
18047-2019,18047,2019,1,val,2,2
18047-2020,18047,2020,1,val,2,2
18047-2022,18047,2022,1,val,2,2
18049-2019,18049,2019,1,test,1,2
18049-2020,18049,2020,1,test,1,2
18049-2021,18049,2021,1,test,1,2
18051-2019,18051,2019,1,train,0,2
18051-2020,18051,2020,1,train,0,2
18051-2022,18051,2022,1,train,0,2
18053-2020,18053,2020,1,test,1,2
18053-2022,18053,2022,1,test,1,2
18055-2019,18055,2019,1,train,4,2
18055-2020,18055,2020,1,train,4,2
18055-2021,18055,2021,1,train,4,2
18057-2022,18057,2022,1,train,3,2
18059-2020,18059,2020,1,train,0,2
18059-2022,18059,2022,1,train,0,2
18063-2019,18063,2019,1,train,0,2
18063-2020,18063,2020,1,train,0,2
18063-2021,18063,2021,1,train,0,2
18063-2022,18063,2022,1,train,0,2
18065-2022,18065,2022,1,val,2,2
18067-2020,18067,2020,1,train,4,2
18067-2022,18067,2022,1,train,4,2
18069-2022,18069,2022,1,test,1,2
18071-2022,18071,2022,1,train,0,2
18073-2020,18073,2020,1,train,3,2
18073-2022,18073,2022,1,train,3,2
18075-2019,18075,2019,1,train,3,2
18075-2020,18075,2020,1,train,3,2
18075-2022,18075,2022,1,train,3,2
18077-2019,18077,2019,1,val,2,2
18077-2020,18077,2020,1,val,2,2
18077-2022,18077,2022,1,val,2,2
18079-2022,18079,2022,1,train,4,2
18081-2022,18081,2022,1,train,3,2
18083-2020,18083,2020,1,val,2,2
18083-2022,18083,2022,1,val,2,2
18085-2022,18085,2022,1,val,2,2
18089-2020,18089,2020,1,test,1,2
18089-2022,18089,2022,1,test,1,2
18093-2022,18093,2022,1,test,1,2
18095-2022,18095,2022,1,train,0,2
18097-2020,18097,2020,1,train,4,2
18099-2019,18099,2019,1,train,4,2
18099-2020,18099,2020,1,train,4,2
18099-2021,18099,2021,1,train,4,2
18099-2022,18099,2022,1,train,4,2
18101-2022,18101,2022,1,train,3,2
18103-2020,18103,2020,1,train,0,2
18103-2022,18103,2022,1,train,0,2
18105-2022,18105,2022,1,val,2,2
18107-2019,18107,2019,1,test,1,2
18107-2020,18107,2020,1,test,1,2
18107-2021,18107,2021,1,test,1,2
18109-2022,18109,2022,1,test,1,2
18111-2019,18111,2019,1,train,3,2
18111-2020,18111,2020,1,train,3,2
18111-2021,18111,2021,1,train,3,2
18111-2022,18111,2022,1,train,3,2
18113-2020,18113,2020,1,train,4,2
18113-2022,18113,2022,1,train,4,2
18115-2019,18115,2019,1,train,3,2
18115-2020,18115,2020,1,train,3,2
18119-2020,18119,2020,1,train,0,2
18119-2021,18119,2021,1,train,0,2
18119-2022,18119,2022,1,train,0,2
18121-2019,18121,2019,1,train,4,2
18121-2020,18121,2020,1,train,4,2
18121-2022,18121,2022,1,train,4,2
18123-2022,18123,2022,1,train,0,2
18125-2020,18125,2020,1,val,2,2
18125-2022,18125,2022,1,val,2,2
18127-2019,18127,2019,1,val,2,2
18127-2020,18127,2020,1,val,2,2
18127-2021,18127,2021,1,val,2,2
18127-2022,18127,2022,1,val,2,2
18129-2019,18129,2019,1,test,1,2
18129-2020,18129,2020,1,test,1,2
18129-2021,18129,2021,1,test,1,2
18129-2022,18129,2022,1,test,1,2
18131-2019,18131,2019,1,train,3,2
18131-2020,18131,2020,1,train,3,2
18131-2022,18131,2022,1,train,3,2
18133-2019,18133,2019,1,train,0,2
18133-2020,18133,2020,1,train,0,2
18133-2021,18133,2021,1,train,0,2
18133-2022,18133,2022,1,train,0,2
18135-2019,18135,2019,1,val,2,2
18135-2020,18135,2020,1,val,2,2
18135-2022,18135,2022,1,val,2,2
18137-2020,18137,2020,1,test,1,2
18137-2022,18137,2022,1,test,1,2
18139-2022,18139,2022,1,train,4,2
18141-2019,18141,2019,1,train,4,2
18141-2020,18141,2020,1,train,4,2
18141-2021,18141,2021,1,train,4,2
18141-2022,18141,2022,1,train,4,2
18143-2022,18143,2022,1,train,3,2
18145-2020,18145,2020,1,train,0,2
18145-2022,18145,2022,1,train,0,2
18147-2020,18147,2020,1,val,2,2
18149-2019,18149,2019,1,test,1,2
18149-2020,18149,2020,1,test,1,2
18149-2022,18149,2022,1,test,1,2
18151-2020,18151,2020,1,train,4,2
18151-2022,18151,2022,1,train,4,2
18153-2019,18153,2019,1,train,0,2
18153-2020,18153,2020,1,train,0,2
18153-2022,18153,2022,1,train,0,2
18155-2019,18155,2019,1,train,3,2
18155-2020,18155,2020,1,train,3,2
18157-2019,18157,2019,1,train,3,2
18157-2020,18157,2020,1,train,3,2
18157-2021,18157,2021,1,train,3,2
18157-2022,18157,2022,1,train,3,2
18159-2022,18159,2022,1,test,1,2
18161-2019,18161,2019,1,val,2,2
18161-2020,18161,2020,1,val,2,2
18161-2021,18161,2021,1,val,2,2
18161-2022,18161,2022,1,val,2,2
18163-2019,18163,2019,1,test,1,2
18163-2020,18163,2020,1,test,1,2
18163-2021,18163,2021,1,test,1,2
18163-2022,18163,2022,1,test,1,2
18165-2019,18165,2019,1,train,0,2
18165-2020,18165,2020,1,train,0,2
18165-2021,18165,2021,1,train,0,2
18165-2022,18165,2022,1,train,0,2
18167-2019,18167,2019,1,train,4,2
18167-2020,18167,2020,1,train,4,2
18167-2022,18167,2022,1,train,4,2
18169-2022,18169,2022,1,train,0,2
18171-2019,18171,2019,1,train,3,2
18171-2020,18171,2020,1,train,3,2
18171-2021,18171,2021,1,train,3,2
18173-2019,18173,2019,1,val,2,2
18173-2020,18173,2020,1,val,2,2
18173-2022,18173,2022,1,val,2,2
18177-2019,18177,2019,1,train,4,2
18177-2020,18177,2020,1,train,4,2
18177-2021,18177,2021,1,train,4,2
18177-2022,18177,2022,1,train,4,2
18179-2022,18179,2022,1,train,4,2
18181-2019,18181,2019,1,test,1,2
18181-2020,18181,2020,1,test,1,2
18181-2022,18181,2022,1,test,1,2
18183-2022,18183,2022,1,train,3,2
19001-2019,19001,2019,1,train,0,2
19001-2020,19001,2020,1,train,0,2
19001-2022,19001,2022,1,train,0,2
19003-2020,19003,2020,1,val,2,2
19005-2019,19005,2019,1,train,3,2
19005-2020,19005,2020,1,train,3,2
19005-2021,19005,2021,1,train,3,2
19005-2022,19005,2022,1,train,3,2
19007-2020,19007,2020,1,train,4,2
19007-2021,19007,2021,1,train,4,2
19007-2022,19007,2022,1,train,4,2
19009-2019,19009,2019,1,val,2,2
19009-2020,19009,2020,1,val,2,2
19009-2021,19009,2021,1,val,2,2
19009-2022,19009,2022,1,val,2,2
19011-2019,19011,2019,1,test,1,2
19011-2020,19011,2020,1,test,1,2
19011-2021,19011,2021,1,test,1,2
19011-2022,19011,2022,1,test,1,2
19013-2020,19013,2020,1,val,2,2
19013-2022,19013,2022,1,val,2,2
19015-2019,19015,2019,1,train,0,2
19015-2020,19015,2020,1,train,0,2
19015-2021,19015,2021,1,train,0,2
19015-2022,19015,2022,1,train,0,2
19017-2022,19017,2022,1,test,1,2
19019-2019,19019,2019,1,train,4,2
19019-2020,19019,2020,1,train,4,2
19019-2021,19019,2021,1,train,4,2
19019-2022,19019,2022,1,train,4,2
19021-2019,19021,2019,1,train,3,2
19021-2020,19021,2020,1,train,3,2
19021-2022,19021,2022,1,train,3,2
19023-2021,19023,2021,1,test,1,2
19023-2022,19023,2022,1,test,1,2
19025-2019,19025,2019,1,train,3,2
19025-2020,19025,2020,1,train,3,2
19025-2021,19025,2021,1,train,3,2
19025-2022,19025,2022,1,train,3,2
19027-2020,19027,2020,1,train,0,2
19027-2022,19027,2022,1,train,0,2
19029-2019,19029,2019,1,val,2,2
19029-2020,19029,2020,1,val,2,2
19029-2021,19029,2021,1,val,2,2
19029-2022,19029,2022,1,val,2,2
19031-2020,19031,2020,1,train,4,2
19031-2022,19031,2022,1,train,4,2
19033-2019,19033,2019,1,test,1,2
19033-2020,19033,2020,1,test,1,2
19033-2021,19033,2021,1,test,1,2
19033-2022,19033,2022,1,test,1,2
19035-2019,19035,2019,1,val,2,2
19035-2020,19035,2020,1,val,2,2
19035-2022,19035,2022,1,val,2,2
19037-2022,19037,2022,1,train,0,2
19039-2020,19039,2020,1,train,4,2
19041-2019,19041,2019,1,test,1,2
19041-2020,19041,2020,1,test,1,2
19041-2022,19041,2022,1,test,1,2
19043-2020,19043,2020,1,train,0,2
19043-2021,19043,2021,1,train,0,2
19043-2022,19043,2022,1,train,0,2
19045-2020,19045,2020,1,train,3,2
19045-2022,19045,2022,1,train,3,2
19047-2019,19047,2019,1,train,4,2
19047-2020,19047,2020,1,train,4,2
19047-2022,19047,2022,1,train,4,2
19049-2019,19049,2019,1,train,0,2
19049-2020,19049,2020,1,train,0,2
19049-2021,19049,2021,1,train,0,2
19049-2022,19049,2022,1,train,0,2
19051-2019,19051,2019,1,train,4,2
19051-2020,19051,2020,1,train,4,2
19051-2021,19051,2021,1,train,4,2
19051-2022,19051,2022,1,train,4,2
19053-2020,19053,2020,1,val,2,2
19053-2022,19053,2022,1,val,2,2
19055-2020,19055,2020,1,train,3,2
19055-2021,19055,2021,1,train,3,2
19055-2022,19055,2022,1,train,3,2
19057-2019,19057,2019,1,val,2,2
19057-2020,19057,2020,1,val,2,2
19057-2022,19057,2022,1,val,2,2
19059-2019,19059,2019,1,train,3,2
19059-2020,19059,2020,1,train,3,2
19059-2021,19059,2021,1,train,3,2
19059-2022,19059,2022,1,train,3,2
19061-2020,19061,2020,1,test,1,2
19061-2021,19061,2021,1,test,1,2
19061-2022,19061,2022,1,test,1,2
19063-2022,19063,2022,1,train,3,2
19065-2020,19065,2020,1,train,0,2
19065-2021,19065,2021,1,train,0,2
19065-2022,19065,2022,1,train,0,2
19067-2019,19067,2019,1,val,2,2
19067-2020,19067,2020,1,val,2,2
19067-2021,19067,2021,1,val,2,2
19067-2022,19067,2022,1,val,2,2
19069-2019,19069,2019,1,test,1,2
19069-2020,19069,2020,1,test,1,2
19069-2021,19069,2021,1,test,1,2
19069-2022,19069,2022,1,test,1,2
19071-2020,19071,2020,1,test,1,2
19071-2022,19071,2022,1,test,1,2
19073-2019,19073,2019,1,train,0,2
19073-2020,19073,2020,1,train,0,2
19073-2021,19073,2021,1,train,0,2
19073-2022,19073,2022,1,train,0,2
19075-2020,19075,2020,1,train,4,2
19075-2021,19075,2021,1,train,4,2
19075-2022,19075,2022,1,train,4,2
19077-2019,19077,2019,1,train,4,2
19077-2020,19077,2020,1,train,4,2
19077-2021,19077,2021,1,train,4,2
19077-2022,19077,2022,1,train,4,2
19079-2019,19079,2019,1,train,3,2
19079-2020,19079,2020,1,train,3,2
19079-2022,19079,2022,1,train,3,2
19081-2019,19081,2019,1,train,3,2
19081-2020,19081,2020,1,train,3,2
19081-2021,19081,2021,1,train,3,2
19081-2022,19081,2022,1,train,3,2
19083-2019,19083,2019,1,val,2,2
19083-2020,19083,2020,1,val,2,2
19083-2021,19083,2021,1,val,2,2
19083-2022,19083,2022,1,val,2,2
19085-2020,19085,2020,1,train,0,2
19085-2022,19085,2022,1,train,0,2
19087-2019,19087,2019,1,test,1,2
19087-2020,19087,2020,1,test,1,2
19087-2021,19087,2021,1,test,1,2
19087-2022,19087,2022,1,test,1,2
19089-2020,19089,2020,1,train,4,2
19089-2022,19089,2022,1,train,4,2
19091-2019,19091,2019,1,train,0,2
19091-2020,19091,2020,1,train,0,2
19091-2021,19091,2021,1,train,0,2
19091-2022,19091,2022,1,train,0,2
19093-2020,19093,2020,1,val,2,2
19093-2021,19093,2021,1,val,2,2
19093-2022,19093,2022,1,val,2,2
19095-2019,19095,2019,1,test,1,2
19095-2020,19095,2020,1,test,1,2
19095-2022,19095,2022,1,test,1,2
19097-2020,19097,2020,1,train,0,2
19097-2021,19097,2021,1,train,0,2
19097-2022,19097,2022,1,train,0,2
19099-2021,19099,2021,1,train,3,2
19099-2022,19099,2022,1,train,3,2
19101-2019,19101,2019,1,train,4,2
19101-2020,19101,2020,1,train,4,2
19101-2021,19101,2021,1,train,4,2
19101-2022,19101,2022,1,train,4,2
19103-2019,19103,2019,1,train,4,2
19103-2020,19103,2020,1,train,4,2
19103-2022,19103,2022,1,train,4,2
19105-2020,19105,2020,1,val,2,2
19105-2022,19105,2022,1,val,2,2
19107-2019,19107,2019,1,train,3,2
19107-2020,19107,2020,1,train,3,2
19107-2021,19107,2021,1,train,3,2
19107-2022,19107,2022,1,train,3,2
19109-2019,19109,2019,1,val,2,2
19109-2020,19109,2020,1,val,2,2
19109-2021,19109,2021,1,val,2,2
19109-2022,19109,2022,1,val,2,2
19111-2019,19111,2019,1,test,1,2
19111-2020,19111,2020,1,test,1,2
19111-2021,19111,2021,1,test,1,2
19111-2022,19111,2022,1,test,1,2
19113-2019,19113,2019,1,train,3,2
19113-2020,19113,2020,1,train,3,2
19113-2022,19113,2022,1,train,3,2
19115-2019,19115,2019,1,val,2,2
19115-2020,19115,2020,1,val,2,2
19115-2022,19115,2022,1,val,2,2
19117-2021,19117,2021,1,test,1,2
19117-2022,19117,2022,1,test,1,2
19119-2019,19119,2019,1,train,0,2
19119-2020,19119,2020,1,train,0,2
19119-2021,19119,2021,1,train,0,2
19119-2022,19119,2022,1,train,0,2
19121-2019,19121,2019,1,train,4,2
19121-2020,19121,2020,1,train,4,2
19121-2021,19121,2021,1,train,4,2
19121-2022,19121,2022,1,train,4,2
19123-2021,19123,2021,1,train,0,2
19123-2022,19123,2022,1,train,0,2
19125-2021,19125,2021,1,train,4,2
19125-2022,19125,2022,1,train,4,2
19127-2021,19127,2021,1,train,3,2
19127-2022,19127,2022,1,train,3,2
19129-2020,19129,2020,1,val,2,2
19129-2022,19129,2022,1,val,2,2
19131-2019,19131,2019,1,train,3,2
19131-2020,19131,2020,1,train,3,2
19131-2021,19131,2021,1,train,3,2
19131-2022,19131,2022,1,train,3,2
19133-2019,19133,2019,1,test,1,2
19133-2022,19133,2022,1,test,1,2
19135-2021,19135,2021,1,train,0,2
19135-2022,19135,2022,1,train,0,2
19137-2020,19137,2020,1,train,4,2
19137-2022,19137,2022,1,train,4,2
19139-2020,19139,2020,1,train,3,2
19139-2022,19139,2022,1,train,3,2
19143-2019,19143,2019,1,val,2,2
19143-2020,19143,2020,1,val,2,2
19143-2021,19143,2021,1,val,2,2
19143-2022,19143,2022,1,val,2,2
19145-2019,19145,2019,1,test,1,2
19145-2020,19145,2020,1,test,1,2
19145-2021,19145,2021,1,test,1,2
19145-2022,19145,2022,1,test,1,2
19147-2019,19147,2019,1,val,2,2
19147-2022,19147,2022,1,val,2,2
19149-2019,19149,2019,1,test,1,2
19149-2021,19149,2021,1,test,1,2
19149-2022,19149,2022,1,test,1,2
19151-2022,19151,2022,1,val,2,2
19153-2019,19153,2019,1,train,0,2
19153-2020,19153,2020,1,train,0,2
19153-2021,19153,2021,1,train,0,2
19153-2022,19153,2022,1,train,0,2
19155-2020,19155,2020,1,test,1,2
19155-2022,19155,2022,1,test,1,2
19157-2021,19157,2021,1,train,0,2
19157-2022,19157,2022,1,train,0,2
19159-2020,19159,2020,1,train,0,2
19159-2021,19159,2021,1,train,0,2
19159-2022,19159,2022,1,train,0,2
19161-2019,19161,2019,1,train,4,2
19161-2020,19161,2020,1,train,4,2
19161-2022,19161,2022,1,train,4,2
19163-2020,19163,2020,1,train,4,2
19163-2022,19163,2022,1,train,4,2
19165-2019,19165,2019,1,train,3,2
19165-2020,19165,2020,1,train,3,2
19165-2022,19165,2022,1,train,3,2
19167-2019,19167,2019,1,train,4,2
19167-2020,19167,2020,1,train,4,2
19167-2021,19167,2021,1,train,4,2
19167-2022,19167,2022,1,train,4,2
19169-2019,19169,2019,1,train,3,2
19169-2020,19169,2020,1,train,3,2
19169-2021,19169,2021,1,train,3,2
19169-2022,19169,2022,1,train,3,2
19171-2022,19171,2022,1,test,1,2
19173-2020,19173,2020,1,val,2,2
19173-2021,19173,2021,1,val,2,2
19173-2022,19173,2022,1,val,2,2
19175-2020,19175,2020,1,test,1,2
19175-2021,19175,2021,1,test,1,2
19175-2022,19175,2022,1,test,1,2
19177-2019,19177,2019,1,val,2,2
19177-2020,19177,2020,1,val,2,2
19177-2021,19177,2021,1,val,2,2
19177-2022,19177,2022,1,val,2,2
19179-2019,19179,2019,1,test,1,2
19179-2020,19179,2020,1,test,1,2
19179-2021,19179,2021,1,test,1,2
19179-2022,19179,2022,1,test,1,2
19181-2020,19181,2020,1,train,3,2
19181-2022,19181,2022,1,train,3,2
19183-2019,19183,2019,1,train,0,2
19183-2020,19183,2020,1,train,0,2
19183-2022,19183,2022,1,train,0,2
19185-2021,19185,2021,1,train,0,2
19187-2019,19187,2019,1,train,0,2
19187-2020,19187,2020,1,train,0,2
19187-2021,19187,2021,1,train,0,2
19187-2022,19187,2022,1,train,0,2
19189-2019,19189,2019,1,train,4,2
19189-2020,19189,2020,1,train,4,2
19189-2021,19189,2021,1,train,4,2
19189-2022,19189,2022,1,train,4,2
19191-2019,19191,2019,1,train,3,2
19191-2020,19191,2020,1,train,3,2
19191-2021,19191,2021,1,train,3,2
19191-2022,19191,2022,1,train,3,2
19193-2019,19193,2019,1,val,2,2
19193-2020,19193,2020,1,val,2,2
19193-2021,19193,2021,1,val,2,2
19193-2022,19193,2022,1,val,2,2
19195-2019,19195,2019,1,test,1,2
19195-2020,19195,2020,1,test,1,2
19195-2021,19195,2021,1,test,1,2
19195-2022,19195,2022,1,test,1,2
19197-2019,19197,2019,1,train,0,2
19197-2020,19197,2020,1,train,0,2
19197-2021,19197,2021,1,train,0,2
19197-2022,19197,2022,1,train,0,2
20001-2020,20001,2020,1,val,2,2
20001-2021,20001,2021,1,val,2,2
20003-2019,20003,2019,1,train,4,2
20003-2020,20003,2020,1,train,4,2
20003-2021,20003,2021,1,train,4,2
20005-2020,20005,2020,1,train,3,2
20005-2021,20005,2021,1,train,3,2
20005-2022,20005,2022,1,train,3,2
20009-2020,20009,2020,1,train,4,2
20011-2020,20011,2020,1,test,1,2
20011-2021,20011,2021,1,test,1,2
20013-2019,20013,2019,1,val,2,2
20013-2020,20013,2020,1,val,2,2
20013-2022,20013,2022,1,val,2,2
20015-2020,20015,2020,1,train,0,2
20015-2021,20015,2021,1,train,0,2
20017-2020,20017,2020,1,train,4,2
20017-2021,20017,2021,1,train,4,2
20021-2019,20021,2019,1,train,3,2
20023-2020,20023,2020,1,train,3,2
20023-2021,20023,2021,1,train,3,2
20027-2019,20027,2019,1,test,1,2
20027-2020,20027,2020,1,test,1,2
20027-2022,20027,2022,1,test,1,2
20029-2020,20029,2020,1,train,0,2
20029-2021,20029,2021,1,train,0,2
20029-2022,20029,2022,1,train,0,2
20031-2019,20031,2019,1,val,2,2
20031-2020,20031,2020,1,val,2,2
20035-2019,20035,2019,1,train,4,2
20035-2020,20035,2020,1,train,4,2
20035-2021,20035,2021,1,train,4,2
20037-2020,20037,2020,1,test,1,2
20037-2021,20037,2021,1,test,1,2
20039-2020,20039,2020,1,val,2,2
20041-2020,20041,2020,1,train,0,2
20041-2021,20041,2021,1,train,0,2
20043-2020,20043,2020,1,train,3,2
20043-2021,20043,2021,1,train,3,2
20043-2022,20043,2022,1,train,3,2
20045-2019,20045,2019,1,val,2,2
20045-2020,20045,2020,1,val,2,2
20045-2021,20045,2021,1,val,2,2
20047-2019,20047,2019,1,train,4,2
20047-2020,20047,2020,1,train,4,2
20049-2019,20049,2019,1,test,1,2
20053-2019,20053,2019,1,test,1,2
20053-2020,20053,2020,1,test,1,2
20053-2021,20053,2021,1,test,1,2
20055-2019,20055,2019,1,train,3,2
20055-2020,20055,2020,1,train,3,2
20057-2019,20057,2019,1,train,0,2
20057-2020,20057,2020,1,train,0,2
20057-2021,20057,2021,1,train,0,2
20059-2019,20059,2019,1,val,2,2
20059-2020,20059,2020,1,val,2,2
20061-2020,20061,2020,1,train,0,2
20063-2020,20063,2020,1,test,1,2
20063-2021,20063,2021,1,test,1,2
20065-2020,20065,2020,1,train,0,2
20065-2021,20065,2021,1,train,0,2
20067-2019,20067,2019,1,train,4,2
20067-2020,20067,2020,1,train,4,2
20067-2021,20067,2021,1,train,4,2
20069-2020,20069,2020,1,train,4,2
20069-2021,20069,2021,1,train,4,2
20071-2019,20071,2019,1,train,3,2
20071-2020,20071,2020,1,train,3,2
20071-2021,20071,2021,1,train,3,2
20075-2019,20075,2019,1,train,4,2
20079-2019,20079,2019,1,val,2,2
20079-2020,20079,2020,1,val,2,2
20079-2021,20079,2021,1,val,2,2
20081-2019,20081,2019,1,test,1,2
20081-2020,20081,2020,1,test,1,2
20081-2021,20081,2021,1,test,1,2
20083-2020,20083,2020,1,train,3,2
20085-2019,20085,2019,1,train,3,2
20085-2020,20085,2020,1,train,3,2
20087-2019,20087,2019,1,train,0,2
20087-2020,20087,2020,1,train,0,2
20087-2021,20087,2021,1,train,0,2
20089-2020,20089,2020,1,val,2,2
20095-2019,20095,2019,1,train,4,2
20095-2020,20095,2020,1,train,4,2
20095-2021,20095,2021,1,train,4,2
20097-2020,20097,2020,1,test,1,2
20099-2020,20099,2020,1,val,2,2
20099-2021,20099,2021,1,val,2,2
20101-2020,20101,2020,1,test,1,2
20101-2021,20101,2021,1,test,1,2
20103-2019,20103,2019,1,train,3,2
20103-2020,20103,2020,1,train,3,2
20103-2021,20103,2021,1,train,3,2
20105-2019,20105,2019,1,train,0,2
20107-2020,20107,2020,1,train,4,2
20109-2020,20109,2020,1,train,0,2
20109-2021,20109,2021,1,train,0,2
20111-2019,20111,2019,1,train,3,2
20115-2019,20115,2019,1,val,2,2
20115-2020,20115,2020,1,val,2,2
20115-2021,20115,2021,1,val,2,2
20117-2019,20117,2019,1,train,4,2
20117-2022,20117,2022,1,train,4,2
20119-2020,20119,2020,1,train,3,2
20119-2021,20119,2021,1,train,3,2
20121-2019,20121,2019,1,val,2,2
20121-2020,20121,2020,1,val,2,2
20123-2019,20123,2019,1,test,1,2
20123-2020,20123,2020,1,test,1,2
20123-2021,20123,2021,1,test,1,2
20125-2019,20125,2019,1,test,1,2
20125-2020,20125,2020,1,test,1,2
20127-2019,20127,2019,1,train,0,2
20127-2020,20127,2020,1,train,0,2
20127-2021,20127,2021,1,train,0,2
20129-2019,20129,2019,1,train,4,2
20129-2020,20129,2020,1,train,4,2
20129-2021,20129,2021,1,train,4,2
20131-2020,20131,2020,1,val,2,2
20133-2019,20133,2019,1,train,3,2
20133-2020,20133,2020,1,train,3,2
20133-2021,20133,2021,1,train,3,2
20135-2019,20135,2019,1,val,2,2
20135-2020,20135,2020,1,val,2,2
20135-2021,20135,2021,1,val,2,2
20137-2020,20137,2020,1,test,1,2
20137-2021,20137,2021,1,test,1,2
20137-2022,20137,2022,1,test,1,2
20139-2019,20139,2019,1,train,0,2
20139-2020,20139,2020,1,train,0,2
20141-2020,20141,2020,1,test,1,2
20143-2020,20143,2020,1,train,0,2
20145-2020,20145,2020,1,train,4,2
20147-2020,20147,2020,1,train,0,2
20147-2021,20147,2021,1,train,0,2
20147-2022,20147,2022,1,train,0,2
20149-2019,20149,2019,1,train,3,2
20151-2020,20151,2020,1,val,2,2
20153-2019,20153,2019,1,train,4,2
20153-2020,20153,2020,1,train,4,2
20153-2021,20153,2021,1,train,4,2
20155-2019,20155,2019,1,train,3,2
20155-2020,20155,2020,1,train,3,2
20155-2021,20155,2021,1,train,3,2
20157-2020,20157,2020,1,val,2,2
20157-2021,20157,2021,1,val,2,2
20157-2022,20157,2022,1,val,2,2
20159-2020,20159,2020,1,test,1,2
20161-2019,20161,2019,1,test,1,2
20161-2020,20161,2020,1,test,1,2
20161-2022,20161,2022,1,test,1,2
20163-2019,20163,2019,1,train,4,2
20163-2020,20163,2020,1,train,4,2
20169-2020,20169,2020,1,train,3,2
20169-2021,20169,2021,1,train,3,2
20171-2019,20171,2019,1,val,2,2
20171-2020,20171,2020,1,val,2,2
20173-2019,20173,2019,1,test,1,2
20173-2020,20173,2020,1,test,1,2
20175-2020,20175,2020,1,train,0,2
20175-2021,20175,2021,1,train,0,2
20177-2019,20177,2019,1,train,0,2
20177-2020,20177,2020,1,train,0,2
20177-2021,20177,2021,1,train,0,2
20179-2021,20179,2021,1,train,0,2
20181-2019,20181,2019,1,train,4,2
20181-2020,20181,2020,1,train,4,2
20181-2021,20181,2021,1,train,4,2
20183-2020,20183,2020,1,train,3,2
20183-2021,20183,2021,1,train,3,2
20183-2022,20183,2022,1,train,3,2
20185-2020,20185,2020,1,train,4,2
20187-2019,20187,2019,1,train,4,2
20187-2020,20187,2020,1,train,4,2
20189-2020,20189,2020,1,train,3,2
20189-2021,20189,2021,1,train,3,2
20191-2019,20191,2019,1,val,2,2
20191-2020,20191,2020,1,val,2,2
20191-2021,20191,2021,1,val,2,2
20193-2020,20193,2020,1,train,3,2
20195-2020,20195,2020,1,val,2,2
20195-2021,20195,2021,1,val,2,2
20197-2019,20197,2019,1,val,2,2
20201-2020,20201,2020,1,test,1,2
20201-2022,20201,2022,1,test,1,2
20203-2019,20203,2019,1,test,1,2
20203-2020,20203,2020,1,test,1,2
20203-2021,20203,2021,1,test,1,2
20205-2019,20205,2019,1,train,0,2
20205-2020,20205,2020,1,train,0,2
20207-2020,20207,2020,1,test,1,2
21001-2019,21001,2019,1,train,4,2
21001-2020,21001,2020,1,train,4,2
21007-2020,21007,2020,1,train,3,2
21007-2021,21007,2021,1,train,3,2
21009-2020,21009,2020,1,train,0,2
21031-2020,21031,2020,1,train,4,2
21033-2019,21033,2019,1,train,0,2
21033-2020,21033,2020,1,train,0,2
21033-2021,21033,2021,1,train,0,2
21035-2020,21035,2020,1,val,2,2
21035-2021,21035,2021,1,val,2,2
21039-2020,21039,2020,1,test,1,2
21039-2021,21039,2021,1,test,1,2
21047-2019,21047,2019,1,train,4,2
21047-2020,21047,2020,1,train,4,2
21047-2021,21047,2021,1,train,4,2
21055-2020,21055,2020,1,train,0,2
21055-2021,21055,2021,1,train,0,2
21059-2020,21059,2020,1,train,4,2
21059-2022,21059,2022,1,train,4,2
21075-2019,21075,2019,1,train,3,2
21075-2020,21075,2020,1,train,3,2
21075-2021,21075,2021,1,train,3,2
21083-2020,21083,2020,1,train,3,2
21091-2020,21091,2020,1,val,2,2
21093-2019,21093,2019,1,train,3,2
21093-2020,21093,2020,1,train,3,2
21099-2020,21099,2020,1,test,1,2
21101-2019,21101,2019,1,val,2,2
21101-2020,21101,2020,1,val,2,2
21101-2022,21101,2022,1,val,2,2
21103-2020,21103,2020,1,train,0,2
21105-2019,21105,2019,1,test,1,2
21105-2020,21105,2020,1,test,1,2
21105-2021,21105,2021,1,test,1,2
21107-2020,21107,2020,1,train,4,2
21123-2020,21123,2020,1,train,3,2
21139-2019,21139,2019,1,train,0,2
21139-2020,21139,2020,1,train,0,2
21139-2021,21139,2021,1,train,0,2
21141-2020,21141,2020,1,val,2,2
21143-2019,21143,2019,1,test,1,2
21157-2019,21157,2019,1,train,4,2
21157-2020,21157,2020,1,train,4,2
21157-2021,21157,2021,1,train,4,2
21167-2021,21167,2021,1,train,0,2
21169-2020,21169,2020,1,train,4,2
21177-2020,21177,2020,1,train,3,2
21183-2020,21183,2020,1,val,2,2
21211-2020,21211,2020,1,test,1,2
21213-2020,21213,2020,1,train,0,2
21215-2020,21215,2020,1,train,4,2
21219-2020,21219,2020,1,train,3,2
21221-2019,21221,2019,1,train,3,2
21221-2020,21221,2020,1,train,3,2
21221-2021,21221,2021,1,train,3,2
21223-2020,21223,2020,1,val,2,2
21225-2019,21225,2019,1,train,4,2
21225-2020,21225,2020,1,train,4,2
21225-2021,21225,2021,1,train,4,2
21225-2022,21225,2022,1,train,4,2
21227-2020,21227,2020,1,test,1,2
21229-2020,21229,2020,1,train,0,2
21233-2019,21233,2019,1,val,2,2
21233-2020,21233,2020,1,val,2,2
21233-2021,21233,2021,1,val,2,2
26005-2019,26005,2019,1,val,2,2
26005-2020,26005,2020,1,val,2,2
26007-2019,26007,2019,1,test,1,2
26007-2021,26007,2021,1,test,1,2
26011-2019,26011,2019,1,train,0,2
26011-2020,26011,2020,1,train,0,2
26015-2020,26015,2020,1,train,4,2
26021-2020,26021,2020,1,train,4,2
26021-2022,26021,2022,1,train,4,2
26023-2020,26023,2020,1,train,3,2
26023-2022,26023,2022,1,train,3,2
26025-2020,26025,2020,1,train,3,2
26027-2019,26027,2019,1,test,1,2
26027-2020,26027,2020,1,test,1,2
26027-2022,26027,2022,1,test,1,2
26037-2020,26037,2020,1,val,2,2
26045-2020,26045,2020,1,test,1,2
26049-2019,26049,2019,1,val,2,2
26049-2020,26049,2020,1,val,2,2
26051-2020,26051,2020,1,train,0,2
26059-2019,26059,2019,1,train,0,2
26059-2020,26059,2020,1,train,0,2
26059-2022,26059,2022,1,train,0,2
26063-2020,26063,2020,1,train,4,2
26065-2019,26065,2019,1,test,1,2
26065-2020,26065,2020,1,test,1,2
26067-2020,26067,2020,1,train,3,2
26069-2019,26069,2019,1,train,4,2
26069-2020,26069,2020,1,train,4,2
26069-2021,26069,2021,1,train,4,2
26075-2019,26075,2019,1,train,0,2
26075-2020,26075,2020,1,train,0,2
26077-2019,26077,2019,1,train,4,2
26077-2020,26077,2020,1,train,4,2
26081-2019,26081,2019,1,train,3,2
26081-2020,26081,2020,1,train,3,2
26087-2019,26087,2019,1,val,2,2
26087-2020,26087,2020,1,val,2,2
26091-2019,26091,2019,1,test,1,2
26091-2020,26091,2020,1,test,1,2
26099-2020,26099,2020,1,val,2,2
26105-2019,26105,2019,1,train,0,2
26105-2020,26105,2020,1,train,0,2
26107-2020,26107,2020,1,test,1,2
26109-2019,26109,2019,1,train,4,2
26109-2020,26109,2020,1,train,4,2
26115-2019,26115,2019,1,train,3,2
26115-2020,26115,2020,1,train,3,2
26117-2020,26117,2020,1,train,0,2
26121-2020,26121,2020,1,train,4,2
26123-2019,26123,2019,1,val,2,2
26123-2020,26123,2020,1,val,2,2
26127-2019,26127,2019,1,test,1,2
26127-2020,26127,2020,1,test,1,2
26129-2020,26129,2020,1,train,3,2
26139-2020,26139,2020,1,val,2,2
26141-2019,26141,2019,1,train,0,2
26141-2021,26141,2021,1,train,0,2
26151-2019,26151,2019,1,train,4,2
26151-2020,26151,2020,1,train,4,2
26157-2019,26157,2019,1,train,3,2
26157-2020,26157,2020,1,train,3,2
26159-2020,26159,2020,1,test,1,2
26161-2019,26161,2019,1,val,2,2
26161-2020,26161,2020,1,val,2,2
26165-2020,26165,2020,1,train,0,2
27001-2020,27001,2020,1,train,4,2
27005-2019,27005,2019,1,train,3,2
27005-2020,27005,2020,1,train,3,2
27005-2021,27005,2021,1,train,3,2
27007-2020,27007,2020,1,test,1,2
27007-2021,27007,2021,1,test,1,2
27011-2020,27011,2020,1,train,0,2
27011-2021,27011,2021,1,train,0,2
27013-2019,27013,2019,1,val,2,2
27013-2020,27013,2020,1,val,2,2
27013-2021,27013,2021,1,val,2,2
27015-2019,27015,2019,1,test,1,2
27015-2020,27015,2020,1,test,1,2
27015-2021,27015,2021,1,test,1,2
27019-2020,27019,2020,1,train,3,2
27023-2019,27023,2019,1,train,4,2
27023-2021,27023,2021,1,train,4,2
27025-2019,27025,2019,1,train,3,2
27025-2020,27025,2020,1,train,3,2
27027-2021,27027,2021,1,val,2,2
27029-2019,27029,2019,1,train,0,2
27029-2020,27029,2020,1,train,0,2
27029-2021,27029,2021,1,train,0,2
27033-2019,27033,2019,1,train,4,2
27033-2020,27033,2020,1,train,4,2
27033-2021,27033,2021,1,train,4,2
27035-2020,27035,2020,1,val,2,2
27035-2021,27035,2021,1,val,2,2
27037-2020,27037,2020,1,test,1,2
27039-2020,27039,2020,1,train,0,2
27041-2020,27041,2020,1,test,1,2
27041-2021,27041,2021,1,test,1,2
27043-2020,27043,2020,1,train,3,2
27043-2021,27043,2021,1,train,3,2
27043-2022,27043,2022,1,train,3,2
27045-2020,27045,2020,1,train,0,2
27045-2022,27045,2022,1,train,0,2
27047-2020,27047,2020,1,val,2,2
27047-2021,27047,2021,1,val,2,2
27047-2022,27047,2022,1,val,2,2
27049-2020,27049,2020,1,train,4,2
27049-2021,27049,2021,1,train,4,2
27051-2019,27051,2019,1,test,1,2
27051-2020,27051,2020,1,test,1,2
27051-2021,27051,2021,1,test,1,2
27053-2019,27053,2019,1,train,3,2
27053-2020,27053,2020,1,train,3,2
27055-2019,27055,2019,1,train,3,2
27055-2020,27055,2020,1,train,3,2
27055-2021,27055,2021,1,train,3,2
27055-2022,27055,2022,1,train,3,2
27057-2020,27057,2020,1,val,2,2
27057-2021,27057,2021,1,val,2,2
27059-2019,27059,2019,1,test,1,2
27059-2020,27059,2020,1,test,1,2
27063-2019,27063,2019,1,val,2,2
27063-2020,27063,2020,1,val,2,2
27063-2021,27063,2021,1,val,2,2
27063-2022,27063,2022,1,val,2,2
27067-2020,27067,2020,1,train,4,2
27069-2019,27069,2019,1,train,0,2
27069-2020,27069,2020,1,train,0,2
27079-2020,27079,2020,1,train,4,2
27079-2021,27079,2021,1,train,4,2
27081-2019,27081,2019,1,train,0,2
27081-2020,27081,2020,1,train,0,2
27081-2021,27081,2021,1,train,0,2
27083-2019,27083,2019,1,train,4,2
27083-2020,27083,2020,1,train,4,2
27083-2021,27083,2021,1,train,4,2
27087-2020,27087,2020,1,train,3,2
27087-2021,27087,2021,1,train,3,2
27089-2019,27089,2019,1,train,3,2
27089-2020,27089,2020,1,train,3,2
27089-2021,27089,2021,1,train,3,2
27091-2022,27091,2022,1,train,3,2
27093-2019,27093,2019,1,val,2,2
27093-2020,27093,2020,1,val,2,2
27093-2021,27093,2021,1,val,2,2
27097-2019,27097,2019,1,test,1,2
27097-2020,27097,2020,1,test,1,2
27097-2021,27097,2021,1,test,1,2
27099-2020,27099,2020,1,val,2,2
27099-2022,27099,2022,1,val,2,2
27101-2019,27101,2019,1,train,0,2
27101-2020,27101,2020,1,train,0,2
27101-2021,27101,2021,1,train,0,2
27103-2019,27103,2019,1,val,2,2
27105-2019,27105,2019,1,test,1,2
27105-2020,27105,2020,1,test,1,2
27105-2021,27105,2021,1,test,1,2
27105-2022,27105,2022,1,test,1,2
27107-2020,27107,2020,1,test,1,2
27109-2020,27109,2020,1,train,0,2
27111-2019,27111,2019,1,train,4,2
27111-2020,27111,2020,1,train,4,2
27111-2021,27111,2021,1,train,4,2
27115-2019,27115,2019,1,test,1,2
27115-2020,27115,2020,1,test,1,2
27117-2021,27117,2021,1,train,4,2
27119-2020,27119,2020,1,train,0,2
27119-2021,27119,2021,1,train,0,2
27121-2019,27121,2019,1,train,3,2
27121-2020,27121,2020,1,train,3,2
27121-2021,27121,2021,1,train,3,2
27125-2020,27125,2020,1,train,4,2
27125-2021,27125,2021,1,train,4,2
27127-2019,27127,2019,1,val,2,2
27127-2020,27127,2020,1,val,2,2
27127-2021,27127,2021,1,val,2,2
27129-2019,27129,2019,1,test,1,2
27129-2020,27129,2020,1,test,1,2
27129-2021,27129,2021,1,test,1,2
27131-2020,27131,2020,1,train,3,2
27131-2021,27131,2021,1,train,3,2
27133-2019,27133,2019,1,train,0,2
27133-2020,27133,2020,1,train,0,2
27133-2021,27133,2021,1,train,0,2
27133-2022,27133,2022,1,train,0,2
27135-2019,27135,2019,1,train,0,2
27135-2020,27135,2020,1,train,0,2
27135-2021,27135,2021,1,train,0,2
27139-2020,27139,2020,1,train,3,2
27143-2019,27143,2019,1,val,2,2
27145-2019,27145,2019,1,train,4,2
27145-2020,27145,2020,1,train,4,2
27145-2021,27145,2021,1,train,4,2
27147-2020,27147,2020,1,val,2,2
27147-2021,27147,2021,1,val,2,2
27149-2019,27149,2019,1,train,3,2
27149-2020,27149,2020,1,train,3,2
27149-2021,27149,2021,1,train,3,2
27151-2019,27151,2019,1,test,1,2
27151-2020,27151,2020,1,test,1,2
27153-2019,27153,2019,1,val,2,2
27153-2020,27153,2020,1,val,2,2
27153-2021,27153,2021,1,val,2,2
27155-2020,27155,2020,1,train,0,2
27155-2021,27155,2021,1,train,0,2
27157-2020,27157,2020,1,test,1,2
27159-2019,27159,2019,1,test,1,2
27159-2020,27159,2020,1,test,1,2
27159-2021,27159,2021,1,test,1,2
27161-2020,27161,2020,1,train,4,2
27161-2021,27161,2021,1,train,4,2
27163-2019,27163,2019,1,train,3,2
27163-2020,27163,2020,1,train,3,2
27167-2020,27167,2020,1,val,2,2
27167-2021,27167,2021,1,val,2,2
27169-2019,27169,2019,1,train,0,2
27169-2020,27169,2020,1,train,0,2
27169-2021,27169,2021,1,train,0,2
27173-2019,27173,2019,1,test,1,2
27173-2020,27173,2020,1,test,1,2
29001-2019,29001,2019,1,train,4,2
29001-2020,29001,2020,1,train,4,2
29001-2021,29001,2021,1,train,4,2
29003-2020,29003,2020,1,train,0,2
29005-2020,29005,2020,1,train,0,2
29005-2022,29005,2022,1,train,0,2
29007-2020,29007,2020,1,train,4,2
29011-2019,29011,2019,1,train,3,2
29013-2019,29013,2019,1,val,2,2
29015-2020,29015,2020,1,test,1,2
29017-2019,29017,2019,1,train,3,2
29017-2020,29017,2020,1,train,3,2
29017-2021,29017,2021,1,train,3,2
29019-2020,29019,2020,1,train,0,2
29021-2020,29021,2020,1,val,2,2
29021-2021,29021,2021,1,val,2,2
29021-2022,29021,2022,1,val,2,2
29023-2019,29023,2019,1,test,1,2
29023-2020,29023,2020,1,test,1,2
29023-2021,29023,2021,1,test,1,2
29025-2021,29025,2021,1,train,4,2
29027-2020,29027,2020,1,train,3,2
29031-2020,29031,2020,1,train,4,2
29031-2021,29031,2021,1,train,4,2
29037-2020,29037,2020,1,train,3,2
29037-2021,29037,2021,1,train,3,2
29039-2019,29039,2019,1,val,2,2
29039-2021,29039,2021,1,val,2,2
29041-2020,29041,2020,1,val,2,2
29045-2020,29045,2020,1,test,1,2
29047-2020,29047,2020,1,test,1,2
29047-2021,29047,2021,1,test,1,2
29049-2019,29049,2019,1,train,0,2
29049-2020,29049,2020,1,train,0,2
29049-2021,29049,2021,1,train,0,2
29051-2020,29051,2020,1,train,0,2
29053-2020,29053,2020,1,train,0,2
29053-2021,29053,2021,1,train,0,2
29057-2019,29057,2019,1,train,4,2
29061-2020,29061,2020,1,train,4,2
29061-2021,29061,2021,1,train,4,2
29069-2019,29069,2019,1,train,4,2
29069-2020,29069,2020,1,train,4,2
29069-2021,29069,2021,1,train,4,2
29071-2020,29071,2020,1,train,3,2
29073-2020,29073,2020,1,val,2,2
29075-2020,29075,2020,1,test,1,2
29081-2020,29081,2020,1,train,3,2
29081-2021,29081,2021,1,train,3,2
29083-2021,29083,2021,1,train,0,2
29087-2020,29087,2020,1,train,4,2
29089-2020,29089,2020,1,val,2,2
29089-2021,29089,2021,1,val,2,2
29095-2019,29095,2019,1,test,1,2
29095-2020,29095,2020,1,test,1,2
29101-2021,29101,2021,1,train,3,2
29103-2020,29103,2020,1,val,2,2
29109-2020,29109,2020,1,train,0,2
29109-2021,29109,2021,1,train,0,2
29111-2020,29111,2020,1,train,4,2
29111-2022,29111,2022,1,train,4,2
29113-2020,29113,2020,1,train,3,2
29113-2022,29113,2022,1,train,3,2
29115-2020,29115,2020,1,val,2,2
29115-2021,29115,2021,1,val,2,2
29121-2020,29121,2020,1,test,1,2
29127-2019,29127,2019,1,train,4,2
29127-2020,29127,2020,1,train,4,2
29127-2021,29127,2021,1,train,4,2
29127-2022,29127,2022,1,train,4,2
29133-2019,29133,2019,1,train,3,2
29133-2020,29133,2020,1,train,3,2
29133-2021,29133,2021,1,train,3,2
29135-2020,29135,2020,1,train,0,2
29137-2020,29137,2020,1,test,1,2
29137-2021,29137,2021,1,test,1,2
29139-2020,29139,2020,1,train,4,2
29141-2019,29141,2019,1,train,0,2
29141-2020,29141,2020,1,train,0,2
29143-2019,29143,2019,1,train,3,2
29145-2019,29145,2019,1,val,2,2
29145-2020,29145,2020,1,val,2,2
29145-2021,29145,2021,1,val,2,2
29151-2020,29151,2020,1,val,2,2
29155-2020,29155,2020,1,train,4,2
29155-2021,29155,2021,1,train,4,2
29157-2020,29157,2020,1,test,1,2
29157-2021,29157,2021,1,test,1,2
29157-2022,29157,2022,1,test,1,2
29159-2020,29159,2020,1,test,1,2
29163-2020,29163,2020,1,train,3,2
29163-2022,29163,2022,1,train,3,2
29165-2019,29165,2019,1,train,0,2
29165-2020,29165,2020,1,train,0,2
29165-2021,29165,2021,1,train,0,2
29173-2019,29173,2019,1,train,4,2
29173-2020,29173,2020,1,train,4,2
29173-2022,29173,2022,1,train,4,2
29175-2020,29175,2020,1,train,0,2
29195-2020,29195,2020,1,train,4,2
29197-2022,29197,2022,1,train,3,2
29199-2020,29199,2020,1,val,2,2
29199-2022,29199,2022,1,val,2,2
29201-2019,29201,2019,1,train,3,2
29201-2020,29201,2020,1,train,3,2
29201-2021,29201,2021,1,train,3,2
29205-2020,29205,2020,1,test,1,2
29205-2021,29205,2021,1,test,1,2
29207-2019,29207,2019,1,val,2,2
29207-2020,29207,2020,1,val,2,2
29207-2021,29207,2021,1,val,2,2
29211-2020,29211,2020,1,val,2,2
29219-2020,29219,2020,1,test,1,2
29227-2020,29227,2020,1,test,1,2
29227-2021,29227,2021,1,test,1,2
29227-2022,29227,2022,1,test,1,2
31001-2019,31001,2019,1,train,0,2
31001-2020,31001,2020,1,train,0,2
31001-2022,31001,2022,1,train,0,2
31011-2019,31011,2019,1,train,0,2
31011-2022,31011,2022,1,train,0,2
31013-2019,31013,2019,1,train,4,2
31013-2020,31013,2020,1,train,4,2
31013-2021,31013,2021,1,train,4,2
31015-2020,31015,2020,1,train,4,2
31015-2022,31015,2022,1,train,4,2
31017-2020,31017,2020,1,train,3,2
31017-2021,31017,2021,1,train,3,2
31019-2019,31019,2019,1,train,3,2
31019-2020,31019,2020,1,train,3,2
31019-2022,31019,2022,1,train,3,2
31021-2019,31021,2019,1,val,2,2
31021-2022,31021,2022,1,val,2,2
31023-2019,31023,2019,1,val,2,2
31023-2020,31023,2020,1,val,2,2
31023-2022,31023,2022,1,val,2,2
31025-2019,31025,2019,1,test,1,2
31025-2020,31025,2020,1,test,1,2
31025-2022,31025,2022,1,test,1,2
31027-2021,31027,2021,1,test,1,2
31027-2022,31027,2022,1,test,1,2
31029-2019,31029,2019,1,train,0,2
31029-2020,31029,2020,1,train,0,2
31029-2021,31029,2021,1,train,0,2
31031-2021,31031,2021,1,train,0,2
31033-2020,31033,2020,1,train,4,2
31035-2019,31035,2019,1,train,4,2
31035-2020,31035,2020,1,train,4,2
31035-2022,31035,2022,1,train,4,2
31037-2019,31037,2019,1,train,3,2
31037-2020,31037,2020,1,train,3,2
31037-2022,31037,2022,1,train,3,2
31039-2022,31039,2022,1,train,3,2
31041-2019,31041,2019,1,train,0,2
31041-2020,31041,2020,1,train,0,2
31043-2020,31043,2020,1,val,2,2
31043-2021,31043,2021,1,val,2,2
31043-2022,31043,2022,1,val,2,2
31045-2020,31045,2020,1,val,2,2
31047-2019,31047,2019,1,test,1,2
31047-2020,31047,2020,1,test,1,2
31047-2022,31047,2022,1,test,1,2
31049-2019,31049,2019,1,train,4,2
31049-2020,31049,2020,1,train,4,2
31051-2020,31051,2020,1,test,1,2
31053-2019,31053,2019,1,train,0,2
31053-2020,31053,2020,1,train,0,2
31053-2022,31053,2022,1,train,0,2
31055-2019,31055,2019,1,train,4,2
31055-2020,31055,2020,1,train,4,2
31055-2022,31055,2022,1,train,4,2
31057-2020,31057,2020,1,train,3,2
31057-2021,31057,2021,1,train,3,2
31059-2019,31059,2019,1,train,3,2
31059-2020,31059,2020,1,train,3,2
31059-2022,31059,2022,1,train,3,2
31061-2019,31061,2019,1,train,3,2
31061-2020,31061,2020,1,train,3,2
31061-2021,31061,2021,1,train,3,2
31061-2022,31061,2022,1,train,3,2
31063-2019,31063,2019,1,val,2,2
31063-2020,31063,2020,1,val,2,2
31063-2021,31063,2021,1,val,2,2
31063-2022,31063,2022,1,val,2,2
31065-2019,31065,2019,1,test,1,2
31065-2020,31065,2020,1,test,1,2
31065-2021,31065,2021,1,test,1,2
31065-2022,31065,2022,1,test,1,2
31067-2019,31067,2019,1,val,2,2
31067-2020,31067,2020,1,val,2,2
31067-2022,31067,2022,1,val,2,2
31069-2020,31069,2020,1,train,0,2
31071-2019,31071,2019,1,train,0,2
31071-2020,31071,2020,1,train,0,2
31071-2021,31071,2021,1,train,0,2
31071-2022,31071,2022,1,train,0,2
31073-2020,31073,2020,1,test,1,2
31073-2021,31073,2021,1,test,1,2
31073-2022,31073,2022,1,test,1,2
31077-2019,31077,2019,1,train,4,2
31077-2020,31077,2020,1,train,4,2
31077-2021,31077,2021,1,train,4,2
31077-2022,31077,2022,1,train,4,2
31079-2019,31079,2019,1,val,2,2
31079-2022,31079,2022,1,val,2,2
31081-2019,31081,2019,1,test,1,2
31081-2022,31081,2022,1,test,1,2
31083-2019,31083,2019,1,train,3,2
31083-2020,31083,2020,1,train,3,2
31083-2021,31083,2021,1,train,3,2
31083-2022,31083,2022,1,train,3,2
31085-2019,31085,2019,1,train,0,2
31085-2020,31085,2020,1,train,0,2
31085-2021,31085,2021,1,train,0,2
31087-2020,31087,2020,1,train,4,2
31089-2019,31089,2019,1,train,4,2
31089-2020,31089,2020,1,train,4,2
31089-2022,31089,2022,1,train,4,2
31093-2019,31093,2019,1,val,2,2
31093-2020,31093,2020,1,val,2,2
31093-2021,31093,2021,1,val,2,2
31093-2022,31093,2022,1,val,2,2
31095-2019,31095,2019,1,train,3,2
31095-2020,31095,2020,1,train,3,2
31095-2022,31095,2022,1,train,3,2
31097-2020,31097,2020,1,train,0,2
31097-2022,31097,2022,1,train,0,2
31099-2019,31099,2019,1,val,2,2
31099-2020,31099,2020,1,val,2,2
31099-2022,31099,2022,1,val,2,2
31101-2020,31101,2020,1,train,4,2
31101-2021,31101,2021,1,train,4,2
31103-2020,31103,2020,1,train,3,2
31107-2020,31107,2020,1,test,1,2
31107-2021,31107,2021,1,test,1,2
31107-2022,31107,2022,1,test,1,2
31109-2019,31109,2019,1,train,0,2
31109-2020,31109,2020,1,train,0,2
31109-2022,31109,2022,1,train,0,2
31111-2019,31111,2019,1,test,1,2
31111-2020,31111,2020,1,test,1,2
31111-2021,31111,2021,1,test,1,2
31111-2022,31111,2022,1,test,1,2
31113-2019,31113,2019,1,train,3,2
31113-2020,31113,2020,1,train,3,2
31115-2020,31115,2020,1,val,2,2
31119-2022,31119,2022,1,test,1,2
31121-2019,31121,2019,1,train,0,2
31123-2019,31123,2019,1,train,4,2
31123-2020,31123,2020,1,train,4,2
31123-2021,31123,2021,1,train,4,2
31125-2019,31125,2019,1,train,3,2
31125-2020,31125,2020,1,train,3,2
31125-2022,31125,2022,1,train,3,2
31127-2020,31127,2020,1,val,2,2
31127-2022,31127,2022,1,val,2,2
31129-2020,31129,2020,1,test,1,2
31129-2022,31129,2022,1,test,1,2
31131-2019,31131,2019,1,val,2,2
31131-2020,31131,2020,1,val,2,2
31131-2022,31131,2022,1,val,2,2
31135-2019,31135,2019,1,test,1,2
31135-2020,31135,2020,1,test,1,2
31135-2021,31135,2021,1,test,1,2
31137-2019,31137,2019,1,train,0,2
31137-2020,31137,2020,1,train,0,2
31137-2021,31137,2021,1,train,0,2
31137-2022,31137,2022,1,train,0,2
31139-2020,31139,2020,1,train,0,2
31139-2021,31139,2021,1,train,0,2
31139-2022,31139,2022,1,train,0,2
31141-2019,31141,2019,1,train,4,2
31141-2020,31141,2020,1,train,4,2
31141-2021,31141,2021,1,train,4,2
31141-2022,31141,2022,1,train,4,2
31143-2020,31143,2020,1,train,0,2
31143-2022,31143,2022,1,train,0,2
31145-2019,31145,2019,1,train,4,2
31145-2020,31145,2020,1,train,4,2
31145-2021,31145,2021,1,train,4,2
31147-2020,31147,2020,1,train,4,2
31147-2022,31147,2022,1,train,4,2
31149-2019,31149,2019,1,train,3,2
31149-2020,31149,2020,1,train,3,2
31149-2021,31149,2021,1,train,3,2
31151-2019,31151,2019,1,val,2,2
31151-2020,31151,2020,1,val,2,2
31151-2022,31151,2022,1,val,2,2
31153-2020,31153,2020,1,train,3,2
31153-2022,31153,2022,1,train,3,2
31155-2019,31155,2019,1,test,1,2
31155-2020,31155,2020,1,test,1,2
31155-2022,31155,2022,1,test,1,2
31157-2019,31157,2019,1,train,0,2
31157-2020,31157,2020,1,train,0,2
31157-2021,31157,2021,1,train,0,2
31159-2019,31159,2019,1,train,4,2
31159-2020,31159,2020,1,train,4,2
31159-2022,31159,2022,1,train,4,2
31161-2020,31161,2020,1,val,2,2
31161-2021,31161,2021,1,val,2,2
31163-2019,31163,2019,1,train,3,2
31163-2020,31163,2020,1,train,3,2
31163-2021,31163,2021,1,train,3,2
31163-2022,31163,2022,1,train,3,2
31165-2019,31165,2019,1,train,3,2
31165-2020,31165,2020,1,train,3,2
31165-2021,31165,2021,1,train,3,2
31167-2019,31167,2019,1,test,1,2
31167-2022,31167,2022,1,test,1,2
31169-2019,31169,2019,1,val,2,2
31169-2020,31169,2020,1,val,2,2
31169-2021,31169,2021,1,val,2,2
31169-2022,31169,2022,1,val,2,2
31173-2019,31173,2019,1,train,0,2
31173-2022,31173,2022,1,train,0,2
31175-2019,31175,2019,1,test,1,2
31175-2020,31175,2020,1,test,1,2
31175-2021,31175,2021,1,test,1,2
31175-2022,31175,2022,1,test,1,2
31177-2019,31177,2019,1,val,2,2
31177-2020,31177,2020,1,val,2,2
31177-2022,31177,2022,1,val,2,2
31179-2019,31179,2019,1,test,1,2
31179-2021,31179,2021,1,test,1,2
31179-2022,31179,2022,1,test,1,2
31181-2020,31181,2020,1,train,4,2
31181-2022,31181,2022,1,train,4,2
31183-2020,31183,2020,1,train,4,2
31185-2019,31185,2019,1,train,0,2
31185-2020,31185,2020,1,train,0,2
31185-2022,31185,2022,1,train,0,2
38001-2020,38001,2020,1,train,3,2
38001-2021,38001,2021,1,train,3,2
38003-2020,38003,2020,1,val,2,2
38003-2021,38003,2021,1,val,2,2
38005-2020,38005,2020,1,test,1,2
38005-2021,38005,2021,1,test,1,2
38007-2020,38007,2020,1,train,0,2
38007-2021,38007,2021,1,train,0,2
38009-2020,38009,2020,1,train,4,2
38009-2021,38009,2021,1,train,4,2
38011-2020,38011,2020,1,train,3,2
38015-2019,38015,2019,1,train,3,2
38015-2020,38015,2020,1,train,3,2
38017-2019,38017,2019,1,train,4,2
38017-2020,38017,2020,1,train,4,2
38017-2021,38017,2021,1,train,4,2
38021-2020,38021,2020,1,val,2,2
38021-2021,38021,2021,1,val,2,2
38025-2020,38025,2020,1,test,1,2
38025-2021,38025,2021,1,test,1,2
38027-2020,38027,2020,1,train,0,2
38027-2021,38027,2021,1,train,0,2
38029-2020,38029,2020,1,train,4,2
38029-2021,38029,2021,1,train,4,2
38031-2020,38031,2020,1,train,3,2
38031-2021,38031,2021,1,train,3,2
38033-2021,38033,2021,1,val,2,2
38035-2019,38035,2019,1,train,3,2
38035-2020,38035,2020,1,train,3,2
38035-2021,38035,2021,1,train,3,2
38037-2020,38037,2020,1,val,2,2
38037-2021,38037,2021,1,val,2,2
38041-2019,38041,2019,1,val,2,2
38041-2020,38041,2020,1,val,2,2
38041-2021,38041,2021,1,val,2,2
38043-2019,38043,2019,1,test,1,2
38043-2020,38043,2020,1,test,1,2
38043-2021,38043,2021,1,test,1,2
38047-2020,38047,2020,1,test,1,2
38047-2021,38047,2021,1,test,1,2
38057-2020,38057,2020,1,train,0,2
38057-2021,38057,2021,1,train,0,2
38059-2020,38059,2020,1,test,1,2
38061-2019,38061,2019,1,train,4,2
38061-2020,38061,2020,1,train,4,2
38063-2020,38063,2020,1,train,0,2
38065-2020,38065,2020,1,train,4,2
38067-2020,38067,2020,1,train,3,2
38067-2021,38067,2021,1,train,3,2
38069-2020,38069,2020,1,val,2,2
38069-2021,38069,2021,1,val,2,2
38071-2020,38071,2020,1,test,1,2
38071-2021,38071,2021,1,test,1,2
38073-2020,38073,2020,1,train,0,2
38073-2021,38073,2021,1,train,0,2
38075-2020,38075,2020,1,train,4,2
38075-2021,38075,2021,1,train,4,2
38077-2019,38077,2019,1,train,0,2
38077-2020,38077,2020,1,train,0,2
38077-2021,38077,2021,1,train,0,2
38079-2021,38079,2021,1,train,3,2
38081-2019,38081,2019,1,train,4,2
38081-2020,38081,2020,1,train,4,2
38081-2021,38081,2021,1,train,4,2
38083-2019,38083,2019,1,train,3,2
38083-2020,38083,2020,1,train,3,2
38087-2019,38087,2019,1,train,3,2
38087-2020,38087,2020,1,train,3,2
38087-2021,38087,2021,1,train,3,2
38089-2020,38089,2020,1,val,2,2
38089-2021,38089,2021,1,val,2,2
38091-2019,38091,2019,1,val,2,2
38091-2020,38091,2020,1,val,2,2
38091-2021,38091,2021,1,val,2,2
38093-2019,38093,2019,1,test,1,2
38093-2020,38093,2020,1,test,1,2
38093-2021,38093,2021,1,test,1,2
38095-2020,38095,2020,1,test,1,2
38095-2021,38095,2021,1,test,1,2
38097-2020,38097,2020,1,val,2,2
38099-2020,38099,2020,1,train,0,2
38099-2021,38099,2021,1,train,0,2
38101-2019,38101,2019,1,train,0,2
38101-2020,38101,2020,1,train,0,2
38101-2021,38101,2021,1,train,0,2
38103-2020,38103,2020,1,train,4,2
38103-2021,38103,2021,1,train,4,2
38105-2021,38105,2021,1,test,1,2
39001-2020,39001,2020,1,train,3,2
39001-2022,39001,2022,1,train,3,2
39003-2020,39003,2020,1,val,2,2
39003-2022,39003,2022,1,val,2,2
39005-2019,39005,2019,1,train,4,2
39005-2020,39005,2020,1,train,4,2
39005-2021,39005,2021,1,train,4,2
39007-2019,39007,2019,1,test,1,2
39007-2021,39007,2021,1,test,1,2
39011-2019,39011,2019,1,train,0,2
39011-2020,39011,2020,1,train,0,2
39011-2021,39011,2021,1,train,0,2
39011-2022,39011,2022,1,train,0,2
39015-2022,39015,2022,1,train,0,2
39017-2020,39017,2020,1,train,0,2
39017-2022,39017,2022,1,train,0,2
39021-2019,39021,2019,1,train,3,2
39021-2020,39021,2020,1,train,3,2
39021-2022,39021,2022,1,train,3,2
39023-2022,39023,2022,1,train,4,2
39025-2022,39025,2022,1,train,3,2
39027-2022,39027,2022,1,val,2,2
39029-2019,39029,2019,1,test,1,2
39031-2019,39031,2019,1,train,4,2
39031-2020,39031,2020,1,train,4,2
39031-2021,39031,2021,1,train,4,2
39031-2022,39031,2022,1,train,4,2
39033-2022,39033,2022,1,train,0,2
39037-2019,39037,2019,1,train,3,2
39037-2020,39037,2020,1,train,3,2
39037-2021,39037,2021,1,train,3,2
39037-2022,39037,2022,1,train,3,2
39039-2019,39039,2019,1,val,2,2
39039-2020,39039,2020,1,val,2,2
39039-2022,39039,2022,1,val,2,2
39041-2022,39041,2022,1,train,4,2
39043-2020,39043,2020,1,train,4,2
39043-2022,39043,2022,1,train,4,2
39045-2019,39045,2019,1,test,1,2
39045-2020,39045,2020,1,test,1,2
39045-2022,39045,2022,1,test,1,2
39047-2020,39047,2020,1,train,3,2
39047-2022,39047,2022,1,train,3,2
39049-2022,39049,2022,1,train,3,2
39051-2019,39051,2019,1,train,0,2
39051-2020,39051,2020,1,train,0,2
39051-2022,39051,2022,1,train,0,2
39053-2019,39053,2019,1,train,4,2
39053-2020,39053,2020,1,train,4,2
39053-2021,39053,2021,1,train,4,2
39057-2022,39057,2022,1,val,2,2
39061-2020,39061,2020,1,test,1,2
39063-2020,39063,2020,1,val,2,2
39063-2022,39063,2022,1,val,2,2
39065-2019,39065,2019,1,val,2,2
39065-2020,39065,2020,1,val,2,2
39065-2021,39065,2021,1,val,2,2
39065-2022,39065,2022,1,val,2,2
39069-2020,39069,2020,1,test,1,2
39069-2022,39069,2022,1,test,1,2
39071-2022,39071,2022,1,train,0,2
39075-2019,39075,2019,1,test,1,2
39075-2020,39075,2020,1,test,1,2
39075-2021,39075,2021,1,test,1,2
39075-2022,39075,2022,1,test,1,2
39077-2022,39077,2022,1,train,4,2
39079-2022,39079,2022,1,train,3,2
39083-2019,39083,2019,1,train,0,2
39083-2020,39083,2020,1,train,0,2
39083-2021,39083,2021,1,train,0,2
39083-2022,39083,2022,1,train,0,2
39089-2020,39089,2020,1,train,3,2
39089-2021,39089,2021,1,train,3,2
39089-2022,39089,2022,1,train,3,2
39091-2019,39091,2019,1,train,4,2
39091-2020,39091,2020,1,train,4,2
39091-2021,39091,2021,1,train,4,2
39091-2022,39091,2022,1,train,4,2
39093-2020,39093,2020,1,val,2,2
39093-2021,39093,2021,1,val,2,2
39093-2022,39093,2022,1,val,2,2
39095-2019,39095,2019,1,test,1,2
39095-2020,39095,2020,1,test,1,2
39095-2022,39095,2022,1,test,1,2
39097-2020,39097,2020,1,train,0,2
39097-2022,39097,2022,1,train,0,2
39099-2019,39099,2019,1,val,2,2
39101-2019,39101,2019,1,train,0,2
39101-2020,39101,2020,1,train,0,2
39101-2022,39101,2022,1,train,0,2
39103-2019,39103,2019,1,train,3,2
39103-2020,39103,2020,1,train,3,2
39103-2021,39103,2021,1,train,3,2
39103-2022,39103,2022,1,train,3,2
39107-2019,39107,2019,1,val,2,2
39107-2020,39107,2020,1,val,2,2
39107-2021,39107,2021,1,val,2,2
39107-2022,39107,2022,1,val,2,2
39109-2019,39109,2019,1,train,4,2
39109-2020,39109,2020,1,train,4,2
39109-2022,39109,2022,1,train,4,2
39113-2019,39113,2019,1,test,1,2
39117-2022,39117,2022,1,train,0,2
39119-2019,39119,2019,1,test,1,2
39119-2020,39119,2020,1,test,1,2
39119-2021,39119,2021,1,test,1,2
39119-2022,39119,2022,1,test,1,2
39123-2020,39123,2020,1,train,4,2
39123-2022,39123,2022,1,train,4,2
39125-2020,39125,2020,1,train,3,2
39125-2022,39125,2022,1,train,3,2
39127-2020,39127,2020,1,val,2,2
39127-2021,39127,2021,1,val,2,2
39129-2019,39129,2019,1,train,0,2
39129-2020,39129,2020,1,train,0,2
39129-2021,39129,2021,1,train,0,2
39129-2022,39129,2022,1,train,0,2
39131-2019,39131,2019,1,train,3,2
39131-2021,39131,2021,1,train,3,2
39131-2022,39131,2022,1,train,3,2
39133-2019,39133,2019,1,test,1,2
39133-2021,39133,2021,1,test,1,2
39135-2019,39135,2019,1,train,4,2
39135-2020,39135,2020,1,train,4,2
39135-2021,39135,2021,1,train,4,2
39135-2022,39135,2022,1,train,4,2
39137-2019,39137,2019,1,val,2,2
39137-2020,39137,2020,1,val,2,2
39137-2022,39137,2022,1,val,2,2
39139-2019,39139,2019,1,test,1,2
39139-2020,39139,2020,1,test,1,2
39139-2022,39139,2022,1,test,1,2
39141-2019,39141,2019,1,train,0,2
39141-2021,39141,2021,1,train,0,2
39141-2022,39141,2022,1,train,0,2
39143-2019,39143,2019,1,train,4,2
39143-2020,39143,2020,1,train,4,2
39143-2022,39143,2022,1,train,4,2
39145-2019,39145,2019,1,train,3,2
39145-2020,39145,2020,1,train,3,2
39145-2021,39145,2021,1,train,3,2
39147-2019,39147,2019,1,val,2,2
39147-2020,39147,2020,1,val,2,2
39147-2022,39147,2022,1,val,2,2
39149-2019,39149,2019,1,test,1,2
39149-2020,39149,2020,1,test,1,2
39149-2022,39149,2022,1,test,1,2
39151-2019,39151,2019,1,train,0,2
39151-2020,39151,2020,1,train,0,2
39151-2021,39151,2021,1,train,0,2
39155-2019,39155,2019,1,train,4,2
39157-2019,39157,2019,1,train,4,2
39157-2020,39157,2020,1,train,4,2
39157-2021,39157,2021,1,train,4,2
39159-2019,39159,2019,1,train,0,2
39159-2022,39159,2022,1,train,0,2
39161-2019,39161,2019,1,train,3,2
39161-2020,39161,2020,1,train,3,2
39161-2022,39161,2022,1,train,3,2
39165-2019,39165,2019,1,val,2,2
39165-2020,39165,2020,1,val,2,2
39165-2022,39165,2022,1,val,2,2
39167-2019,39167,2019,1,test,1,2
39167-2020,39167,2020,1,test,1,2
39167-2021,39167,2021,1,test,1,2
39169-2019,39169,2019,1,train,3,2
39169-2020,39169,2020,1,train,3,2
39169-2021,39169,2021,1,train,3,2
39169-2022,39169,2022,1,train,3,2
39171-2019,39171,2019,1,train,0,2
39171-2020,39171,2020,1,train,0,2
39171-2022,39171,2022,1,train,0,2
39173-2020,39173,2020,1,train,4,2
39173-2022,39173,2022,1,train,4,2
39175-2019,39175,2019,1,train,4,2
39175-2020,39175,2020,1,train,4,2
39175-2022,39175,2022,1,train,4,2
46003-2020,46003,2020,1,train,3,2
46003-2021,46003,2021,1,train,3,2
46005-2020,46005,2020,1,val,2,2
46005-2021,46005,2021,1,val,2,2
46007-2020,46007,2020,1,test,1,2
46007-2021,46007,2021,1,test,1,2
46009-2020,46009,2020,1,train,3,2
46009-2021,46009,2021,1,train,3,2
46009-2022,46009,2022,1,train,3,2
46011-2020,46011,2020,1,train,0,2
46011-2021,46011,2021,1,train,0,2
46013-2020,46013,2020,1,train,4,2
46013-2021,46013,2021,1,train,4,2
46015-2020,46015,2020,1,train,3,2
46015-2021,46015,2021,1,train,3,2
46017-2020,46017,2020,1,val,2,2
46017-2021,46017,2021,1,val,2,2
46019-2020,46019,2020,1,test,1,2
46019-2021,46019,2021,1,test,1,2
46021-2020,46021,2020,1,train,0,2
46021-2021,46021,2021,1,train,0,2
46023-2020,46023,2020,1,val,2,2
46023-2021,46023,2021,1,val,2,2
46023-2022,46023,2022,1,val,2,2
46025-2020,46025,2020,1,train,4,2
46025-2021,46025,2021,1,train,4,2
46027-2020,46027,2020,1,test,1,2
46027-2021,46027,2021,1,test,1,2
46027-2022,46027,2022,1,test,1,2
46029-2020,46029,2020,1,train,3,2
46029-2021,46029,2021,1,train,3,2
46031-2020,46031,2020,1,val,2,2
46031-2021,46031,2021,1,val,2,2
46035-2020,46035,2020,1,train,3,2
46037-2020,46037,2020,1,test,1,2
46037-2021,46037,2021,1,test,1,2
46039-2020,46039,2020,1,val,2,2
46041-2020,46041,2020,1,test,1,2
46043-2020,46043,2020,1,train,0,2
46043-2021,46043,2021,1,train,0,2
46045-2019,46045,2019,1,train,4,2
46045-2020,46045,2020,1,train,4,2
46049-2020,46049,2020,1,train,3,2
46049-2021,46049,2021,1,train,3,2
46051-2020,46051,2020,1,val,2,2
46051-2021,46051,2021,1,val,2,2
46053-2020,46053,2020,1,test,1,2
46053-2021,46053,2021,1,test,1,2
46057-2020,46057,2020,1,train,0,2
46057-2021,46057,2021,1,train,0,2
46059-2020,46059,2020,1,train,4,2
46059-2021,46059,2021,1,train,4,2
46061-2020,46061,2020,1,train,3,2
46061-2021,46061,2021,1,train,3,2
46063-2021,46063,2021,1,train,0,2
46065-2020,46065,2020,1,val,2,2
46065-2021,46065,2021,1,val,2,2
46067-2020,46067,2020,1,test,1,2
46067-2021,46067,2021,1,test,1,2
46069-2020,46069,2020,1,train,4,2
46073-2020,46073,2020,1,train,0,2
46073-2021,46073,2021,1,train,0,2
46075-2020,46075,2020,1,train,3,2
46077-2020,46077,2020,1,train,4,2
46077-2021,46077,2021,1,train,4,2
46079-2020,46079,2020,1,train,3,2
46079-2021,46079,2021,1,train,3,2
46083-2019,46083,2019,1,val,2,2
46083-2020,46083,2020,1,val,2,2
46083-2021,46083,2021,1,val,2,2
46083-2022,46083,2022,1,val,2,2
46085-2019,46085,2019,1,train,0,2
46085-2020,46085,2020,1,train,0,2
46085-2021,46085,2021,1,train,0,2
46091-2020,46091,2020,1,val,2,2
46091-2021,46091,2021,1,val,2,2
46093-2021,46093,2021,1,val,2,2
46095-2020,46095,2020,1,test,1,2
46097-2020,46097,2020,1,test,1,2
46097-2021,46097,2021,1,test,1,2
46099-2019,46099,2019,1,train,4,2
46099-2020,46099,2020,1,train,4,2
46099-2022,46099,2022,1,train,4,2
46101-2020,46101,2020,1,train,0,2
46102-2020,46102,2020,1,train,0,2
46102-2021,46102,2021,1,train,0,2
46103-2021,46103,2021,1,train,4,2
46107-2020,46107,2020,1,train,4,2
46107-2021,46107,2021,1,train,4,2
46109-2020,46109,2020,1,train,3,2
46111-2020,46111,2020,1,train,3,2
46111-2021,46111,2021,1,train,3,2
46115-2020,46115,2020,1,val,2,2
46119-2020,46119,2020,1,val,2,2
46119-2021,46119,2021,1,val,2,2
46121-2021,46121,2021,1,test,1,2
46123-2020,46123,2020,1,test,1,2
46123-2021,46123,2021,1,test,1,2
46125-2020,46125,2020,1,train,3,2
46125-2021,46125,2021,1,train,3,2
46125-2022,46125,2022,1,train,3,2
46127-2019,46127,2019,1,val,2,2
46127-2020,46127,2020,1,val,2,2
46127-2022,46127,2022,1,val,2,2
46129-2020,46129,2020,1,train,0,2
46129-2021,46129,2021,1,train,0,2
46135-2021,46135,2021,1,train,4,2
46135-2022,46135,2022,1,train,4,2
46137-2019,46137,2019,1,train,3,2
46137-2020,46137,2020,1,train,3,2
55001-2019,55001,2019,1,val,2,2
55001-2020,55001,2020,1,val,2,2
55005-2020,55005,2020,1,train,0,2
55009-2020,55009,2020,1,train,4,2
55011-2020,55011,2020,1,train,3,2
55013-2020,55013,2020,1,val,2,2
55015-2020,55015,2020,1,test,1,2
55017-2019,55017,2019,1,test,1,2
55017-2020,55017,2020,1,test,1,2
55017-2021,55017,2021,1,test,1,2
55019-2019,55019,2019,1,train,0,2
55019-2020,55019,2020,1,train,0,2
55019-2021,55019,2021,1,train,0,2
55021-2019,55021,2019,1,train,4,2
55021-2020,55021,2020,1,train,4,2
55021-2021,55021,2021,1,train,4,2
55023-2019,55023,2019,1,test,1,2
55023-2020,55023,2020,1,test,1,2
55023-2021,55023,2021,1,test,1,2
55023-2022,55023,2022,1,test,1,2
55025-2019,55025,2019,1,train,0,2
55025-2020,55025,2020,1,train,0,2
55025-2021,55025,2021,1,train,0,2
55025-2022,55025,2022,1,train,0,2
55027-2019,55027,2019,1,test,1,2
55027-2020,55027,2020,1,test,1,2
55029-2019,55029,2019,1,train,3,2
55029-2020,55029,2020,1,train,3,2
55029-2021,55029,2021,1,train,3,2
55033-2020,55033,2020,1,train,0,2
55035-2019,55035,2019,1,val,2,2
55035-2020,55035,2020,1,val,2,2
55035-2021,55035,2021,1,val,2,2
55043-2019,55043,2019,1,train,4,2
55043-2020,55043,2020,1,train,4,2
55043-2021,55043,2021,1,train,4,2
55043-2022,55043,2022,1,train,4,2
55045-2019,55045,2019,1,train,3,2
55045-2020,55045,2020,1,train,3,2
55045-2021,55045,2021,1,train,3,2
55045-2022,55045,2022,1,train,3,2
55047-2019,55047,2019,1,test,1,2
55047-2020,55047,2020,1,test,1,2
55047-2021,55047,2021,1,test,1,2
55049-2020,55049,2020,1,train,0,2
55049-2022,55049,2022,1,train,0,2
55053-2019,55053,2019,1,train,0,2
55053-2020,55053,2020,1,train,0,2
55053-2021,55053,2021,1,train,0,2
55055-2019,55055,2019,1,train,4,2
55055-2020,55055,2020,1,train,4,2
55055-2022,55055,2022,1,train,4,2
55057-2019,55057,2019,1,train,3,2
55057-2020,55057,2020,1,train,3,2
55057-2021,55057,2021,1,train,3,2
55059-2020,55059,2020,1,train,4,2
55059-2022,55059,2022,1,train,4,2
55061-2020,55061,2020,1,train,4,2
55063-2019,55063,2019,1,val,2,2
55063-2020,55063,2020,1,val,2,2
55063-2021,55063,2021,1,val,2,2
55065-2020,55065,2020,1,train,3,2
55065-2022,55065,2022,1,train,3,2
55067-2020,55067,2020,1,val,2,2
55067-2021,55067,2021,1,val,2,2
55069-2020,55069,2020,1,test,1,2
55069-2021,55069,2021,1,test,1,2
55071-2019,55071,2019,1,train,0,2
55071-2020,55071,2020,1,train,0,2
55073-2020,55073,2020,1,train,4,2
55073-2021,55073,2021,1,train,4,2
55075-2019,55075,2019,1,test,1,2
55075-2020,55075,2020,1,test,1,2
55075-2021,55075,2021,1,test,1,2
55077-2020,55077,2020,1,train,3,2
55079-2020,55079,2020,1,val,2,2
55081-2019,55081,2019,1,train,0,2
55081-2020,55081,2020,1,train,0,2
55081-2021,55081,2021,1,train,0,2
55083-2019,55083,2019,1,train,4,2
55083-2020,55083,2020,1,train,4,2
55083-2021,55083,2021,1,train,4,2
55087-2019,55087,2019,1,train,3,2
55087-2020,55087,2020,1,train,3,2
55089-2019,55089,2019,1,val,2,2
55089-2020,55089,2020,1,val,2,2
55091-2020,55091,2020,1,test,1,2
55093-2020,55093,2020,1,val,2,2
55095-2020,55095,2020,1,test,1,2
55097-2019,55097,2019,1,test,1,2
55097-2020,55097,2020,1,test,1,2
55101-2019,55101,2019,1,train,3,2
55101-2020,55101,2020,1,train,3,2
55101-2022,55101,2022,1,train,3,2
55103-2019,55103,2019,1,val,2,2
55103-2020,55103,2020,1,val,2,2
55103-2021,55103,2021,1,val,2,2
55103-2022,55103,2022,1,val,2,2
55105-2019,55105,2019,1,test,1,2
55105-2020,55105,2020,1,test,1,2
55105-2021,55105,2021,1,test,1,2
55105-2022,55105,2022,1,test,1,2
55107-2019,55107,2019,1,val,2,2
55107-2020,55107,2020,1,val,2,2
55107-2021,55107,2021,1,val,2,2
55111-2019,55111,2019,1,test,1,2
55111-2020,55111,2020,1,test,1,2
55111-2021,55111,2021,1,test,1,2
55113-2020,55113,2020,1,train,0,2
55113-2021,55113,2021,1,train,0,2
55115-2019,55115,2019,1,train,0,2
55115-2020,55115,2020,1,train,0,2
55115-2021,55115,2021,1,train,0,2
55117-2019,55117,2019,1,train,4,2
55117-2020,55117,2020,1,train,4,2
55119-2020,55119,2020,1,train,3,2
55119-2021,55119,2021,1,train,3,2
55121-2019,55121,2019,1,train,4,2
55121-2020,55121,2020,1,train,4,2
55121-2021,55121,2021,1,train,4,2
55123-2019,55123,2019,1,train,0,2
55123-2020,55123,2020,1,train,0,2
55123-2021,55123,2021,1,train,0,2
55123-2022,55123,2022,1,train,0,2
55127-2019,55127,2019,1,train,3,2
55127-2020,55127,2020,1,train,3,2
55127-2022,55127,2022,1,train,3,2
55129-2019,55129,2019,1,val,2,2
55129-2020,55129,2020,1,val,2,2
55131-2019,55131,2019,1,test,1,2
55131-2020,55131,2020,1,test,1,2
55133-2019,55133,2019,1,train,4,2
55133-2020,55133,2020,1,train,4,2
55133-2022,55133,2022,1,train,4,2
55135-2019,55135,2019,1,train,0,2
55135-2020,55135,2020,1,train,0,2
55137-2019,55137,2019,1,train,3,2
55137-2020,55137,2020,1,train,3,2
55137-2021,55137,2021,1,train,3,2
55139-2019,55139,2019,1,train,4,2
55139-2020,55139,2020,1,train,4,2
55141-2019,55141,2019,1,train,3,2
55141-2020,55141,2020,1,train,3,2
17001-2020,17001,2020,2,train,0,3
17001-2022,17001,2022,2,train,0,3
17003-2019,17003,2019,2,train,4,3
17003-2020,17003,2020,2,train,4,3
17005-2019,17005,2019,2,test,2,3
17005-2020,17005,2020,2,test,2,3
17005-2021,17005,2021,2,test,2,3
17005-2022,17005,2022,2,test,2,3
17007-2019,17007,2019,2,test,2,3
17007-2020,17007,2020,2,test,2,3
17007-2022,17007,2022,2,test,2,3
17009-2020,17009,2020,2,val,3,3
17009-2022,17009,2022,2,val,3,3
17011-2019,17011,2019,2,train,1,3
17011-2020,17011,2020,2,train,1,3
17011-2021,17011,2021,2,train,1,3
17011-2022,17011,2022,2,train,1,3
17013-2020,17013,2020,2,test,2,3
17013-2022,17013,2022,2,test,2,3
17015-2020,17015,2020,2,train,1,3
17015-2022,17015,2022,2,train,1,3
17017-2019,17017,2019,2,train,0,3
17017-2020,17017,2020,2,train,0,3
17017-2021,17017,2021,2,train,0,3
17017-2022,17017,2022,2,train,0,3
17019-2021,17019,2021,2,train,0,3
17019-2022,17019,2022,2,train,0,3
17021-2020,17021,2020,2,train,1,3
17021-2021,17021,2021,2,train,1,3
17021-2022,17021,2022,2,train,1,3
17023-2020,17023,2020,2,train,4,3
17023-2022,17023,2022,2,train,4,3
17025-2019,17025,2019,2,train,4,3
17025-2020,17025,2020,2,train,4,3
17025-2021,17025,2021,2,train,4,3
17025-2022,17025,2022,2,train,4,3
17027-2019,17027,2019,2,val,3,3
17027-2020,17027,2020,2,val,3,3
17027-2021,17027,2021,2,val,3,3
17027-2022,17027,2022,2,val,3,3
17029-2019,17029,2019,2,val,3,3
17029-2021,17029,2021,2,val,3,3
17031-2019,17031,2019,2,train,0,3
17033-2019,17033,2019,2,train,0,3
17033-2020,17033,2020,2,train,0,3
17033-2022,17033,2022,2,train,0,3
17035-2019,17035,2019,2,test,2,3
17035-2022,17035,2022,2,test,2,3
17039-2020,17039,2020,2,train,4,3
17039-2021,17039,2021,2,train,4,3
17039-2022,17039,2022,2,train,4,3
17041-2019,17041,2019,2,train,1,3
17041-2022,17041,2022,2,train,1,3
17045-2020,17045,2020,2,val,3,3
17045-2021,17045,2021,2,val,3,3
17045-2022,17045,2022,2,val,3,3
17047-2020,17047,2020,2,test,2,3
17047-2021,17047,2021,2,test,2,3
17047-2022,17047,2022,2,test,2,3
17049-2021,17049,2021,2,train,0,3
17049-2022,17049,2022,2,train,0,3
17051-2019,17051,2019,2,train,1,3
17051-2020,17051,2020,2,train,1,3
17051-2021,17051,2021,2,train,1,3
17053-2019,17053,2019,2,test,2,3
17053-2020,17053,2020,2,test,2,3
17053-2021,17053,2021,2,test,2,3
17053-2022,17053,2022,2,test,2,3
17055-2019,17055,2019,2,train,1,3
17055-2020,17055,2020,2,train,1,3
17055-2021,17055,2021,2,train,1,3
17055-2022,17055,2022,2,train,1,3
17057-2020,17057,2020,2,train,0,3
17057-2021,17057,2021,2,train,0,3
17057-2022,17057,2022,2,train,0,3
17059-2019,17059,2019,2,train,0,3
17059-2020,17059,2020,2,train,0,3
17059-2021,17059,2021,2,train,0,3
17059-2022,17059,2022,2,train,0,3
17061-2020,17061,2020,2,train,4,3
17061-2021,17061,2021,2,train,4,3
17061-2022,17061,2022,2,train,4,3
17063-2019,17063,2019,2,val,3,3
17063-2020,17063,2020,2,val,3,3
17063-2022,17063,2022,2,val,3,3
17065-2020,17065,2020,2,train,4,3
17065-2022,17065,2022,2,train,4,3
17067-2020,17067,2020,2,val,3,3
17067-2022,17067,2022,2,val,3,3
17071-2020,17071,2020,2,test,2,3
17071-2022,17071,2022,2,test,2,3
17073-2020,17073,2020,2,train,1,3
17073-2022,17073,2022,2,train,1,3
17075-2019,17075,2019,2,train,4,3
17075-2020,17075,2020,2,train,4,3
17075-2021,17075,2021,2,train,4,3
17075-2022,17075,2022,2,train,4,3
17077-2019,17077,2019,2,val,3,3
17077-2020,17077,2020,2,val,3,3
17077-2021,17077,2021,2,val,3,3
17077-2022,17077,2022,2,val,3,3
17079-2019,17079,2019,2,test,2,3
17079-2020,17079,2020,2,test,2,3
17079-2022,17079,2022,2,test,2,3
17081-2019,17081,2019,2,train,1,3
17081-2021,17081,2021,2,train,1,3
17081-2022,17081,2022,2,train,1,3
17083-2020,17083,2020,2,train,0,3
17083-2022,17083,2022,2,train,0,3
17085-2020,17085,2020,2,train,4,3
17085-2022,17085,2022,2,train,4,3
17087-2020,17087,2020,2,train,4,3
17089-2019,17089,2019,2,train,0,3
17089-2020,17089,2020,2,train,0,3
17089-2022,17089,2022,2,train,0,3
17091-2020,17091,2020,2,val,3,3
17091-2022,17091,2022,2,val,3,3
17093-2019,17093,2019,2,train,4,3
17093-2020,17093,2020,2,train,4,3
17093-2022,17093,2022,2,train,4,3
17095-2020,17095,2020,2,test,2,3
17095-2022,17095,2022,2,test,2,3
17097-2019,17097,2019,2,train,1,3
17097-2020,17097,2020,2,train,1,3
17101-2019,17101,2019,2,val,3,3
17101-2020,17101,2020,2,val,3,3
17101-2022,17101,2022,2,val,3,3
17103-2019,17103,2019,2,test,2,3
17103-2020,17103,2020,2,test,2,3
17103-2022,17103,2022,2,test,2,3
17105-2019,17105,2019,2,test,2,3
17105-2020,17105,2020,2,test,2,3
17105-2021,17105,2021,2,test,2,3
17105-2022,17105,2022,2,test,2,3
17107-2020,17107,2020,2,train,1,3
17107-2021,17107,2021,2,train,1,3
17107-2022,17107,2022,2,train,1,3
17115-2020,17115,2020,2,train,0,3
17115-2021,17115,2021,2,train,0,3
17115-2022,17115,2022,2,train,0,3
17117-2020,17117,2020,2,train,4,3
17117-2021,17117,2021,2,train,4,3
17117-2022,17117,2022,2,train,4,3
17119-2019,17119,2019,2,train,1,3
17119-2020,17119,2020,2,train,1,3
17119-2021,17119,2021,2,train,1,3
17119-2022,17119,2022,2,train,1,3
17121-2019,17121,2019,2,train,0,3
17121-2020,17121,2020,2,train,0,3
17121-2021,17121,2021,2,train,0,3
17121-2022,17121,2022,2,train,0,3
17123-2019,17123,2019,2,train,4,3
17123-2020,17123,2020,2,train,4,3
17123-2021,17123,2021,2,train,4,3
17123-2022,17123,2022,2,train,4,3
17125-2020,17125,2020,2,val,3,3
17125-2021,17125,2021,2,val,3,3
17125-2022,17125,2022,2,val,3,3
17127-2019,17127,2019,2,train,0,3
17127-2020,17127,2020,2,train,0,3
17129-2021,17129,2021,2,val,3,3
17131-2020,17131,2020,2,train,4,3
17131-2022,17131,2022,2,train,4,3
17133-2019,17133,2019,2,test,2,3
17133-2020,17133,2020,2,test,2,3
17133-2022,17133,2022,2,test,2,3
17135-2020,17135,2020,2,train,1,3
17135-2021,17135,2021,2,train,1,3
17135-2022,17135,2022,2,train,1,3
17137-2019,17137,2019,2,train,0,3
17137-2020,17137,2020,2,train,0,3
17137-2022,17137,2022,2,train,0,3
17139-2021,17139,2021,2,val,3,3
17139-2022,17139,2022,2,val,3,3
17141-2019,17141,2019,2,train,4,3
17141-2020,17141,2020,2,train,4,3
17141-2022,17141,2022,2,train,4,3
17143-2019,17143,2019,2,val,3,3
17143-2020,17143,2020,2,val,3,3
17143-2021,17143,2021,2,val,3,3
17143-2022,17143,2022,2,val,3,3
17145-2020,17145,2020,2,test,2,3
17145-2022,17145,2022,2,test,2,3
17147-2021,17147,2021,2,train,1,3
17147-2022,17147,2022,2,train,1,3
17149-2020,17149,2020,2,test,2,3
17151-2020,17151,2020,2,train,1,3
17153-2019,17153,2019,2,val,3,3
17153-2020,17153,2020,2,val,3,3
17153-2021,17153,2021,2,val,3,3
17155-2020,17155,2020,2,test,2,3
17155-2021,17155,2021,2,test,2,3
17155-2022,17155,2022,2,test,2,3
17157-2019,17157,2019,2,test,2,3
17157-2020,17157,2020,2,test,2,3
17157-2021,17157,2021,2,test,2,3
17157-2022,17157,2022,2,test,2,3
17159-2020,17159,2020,2,train,0,3
17161-2020,17161,2020,2,train,0,3
17161-2022,17161,2022,2,train,0,3
17165-2020,17165,2020,2,train,1,3
17165-2021,17165,2021,2,train,1,3
17165-2022,17165,2022,2,train,1,3
17167-2021,17167,2021,2,train,4,3
17169-2020,17169,2020,2,train,4,3
17169-2022,17169,2022,2,train,4,3
17171-2020,17171,2020,2,val,3,3
17171-2022,17171,2022,2,val,3,3
17173-2021,17173,2021,2,test,2,3
17173-2022,17173,2022,2,test,2,3
17175-2019,17175,2019,2,train,1,3
17175-2020,17175,2020,2,train,1,3
17175-2021,17175,2021,2,train,1,3
17175-2022,17175,2022,2,train,1,3
17177-2019,17177,2019,2,train,0,3
17177-2020,17177,2020,2,train,0,3
17177-2021,17177,2021,2,train,0,3
17177-2022,17177,2022,2,train,0,3
17179-2020,17179,2020,2,train,0,3
17179-2021,17179,2021,2,train,0,3
17179-2022,17179,2022,2,train,0,3
17181-2019,17181,2019,2,train,4,3
17181-2020,17181,2020,2,train,4,3
17181-2021,17181,2021,2,train,4,3
17183-2020,17183,2020,2,val,3,3
17183-2021,17183,2021,2,val,3,3
17183-2022,17183,2022,2,val,3,3
17185-2019,17185,2019,2,test,2,3
17185-2020,17185,2020,2,test,2,3
17185-2022,17185,2022,2,test,2,3
17187-2020,17187,2020,2,train,1,3
17187-2022,17187,2022,2,train,1,3
17189-2019,17189,2019,2,train,4,3
17189-2020,17189,2020,2,train,4,3
17189-2021,17189,2021,2,train,4,3
17189-2022,17189,2022,2,train,4,3
17191-2020,17191,2020,2,train,0,3
17191-2022,17191,2022,2,train,0,3
17193-2019,17193,2019,2,val,3,3
17193-2020,17193,2020,2,val,3,3
17193-2021,17193,2021,2,val,3,3
17193-2022,17193,2022,2,val,3,3
17195-2019,17195,2019,2,train,1,3
17195-2020,17195,2020,2,train,1,3
17195-2022,17195,2022,2,train,1,3
17197-2020,17197,2020,2,train,4,3
17197-2022,17197,2022,2,train,4,3
17199-2019,17199,2019,2,train,0,3
17199-2020,17199,2020,2,train,0,3
17199-2022,17199,2022,2,train,0,3
17201-2019,17201,2019,2,test,2,3
17201-2020,17201,2020,2,test,2,3
17201-2021,17201,2021,2,test,2,3
17201-2022,17201,2022,2,test,2,3
17203-2019,17203,2019,2,train,1,3
17203-2020,17203,2020,2,train,1,3
17203-2021,17203,2021,2,train,1,3
17203-2022,17203,2022,2,train,1,3
18001-2019,18001,2019,2,train,4,3
18001-2020,18001,2020,2,train,4,3
18001-2022,18001,2022,2,train,4,3
18003-2019,18003,2019,2,val,3,3
18003-2020,18003,2020,2,val,3,3
18003-2022,18003,2022,2,val,3,3
18005-2022,18005,2022,2,val,3,3
18007-2019,18007,2019,2,train,0,3
18007-2020,18007,2020,2,train,0,3
18007-2021,18007,2021,2,train,0,3
18007-2022,18007,2022,2,train,0,3
18009-2022,18009,2022,2,test,2,3
18011-2019,18011,2019,2,train,4,3
18011-2020,18011,2020,2,train,4,3
18011-2021,18011,2021,2,train,4,3
18011-2022,18011,2022,2,train,4,3
18015-2019,18015,2019,2,test,2,3
18015-2020,18015,2020,2,test,2,3
18015-2022,18015,2022,2,test,2,3
18017-2020,18017,2020,2,val,3,3
18017-2022,18017,2022,2,val,3,3
18019-2020,18019,2020,2,train,1,3
18021-2020,18021,2020,2,train,1,3
18021-2021,18021,2021,2,train,1,3
18021-2022,18021,2022,2,train,1,3
18023-2020,18023,2020,2,train,0,3
18023-2021,18023,2021,2,train,0,3
18023-2022,18023,2022,2,train,0,3
18027-2019,18027,2019,2,val,3,3
18027-2020,18027,2020,2,val,3,3
18027-2021,18027,2021,2,val,3,3
18027-2022,18027,2022,2,val,3,3
18029-2019,18029,2019,2,train,4,3
18029-2020,18029,2020,2,train,4,3
18029-2022,18029,2022,2,train,4,3
18031-2019,18031,2019,2,val,3,3
18031-2020,18031,2020,2,val,3,3
18031-2022,18031,2022,2,val,3,3
18035-2022,18035,2022,2,train,0,3
18037-2022,18037,2022,2,train,4,3
18039-2019,18039,2019,2,test,2,3
18039-2020,18039,2020,2,test,2,3
18039-2021,18039,2021,2,test,2,3
18039-2022,18039,2022,2,test,2,3
18041-2019,18041,2019,2,train,1,3
18041-2020,18041,2020,2,train,1,3
18041-2021,18041,2021,2,train,1,3
18041-2022,18041,2022,2,train,1,3
18045-2020,18045,2020,2,test,2,3
18045-2022,18045,2022,2,test,2,3
18047-2019,18047,2019,2,test,2,3
18047-2020,18047,2020,2,test,2,3
18047-2022,18047,2022,2,test,2,3
18049-2019,18049,2019,2,train,1,3
18049-2020,18049,2020,2,train,1,3
18049-2021,18049,2021,2,train,1,3
18051-2019,18051,2019,2,train,0,3
18051-2020,18051,2020,2,train,0,3
18051-2022,18051,2022,2,train,0,3
18053-2020,18053,2020,2,train,1,3
18053-2022,18053,2022,2,train,1,3
18055-2019,18055,2019,2,train,4,3
18055-2020,18055,2020,2,train,4,3
18055-2021,18055,2021,2,train,4,3
18057-2022,18057,2022,2,val,3,3
18059-2020,18059,2020,2,train,0,3
18059-2022,18059,2022,2,train,0,3
18063-2019,18063,2019,2,train,0,3
18063-2020,18063,2020,2,train,0,3
18063-2021,18063,2021,2,train,0,3
18063-2022,18063,2022,2,train,0,3
18065-2022,18065,2022,2,test,2,3
18067-2020,18067,2020,2,train,4,3
18067-2022,18067,2022,2,train,4,3
18069-2022,18069,2022,2,train,1,3
18071-2022,18071,2022,2,train,0,3
18073-2020,18073,2020,2,val,3,3
18073-2022,18073,2022,2,val,3,3
18075-2019,18075,2019,2,val,3,3
18075-2020,18075,2020,2,val,3,3
18075-2022,18075,2022,2,val,3,3
18077-2019,18077,2019,2,test,2,3
18077-2020,18077,2020,2,test,2,3
18077-2022,18077,2022,2,test,2,3
18079-2022,18079,2022,2,train,4,3
18081-2022,18081,2022,2,val,3,3
18083-2020,18083,2020,2,test,2,3
18083-2022,18083,2022,2,test,2,3
18085-2022,18085,2022,2,test,2,3
18089-2020,18089,2020,2,train,1,3
18089-2022,18089,2022,2,train,1,3
18093-2022,18093,2022,2,train,1,3
18095-2022,18095,2022,2,train,0,3
18097-2020,18097,2020,2,train,4,3
18099-2019,18099,2019,2,train,4,3
18099-2020,18099,2020,2,train,4,3
18099-2021,18099,2021,2,train,4,3
18099-2022,18099,2022,2,train,4,3
18101-2022,18101,2022,2,val,3,3
18103-2020,18103,2020,2,train,0,3
18103-2022,18103,2022,2,train,0,3
18105-2022,18105,2022,2,test,2,3
18107-2019,18107,2019,2,train,1,3
18107-2020,18107,2020,2,train,1,3
18107-2021,18107,2021,2,train,1,3
18109-2022,18109,2022,2,train,1,3
18111-2019,18111,2019,2,val,3,3
18111-2020,18111,2020,2,val,3,3
18111-2021,18111,2021,2,val,3,3
18111-2022,18111,2022,2,val,3,3
18113-2020,18113,2020,2,train,4,3
18113-2022,18113,2022,2,train,4,3
18115-2019,18115,2019,2,val,3,3
18115-2020,18115,2020,2,val,3,3
18119-2020,18119,2020,2,train,0,3
18119-2021,18119,2021,2,train,0,3
18119-2022,18119,2022,2,train,0,3
18121-2019,18121,2019,2,train,4,3
18121-2020,18121,2020,2,train,4,3
18121-2022,18121,2022,2,train,4,3
18123-2022,18123,2022,2,train,0,3
18125-2020,18125,2020,2,test,2,3
18125-2022,18125,2022,2,test,2,3
18127-2019,18127,2019,2,test,2,3
18127-2020,18127,2020,2,test,2,3
18127-2021,18127,2021,2,test,2,3
18127-2022,18127,2022,2,test,2,3
18129-2019,18129,2019,2,train,1,3
18129-2020,18129,2020,2,train,1,3
18129-2021,18129,2021,2,train,1,3
18129-2022,18129,2022,2,train,1,3
18131-2019,18131,2019,2,val,3,3
18131-2020,18131,2020,2,val,3,3
18131-2022,18131,2022,2,val,3,3
18133-2019,18133,2019,2,train,0,3
18133-2020,18133,2020,2,train,0,3
18133-2021,18133,2021,2,train,0,3
18133-2022,18133,2022,2,train,0,3
18135-2019,18135,2019,2,test,2,3
18135-2020,18135,2020,2,test,2,3
18135-2022,18135,2022,2,test,2,3
18137-2020,18137,2020,2,train,1,3
18137-2022,18137,2022,2,train,1,3
18139-2022,18139,2022,2,train,4,3
18141-2019,18141,2019,2,train,4,3
18141-2020,18141,2020,2,train,4,3
18141-2021,18141,2021,2,train,4,3
18141-2022,18141,2022,2,train,4,3
18143-2022,18143,2022,2,val,3,3
18145-2020,18145,2020,2,train,0,3
18145-2022,18145,2022,2,train,0,3
18147-2020,18147,2020,2,test,2,3
18149-2019,18149,2019,2,train,1,3
18149-2020,18149,2020,2,train,1,3
18149-2022,18149,2022,2,train,1,3
18151-2020,18151,2020,2,train,4,3
18151-2022,18151,2022,2,train,4,3
18153-2019,18153,2019,2,train,0,3
18153-2020,18153,2020,2,train,0,3
18153-2022,18153,2022,2,train,0,3
18155-2019,18155,2019,2,val,3,3
18155-2020,18155,2020,2,val,3,3
18157-2019,18157,2019,2,val,3,3
18157-2020,18157,2020,2,val,3,3
18157-2021,18157,2021,2,val,3,3
18157-2022,18157,2022,2,val,3,3
18159-2022,18159,2022,2,train,1,3
18161-2019,18161,2019,2,test,2,3
18161-2020,18161,2020,2,test,2,3
18161-2021,18161,2021,2,test,2,3
18161-2022,18161,2022,2,test,2,3
18163-2019,18163,2019,2,train,1,3
18163-2020,18163,2020,2,train,1,3
18163-2021,18163,2021,2,train,1,3
18163-2022,18163,2022,2,train,1,3
18165-2019,18165,2019,2,train,0,3
18165-2020,18165,2020,2,train,0,3
18165-2021,18165,2021,2,train,0,3
18165-2022,18165,2022,2,train,0,3
18167-2019,18167,2019,2,train,4,3
18167-2020,18167,2020,2,train,4,3
18167-2022,18167,2022,2,train,4,3
18169-2022,18169,2022,2,train,0,3
18171-2019,18171,2019,2,val,3,3
18171-2020,18171,2020,2,val,3,3
18171-2021,18171,2021,2,val,3,3
18173-2019,18173,2019,2,test,2,3
18173-2020,18173,2020,2,test,2,3
18173-2022,18173,2022,2,test,2,3
18177-2019,18177,2019,2,train,4,3
18177-2020,18177,2020,2,train,4,3
18177-2021,18177,2021,2,train,4,3
18177-2022,18177,2022,2,train,4,3
18179-2022,18179,2022,2,train,4,3
18181-2019,18181,2019,2,train,1,3
18181-2020,18181,2020,2,train,1,3
18181-2022,18181,2022,2,train,1,3
18183-2022,18183,2022,2,val,3,3
19001-2019,19001,2019,2,train,0,3
19001-2020,19001,2020,2,train,0,3
19001-2022,19001,2022,2,train,0,3
19003-2020,19003,2020,2,test,2,3
19005-2019,19005,2019,2,val,3,3
19005-2020,19005,2020,2,val,3,3
19005-2021,19005,2021,2,val,3,3
19005-2022,19005,2022,2,val,3,3
19007-2020,19007,2020,2,train,4,3
19007-2021,19007,2021,2,train,4,3
19007-2022,19007,2022,2,train,4,3
19009-2019,19009,2019,2,test,2,3
19009-2020,19009,2020,2,test,2,3
19009-2021,19009,2021,2,test,2,3
19009-2022,19009,2022,2,test,2,3
19011-2019,19011,2019,2,train,1,3
19011-2020,19011,2020,2,train,1,3
19011-2021,19011,2021,2,train,1,3
19011-2022,19011,2022,2,train,1,3
19013-2020,19013,2020,2,test,2,3
19013-2022,19013,2022,2,test,2,3
19015-2019,19015,2019,2,train,0,3
19015-2020,19015,2020,2,train,0,3
19015-2021,19015,2021,2,train,0,3
19015-2022,19015,2022,2,train,0,3
19017-2022,19017,2022,2,train,1,3
19019-2019,19019,2019,2,train,4,3
19019-2020,19019,2020,2,train,4,3
19019-2021,19019,2021,2,train,4,3
19019-2022,19019,2022,2,train,4,3
19021-2019,19021,2019,2,val,3,3
19021-2020,19021,2020,2,val,3,3
19021-2022,19021,2022,2,val,3,3
19023-2021,19023,2021,2,train,1,3
19023-2022,19023,2022,2,train,1,3
19025-2019,19025,2019,2,val,3,3
19025-2020,19025,2020,2,val,3,3
19025-2021,19025,2021,2,val,3,3
19025-2022,19025,2022,2,val,3,3
19027-2020,19027,2020,2,train,0,3
19027-2022,19027,2022,2,train,0,3
19029-2019,19029,2019,2,test,2,3
19029-2020,19029,2020,2,test,2,3
19029-2021,19029,2021,2,test,2,3
19029-2022,19029,2022,2,test,2,3
19031-2020,19031,2020,2,train,4,3
19031-2022,19031,2022,2,train,4,3
19033-2019,19033,2019,2,train,1,3
19033-2020,19033,2020,2,train,1,3
19033-2021,19033,2021,2,train,1,3
19033-2022,19033,2022,2,train,1,3
19035-2019,19035,2019,2,test,2,3
19035-2020,19035,2020,2,test,2,3
19035-2022,19035,2022,2,test,2,3
19037-2022,19037,2022,2,train,0,3
19039-2020,19039,2020,2,train,4,3
19041-2019,19041,2019,2,train,1,3
19041-2020,19041,2020,2,train,1,3
19041-2022,19041,2022,2,train,1,3
19043-2020,19043,2020,2,train,0,3
19043-2021,19043,2021,2,train,0,3
19043-2022,19043,2022,2,train,0,3
19045-2020,19045,2020,2,val,3,3
19045-2022,19045,2022,2,val,3,3
19047-2019,19047,2019,2,train,4,3
19047-2020,19047,2020,2,train,4,3
19047-2022,19047,2022,2,train,4,3
19049-2019,19049,2019,2,train,0,3
19049-2020,19049,2020,2,train,0,3
19049-2021,19049,2021,2,train,0,3
19049-2022,19049,2022,2,train,0,3
19051-2019,19051,2019,2,train,4,3
19051-2020,19051,2020,2,train,4,3
19051-2021,19051,2021,2,train,4,3
19051-2022,19051,2022,2,train,4,3
19053-2020,19053,2020,2,test,2,3
19053-2022,19053,2022,2,test,2,3
19055-2020,19055,2020,2,val,3,3
19055-2021,19055,2021,2,val,3,3
19055-2022,19055,2022,2,val,3,3
19057-2019,19057,2019,2,test,2,3
19057-2020,19057,2020,2,test,2,3
19057-2022,19057,2022,2,test,2,3
19059-2019,19059,2019,2,val,3,3
19059-2020,19059,2020,2,val,3,3
19059-2021,19059,2021,2,val,3,3
19059-2022,19059,2022,2,val,3,3
19061-2020,19061,2020,2,train,1,3
19061-2021,19061,2021,2,train,1,3
19061-2022,19061,2022,2,train,1,3
19063-2022,19063,2022,2,val,3,3
19065-2020,19065,2020,2,train,0,3
19065-2021,19065,2021,2,train,0,3
19065-2022,19065,2022,2,train,0,3
19067-2019,19067,2019,2,test,2,3
19067-2020,19067,2020,2,test,2,3
19067-2021,19067,2021,2,test,2,3
19067-2022,19067,2022,2,test,2,3
19069-2019,19069,2019,2,train,1,3
19069-2020,19069,2020,2,train,1,3
19069-2021,19069,2021,2,train,1,3
19069-2022,19069,2022,2,train,1,3
19071-2020,19071,2020,2,train,1,3
19071-2022,19071,2022,2,train,1,3
19073-2019,19073,2019,2,train,0,3
19073-2020,19073,2020,2,train,0,3
19073-2021,19073,2021,2,train,0,3
19073-2022,19073,2022,2,train,0,3
19075-2020,19075,2020,2,train,4,3
19075-2021,19075,2021,2,train,4,3
19075-2022,19075,2022,2,train,4,3
19077-2019,19077,2019,2,train,4,3
19077-2020,19077,2020,2,train,4,3
19077-2021,19077,2021,2,train,4,3
19077-2022,19077,2022,2,train,4,3
19079-2019,19079,2019,2,val,3,3
19079-2020,19079,2020,2,val,3,3
19079-2022,19079,2022,2,val,3,3
19081-2019,19081,2019,2,val,3,3
19081-2020,19081,2020,2,val,3,3
19081-2021,19081,2021,2,val,3,3
19081-2022,19081,2022,2,val,3,3
19083-2019,19083,2019,2,test,2,3
19083-2020,19083,2020,2,test,2,3
19083-2021,19083,2021,2,test,2,3
19083-2022,19083,2022,2,test,2,3
19085-2020,19085,2020,2,train,0,3
19085-2022,19085,2022,2,train,0,3
19087-2019,19087,2019,2,train,1,3
19087-2020,19087,2020,2,train,1,3
19087-2021,19087,2021,2,train,1,3
19087-2022,19087,2022,2,train,1,3
19089-2020,19089,2020,2,train,4,3
19089-2022,19089,2022,2,train,4,3
19091-2019,19091,2019,2,train,0,3
19091-2020,19091,2020,2,train,0,3
19091-2021,19091,2021,2,train,0,3
19091-2022,19091,2022,2,train,0,3
19093-2020,19093,2020,2,test,2,3
19093-2021,19093,2021,2,test,2,3
19093-2022,19093,2022,2,test,2,3
19095-2019,19095,2019,2,train,1,3
19095-2020,19095,2020,2,train,1,3
19095-2022,19095,2022,2,train,1,3
19097-2020,19097,2020,2,train,0,3
19097-2021,19097,2021,2,train,0,3
19097-2022,19097,2022,2,train,0,3
19099-2021,19099,2021,2,val,3,3
19099-2022,19099,2022,2,val,3,3
19101-2019,19101,2019,2,train,4,3
19101-2020,19101,2020,2,train,4,3
19101-2021,19101,2021,2,train,4,3
19101-2022,19101,2022,2,train,4,3
19103-2019,19103,2019,2,train,4,3
19103-2020,19103,2020,2,train,4,3
19103-2022,19103,2022,2,train,4,3
19105-2020,19105,2020,2,test,2,3
19105-2022,19105,2022,2,test,2,3
19107-2019,19107,2019,2,val,3,3
19107-2020,19107,2020,2,val,3,3
19107-2021,19107,2021,2,val,3,3
19107-2022,19107,2022,2,val,3,3
19109-2019,19109,2019,2,test,2,3
19109-2020,19109,2020,2,test,2,3
19109-2021,19109,2021,2,test,2,3
19109-2022,19109,2022,2,test,2,3
19111-2019,19111,2019,2,train,1,3
19111-2020,19111,2020,2,train,1,3
19111-2021,19111,2021,2,train,1,3
19111-2022,19111,2022,2,train,1,3
19113-2019,19113,2019,2,val,3,3
19113-2020,19113,2020,2,val,3,3
19113-2022,19113,2022,2,val,3,3
19115-2019,19115,2019,2,test,2,3
19115-2020,19115,2020,2,test,2,3
19115-2022,19115,2022,2,test,2,3
19117-2021,19117,2021,2,train,1,3
19117-2022,19117,2022,2,train,1,3
19119-2019,19119,2019,2,train,0,3
19119-2020,19119,2020,2,train,0,3
19119-2021,19119,2021,2,train,0,3
19119-2022,19119,2022,2,train,0,3
19121-2019,19121,2019,2,train,4,3
19121-2020,19121,2020,2,train,4,3
19121-2021,19121,2021,2,train,4,3
19121-2022,19121,2022,2,train,4,3
19123-2021,19123,2021,2,train,0,3
19123-2022,19123,2022,2,train,0,3
19125-2021,19125,2021,2,train,4,3
19125-2022,19125,2022,2,train,4,3
19127-2021,19127,2021,2,val,3,3
19127-2022,19127,2022,2,val,3,3
19129-2020,19129,2020,2,test,2,3
19129-2022,19129,2022,2,test,2,3
19131-2019,19131,2019,2,val,3,3
19131-2020,19131,2020,2,val,3,3
19131-2021,19131,2021,2,val,3,3
19131-2022,19131,2022,2,val,3,3
19133-2019,19133,2019,2,train,1,3
19133-2022,19133,2022,2,train,1,3
19135-2021,19135,2021,2,train,0,3
19135-2022,19135,2022,2,train,0,3
19137-2020,19137,2020,2,train,4,3
19137-2022,19137,2022,2,train,4,3
19139-2020,19139,2020,2,val,3,3
19139-2022,19139,2022,2,val,3,3
19143-2019,19143,2019,2,test,2,3
19143-2020,19143,2020,2,test,2,3
19143-2021,19143,2021,2,test,2,3
19143-2022,19143,2022,2,test,2,3
19145-2019,19145,2019,2,train,1,3
19145-2020,19145,2020,2,train,1,3
19145-2021,19145,2021,2,train,1,3
19145-2022,19145,2022,2,train,1,3
19147-2019,19147,2019,2,test,2,3
19147-2022,19147,2022,2,test,2,3
19149-2019,19149,2019,2,train,1,3
19149-2021,19149,2021,2,train,1,3
19149-2022,19149,2022,2,train,1,3
19151-2022,19151,2022,2,test,2,3
19153-2019,19153,2019,2,train,0,3
19153-2020,19153,2020,2,train,0,3
19153-2021,19153,2021,2,train,0,3
19153-2022,19153,2022,2,train,0,3
19155-2020,19155,2020,2,train,1,3
19155-2022,19155,2022,2,train,1,3
19157-2021,19157,2021,2,train,0,3
19157-2022,19157,2022,2,train,0,3
19159-2020,19159,2020,2,train,0,3
19159-2021,19159,2021,2,train,0,3
19159-2022,19159,2022,2,train,0,3
19161-2019,19161,2019,2,train,4,3
19161-2020,19161,2020,2,train,4,3
19161-2022,19161,2022,2,train,4,3
19163-2020,19163,2020,2,train,4,3
19163-2022,19163,2022,2,train,4,3
19165-2019,19165,2019,2,val,3,3
19165-2020,19165,2020,2,val,3,3
19165-2022,19165,2022,2,val,3,3
19167-2019,19167,2019,2,train,4,3
19167-2020,19167,2020,2,train,4,3
19167-2021,19167,2021,2,train,4,3
19167-2022,19167,2022,2,train,4,3
19169-2019,19169,2019,2,val,3,3
19169-2020,19169,2020,2,val,3,3
19169-2021,19169,2021,2,val,3,3
19169-2022,19169,2022,2,val,3,3
19171-2022,19171,2022,2,train,1,3
19173-2020,19173,2020,2,test,2,3
19173-2021,19173,2021,2,test,2,3
19173-2022,19173,2022,2,test,2,3
19175-2020,19175,2020,2,train,1,3
19175-2021,19175,2021,2,train,1,3
19175-2022,19175,2022,2,train,1,3
19177-2019,19177,2019,2,test,2,3
19177-2020,19177,2020,2,test,2,3
19177-2021,19177,2021,2,test,2,3
19177-2022,19177,2022,2,test,2,3
19179-2019,19179,2019,2,train,1,3
19179-2020,19179,2020,2,train,1,3
19179-2021,19179,2021,2,train,1,3
19179-2022,19179,2022,2,train,1,3
19181-2020,19181,2020,2,val,3,3
19181-2022,19181,2022,2,val,3,3
19183-2019,19183,2019,2,train,0,3
19183-2020,19183,2020,2,train,0,3
19183-2022,19183,2022,2,train,0,3
19185-2021,19185,2021,2,train,0,3
19187-2019,19187,2019,2,train,0,3
19187-2020,19187,2020,2,train,0,3
19187-2021,19187,2021,2,train,0,3
19187-2022,19187,2022,2,train,0,3
19189-2019,19189,2019,2,train,4,3
19189-2020,19189,2020,2,train,4,3
19189-2021,19189,2021,2,train,4,3
19189-2022,19189,2022,2,train,4,3
19191-2019,19191,2019,2,val,3,3
19191-2020,19191,2020,2,val,3,3
19191-2021,19191,2021,2,val,3,3
19191-2022,19191,2022,2,val,3,3
19193-2019,19193,2019,2,test,2,3
19193-2020,19193,2020,2,test,2,3
19193-2021,19193,2021,2,test,2,3
19193-2022,19193,2022,2,test,2,3
19195-2019,19195,2019,2,train,1,3
19195-2020,19195,2020,2,train,1,3
19195-2021,19195,2021,2,train,1,3
19195-2022,19195,2022,2,train,1,3
19197-2019,19197,2019,2,train,0,3
19197-2020,19197,2020,2,train,0,3
19197-2021,19197,2021,2,train,0,3
19197-2022,19197,2022,2,train,0,3
20001-2020,20001,2020,2,test,2,3
20001-2021,20001,2021,2,test,2,3
20003-2019,20003,2019,2,train,4,3
20003-2020,20003,2020,2,train,4,3
20003-2021,20003,2021,2,train,4,3
20005-2020,20005,2020,2,val,3,3
20005-2021,20005,2021,2,val,3,3
20005-2022,20005,2022,2,val,3,3
20009-2020,20009,2020,2,train,4,3
20011-2020,20011,2020,2,train,1,3
20011-2021,20011,2021,2,train,1,3
20013-2019,20013,2019,2,test,2,3
20013-2020,20013,2020,2,test,2,3
20013-2022,20013,2022,2,test,2,3
20015-2020,20015,2020,2,train,0,3
20015-2021,20015,2021,2,train,0,3
20017-2020,20017,2020,2,train,4,3
20017-2021,20017,2021,2,train,4,3
20021-2019,20021,2019,2,val,3,3
20023-2020,20023,2020,2,val,3,3
20023-2021,20023,2021,2,val,3,3
20027-2019,20027,2019,2,train,1,3
20027-2020,20027,2020,2,train,1,3
20027-2022,20027,2022,2,train,1,3
20029-2020,20029,2020,2,train,0,3
20029-2021,20029,2021,2,train,0,3
20029-2022,20029,2022,2,train,0,3
20031-2019,20031,2019,2,test,2,3
20031-2020,20031,2020,2,test,2,3
20035-2019,20035,2019,2,train,4,3
20035-2020,20035,2020,2,train,4,3
20035-2021,20035,2021,2,train,4,3
20037-2020,20037,2020,2,train,1,3
20037-2021,20037,2021,2,train,1,3
20039-2020,20039,2020,2,test,2,3
20041-2020,20041,2020,2,train,0,3
20041-2021,20041,2021,2,train,0,3
20043-2020,20043,2020,2,val,3,3
20043-2021,20043,2021,2,val,3,3
20043-2022,20043,2022,2,val,3,3
20045-2019,20045,2019,2,test,2,3
20045-2020,20045,2020,2,test,2,3
20045-2021,20045,2021,2,test,2,3
20047-2019,20047,2019,2,train,4,3
20047-2020,20047,2020,2,train,4,3
20049-2019,20049,2019,2,train,1,3
20053-2019,20053,2019,2,train,1,3
20053-2020,20053,2020,2,train,1,3
20053-2021,20053,2021,2,train,1,3
20055-2019,20055,2019,2,val,3,3
20055-2020,20055,2020,2,val,3,3
20057-2019,20057,2019,2,train,0,3
20057-2020,20057,2020,2,train,0,3
20057-2021,20057,2021,2,train,0,3
20059-2019,20059,2019,2,test,2,3
20059-2020,20059,2020,2,test,2,3
20061-2020,20061,2020,2,train,0,3
20063-2020,20063,2020,2,train,1,3
20063-2021,20063,2021,2,train,1,3
20065-2020,20065,2020,2,train,0,3
20065-2021,20065,2021,2,train,0,3
20067-2019,20067,2019,2,train,4,3
20067-2020,20067,2020,2,train,4,3
20067-2021,20067,2021,2,train,4,3
20069-2020,20069,2020,2,train,4,3
20069-2021,20069,2021,2,train,4,3
20071-2019,20071,2019,2,val,3,3
20071-2020,20071,2020,2,val,3,3
20071-2021,20071,2021,2,val,3,3
20075-2019,20075,2019,2,train,4,3
20079-2019,20079,2019,2,test,2,3
20079-2020,20079,2020,2,test,2,3
20079-2021,20079,2021,2,test,2,3
20081-2019,20081,2019,2,train,1,3
20081-2020,20081,2020,2,train,1,3
20081-2021,20081,2021,2,train,1,3
20083-2020,20083,2020,2,val,3,3
20085-2019,20085,2019,2,val,3,3
20085-2020,20085,2020,2,val,3,3
20087-2019,20087,2019,2,train,0,3
20087-2020,20087,2020,2,train,0,3
20087-2021,20087,2021,2,train,0,3
20089-2020,20089,2020,2,test,2,3
20095-2019,20095,2019,2,train,4,3
20095-2020,20095,2020,2,train,4,3
20095-2021,20095,2021,2,train,4,3
20097-2020,20097,2020,2,train,1,3
20099-2020,20099,2020,2,test,2,3
20099-2021,20099,2021,2,test,2,3
20101-2020,20101,2020,2,train,1,3
20101-2021,20101,2021,2,train,1,3
20103-2019,20103,2019,2,val,3,3
20103-2020,20103,2020,2,val,3,3
20103-2021,20103,2021,2,val,3,3
20105-2019,20105,2019,2,train,0,3
20107-2020,20107,2020,2,train,4,3
20109-2020,20109,2020,2,train,0,3
20109-2021,20109,2021,2,train,0,3
20111-2019,20111,2019,2,val,3,3
20115-2019,20115,2019,2,test,2,3
20115-2020,20115,2020,2,test,2,3
20115-2021,20115,2021,2,test,2,3
20117-2019,20117,2019,2,train,4,3
20117-2022,20117,2022,2,train,4,3
20119-2020,20119,2020,2,val,3,3
20119-2021,20119,2021,2,val,3,3
20121-2019,20121,2019,2,test,2,3
20121-2020,20121,2020,2,test,2,3
20123-2019,20123,2019,2,train,1,3
20123-2020,20123,2020,2,train,1,3
20123-2021,20123,2021,2,train,1,3
20125-2019,20125,2019,2,train,1,3
20125-2020,20125,2020,2,train,1,3
20127-2019,20127,2019,2,train,0,3
20127-2020,20127,2020,2,train,0,3
20127-2021,20127,2021,2,train,0,3
20129-2019,20129,2019,2,train,4,3
20129-2020,20129,2020,2,train,4,3
20129-2021,20129,2021,2,train,4,3
20131-2020,20131,2020,2,test,2,3
20133-2019,20133,2019,2,val,3,3
20133-2020,20133,2020,2,val,3,3
20133-2021,20133,2021,2,val,3,3
20135-2019,20135,2019,2,test,2,3
20135-2020,20135,2020,2,test,2,3
20135-2021,20135,2021,2,test,2,3
20137-2020,20137,2020,2,train,1,3
20137-2021,20137,2021,2,train,1,3
20137-2022,20137,2022,2,train,1,3
20139-2019,20139,2019,2,train,0,3
20139-2020,20139,2020,2,train,0,3
20141-2020,20141,2020,2,train,1,3
20143-2020,20143,2020,2,train,0,3
20145-2020,20145,2020,2,train,4,3
20147-2020,20147,2020,2,train,0,3
20147-2021,20147,2021,2,train,0,3
20147-2022,20147,2022,2,train,0,3
20149-2019,20149,2019,2,val,3,3
20151-2020,20151,2020,2,test,2,3
20153-2019,20153,2019,2,train,4,3
20153-2020,20153,2020,2,train,4,3
20153-2021,20153,2021,2,train,4,3
20155-2019,20155,2019,2,val,3,3
20155-2020,20155,2020,2,val,3,3
20155-2021,20155,2021,2,val,3,3
20157-2020,20157,2020,2,test,2,3
20157-2021,20157,2021,2,test,2,3
20157-2022,20157,2022,2,test,2,3
20159-2020,20159,2020,2,train,1,3
20161-2019,20161,2019,2,train,1,3
20161-2020,20161,2020,2,train,1,3
20161-2022,20161,2022,2,train,1,3
20163-2019,20163,2019,2,train,4,3
20163-2020,20163,2020,2,train,4,3
20169-2020,20169,2020,2,val,3,3
20169-2021,20169,2021,2,val,3,3
20171-2019,20171,2019,2,test,2,3
20171-2020,20171,2020,2,test,2,3
20173-2019,20173,2019,2,train,1,3
20173-2020,20173,2020,2,train,1,3
20175-2020,20175,2020,2,train,0,3
20175-2021,20175,2021,2,train,0,3
20177-2019,20177,2019,2,train,0,3
20177-2020,20177,2020,2,train,0,3
20177-2021,20177,2021,2,train,0,3
20179-2021,20179,2021,2,train,0,3
20181-2019,20181,2019,2,train,4,3
20181-2020,20181,2020,2,train,4,3
20181-2021,20181,2021,2,train,4,3
20183-2020,20183,2020,2,val,3,3
20183-2021,20183,2021,2,val,3,3
20183-2022,20183,2022,2,val,3,3
20185-2020,20185,2020,2,train,4,3
20187-2019,20187,2019,2,train,4,3
20187-2020,20187,2020,2,train,4,3
20189-2020,20189,2020,2,val,3,3
20189-2021,20189,2021,2,val,3,3
20191-2019,20191,2019,2,test,2,3
20191-2020,20191,2020,2,test,2,3
20191-2021,20191,2021,2,test,2,3
20193-2020,20193,2020,2,val,3,3
20195-2020,20195,2020,2,test,2,3
20195-2021,20195,2021,2,test,2,3
20197-2019,20197,2019,2,test,2,3
20201-2020,20201,2020,2,train,1,3
20201-2022,20201,2022,2,train,1,3
20203-2019,20203,2019,2,train,1,3
20203-2020,20203,2020,2,train,1,3
20203-2021,20203,2021,2,train,1,3
20205-2019,20205,2019,2,train,0,3
20205-2020,20205,2020,2,train,0,3
20207-2020,20207,2020,2,train,1,3
21001-2019,21001,2019,2,train,4,3
21001-2020,21001,2020,2,train,4,3
21007-2020,21007,2020,2,val,3,3
21007-2021,21007,2021,2,val,3,3
21009-2020,21009,2020,2,train,0,3
21031-2020,21031,2020,2,train,4,3
21033-2019,21033,2019,2,train,0,3
21033-2020,21033,2020,2,train,0,3
21033-2021,21033,2021,2,train,0,3
21035-2020,21035,2020,2,test,2,3
21035-2021,21035,2021,2,test,2,3
21039-2020,21039,2020,2,train,1,3
21039-2021,21039,2021,2,train,1,3
21047-2019,21047,2019,2,train,4,3
21047-2020,21047,2020,2,train,4,3
21047-2021,21047,2021,2,train,4,3
21055-2020,21055,2020,2,train,0,3
21055-2021,21055,2021,2,train,0,3
21059-2020,21059,2020,2,train,4,3
21059-2022,21059,2022,2,train,4,3
21075-2019,21075,2019,2,val,3,3
21075-2020,21075,2020,2,val,3,3
21075-2021,21075,2021,2,val,3,3
21083-2020,21083,2020,2,val,3,3
21091-2020,21091,2020,2,test,2,3
21093-2019,21093,2019,2,val,3,3
21093-2020,21093,2020,2,val,3,3
21099-2020,21099,2020,2,train,1,3
21101-2019,21101,2019,2,test,2,3
21101-2020,21101,2020,2,test,2,3
21101-2022,21101,2022,2,test,2,3
21103-2020,21103,2020,2,train,0,3
21105-2019,21105,2019,2,train,1,3
21105-2020,21105,2020,2,train,1,3
21105-2021,21105,2021,2,train,1,3
21107-2020,21107,2020,2,train,4,3
21123-2020,21123,2020,2,val,3,3
21139-2019,21139,2019,2,train,0,3
21139-2020,21139,2020,2,train,0,3
21139-2021,21139,2021,2,train,0,3
21141-2020,21141,2020,2,test,2,3
21143-2019,21143,2019,2,train,1,3
21157-2019,21157,2019,2,train,4,3
21157-2020,21157,2020,2,train,4,3
21157-2021,21157,2021,2,train,4,3
21167-2021,21167,2021,2,train,0,3
21169-2020,21169,2020,2,train,4,3
21177-2020,21177,2020,2,val,3,3
21183-2020,21183,2020,2,test,2,3
21211-2020,21211,2020,2,train,1,3
21213-2020,21213,2020,2,train,0,3
21215-2020,21215,2020,2,train,4,3
21219-2020,21219,2020,2,val,3,3
21221-2019,21221,2019,2,val,3,3
21221-2020,21221,2020,2,val,3,3
21221-2021,21221,2021,2,val,3,3
21223-2020,21223,2020,2,test,2,3
21225-2019,21225,2019,2,train,4,3
21225-2020,21225,2020,2,train,4,3
21225-2021,21225,2021,2,train,4,3
21225-2022,21225,2022,2,train,4,3
21227-2020,21227,2020,2,train,1,3
21229-2020,21229,2020,2,train,0,3
21233-2019,21233,2019,2,test,2,3
21233-2020,21233,2020,2,test,2,3
21233-2021,21233,2021,2,test,2,3
26005-2019,26005,2019,2,test,2,3
26005-2020,26005,2020,2,test,2,3
26007-2019,26007,2019,2,train,1,3
26007-2021,26007,2021,2,train,1,3
26011-2019,26011,2019,2,train,0,3
26011-2020,26011,2020,2,train,0,3
26015-2020,26015,2020,2,train,4,3
26021-2020,26021,2020,2,train,4,3
26021-2022,26021,2022,2,train,4,3
26023-2020,26023,2020,2,val,3,3
26023-2022,26023,2022,2,val,3,3
26025-2020,26025,2020,2,val,3,3
26027-2019,26027,2019,2,train,1,3
26027-2020,26027,2020,2,train,1,3
26027-2022,26027,2022,2,train,1,3
26037-2020,26037,2020,2,test,2,3
26045-2020,26045,2020,2,train,1,3
26049-2019,26049,2019,2,test,2,3
26049-2020,26049,2020,2,test,2,3
26051-2020,26051,2020,2,train,0,3
26059-2019,26059,2019,2,train,0,3
26059-2020,26059,2020,2,train,0,3
26059-2022,26059,2022,2,train,0,3
26063-2020,26063,2020,2,train,4,3
26065-2019,26065,2019,2,train,1,3
26065-2020,26065,2020,2,train,1,3
26067-2020,26067,2020,2,val,3,3
26069-2019,26069,2019,2,train,4,3
26069-2020,26069,2020,2,train,4,3
26069-2021,26069,2021,2,train,4,3
26075-2019,26075,2019,2,train,0,3
26075-2020,26075,2020,2,train,0,3
26077-2019,26077,2019,2,train,4,3
26077-2020,26077,2020,2,train,4,3
26081-2019,26081,2019,2,val,3,3
26081-2020,26081,2020,2,val,3,3
26087-2019,26087,2019,2,test,2,3
26087-2020,26087,2020,2,test,2,3
26091-2019,26091,2019,2,train,1,3
26091-2020,26091,2020,2,train,1,3
26099-2020,26099,2020,2,test,2,3
26105-2019,26105,2019,2,train,0,3
26105-2020,26105,2020,2,train,0,3
26107-2020,26107,2020,2,train,1,3
26109-2019,26109,2019,2,train,4,3
26109-2020,26109,2020,2,train,4,3
26115-2019,26115,2019,2,val,3,3
26115-2020,26115,2020,2,val,3,3
26117-2020,26117,2020,2,train,0,3
26121-2020,26121,2020,2,train,4,3
26123-2019,26123,2019,2,test,2,3
26123-2020,26123,2020,2,test,2,3
26127-2019,26127,2019,2,train,1,3
26127-2020,26127,2020,2,train,1,3
26129-2020,26129,2020,2,val,3,3
26139-2020,26139,2020,2,test,2,3
26141-2019,26141,2019,2,train,0,3
26141-2021,26141,2021,2,train,0,3
26151-2019,26151,2019,2,train,4,3
26151-2020,26151,2020,2,train,4,3
26157-2019,26157,2019,2,val,3,3
26157-2020,26157,2020,2,val,3,3
26159-2020,26159,2020,2,train,1,3
26161-2019,26161,2019,2,test,2,3
26161-2020,26161,2020,2,test,2,3
26165-2020,26165,2020,2,train,0,3
27001-2020,27001,2020,2,train,4,3
27005-2019,27005,2019,2,val,3,3
27005-2020,27005,2020,2,val,3,3
27005-2021,27005,2021,2,val,3,3
27007-2020,27007,2020,2,train,1,3
27007-2021,27007,2021,2,train,1,3
27011-2020,27011,2020,2,train,0,3
27011-2021,27011,2021,2,train,0,3
27013-2019,27013,2019,2,test,2,3
27013-2020,27013,2020,2,test,2,3
27013-2021,27013,2021,2,test,2,3
27015-2019,27015,2019,2,train,1,3
27015-2020,27015,2020,2,train,1,3
27015-2021,27015,2021,2,train,1,3
27019-2020,27019,2020,2,val,3,3
27023-2019,27023,2019,2,train,4,3
27023-2021,27023,2021,2,train,4,3
27025-2019,27025,2019,2,val,3,3
27025-2020,27025,2020,2,val,3,3
27027-2021,27027,2021,2,test,2,3
27029-2019,27029,2019,2,train,0,3
27029-2020,27029,2020,2,train,0,3
27029-2021,27029,2021,2,train,0,3
27033-2019,27033,2019,2,train,4,3
27033-2020,27033,2020,2,train,4,3
27033-2021,27033,2021,2,train,4,3
27035-2020,27035,2020,2,test,2,3
27035-2021,27035,2021,2,test,2,3
27037-2020,27037,2020,2,train,1,3
27039-2020,27039,2020,2,train,0,3
27041-2020,27041,2020,2,train,1,3
27041-2021,27041,2021,2,train,1,3
27043-2020,27043,2020,2,val,3,3
27043-2021,27043,2021,2,val,3,3
27043-2022,27043,2022,2,val,3,3
27045-2020,27045,2020,2,train,0,3
27045-2022,27045,2022,2,train,0,3
27047-2020,27047,2020,2,test,2,3
27047-2021,27047,2021,2,test,2,3
27047-2022,27047,2022,2,test,2,3
27049-2020,27049,2020,2,train,4,3
27049-2021,27049,2021,2,train,4,3
27051-2019,27051,2019,2,train,1,3
27051-2020,27051,2020,2,train,1,3
27051-2021,27051,2021,2,train,1,3
27053-2019,27053,2019,2,val,3,3
27053-2020,27053,2020,2,val,3,3
27055-2019,27055,2019,2,val,3,3
27055-2020,27055,2020,2,val,3,3
27055-2021,27055,2021,2,val,3,3
27055-2022,27055,2022,2,val,3,3
27057-2020,27057,2020,2,test,2,3
27057-2021,27057,2021,2,test,2,3
27059-2019,27059,2019,2,train,1,3
27059-2020,27059,2020,2,train,1,3
27063-2019,27063,2019,2,test,2,3
27063-2020,27063,2020,2,test,2,3
27063-2021,27063,2021,2,test,2,3
27063-2022,27063,2022,2,test,2,3
27067-2020,27067,2020,2,train,4,3
27069-2019,27069,2019,2,train,0,3
27069-2020,27069,2020,2,train,0,3
27079-2020,27079,2020,2,train,4,3
27079-2021,27079,2021,2,train,4,3
27081-2019,27081,2019,2,train,0,3
27081-2020,27081,2020,2,train,0,3
27081-2021,27081,2021,2,train,0,3
27083-2019,27083,2019,2,train,4,3
27083-2020,27083,2020,2,train,4,3
27083-2021,27083,2021,2,train,4,3
27087-2020,27087,2020,2,val,3,3
27087-2021,27087,2021,2,val,3,3
27089-2019,27089,2019,2,val,3,3
27089-2020,27089,2020,2,val,3,3
27089-2021,27089,2021,2,val,3,3
27091-2022,27091,2022,2,val,3,3
27093-2019,27093,2019,2,test,2,3
27093-2020,27093,2020,2,test,2,3
27093-2021,27093,2021,2,test,2,3
27097-2019,27097,2019,2,train,1,3
27097-2020,27097,2020,2,train,1,3
27097-2021,27097,2021,2,train,1,3
27099-2020,27099,2020,2,test,2,3
27099-2022,27099,2022,2,test,2,3
27101-2019,27101,2019,2,train,0,3
27101-2020,27101,2020,2,train,0,3
27101-2021,27101,2021,2,train,0,3
27103-2019,27103,2019,2,test,2,3
27105-2019,27105,2019,2,train,1,3
27105-2020,27105,2020,2,train,1,3
27105-2021,27105,2021,2,train,1,3
27105-2022,27105,2022,2,train,1,3
27107-2020,27107,2020,2,train,1,3
27109-2020,27109,2020,2,train,0,3
27111-2019,27111,2019,2,train,4,3
27111-2020,27111,2020,2,train,4,3
27111-2021,27111,2021,2,train,4,3
27115-2019,27115,2019,2,train,1,3
27115-2020,27115,2020,2,train,1,3
27117-2021,27117,2021,2,train,4,3
27119-2020,27119,2020,2,train,0,3
27119-2021,27119,2021,2,train,0,3
27121-2019,27121,2019,2,val,3,3
27121-2020,27121,2020,2,val,3,3
27121-2021,27121,2021,2,val,3,3
27125-2020,27125,2020,2,train,4,3
27125-2021,27125,2021,2,train,4,3
27127-2019,27127,2019,2,test,2,3
27127-2020,27127,2020,2,test,2,3
27127-2021,27127,2021,2,test,2,3
27129-2019,27129,2019,2,train,1,3
27129-2020,27129,2020,2,train,1,3
27129-2021,27129,2021,2,train,1,3
27131-2020,27131,2020,2,val,3,3
27131-2021,27131,2021,2,val,3,3
27133-2019,27133,2019,2,train,0,3
27133-2020,27133,2020,2,train,0,3
27133-2021,27133,2021,2,train,0,3
27133-2022,27133,2022,2,train,0,3
27135-2019,27135,2019,2,train,0,3
27135-2020,27135,2020,2,train,0,3
27135-2021,27135,2021,2,train,0,3
27139-2020,27139,2020,2,val,3,3
27143-2019,27143,2019,2,test,2,3
27145-2019,27145,2019,2,train,4,3
27145-2020,27145,2020,2,train,4,3
27145-2021,27145,2021,2,train,4,3
27147-2020,27147,2020,2,test,2,3
27147-2021,27147,2021,2,test,2,3
27149-2019,27149,2019,2,val,3,3
27149-2020,27149,2020,2,val,3,3
27149-2021,27149,2021,2,val,3,3
27151-2019,27151,2019,2,train,1,3
27151-2020,27151,2020,2,train,1,3
27153-2019,27153,2019,2,test,2,3
27153-2020,27153,2020,2,test,2,3
27153-2021,27153,2021,2,test,2,3
27155-2020,27155,2020,2,train,0,3
27155-2021,27155,2021,2,train,0,3
27157-2020,27157,2020,2,train,1,3
27159-2019,27159,2019,2,train,1,3
27159-2020,27159,2020,2,train,1,3
27159-2021,27159,2021,2,train,1,3
27161-2020,27161,2020,2,train,4,3
27161-2021,27161,2021,2,train,4,3
27163-2019,27163,2019,2,val,3,3
27163-2020,27163,2020,2,val,3,3
27167-2020,27167,2020,2,test,2,3
27167-2021,27167,2021,2,test,2,3
27169-2019,27169,2019,2,train,0,3
27169-2020,27169,2020,2,train,0,3
27169-2021,27169,2021,2,train,0,3
27173-2019,27173,2019,2,train,1,3
27173-2020,27173,2020,2,train,1,3
29001-2019,29001,2019,2,train,4,3
29001-2020,29001,2020,2,train,4,3
29001-2021,29001,2021,2,train,4,3
29003-2020,29003,2020,2,train,0,3
29005-2020,29005,2020,2,train,0,3
29005-2022,29005,2022,2,train,0,3
29007-2020,29007,2020,2,train,4,3
29011-2019,29011,2019,2,val,3,3
29013-2019,29013,2019,2,test,2,3
29015-2020,29015,2020,2,train,1,3
29017-2019,29017,2019,2,val,3,3
29017-2020,29017,2020,2,val,3,3
29017-2021,29017,2021,2,val,3,3
29019-2020,29019,2020,2,train,0,3
29021-2020,29021,2020,2,test,2,3
29021-2021,29021,2021,2,test,2,3
29021-2022,29021,2022,2,test,2,3
29023-2019,29023,2019,2,train,1,3
29023-2020,29023,2020,2,train,1,3
29023-2021,29023,2021,2,train,1,3
29025-2021,29025,2021,2,train,4,3
29027-2020,29027,2020,2,val,3,3
29031-2020,29031,2020,2,train,4,3
29031-2021,29031,2021,2,train,4,3
29037-2020,29037,2020,2,val,3,3
29037-2021,29037,2021,2,val,3,3
29039-2019,29039,2019,2,test,2,3
29039-2021,29039,2021,2,test,2,3
29041-2020,29041,2020,2,test,2,3
29045-2020,29045,2020,2,train,1,3
29047-2020,29047,2020,2,train,1,3
29047-2021,29047,2021,2,train,1,3
29049-2019,29049,2019,2,train,0,3
29049-2020,29049,2020,2,train,0,3
29049-2021,29049,2021,2,train,0,3
29051-2020,29051,2020,2,train,0,3
29053-2020,29053,2020,2,train,0,3
29053-2021,29053,2021,2,train,0,3
29057-2019,29057,2019,2,train,4,3
29061-2020,29061,2020,2,train,4,3
29061-2021,29061,2021,2,train,4,3
29069-2019,29069,2019,2,train,4,3
29069-2020,29069,2020,2,train,4,3
29069-2021,29069,2021,2,train,4,3
29071-2020,29071,2020,2,val,3,3
29073-2020,29073,2020,2,test,2,3
29075-2020,29075,2020,2,train,1,3
29081-2020,29081,2020,2,val,3,3
29081-2021,29081,2021,2,val,3,3
29083-2021,29083,2021,2,train,0,3
29087-2020,29087,2020,2,train,4,3
29089-2020,29089,2020,2,test,2,3
29089-2021,29089,2021,2,test,2,3
29095-2019,29095,2019,2,train,1,3
29095-2020,29095,2020,2,train,1,3
29101-2021,29101,2021,2,val,3,3
29103-2020,29103,2020,2,test,2,3
29109-2020,29109,2020,2,train,0,3
29109-2021,29109,2021,2,train,0,3
29111-2020,29111,2020,2,train,4,3
29111-2022,29111,2022,2,train,4,3
29113-2020,29113,2020,2,val,3,3
29113-2022,29113,2022,2,val,3,3
29115-2020,29115,2020,2,test,2,3
29115-2021,29115,2021,2,test,2,3
29121-2020,29121,2020,2,train,1,3
29127-2019,29127,2019,2,train,4,3
29127-2020,29127,2020,2,train,4,3
29127-2021,29127,2021,2,train,4,3
29127-2022,29127,2022,2,train,4,3
29133-2019,29133,2019,2,val,3,3
29133-2020,29133,2020,2,val,3,3
29133-2021,29133,2021,2,val,3,3
29135-2020,29135,2020,2,train,0,3
29137-2020,29137,2020,2,train,1,3
29137-2021,29137,2021,2,train,1,3
29139-2020,29139,2020,2,train,4,3
29141-2019,29141,2019,2,train,0,3
29141-2020,29141,2020,2,train,0,3
29143-2019,29143,2019,2,val,3,3
29145-2019,29145,2019,2,test,2,3
29145-2020,29145,2020,2,test,2,3
29145-2021,29145,2021,2,test,2,3
29151-2020,29151,2020,2,test,2,3
29155-2020,29155,2020,2,train,4,3
29155-2021,29155,2021,2,train,4,3
29157-2020,29157,2020,2,train,1,3
29157-2021,29157,2021,2,train,1,3
29157-2022,29157,2022,2,train,1,3
29159-2020,29159,2020,2,train,1,3
29163-2020,29163,2020,2,val,3,3
29163-2022,29163,2022,2,val,3,3
29165-2019,29165,2019,2,train,0,3
29165-2020,29165,2020,2,train,0,3
29165-2021,29165,2021,2,train,0,3
29173-2019,29173,2019,2,train,4,3
29173-2020,29173,2020,2,train,4,3
29173-2022,29173,2022,2,train,4,3
29175-2020,29175,2020,2,train,0,3
29195-2020,29195,2020,2,train,4,3
29197-2022,29197,2022,2,val,3,3
29199-2020,29199,2020,2,test,2,3
29199-2022,29199,2022,2,test,2,3
29201-2019,29201,2019,2,val,3,3
29201-2020,29201,2020,2,val,3,3
29201-2021,29201,2021,2,val,3,3
29205-2020,29205,2020,2,train,1,3
29205-2021,29205,2021,2,train,1,3
29207-2019,29207,2019,2,test,2,3
29207-2020,29207,2020,2,test,2,3
29207-2021,29207,2021,2,test,2,3
29211-2020,29211,2020,2,test,2,3
29219-2020,29219,2020,2,train,1,3
29227-2020,29227,2020,2,train,1,3
29227-2021,29227,2021,2,train,1,3
29227-2022,29227,2022,2,train,1,3
31001-2019,31001,2019,2,train,0,3
31001-2020,31001,2020,2,train,0,3
31001-2022,31001,2022,2,train,0,3
31011-2019,31011,2019,2,train,0,3
31011-2022,31011,2022,2,train,0,3
31013-2019,31013,2019,2,train,4,3
31013-2020,31013,2020,2,train,4,3
31013-2021,31013,2021,2,train,4,3
31015-2020,31015,2020,2,train,4,3
31015-2022,31015,2022,2,train,4,3
31017-2020,31017,2020,2,val,3,3
31017-2021,31017,2021,2,val,3,3
31019-2019,31019,2019,2,val,3,3
31019-2020,31019,2020,2,val,3,3
31019-2022,31019,2022,2,val,3,3
31021-2019,31021,2019,2,test,2,3
31021-2022,31021,2022,2,test,2,3
31023-2019,31023,2019,2,test,2,3
31023-2020,31023,2020,2,test,2,3
31023-2022,31023,2022,2,test,2,3
31025-2019,31025,2019,2,train,1,3
31025-2020,31025,2020,2,train,1,3
31025-2022,31025,2022,2,train,1,3
31027-2021,31027,2021,2,train,1,3
31027-2022,31027,2022,2,train,1,3
31029-2019,31029,2019,2,train,0,3
31029-2020,31029,2020,2,train,0,3
31029-2021,31029,2021,2,train,0,3
31031-2021,31031,2021,2,train,0,3
31033-2020,31033,2020,2,train,4,3
31035-2019,31035,2019,2,train,4,3
31035-2020,31035,2020,2,train,4,3
31035-2022,31035,2022,2,train,4,3
31037-2019,31037,2019,2,val,3,3
31037-2020,31037,2020,2,val,3,3
31037-2022,31037,2022,2,val,3,3
31039-2022,31039,2022,2,val,3,3
31041-2019,31041,2019,2,train,0,3
31041-2020,31041,2020,2,train,0,3
31043-2020,31043,2020,2,test,2,3
31043-2021,31043,2021,2,test,2,3
31043-2022,31043,2022,2,test,2,3
31045-2020,31045,2020,2,test,2,3
31047-2019,31047,2019,2,train,1,3
31047-2020,31047,2020,2,train,1,3
31047-2022,31047,2022,2,train,1,3
31049-2019,31049,2019,2,train,4,3
31049-2020,31049,2020,2,train,4,3
31051-2020,31051,2020,2,train,1,3
31053-2019,31053,2019,2,train,0,3
31053-2020,31053,2020,2,train,0,3
31053-2022,31053,2022,2,train,0,3
31055-2019,31055,2019,2,train,4,3
31055-2020,31055,2020,2,train,4,3
31055-2022,31055,2022,2,train,4,3
31057-2020,31057,2020,2,val,3,3
31057-2021,31057,2021,2,val,3,3
31059-2019,31059,2019,2,val,3,3
31059-2020,31059,2020,2,val,3,3
31059-2022,31059,2022,2,val,3,3
31061-2019,31061,2019,2,val,3,3
31061-2020,31061,2020,2,val,3,3
31061-2021,31061,2021,2,val,3,3
31061-2022,31061,2022,2,val,3,3
31063-2019,31063,2019,2,test,2,3
31063-2020,31063,2020,2,test,2,3
31063-2021,31063,2021,2,test,2,3
31063-2022,31063,2022,2,test,2,3
31065-2019,31065,2019,2,train,1,3
31065-2020,31065,2020,2,train,1,3
31065-2021,31065,2021,2,train,1,3
31065-2022,31065,2022,2,train,1,3
31067-2019,31067,2019,2,test,2,3
31067-2020,31067,2020,2,test,2,3
31067-2022,31067,2022,2,test,2,3
31069-2020,31069,2020,2,train,0,3
31071-2019,31071,2019,2,train,0,3
31071-2020,31071,2020,2,train,0,3
31071-2021,31071,2021,2,train,0,3
31071-2022,31071,2022,2,train,0,3
31073-2020,31073,2020,2,train,1,3
31073-2021,31073,2021,2,train,1,3
31073-2022,31073,2022,2,train,1,3
31077-2019,31077,2019,2,train,4,3
31077-2020,31077,2020,2,train,4,3
31077-2021,31077,2021,2,train,4,3
31077-2022,31077,2022,2,train,4,3
31079-2019,31079,2019,2,test,2,3
31079-2022,31079,2022,2,test,2,3
31081-2019,31081,2019,2,train,1,3
31081-2022,31081,2022,2,train,1,3
31083-2019,31083,2019,2,val,3,3
31083-2020,31083,2020,2,val,3,3
31083-2021,31083,2021,2,val,3,3
31083-2022,31083,2022,2,val,3,3
31085-2019,31085,2019,2,train,0,3
31085-2020,31085,2020,2,train,0,3
31085-2021,31085,2021,2,train,0,3
31087-2020,31087,2020,2,train,4,3
31089-2019,31089,2019,2,train,4,3
31089-2020,31089,2020,2,train,4,3
31089-2022,31089,2022,2,train,4,3
31093-2019,31093,2019,2,test,2,3
31093-2020,31093,2020,2,test,2,3
31093-2021,31093,2021,2,test,2,3
31093-2022,31093,2022,2,test,2,3
31095-2019,31095,2019,2,val,3,3
31095-2020,31095,2020,2,val,3,3
31095-2022,31095,2022,2,val,3,3
31097-2020,31097,2020,2,train,0,3
31097-2022,31097,2022,2,train,0,3
31099-2019,31099,2019,2,test,2,3
31099-2020,31099,2020,2,test,2,3
31099-2022,31099,2022,2,test,2,3
31101-2020,31101,2020,2,train,4,3
31101-2021,31101,2021,2,train,4,3
31103-2020,31103,2020,2,val,3,3
31107-2020,31107,2020,2,train,1,3
31107-2021,31107,2021,2,train,1,3
31107-2022,31107,2022,2,train,1,3
31109-2019,31109,2019,2,train,0,3
31109-2020,31109,2020,2,train,0,3
31109-2022,31109,2022,2,train,0,3
31111-2019,31111,2019,2,train,1,3
31111-2020,31111,2020,2,train,1,3
31111-2021,31111,2021,2,train,1,3
31111-2022,31111,2022,2,train,1,3
31113-2019,31113,2019,2,val,3,3
31113-2020,31113,2020,2,val,3,3
31115-2020,31115,2020,2,test,2,3
31119-2022,31119,2022,2,train,1,3
31121-2019,31121,2019,2,train,0,3
31123-2019,31123,2019,2,train,4,3
31123-2020,31123,2020,2,train,4,3
31123-2021,31123,2021,2,train,4,3
31125-2019,31125,2019,2,val,3,3
31125-2020,31125,2020,2,val,3,3
31125-2022,31125,2022,2,val,3,3
31127-2020,31127,2020,2,test,2,3
31127-2022,31127,2022,2,test,2,3
31129-2020,31129,2020,2,train,1,3
31129-2022,31129,2022,2,train,1,3
31131-2019,31131,2019,2,test,2,3
31131-2020,31131,2020,2,test,2,3
31131-2022,31131,2022,2,test,2,3
31135-2019,31135,2019,2,train,1,3
31135-2020,31135,2020,2,train,1,3
31135-2021,31135,2021,2,train,1,3
31137-2019,31137,2019,2,train,0,3
31137-2020,31137,2020,2,train,0,3
31137-2021,31137,2021,2,train,0,3
31137-2022,31137,2022,2,train,0,3
31139-2020,31139,2020,2,train,0,3
31139-2021,31139,2021,2,train,0,3
31139-2022,31139,2022,2,train,0,3
31141-2019,31141,2019,2,train,4,3
31141-2020,31141,2020,2,train,4,3
31141-2021,31141,2021,2,train,4,3
31141-2022,31141,2022,2,train,4,3
31143-2020,31143,2020,2,train,0,3
31143-2022,31143,2022,2,train,0,3
31145-2019,31145,2019,2,train,4,3
31145-2020,31145,2020,2,train,4,3
31145-2021,31145,2021,2,train,4,3
31147-2020,31147,2020,2,train,4,3
31147-2022,31147,2022,2,train,4,3
31149-2019,31149,2019,2,val,3,3
31149-2020,31149,2020,2,val,3,3
31149-2021,31149,2021,2,val,3,3
31151-2019,31151,2019,2,test,2,3
31151-2020,31151,2020,2,test,2,3
31151-2022,31151,2022,2,test,2,3
31153-2020,31153,2020,2,val,3,3
31153-2022,31153,2022,2,val,3,3
31155-2019,31155,2019,2,train,1,3
31155-2020,31155,2020,2,train,1,3
31155-2022,31155,2022,2,train,1,3
31157-2019,31157,2019,2,train,0,3
31157-2020,31157,2020,2,train,0,3
31157-2021,31157,2021,2,train,0,3
31159-2019,31159,2019,2,train,4,3
31159-2020,31159,2020,2,train,4,3
31159-2022,31159,2022,2,train,4,3
31161-2020,31161,2020,2,test,2,3
31161-2021,31161,2021,2,test,2,3
31163-2019,31163,2019,2,val,3,3
31163-2020,31163,2020,2,val,3,3
31163-2021,31163,2021,2,val,3,3
31163-2022,31163,2022,2,val,3,3
31165-2019,31165,2019,2,val,3,3
31165-2020,31165,2020,2,val,3,3
31165-2021,31165,2021,2,val,3,3
31167-2019,31167,2019,2,train,1,3
31167-2022,31167,2022,2,train,1,3
31169-2019,31169,2019,2,test,2,3
31169-2020,31169,2020,2,test,2,3
31169-2021,31169,2021,2,test,2,3
31169-2022,31169,2022,2,test,2,3
31173-2019,31173,2019,2,train,0,3
31173-2022,31173,2022,2,train,0,3
31175-2019,31175,2019,2,train,1,3
31175-2020,31175,2020,2,train,1,3
31175-2021,31175,2021,2,train,1,3
31175-2022,31175,2022,2,train,1,3
31177-2019,31177,2019,2,test,2,3
31177-2020,31177,2020,2,test,2,3
31177-2022,31177,2022,2,test,2,3
31179-2019,31179,2019,2,train,1,3
31179-2021,31179,2021,2,train,1,3
31179-2022,31179,2022,2,train,1,3
31181-2020,31181,2020,2,train,4,3
31181-2022,31181,2022,2,train,4,3
31183-2020,31183,2020,2,train,4,3
31185-2019,31185,2019,2,train,0,3
31185-2020,31185,2020,2,train,0,3
31185-2022,31185,2022,2,train,0,3
38001-2020,38001,2020,2,val,3,3
38001-2021,38001,2021,2,val,3,3
38003-2020,38003,2020,2,test,2,3
38003-2021,38003,2021,2,test,2,3
38005-2020,38005,2020,2,train,1,3
38005-2021,38005,2021,2,train,1,3
38007-2020,38007,2020,2,train,0,3
38007-2021,38007,2021,2,train,0,3
38009-2020,38009,2020,2,train,4,3
38009-2021,38009,2021,2,train,4,3
38011-2020,38011,2020,2,val,3,3
38015-2019,38015,2019,2,val,3,3
38015-2020,38015,2020,2,val,3,3
38017-2019,38017,2019,2,train,4,3
38017-2020,38017,2020,2,train,4,3
38017-2021,38017,2021,2,train,4,3
38021-2020,38021,2020,2,test,2,3
38021-2021,38021,2021,2,test,2,3
38025-2020,38025,2020,2,train,1,3
38025-2021,38025,2021,2,train,1,3
38027-2020,38027,2020,2,train,0,3
38027-2021,38027,2021,2,train,0,3
38029-2020,38029,2020,2,train,4,3
38029-2021,38029,2021,2,train,4,3
38031-2020,38031,2020,2,val,3,3
38031-2021,38031,2021,2,val,3,3
38033-2021,38033,2021,2,test,2,3
38035-2019,38035,2019,2,val,3,3
38035-2020,38035,2020,2,val,3,3
38035-2021,38035,2021,2,val,3,3
38037-2020,38037,2020,2,test,2,3
38037-2021,38037,2021,2,test,2,3
38041-2019,38041,2019,2,test,2,3
38041-2020,38041,2020,2,test,2,3
38041-2021,38041,2021,2,test,2,3
38043-2019,38043,2019,2,train,1,3
38043-2020,38043,2020,2,train,1,3
38043-2021,38043,2021,2,train,1,3
38047-2020,38047,2020,2,train,1,3
38047-2021,38047,2021,2,train,1,3
38057-2020,38057,2020,2,train,0,3
38057-2021,38057,2021,2,train,0,3
38059-2020,38059,2020,2,train,1,3
38061-2019,38061,2019,2,train,4,3
38061-2020,38061,2020,2,train,4,3
38063-2020,38063,2020,2,train,0,3
38065-2020,38065,2020,2,train,4,3
38067-2020,38067,2020,2,val,3,3
38067-2021,38067,2021,2,val,3,3
38069-2020,38069,2020,2,test,2,3
38069-2021,38069,2021,2,test,2,3
38071-2020,38071,2020,2,train,1,3
38071-2021,38071,2021,2,train,1,3
38073-2020,38073,2020,2,train,0,3
38073-2021,38073,2021,2,train,0,3
38075-2020,38075,2020,2,train,4,3
38075-2021,38075,2021,2,train,4,3
38077-2019,38077,2019,2,train,0,3
38077-2020,38077,2020,2,train,0,3
38077-2021,38077,2021,2,train,0,3
38079-2021,38079,2021,2,val,3,3
38081-2019,38081,2019,2,train,4,3
38081-2020,38081,2020,2,train,4,3
38081-2021,38081,2021,2,train,4,3
38083-2019,38083,2019,2,val,3,3
38083-2020,38083,2020,2,val,3,3
38087-2019,38087,2019,2,val,3,3
38087-2020,38087,2020,2,val,3,3
38087-2021,38087,2021,2,val,3,3
38089-2020,38089,2020,2,test,2,3
38089-2021,38089,2021,2,test,2,3
38091-2019,38091,2019,2,test,2,3
38091-2020,38091,2020,2,test,2,3
38091-2021,38091,2021,2,test,2,3
38093-2019,38093,2019,2,train,1,3
38093-2020,38093,2020,2,train,1,3
38093-2021,38093,2021,2,train,1,3
38095-2020,38095,2020,2,train,1,3
38095-2021,38095,2021,2,train,1,3
38097-2020,38097,2020,2,test,2,3
38099-2020,38099,2020,2,train,0,3
38099-2021,38099,2021,2,train,0,3
38101-2019,38101,2019,2,train,0,3
38101-2020,38101,2020,2,train,0,3
38101-2021,38101,2021,2,train,0,3
38103-2020,38103,2020,2,train,4,3
38103-2021,38103,2021,2,train,4,3
38105-2021,38105,2021,2,train,1,3
39001-2020,39001,2020,2,val,3,3
39001-2022,39001,2022,2,val,3,3
39003-2020,39003,2020,2,test,2,3
39003-2022,39003,2022,2,test,2,3
39005-2019,39005,2019,2,train,4,3
39005-2020,39005,2020,2,train,4,3
39005-2021,39005,2021,2,train,4,3
39007-2019,39007,2019,2,train,1,3
39007-2021,39007,2021,2,train,1,3
39011-2019,39011,2019,2,train,0,3
39011-2020,39011,2020,2,train,0,3
39011-2021,39011,2021,2,train,0,3
39011-2022,39011,2022,2,train,0,3
39015-2022,39015,2022,2,train,0,3
39017-2020,39017,2020,2,train,0,3
39017-2022,39017,2022,2,train,0,3
39021-2019,39021,2019,2,val,3,3
39021-2020,39021,2020,2,val,3,3
39021-2022,39021,2022,2,val,3,3
39023-2022,39023,2022,2,train,4,3
39025-2022,39025,2022,2,val,3,3
39027-2022,39027,2022,2,test,2,3
39029-2019,39029,2019,2,train,1,3
39031-2019,39031,2019,2,train,4,3
39031-2020,39031,2020,2,train,4,3
39031-2021,39031,2021,2,train,4,3
39031-2022,39031,2022,2,train,4,3
39033-2022,39033,2022,2,train,0,3
39037-2019,39037,2019,2,val,3,3
39037-2020,39037,2020,2,val,3,3
39037-2021,39037,2021,2,val,3,3
39037-2022,39037,2022,2,val,3,3
39039-2019,39039,2019,2,test,2,3
39039-2020,39039,2020,2,test,2,3
39039-2022,39039,2022,2,test,2,3
39041-2022,39041,2022,2,train,4,3
39043-2020,39043,2020,2,train,4,3
39043-2022,39043,2022,2,train,4,3
39045-2019,39045,2019,2,train,1,3
39045-2020,39045,2020,2,train,1,3
39045-2022,39045,2022,2,train,1,3
39047-2020,39047,2020,2,val,3,3
39047-2022,39047,2022,2,val,3,3
39049-2022,39049,2022,2,val,3,3
39051-2019,39051,2019,2,train,0,3
39051-2020,39051,2020,2,train,0,3
39051-2022,39051,2022,2,train,0,3
39053-2019,39053,2019,2,train,4,3
39053-2020,39053,2020,2,train,4,3
39053-2021,39053,2021,2,train,4,3
39057-2022,39057,2022,2,test,2,3
39061-2020,39061,2020,2,train,1,3
39063-2020,39063,2020,2,test,2,3
39063-2022,39063,2022,2,test,2,3
39065-2019,39065,2019,2,test,2,3
39065-2020,39065,2020,2,test,2,3
39065-2021,39065,2021,2,test,2,3
39065-2022,39065,2022,2,test,2,3
39069-2020,39069,2020,2,train,1,3
39069-2022,39069,2022,2,train,1,3
39071-2022,39071,2022,2,train,0,3
39075-2019,39075,2019,2,train,1,3
39075-2020,39075,2020,2,train,1,3
39075-2021,39075,2021,2,train,1,3
39075-2022,39075,2022,2,train,1,3
39077-2022,39077,2022,2,train,4,3
39079-2022,39079,2022,2,val,3,3
39083-2019,39083,2019,2,train,0,3
39083-2020,39083,2020,2,train,0,3
39083-2021,39083,2021,2,train,0,3
39083-2022,39083,2022,2,train,0,3
39089-2020,39089,2020,2,val,3,3
39089-2021,39089,2021,2,val,3,3
39089-2022,39089,2022,2,val,3,3
39091-2019,39091,2019,2,train,4,3
39091-2020,39091,2020,2,train,4,3
39091-2021,39091,2021,2,train,4,3
39091-2022,39091,2022,2,train,4,3
39093-2020,39093,2020,2,test,2,3
39093-2021,39093,2021,2,test,2,3
39093-2022,39093,2022,2,test,2,3
39095-2019,39095,2019,2,train,1,3
39095-2020,39095,2020,2,train,1,3
39095-2022,39095,2022,2,train,1,3
39097-2020,39097,2020,2,train,0,3
39097-2022,39097,2022,2,train,0,3
39099-2019,39099,2019,2,test,2,3
39101-2019,39101,2019,2,train,0,3
39101-2020,39101,2020,2,train,0,3
39101-2022,39101,2022,2,train,0,3
39103-2019,39103,2019,2,val,3,3
39103-2020,39103,2020,2,val,3,3
39103-2021,39103,2021,2,val,3,3
39103-2022,39103,2022,2,val,3,3
39107-2019,39107,2019,2,test,2,3
39107-2020,39107,2020,2,test,2,3
39107-2021,39107,2021,2,test,2,3
39107-2022,39107,2022,2,test,2,3
39109-2019,39109,2019,2,train,4,3
39109-2020,39109,2020,2,train,4,3
39109-2022,39109,2022,2,train,4,3
39113-2019,39113,2019,2,train,1,3
39117-2022,39117,2022,2,train,0,3
39119-2019,39119,2019,2,train,1,3
39119-2020,39119,2020,2,train,1,3
39119-2021,39119,2021,2,train,1,3
39119-2022,39119,2022,2,train,1,3
39123-2020,39123,2020,2,train,4,3
39123-2022,39123,2022,2,train,4,3
39125-2020,39125,2020,2,val,3,3
39125-2022,39125,2022,2,val,3,3
39127-2020,39127,2020,2,test,2,3
39127-2021,39127,2021,2,test,2,3
39129-2019,39129,2019,2,train,0,3
39129-2020,39129,2020,2,train,0,3
39129-2021,39129,2021,2,train,0,3
39129-2022,39129,2022,2,train,0,3
39131-2019,39131,2019,2,val,3,3
39131-2021,39131,2021,2,val,3,3
39131-2022,39131,2022,2,val,3,3
39133-2019,39133,2019,2,train,1,3
39133-2021,39133,2021,2,train,1,3
39135-2019,39135,2019,2,train,4,3
39135-2020,39135,2020,2,train,4,3
39135-2021,39135,2021,2,train,4,3
39135-2022,39135,2022,2,train,4,3
39137-2019,39137,2019,2,test,2,3
39137-2020,39137,2020,2,test,2,3
39137-2022,39137,2022,2,test,2,3
39139-2019,39139,2019,2,train,1,3
39139-2020,39139,2020,2,train,1,3
39139-2022,39139,2022,2,train,1,3
39141-2019,39141,2019,2,train,0,3
39141-2021,39141,2021,2,train,0,3
39141-2022,39141,2022,2,train,0,3
39143-2019,39143,2019,2,train,4,3
39143-2020,39143,2020,2,train,4,3
39143-2022,39143,2022,2,train,4,3
39145-2019,39145,2019,2,val,3,3
39145-2020,39145,2020,2,val,3,3
39145-2021,39145,2021,2,val,3,3
39147-2019,39147,2019,2,test,2,3
39147-2020,39147,2020,2,test,2,3
39147-2022,39147,2022,2,test,2,3
39149-2019,39149,2019,2,train,1,3
39149-2020,39149,2020,2,train,1,3
39149-2022,39149,2022,2,train,1,3
39151-2019,39151,2019,2,train,0,3
39151-2020,39151,2020,2,train,0,3
39151-2021,39151,2021,2,train,0,3
39155-2019,39155,2019,2,train,4,3
39157-2019,39157,2019,2,train,4,3
39157-2020,39157,2020,2,train,4,3
39157-2021,39157,2021,2,train,4,3
39159-2019,39159,2019,2,train,0,3
39159-2022,39159,2022,2,train,0,3
39161-2019,39161,2019,2,val,3,3
39161-2020,39161,2020,2,val,3,3
39161-2022,39161,2022,2,val,3,3
39165-2019,39165,2019,2,test,2,3
39165-2020,39165,2020,2,test,2,3
39165-2022,39165,2022,2,test,2,3
39167-2019,39167,2019,2,train,1,3
39167-2020,39167,2020,2,train,1,3
39167-2021,39167,2021,2,train,1,3
39169-2019,39169,2019,2,val,3,3
39169-2020,39169,2020,2,val,3,3
39169-2021,39169,2021,2,val,3,3
39169-2022,39169,2022,2,val,3,3
39171-2019,39171,2019,2,train,0,3
39171-2020,39171,2020,2,train,0,3
39171-2022,39171,2022,2,train,0,3
39173-2020,39173,2020,2,train,4,3
39173-2022,39173,2022,2,train,4,3
39175-2019,39175,2019,2,train,4,3
39175-2020,39175,2020,2,train,4,3
39175-2022,39175,2022,2,train,4,3
46003-2020,46003,2020,2,val,3,3
46003-2021,46003,2021,2,val,3,3
46005-2020,46005,2020,2,test,2,3
46005-2021,46005,2021,2,test,2,3
46007-2020,46007,2020,2,train,1,3
46007-2021,46007,2021,2,train,1,3
46009-2020,46009,2020,2,val,3,3
46009-2021,46009,2021,2,val,3,3
46009-2022,46009,2022,2,val,3,3
46011-2020,46011,2020,2,train,0,3
46011-2021,46011,2021,2,train,0,3
46013-2020,46013,2020,2,train,4,3
46013-2021,46013,2021,2,train,4,3
46015-2020,46015,2020,2,val,3,3
46015-2021,46015,2021,2,val,3,3
46017-2020,46017,2020,2,test,2,3
46017-2021,46017,2021,2,test,2,3
46019-2020,46019,2020,2,train,1,3
46019-2021,46019,2021,2,train,1,3
46021-2020,46021,2020,2,train,0,3
46021-2021,46021,2021,2,train,0,3
46023-2020,46023,2020,2,test,2,3
46023-2021,46023,2021,2,test,2,3
46023-2022,46023,2022,2,test,2,3
46025-2020,46025,2020,2,train,4,3
46025-2021,46025,2021,2,train,4,3
46027-2020,46027,2020,2,train,1,3
46027-2021,46027,2021,2,train,1,3
46027-2022,46027,2022,2,train,1,3
46029-2020,46029,2020,2,val,3,3
46029-2021,46029,2021,2,val,3,3
46031-2020,46031,2020,2,test,2,3
46031-2021,46031,2021,2,test,2,3
46035-2020,46035,2020,2,val,3,3
46037-2020,46037,2020,2,train,1,3
46037-2021,46037,2021,2,train,1,3
46039-2020,46039,2020,2,test,2,3
46041-2020,46041,2020,2,train,1,3
46043-2020,46043,2020,2,train,0,3
46043-2021,46043,2021,2,train,0,3
46045-2019,46045,2019,2,train,4,3
46045-2020,46045,2020,2,train,4,3
46049-2020,46049,2020,2,val,3,3
46049-2021,46049,2021,2,val,3,3
46051-2020,46051,2020,2,test,2,3
46051-2021,46051,2021,2,test,2,3
46053-2020,46053,2020,2,train,1,3
46053-2021,46053,2021,2,train,1,3
46057-2020,46057,2020,2,train,0,3
46057-2021,46057,2021,2,train,0,3
46059-2020,46059,2020,2,train,4,3
46059-2021,46059,2021,2,train,4,3
46061-2020,46061,2020,2,val,3,3
46061-2021,46061,2021,2,val,3,3
46063-2021,46063,2021,2,train,0,3
46065-2020,46065,2020,2,test,2,3
46065-2021,46065,2021,2,test,2,3
46067-2020,46067,2020,2,train,1,3
46067-2021,46067,2021,2,train,1,3
46069-2020,46069,2020,2,train,4,3
46073-2020,46073,2020,2,train,0,3
46073-2021,46073,2021,2,train,0,3
46075-2020,46075,2020,2,val,3,3
46077-2020,46077,2020,2,train,4,3
46077-2021,46077,2021,2,train,4,3
46079-2020,46079,2020,2,val,3,3
46079-2021,46079,2021,2,val,3,3
46083-2019,46083,2019,2,test,2,3
46083-2020,46083,2020,2,test,2,3
46083-2021,46083,2021,2,test,2,3
46083-2022,46083,2022,2,test,2,3
46085-2019,46085,2019,2,train,0,3
46085-2020,46085,2020,2,train,0,3
46085-2021,46085,2021,2,train,0,3
46091-2020,46091,2020,2,test,2,3
46091-2021,46091,2021,2,test,2,3
46093-2021,46093,2021,2,test,2,3
46095-2020,46095,2020,2,train,1,3
46097-2020,46097,2020,2,train,1,3
46097-2021,46097,2021,2,train,1,3
46099-2019,46099,2019,2,train,4,3
46099-2020,46099,2020,2,train,4,3
46099-2022,46099,2022,2,train,4,3
46101-2020,46101,2020,2,train,0,3
46102-2020,46102,2020,2,train,0,3
46102-2021,46102,2021,2,train,0,3
46103-2021,46103,2021,2,train,4,3
46107-2020,46107,2020,2,train,4,3
46107-2021,46107,2021,2,train,4,3
46109-2020,46109,2020,2,val,3,3
46111-2020,46111,2020,2,val,3,3
46111-2021,46111,2021,2,val,3,3
46115-2020,46115,2020,2,test,2,3
46119-2020,46119,2020,2,test,2,3
46119-2021,46119,2021,2,test,2,3
46121-2021,46121,2021,2,train,1,3
46123-2020,46123,2020,2,train,1,3
46123-2021,46123,2021,2,train,1,3
46125-2020,46125,2020,2,val,3,3
46125-2021,46125,2021,2,val,3,3
46125-2022,46125,2022,2,val,3,3
46127-2019,46127,2019,2,test,2,3
46127-2020,46127,2020,2,test,2,3
46127-2022,46127,2022,2,test,2,3
46129-2020,46129,2020,2,train,0,3
46129-2021,46129,2021,2,train,0,3
46135-2021,46135,2021,2,train,4,3
46135-2022,46135,2022,2,train,4,3
46137-2019,46137,2019,2,val,3,3
46137-2020,46137,2020,2,val,3,3
55001-2019,55001,2019,2,test,2,3
55001-2020,55001,2020,2,test,2,3
55005-2020,55005,2020,2,train,0,3
55009-2020,55009,2020,2,train,4,3
55011-2020,55011,2020,2,val,3,3
55013-2020,55013,2020,2,test,2,3
55015-2020,55015,2020,2,train,1,3
55017-2019,55017,2019,2,train,1,3
55017-2020,55017,2020,2,train,1,3
55017-2021,55017,2021,2,train,1,3
55019-2019,55019,2019,2,train,0,3
55019-2020,55019,2020,2,train,0,3
55019-2021,55019,2021,2,train,0,3
55021-2019,55021,2019,2,train,4,3
55021-2020,55021,2020,2,train,4,3
55021-2021,55021,2021,2,train,4,3
55023-2019,55023,2019,2,train,1,3
55023-2020,55023,2020,2,train,1,3
55023-2021,55023,2021,2,train,1,3
55023-2022,55023,2022,2,train,1,3
55025-2019,55025,2019,2,train,0,3
55025-2020,55025,2020,2,train,0,3
55025-2021,55025,2021,2,train,0,3
55025-2022,55025,2022,2,train,0,3
55027-2019,55027,2019,2,train,1,3
55027-2020,55027,2020,2,train,1,3
55029-2019,55029,2019,2,val,3,3
55029-2020,55029,2020,2,val,3,3
55029-2021,55029,2021,2,val,3,3
55033-2020,55033,2020,2,train,0,3
55035-2019,55035,2019,2,test,2,3
55035-2020,55035,2020,2,test,2,3
55035-2021,55035,2021,2,test,2,3
55043-2019,55043,2019,2,train,4,3
55043-2020,55043,2020,2,train,4,3
55043-2021,55043,2021,2,train,4,3
55043-2022,55043,2022,2,train,4,3
55045-2019,55045,2019,2,val,3,3
55045-2020,55045,2020,2,val,3,3
55045-2021,55045,2021,2,val,3,3
55045-2022,55045,2022,2,val,3,3
55047-2019,55047,2019,2,train,1,3
55047-2020,55047,2020,2,train,1,3
55047-2021,55047,2021,2,train,1,3
55049-2020,55049,2020,2,train,0,3
55049-2022,55049,2022,2,train,0,3
55053-2019,55053,2019,2,train,0,3
55053-2020,55053,2020,2,train,0,3
55053-2021,55053,2021,2,train,0,3
55055-2019,55055,2019,2,train,4,3
55055-2020,55055,2020,2,train,4,3
55055-2022,55055,2022,2,train,4,3
55057-2019,55057,2019,2,val,3,3
55057-2020,55057,2020,2,val,3,3
55057-2021,55057,2021,2,val,3,3
55059-2020,55059,2020,2,train,4,3
55059-2022,55059,2022,2,train,4,3
55061-2020,55061,2020,2,train,4,3
55063-2019,55063,2019,2,test,2,3
55063-2020,55063,2020,2,test,2,3
55063-2021,55063,2021,2,test,2,3
55065-2020,55065,2020,2,val,3,3
55065-2022,55065,2022,2,val,3,3
55067-2020,55067,2020,2,test,2,3
55067-2021,55067,2021,2,test,2,3
55069-2020,55069,2020,2,train,1,3
55069-2021,55069,2021,2,train,1,3
55071-2019,55071,2019,2,train,0,3
55071-2020,55071,2020,2,train,0,3
55073-2020,55073,2020,2,train,4,3
55073-2021,55073,2021,2,train,4,3
55075-2019,55075,2019,2,train,1,3
55075-2020,55075,2020,2,train,1,3
55075-2021,55075,2021,2,train,1,3
55077-2020,55077,2020,2,val,3,3
55079-2020,55079,2020,2,test,2,3
55081-2019,55081,2019,2,train,0,3
55081-2020,55081,2020,2,train,0,3
55081-2021,55081,2021,2,train,0,3
55083-2019,55083,2019,2,train,4,3
55083-2020,55083,2020,2,train,4,3
55083-2021,55083,2021,2,train,4,3
55087-2019,55087,2019,2,val,3,3
55087-2020,55087,2020,2,val,3,3
55089-2019,55089,2019,2,test,2,3
55089-2020,55089,2020,2,test,2,3
55091-2020,55091,2020,2,train,1,3
55093-2020,55093,2020,2,test,2,3
55095-2020,55095,2020,2,train,1,3
55097-2019,55097,2019,2,train,1,3
55097-2020,55097,2020,2,train,1,3
55101-2019,55101,2019,2,val,3,3
55101-2020,55101,2020,2,val,3,3
55101-2022,55101,2022,2,val,3,3
55103-2019,55103,2019,2,test,2,3
55103-2020,55103,2020,2,test,2,3
55103-2021,55103,2021,2,test,2,3
55103-2022,55103,2022,2,test,2,3
55105-2019,55105,2019,2,train,1,3
55105-2020,55105,2020,2,train,1,3
55105-2021,55105,2021,2,train,1,3
55105-2022,55105,2022,2,train,1,3
55107-2019,55107,2019,2,test,2,3
55107-2020,55107,2020,2,test,2,3
55107-2021,55107,2021,2,test,2,3
55111-2019,55111,2019,2,train,1,3
55111-2020,55111,2020,2,train,1,3
55111-2021,55111,2021,2,train,1,3
55113-2020,55113,2020,2,train,0,3
55113-2021,55113,2021,2,train,0,3
55115-2019,55115,2019,2,train,0,3
55115-2020,55115,2020,2,train,0,3
55115-2021,55115,2021,2,train,0,3
55117-2019,55117,2019,2,train,4,3
55117-2020,55117,2020,2,train,4,3
55119-2020,55119,2020,2,val,3,3
55119-2021,55119,2021,2,val,3,3
55121-2019,55121,2019,2,train,4,3
55121-2020,55121,2020,2,train,4,3
55121-2021,55121,2021,2,train,4,3
55123-2019,55123,2019,2,train,0,3
55123-2020,55123,2020,2,train,0,3
55123-2021,55123,2021,2,train,0,3
55123-2022,55123,2022,2,train,0,3
55127-2019,55127,2019,2,val,3,3
55127-2020,55127,2020,2,val,3,3
55127-2022,55127,2022,2,val,3,3
55129-2019,55129,2019,2,test,2,3
55129-2020,55129,2020,2,test,2,3
55131-2019,55131,2019,2,train,1,3
55131-2020,55131,2020,2,train,1,3
55133-2019,55133,2019,2,train,4,3
55133-2020,55133,2020,2,train,4,3
55133-2022,55133,2022,2,train,4,3
55135-2019,55135,2019,2,train,0,3
55135-2020,55135,2020,2,train,0,3
55137-2019,55137,2019,2,val,3,3
55137-2020,55137,2020,2,val,3,3
55137-2021,55137,2021,2,val,3,3
55139-2019,55139,2019,2,train,4,3
55139-2020,55139,2020,2,train,4,3
55141-2019,55141,2019,2,val,3,3
55141-2020,55141,2020,2,val,3,3
17001-2020,17001,2020,3,train,0,4
17001-2022,17001,2022,3,train,0,4
17003-2019,17003,2019,3,val,4,4
17003-2020,17003,2020,3,val,4,4
17005-2019,17005,2019,3,train,2,4
17005-2020,17005,2020,3,train,2,4
17005-2021,17005,2021,3,train,2,4
17005-2022,17005,2022,3,train,2,4
17007-2019,17007,2019,3,train,2,4
17007-2020,17007,2020,3,train,2,4
17007-2022,17007,2022,3,train,2,4
17009-2020,17009,2020,3,test,3,4
17009-2022,17009,2022,3,test,3,4
17011-2019,17011,2019,3,train,1,4
17011-2020,17011,2020,3,train,1,4
17011-2021,17011,2021,3,train,1,4
17011-2022,17011,2022,3,train,1,4
17013-2020,17013,2020,3,train,2,4
17013-2022,17013,2022,3,train,2,4
17015-2020,17015,2020,3,train,1,4
17015-2022,17015,2022,3,train,1,4
17017-2019,17017,2019,3,train,0,4
17017-2020,17017,2020,3,train,0,4
17017-2021,17017,2021,3,train,0,4
17017-2022,17017,2022,3,train,0,4
17019-2021,17019,2021,3,train,0,4
17019-2022,17019,2022,3,train,0,4
17021-2020,17021,2020,3,train,1,4
17021-2021,17021,2021,3,train,1,4
17021-2022,17021,2022,3,train,1,4
17023-2020,17023,2020,3,val,4,4
17023-2022,17023,2022,3,val,4,4
17025-2019,17025,2019,3,val,4,4
17025-2020,17025,2020,3,val,4,4
17025-2021,17025,2021,3,val,4,4
17025-2022,17025,2022,3,val,4,4
17027-2019,17027,2019,3,test,3,4
17027-2020,17027,2020,3,test,3,4
17027-2021,17027,2021,3,test,3,4
17027-2022,17027,2022,3,test,3,4
17029-2019,17029,2019,3,test,3,4
17029-2021,17029,2021,3,test,3,4
17031-2019,17031,2019,3,train,0,4
17033-2019,17033,2019,3,train,0,4
17033-2020,17033,2020,3,train,0,4
17033-2022,17033,2022,3,train,0,4
17035-2019,17035,2019,3,train,2,4
17035-2022,17035,2022,3,train,2,4
17039-2020,17039,2020,3,val,4,4
17039-2021,17039,2021,3,val,4,4
17039-2022,17039,2022,3,val,4,4
17041-2019,17041,2019,3,train,1,4
17041-2022,17041,2022,3,train,1,4
17045-2020,17045,2020,3,test,3,4
17045-2021,17045,2021,3,test,3,4
17045-2022,17045,2022,3,test,3,4
17047-2020,17047,2020,3,train,2,4
17047-2021,17047,2021,3,train,2,4
17047-2022,17047,2022,3,train,2,4
17049-2021,17049,2021,3,train,0,4
17049-2022,17049,2022,3,train,0,4
17051-2019,17051,2019,3,train,1,4
17051-2020,17051,2020,3,train,1,4
17051-2021,17051,2021,3,train,1,4
17053-2019,17053,2019,3,train,2,4
17053-2020,17053,2020,3,train,2,4
17053-2021,17053,2021,3,train,2,4
17053-2022,17053,2022,3,train,2,4
17055-2019,17055,2019,3,train,1,4
17055-2020,17055,2020,3,train,1,4
17055-2021,17055,2021,3,train,1,4
17055-2022,17055,2022,3,train,1,4
17057-2020,17057,2020,3,train,0,4
17057-2021,17057,2021,3,train,0,4
17057-2022,17057,2022,3,train,0,4
17059-2019,17059,2019,3,train,0,4
17059-2020,17059,2020,3,train,0,4
17059-2021,17059,2021,3,train,0,4
17059-2022,17059,2022,3,train,0,4
17061-2020,17061,2020,3,val,4,4
17061-2021,17061,2021,3,val,4,4
17061-2022,17061,2022,3,val,4,4
17063-2019,17063,2019,3,test,3,4
17063-2020,17063,2020,3,test,3,4
17063-2022,17063,2022,3,test,3,4
17065-2020,17065,2020,3,val,4,4
17065-2022,17065,2022,3,val,4,4
17067-2020,17067,2020,3,test,3,4
17067-2022,17067,2022,3,test,3,4
17071-2020,17071,2020,3,train,2,4
17071-2022,17071,2022,3,train,2,4
17073-2020,17073,2020,3,train,1,4
17073-2022,17073,2022,3,train,1,4
17075-2019,17075,2019,3,val,4,4
17075-2020,17075,2020,3,val,4,4
17075-2021,17075,2021,3,val,4,4
17075-2022,17075,2022,3,val,4,4
17077-2019,17077,2019,3,test,3,4
17077-2020,17077,2020,3,test,3,4
17077-2021,17077,2021,3,test,3,4
17077-2022,17077,2022,3,test,3,4
17079-2019,17079,2019,3,train,2,4
17079-2020,17079,2020,3,train,2,4
17079-2022,17079,2022,3,train,2,4
17081-2019,17081,2019,3,train,1,4
17081-2021,17081,2021,3,train,1,4
17081-2022,17081,2022,3,train,1,4
17083-2020,17083,2020,3,train,0,4
17083-2022,17083,2022,3,train,0,4
17085-2020,17085,2020,3,val,4,4
17085-2022,17085,2022,3,val,4,4
17087-2020,17087,2020,3,val,4,4
17089-2019,17089,2019,3,train,0,4
17089-2020,17089,2020,3,train,0,4
17089-2022,17089,2022,3,train,0,4
17091-2020,17091,2020,3,test,3,4
17091-2022,17091,2022,3,test,3,4
17093-2019,17093,2019,3,val,4,4
17093-2020,17093,2020,3,val,4,4
17093-2022,17093,2022,3,val,4,4
17095-2020,17095,2020,3,train,2,4
17095-2022,17095,2022,3,train,2,4
17097-2019,17097,2019,3,train,1,4
17097-2020,17097,2020,3,train,1,4
17101-2019,17101,2019,3,test,3,4
17101-2020,17101,2020,3,test,3,4
17101-2022,17101,2022,3,test,3,4
17103-2019,17103,2019,3,train,2,4
17103-2020,17103,2020,3,train,2,4
17103-2022,17103,2022,3,train,2,4
17105-2019,17105,2019,3,train,2,4
17105-2020,17105,2020,3,train,2,4
17105-2021,17105,2021,3,train,2,4
17105-2022,17105,2022,3,train,2,4
17107-2020,17107,2020,3,train,1,4
17107-2021,17107,2021,3,train,1,4
17107-2022,17107,2022,3,train,1,4
17115-2020,17115,2020,3,train,0,4
17115-2021,17115,2021,3,train,0,4
17115-2022,17115,2022,3,train,0,4
17117-2020,17117,2020,3,val,4,4
17117-2021,17117,2021,3,val,4,4
17117-2022,17117,2022,3,val,4,4
17119-2019,17119,2019,3,train,1,4
17119-2020,17119,2020,3,train,1,4
17119-2021,17119,2021,3,train,1,4
17119-2022,17119,2022,3,train,1,4
17121-2019,17121,2019,3,train,0,4
17121-2020,17121,2020,3,train,0,4
17121-2021,17121,2021,3,train,0,4
17121-2022,17121,2022,3,train,0,4
17123-2019,17123,2019,3,val,4,4
17123-2020,17123,2020,3,val,4,4
17123-2021,17123,2021,3,val,4,4
17123-2022,17123,2022,3,val,4,4
17125-2020,17125,2020,3,test,3,4
17125-2021,17125,2021,3,test,3,4
17125-2022,17125,2022,3,test,3,4
17127-2019,17127,2019,3,train,0,4
17127-2020,17127,2020,3,train,0,4
17129-2021,17129,2021,3,test,3,4
17131-2020,17131,2020,3,val,4,4
17131-2022,17131,2022,3,val,4,4
17133-2019,17133,2019,3,train,2,4
17133-2020,17133,2020,3,train,2,4
17133-2022,17133,2022,3,train,2,4
17135-2020,17135,2020,3,train,1,4
17135-2021,17135,2021,3,train,1,4
17135-2022,17135,2022,3,train,1,4
17137-2019,17137,2019,3,train,0,4
17137-2020,17137,2020,3,train,0,4
17137-2022,17137,2022,3,train,0,4
17139-2021,17139,2021,3,test,3,4
17139-2022,17139,2022,3,test,3,4
17141-2019,17141,2019,3,val,4,4
17141-2020,17141,2020,3,val,4,4
17141-2022,17141,2022,3,val,4,4
17143-2019,17143,2019,3,test,3,4
17143-2020,17143,2020,3,test,3,4
17143-2021,17143,2021,3,test,3,4
17143-2022,17143,2022,3,test,3,4
17145-2020,17145,2020,3,train,2,4
17145-2022,17145,2022,3,train,2,4
17147-2021,17147,2021,3,train,1,4
17147-2022,17147,2022,3,train,1,4
17149-2020,17149,2020,3,train,2,4
17151-2020,17151,2020,3,train,1,4
17153-2019,17153,2019,3,test,3,4
17153-2020,17153,2020,3,test,3,4
17153-2021,17153,2021,3,test,3,4
17155-2020,17155,2020,3,train,2,4
17155-2021,17155,2021,3,train,2,4
17155-2022,17155,2022,3,train,2,4
17157-2019,17157,2019,3,train,2,4
17157-2020,17157,2020,3,train,2,4
17157-2021,17157,2021,3,train,2,4
17157-2022,17157,2022,3,train,2,4
17159-2020,17159,2020,3,train,0,4
17161-2020,17161,2020,3,train,0,4
17161-2022,17161,2022,3,train,0,4
17165-2020,17165,2020,3,train,1,4
17165-2021,17165,2021,3,train,1,4
17165-2022,17165,2022,3,train,1,4
17167-2021,17167,2021,3,val,4,4
17169-2020,17169,2020,3,val,4,4
17169-2022,17169,2022,3,val,4,4
17171-2020,17171,2020,3,test,3,4
17171-2022,17171,2022,3,test,3,4
17173-2021,17173,2021,3,train,2,4
17173-2022,17173,2022,3,train,2,4
17175-2019,17175,2019,3,train,1,4
17175-2020,17175,2020,3,train,1,4
17175-2021,17175,2021,3,train,1,4
17175-2022,17175,2022,3,train,1,4
17177-2019,17177,2019,3,train,0,4
17177-2020,17177,2020,3,train,0,4
17177-2021,17177,2021,3,train,0,4
17177-2022,17177,2022,3,train,0,4
17179-2020,17179,2020,3,train,0,4
17179-2021,17179,2021,3,train,0,4
17179-2022,17179,2022,3,train,0,4
17181-2019,17181,2019,3,val,4,4
17181-2020,17181,2020,3,val,4,4
17181-2021,17181,2021,3,val,4,4
17183-2020,17183,2020,3,test,3,4
17183-2021,17183,2021,3,test,3,4
17183-2022,17183,2022,3,test,3,4
17185-2019,17185,2019,3,train,2,4
17185-2020,17185,2020,3,train,2,4
17185-2022,17185,2022,3,train,2,4
17187-2020,17187,2020,3,train,1,4
17187-2022,17187,2022,3,train,1,4
17189-2019,17189,2019,3,val,4,4
17189-2020,17189,2020,3,val,4,4
17189-2021,17189,2021,3,val,4,4
17189-2022,17189,2022,3,val,4,4
17191-2020,17191,2020,3,train,0,4
17191-2022,17191,2022,3,train,0,4
17193-2019,17193,2019,3,test,3,4
17193-2020,17193,2020,3,test,3,4
17193-2021,17193,2021,3,test,3,4
17193-2022,17193,2022,3,test,3,4
17195-2019,17195,2019,3,train,1,4
17195-2020,17195,2020,3,train,1,4
17195-2022,17195,2022,3,train,1,4
17197-2020,17197,2020,3,val,4,4
17197-2022,17197,2022,3,val,4,4
17199-2019,17199,2019,3,train,0,4
17199-2020,17199,2020,3,train,0,4
17199-2022,17199,2022,3,train,0,4
17201-2019,17201,2019,3,train,2,4
17201-2020,17201,2020,3,train,2,4
17201-2021,17201,2021,3,train,2,4
17201-2022,17201,2022,3,train,2,4
17203-2019,17203,2019,3,train,1,4
17203-2020,17203,2020,3,train,1,4
17203-2021,17203,2021,3,train,1,4
17203-2022,17203,2022,3,train,1,4
18001-2019,18001,2019,3,val,4,4
18001-2020,18001,2020,3,val,4,4
18001-2022,18001,2022,3,val,4,4
18003-2019,18003,2019,3,test,3,4
18003-2020,18003,2020,3,test,3,4
18003-2022,18003,2022,3,test,3,4
18005-2022,18005,2022,3,test,3,4
18007-2019,18007,2019,3,train,0,4
18007-2020,18007,2020,3,train,0,4
18007-2021,18007,2021,3,train,0,4
18007-2022,18007,2022,3,train,0,4
18009-2022,18009,2022,3,train,2,4
18011-2019,18011,2019,3,val,4,4
18011-2020,18011,2020,3,val,4,4
18011-2021,18011,2021,3,val,4,4
18011-2022,18011,2022,3,val,4,4
18015-2019,18015,2019,3,train,2,4
18015-2020,18015,2020,3,train,2,4
18015-2022,18015,2022,3,train,2,4
18017-2020,18017,2020,3,test,3,4
18017-2022,18017,2022,3,test,3,4
18019-2020,18019,2020,3,train,1,4
18021-2020,18021,2020,3,train,1,4
18021-2021,18021,2021,3,train,1,4
18021-2022,18021,2022,3,train,1,4
18023-2020,18023,2020,3,train,0,4
18023-2021,18023,2021,3,train,0,4
18023-2022,18023,2022,3,train,0,4
18027-2019,18027,2019,3,test,3,4
18027-2020,18027,2020,3,test,3,4
18027-2021,18027,2021,3,test,3,4
18027-2022,18027,2022,3,test,3,4
18029-2019,18029,2019,3,val,4,4
18029-2020,18029,2020,3,val,4,4
18029-2022,18029,2022,3,val,4,4
18031-2019,18031,2019,3,test,3,4
18031-2020,18031,2020,3,test,3,4
18031-2022,18031,2022,3,test,3,4
18035-2022,18035,2022,3,train,0,4
18037-2022,18037,2022,3,val,4,4
18039-2019,18039,2019,3,train,2,4
18039-2020,18039,2020,3,train,2,4
18039-2021,18039,2021,3,train,2,4
18039-2022,18039,2022,3,train,2,4
18041-2019,18041,2019,3,train,1,4
18041-2020,18041,2020,3,train,1,4
18041-2021,18041,2021,3,train,1,4
18041-2022,18041,2022,3,train,1,4
18045-2020,18045,2020,3,train,2,4
18045-2022,18045,2022,3,train,2,4
18047-2019,18047,2019,3,train,2,4
18047-2020,18047,2020,3,train,2,4
18047-2022,18047,2022,3,train,2,4
18049-2019,18049,2019,3,train,1,4
18049-2020,18049,2020,3,train,1,4
18049-2021,18049,2021,3,train,1,4
18051-2019,18051,2019,3,train,0,4
18051-2020,18051,2020,3,train,0,4
18051-2022,18051,2022,3,train,0,4
18053-2020,18053,2020,3,train,1,4
18053-2022,18053,2022,3,train,1,4
18055-2019,18055,2019,3,val,4,4
18055-2020,18055,2020,3,val,4,4
18055-2021,18055,2021,3,val,4,4
18057-2022,18057,2022,3,test,3,4
18059-2020,18059,2020,3,train,0,4
18059-2022,18059,2022,3,train,0,4
18063-2019,18063,2019,3,train,0,4
18063-2020,18063,2020,3,train,0,4
18063-2021,18063,2021,3,train,0,4
18063-2022,18063,2022,3,train,0,4
18065-2022,18065,2022,3,train,2,4
18067-2020,18067,2020,3,val,4,4
18067-2022,18067,2022,3,val,4,4
18069-2022,18069,2022,3,train,1,4
18071-2022,18071,2022,3,train,0,4
18073-2020,18073,2020,3,test,3,4
18073-2022,18073,2022,3,test,3,4
18075-2019,18075,2019,3,test,3,4
18075-2020,18075,2020,3,test,3,4
18075-2022,18075,2022,3,test,3,4
18077-2019,18077,2019,3,train,2,4
18077-2020,18077,2020,3,train,2,4
18077-2022,18077,2022,3,train,2,4
18079-2022,18079,2022,3,val,4,4
18081-2022,18081,2022,3,test,3,4
18083-2020,18083,2020,3,train,2,4
18083-2022,18083,2022,3,train,2,4
18085-2022,18085,2022,3,train,2,4
18089-2020,18089,2020,3,train,1,4
18089-2022,18089,2022,3,train,1,4
18093-2022,18093,2022,3,train,1,4
18095-2022,18095,2022,3,train,0,4
18097-2020,18097,2020,3,val,4,4
18099-2019,18099,2019,3,val,4,4
18099-2020,18099,2020,3,val,4,4
18099-2021,18099,2021,3,val,4,4
18099-2022,18099,2022,3,val,4,4
18101-2022,18101,2022,3,test,3,4
18103-2020,18103,2020,3,train,0,4
18103-2022,18103,2022,3,train,0,4
18105-2022,18105,2022,3,train,2,4
18107-2019,18107,2019,3,train,1,4
18107-2020,18107,2020,3,train,1,4
18107-2021,18107,2021,3,train,1,4
18109-2022,18109,2022,3,train,1,4
18111-2019,18111,2019,3,test,3,4
18111-2020,18111,2020,3,test,3,4
18111-2021,18111,2021,3,test,3,4
18111-2022,18111,2022,3,test,3,4
18113-2020,18113,2020,3,val,4,4
18113-2022,18113,2022,3,val,4,4
18115-2019,18115,2019,3,test,3,4
18115-2020,18115,2020,3,test,3,4
18119-2020,18119,2020,3,train,0,4
18119-2021,18119,2021,3,train,0,4
18119-2022,18119,2022,3,train,0,4
18121-2019,18121,2019,3,val,4,4
18121-2020,18121,2020,3,val,4,4
18121-2022,18121,2022,3,val,4,4
18123-2022,18123,2022,3,train,0,4
18125-2020,18125,2020,3,train,2,4
18125-2022,18125,2022,3,train,2,4
18127-2019,18127,2019,3,train,2,4
18127-2020,18127,2020,3,train,2,4
18127-2021,18127,2021,3,train,2,4
18127-2022,18127,2022,3,train,2,4
18129-2019,18129,2019,3,train,1,4
18129-2020,18129,2020,3,train,1,4
18129-2021,18129,2021,3,train,1,4
18129-2022,18129,2022,3,train,1,4
18131-2019,18131,2019,3,test,3,4
18131-2020,18131,2020,3,test,3,4
18131-2022,18131,2022,3,test,3,4
18133-2019,18133,2019,3,train,0,4
18133-2020,18133,2020,3,train,0,4
18133-2021,18133,2021,3,train,0,4
18133-2022,18133,2022,3,train,0,4
18135-2019,18135,2019,3,train,2,4
18135-2020,18135,2020,3,train,2,4
18135-2022,18135,2022,3,train,2,4
18137-2020,18137,2020,3,train,1,4
18137-2022,18137,2022,3,train,1,4
18139-2022,18139,2022,3,val,4,4
18141-2019,18141,2019,3,val,4,4
18141-2020,18141,2020,3,val,4,4
18141-2021,18141,2021,3,val,4,4
18141-2022,18141,2022,3,val,4,4
18143-2022,18143,2022,3,test,3,4
18145-2020,18145,2020,3,train,0,4
18145-2022,18145,2022,3,train,0,4
18147-2020,18147,2020,3,train,2,4
18149-2019,18149,2019,3,train,1,4
18149-2020,18149,2020,3,train,1,4
18149-2022,18149,2022,3,train,1,4
18151-2020,18151,2020,3,val,4,4
18151-2022,18151,2022,3,val,4,4
18153-2019,18153,2019,3,train,0,4
18153-2020,18153,2020,3,train,0,4
18153-2022,18153,2022,3,train,0,4
18155-2019,18155,2019,3,test,3,4
18155-2020,18155,2020,3,test,3,4
18157-2019,18157,2019,3,test,3,4
18157-2020,18157,2020,3,test,3,4
18157-2021,18157,2021,3,test,3,4
18157-2022,18157,2022,3,test,3,4
18159-2022,18159,2022,3,train,1,4
18161-2019,18161,2019,3,train,2,4
18161-2020,18161,2020,3,train,2,4
18161-2021,18161,2021,3,train,2,4
18161-2022,18161,2022,3,train,2,4
18163-2019,18163,2019,3,train,1,4
18163-2020,18163,2020,3,train,1,4
18163-2021,18163,2021,3,train,1,4
18163-2022,18163,2022,3,train,1,4
18165-2019,18165,2019,3,train,0,4
18165-2020,18165,2020,3,train,0,4
18165-2021,18165,2021,3,train,0,4
18165-2022,18165,2022,3,train,0,4
18167-2019,18167,2019,3,val,4,4
18167-2020,18167,2020,3,val,4,4
18167-2022,18167,2022,3,val,4,4
18169-2022,18169,2022,3,train,0,4
18171-2019,18171,2019,3,test,3,4
18171-2020,18171,2020,3,test,3,4
18171-2021,18171,2021,3,test,3,4
18173-2019,18173,2019,3,train,2,4
18173-2020,18173,2020,3,train,2,4
18173-2022,18173,2022,3,train,2,4
18177-2019,18177,2019,3,val,4,4
18177-2020,18177,2020,3,val,4,4
18177-2021,18177,2021,3,val,4,4
18177-2022,18177,2022,3,val,4,4
18179-2022,18179,2022,3,val,4,4
18181-2019,18181,2019,3,train,1,4
18181-2020,18181,2020,3,train,1,4
18181-2022,18181,2022,3,train,1,4
18183-2022,18183,2022,3,test,3,4
19001-2019,19001,2019,3,train,0,4
19001-2020,19001,2020,3,train,0,4
19001-2022,19001,2022,3,train,0,4
19003-2020,19003,2020,3,train,2,4
19005-2019,19005,2019,3,test,3,4
19005-2020,19005,2020,3,test,3,4
19005-2021,19005,2021,3,test,3,4
19005-2022,19005,2022,3,test,3,4
19007-2020,19007,2020,3,val,4,4
19007-2021,19007,2021,3,val,4,4
19007-2022,19007,2022,3,val,4,4
19009-2019,19009,2019,3,train,2,4
19009-2020,19009,2020,3,train,2,4
19009-2021,19009,2021,3,train,2,4
19009-2022,19009,2022,3,train,2,4
19011-2019,19011,2019,3,train,1,4
19011-2020,19011,2020,3,train,1,4
19011-2021,19011,2021,3,train,1,4
19011-2022,19011,2022,3,train,1,4
19013-2020,19013,2020,3,train,2,4
19013-2022,19013,2022,3,train,2,4
19015-2019,19015,2019,3,train,0,4
19015-2020,19015,2020,3,train,0,4
19015-2021,19015,2021,3,train,0,4
19015-2022,19015,2022,3,train,0,4
19017-2022,19017,2022,3,train,1,4
19019-2019,19019,2019,3,val,4,4
19019-2020,19019,2020,3,val,4,4
19019-2021,19019,2021,3,val,4,4
19019-2022,19019,2022,3,val,4,4
19021-2019,19021,2019,3,test,3,4
19021-2020,19021,2020,3,test,3,4
19021-2022,19021,2022,3,test,3,4
19023-2021,19023,2021,3,train,1,4
19023-2022,19023,2022,3,train,1,4
19025-2019,19025,2019,3,test,3,4
19025-2020,19025,2020,3,test,3,4
19025-2021,19025,2021,3,test,3,4
19025-2022,19025,2022,3,test,3,4
19027-2020,19027,2020,3,train,0,4
19027-2022,19027,2022,3,train,0,4
19029-2019,19029,2019,3,train,2,4
19029-2020,19029,2020,3,train,2,4
19029-2021,19029,2021,3,train,2,4
19029-2022,19029,2022,3,train,2,4
19031-2020,19031,2020,3,val,4,4
19031-2022,19031,2022,3,val,4,4
19033-2019,19033,2019,3,train,1,4
19033-2020,19033,2020,3,train,1,4
19033-2021,19033,2021,3,train,1,4
19033-2022,19033,2022,3,train,1,4
19035-2019,19035,2019,3,train,2,4
19035-2020,19035,2020,3,train,2,4
19035-2022,19035,2022,3,train,2,4
19037-2022,19037,2022,3,train,0,4
19039-2020,19039,2020,3,val,4,4
19041-2019,19041,2019,3,train,1,4
19041-2020,19041,2020,3,train,1,4
19041-2022,19041,2022,3,train,1,4
19043-2020,19043,2020,3,train,0,4
19043-2021,19043,2021,3,train,0,4
19043-2022,19043,2022,3,train,0,4
19045-2020,19045,2020,3,test,3,4
19045-2022,19045,2022,3,test,3,4
19047-2019,19047,2019,3,val,4,4
19047-2020,19047,2020,3,val,4,4
19047-2022,19047,2022,3,val,4,4
19049-2019,19049,2019,3,train,0,4
19049-2020,19049,2020,3,train,0,4
19049-2021,19049,2021,3,train,0,4
19049-2022,19049,2022,3,train,0,4
19051-2019,19051,2019,3,val,4,4
19051-2020,19051,2020,3,val,4,4
19051-2021,19051,2021,3,val,4,4
19051-2022,19051,2022,3,val,4,4
19053-2020,19053,2020,3,train,2,4
19053-2022,19053,2022,3,train,2,4
19055-2020,19055,2020,3,test,3,4
19055-2021,19055,2021,3,test,3,4
19055-2022,19055,2022,3,test,3,4
19057-2019,19057,2019,3,train,2,4
19057-2020,19057,2020,3,train,2,4
19057-2022,19057,2022,3,train,2,4
19059-2019,19059,2019,3,test,3,4
19059-2020,19059,2020,3,test,3,4
19059-2021,19059,2021,3,test,3,4
19059-2022,19059,2022,3,test,3,4
19061-2020,19061,2020,3,train,1,4
19061-2021,19061,2021,3,train,1,4
19061-2022,19061,2022,3,train,1,4
19063-2022,19063,2022,3,test,3,4
19065-2020,19065,2020,3,train,0,4
19065-2021,19065,2021,3,train,0,4
19065-2022,19065,2022,3,train,0,4
19067-2019,19067,2019,3,train,2,4
19067-2020,19067,2020,3,train,2,4
19067-2021,19067,2021,3,train,2,4
19067-2022,19067,2022,3,train,2,4
19069-2019,19069,2019,3,train,1,4
19069-2020,19069,2020,3,train,1,4
19069-2021,19069,2021,3,train,1,4
19069-2022,19069,2022,3,train,1,4
19071-2020,19071,2020,3,train,1,4
19071-2022,19071,2022,3,train,1,4
19073-2019,19073,2019,3,train,0,4
19073-2020,19073,2020,3,train,0,4
19073-2021,19073,2021,3,train,0,4
19073-2022,19073,2022,3,train,0,4
19075-2020,19075,2020,3,val,4,4
19075-2021,19075,2021,3,val,4,4
19075-2022,19075,2022,3,val,4,4
19077-2019,19077,2019,3,val,4,4
19077-2020,19077,2020,3,val,4,4
19077-2021,19077,2021,3,val,4,4
19077-2022,19077,2022,3,val,4,4
19079-2019,19079,2019,3,test,3,4
19079-2020,19079,2020,3,test,3,4
19079-2022,19079,2022,3,test,3,4
19081-2019,19081,2019,3,test,3,4
19081-2020,19081,2020,3,test,3,4
19081-2021,19081,2021,3,test,3,4
19081-2022,19081,2022,3,test,3,4
19083-2019,19083,2019,3,train,2,4
19083-2020,19083,2020,3,train,2,4
19083-2021,19083,2021,3,train,2,4
19083-2022,19083,2022,3,train,2,4
19085-2020,19085,2020,3,train,0,4
19085-2022,19085,2022,3,train,0,4
19087-2019,19087,2019,3,train,1,4
19087-2020,19087,2020,3,train,1,4
19087-2021,19087,2021,3,train,1,4
19087-2022,19087,2022,3,train,1,4
19089-2020,19089,2020,3,val,4,4
19089-2022,19089,2022,3,val,4,4
19091-2019,19091,2019,3,train,0,4
19091-2020,19091,2020,3,train,0,4
19091-2021,19091,2021,3,train,0,4
19091-2022,19091,2022,3,train,0,4
19093-2020,19093,2020,3,train,2,4
19093-2021,19093,2021,3,train,2,4
19093-2022,19093,2022,3,train,2,4
19095-2019,19095,2019,3,train,1,4
19095-2020,19095,2020,3,train,1,4
19095-2022,19095,2022,3,train,1,4
19097-2020,19097,2020,3,train,0,4
19097-2021,19097,2021,3,train,0,4
19097-2022,19097,2022,3,train,0,4
19099-2021,19099,2021,3,test,3,4
19099-2022,19099,2022,3,test,3,4
19101-2019,19101,2019,3,val,4,4
19101-2020,19101,2020,3,val,4,4
19101-2021,19101,2021,3,val,4,4
19101-2022,19101,2022,3,val,4,4
19103-2019,19103,2019,3,val,4,4
19103-2020,19103,2020,3,val,4,4
19103-2022,19103,2022,3,val,4,4
19105-2020,19105,2020,3,train,2,4
19105-2022,19105,2022,3,train,2,4
19107-2019,19107,2019,3,test,3,4
19107-2020,19107,2020,3,test,3,4
19107-2021,19107,2021,3,test,3,4
19107-2022,19107,2022,3,test,3,4
19109-2019,19109,2019,3,train,2,4
19109-2020,19109,2020,3,train,2,4
19109-2021,19109,2021,3,train,2,4
19109-2022,19109,2022,3,train,2,4
19111-2019,19111,2019,3,train,1,4
19111-2020,19111,2020,3,train,1,4
19111-2021,19111,2021,3,train,1,4
19111-2022,19111,2022,3,train,1,4
19113-2019,19113,2019,3,test,3,4
19113-2020,19113,2020,3,test,3,4
19113-2022,19113,2022,3,test,3,4
19115-2019,19115,2019,3,train,2,4
19115-2020,19115,2020,3,train,2,4
19115-2022,19115,2022,3,train,2,4
19117-2021,19117,2021,3,train,1,4
19117-2022,19117,2022,3,train,1,4
19119-2019,19119,2019,3,train,0,4
19119-2020,19119,2020,3,train,0,4
19119-2021,19119,2021,3,train,0,4
19119-2022,19119,2022,3,train,0,4
19121-2019,19121,2019,3,val,4,4
19121-2020,19121,2020,3,val,4,4
19121-2021,19121,2021,3,val,4,4
19121-2022,19121,2022,3,val,4,4
19123-2021,19123,2021,3,train,0,4
19123-2022,19123,2022,3,train,0,4
19125-2021,19125,2021,3,val,4,4
19125-2022,19125,2022,3,val,4,4
19127-2021,19127,2021,3,test,3,4
19127-2022,19127,2022,3,test,3,4
19129-2020,19129,2020,3,train,2,4
19129-2022,19129,2022,3,train,2,4
19131-2019,19131,2019,3,test,3,4
19131-2020,19131,2020,3,test,3,4
19131-2021,19131,2021,3,test,3,4
19131-2022,19131,2022,3,test,3,4
19133-2019,19133,2019,3,train,1,4
19133-2022,19133,2022,3,train,1,4
19135-2021,19135,2021,3,train,0,4
19135-2022,19135,2022,3,train,0,4
19137-2020,19137,2020,3,val,4,4
19137-2022,19137,2022,3,val,4,4
19139-2020,19139,2020,3,test,3,4
19139-2022,19139,2022,3,test,3,4
19143-2019,19143,2019,3,train,2,4
19143-2020,19143,2020,3,train,2,4
19143-2021,19143,2021,3,train,2,4
19143-2022,19143,2022,3,train,2,4
19145-2019,19145,2019,3,train,1,4
19145-2020,19145,2020,3,train,1,4
19145-2021,19145,2021,3,train,1,4
19145-2022,19145,2022,3,train,1,4
19147-2019,19147,2019,3,train,2,4
19147-2022,19147,2022,3,train,2,4
19149-2019,19149,2019,3,train,1,4
19149-2021,19149,2021,3,train,1,4
19149-2022,19149,2022,3,train,1,4
19151-2022,19151,2022,3,train,2,4
19153-2019,19153,2019,3,train,0,4
19153-2020,19153,2020,3,train,0,4
19153-2021,19153,2021,3,train,0,4
19153-2022,19153,2022,3,train,0,4
19155-2020,19155,2020,3,train,1,4
19155-2022,19155,2022,3,train,1,4
19157-2021,19157,2021,3,train,0,4
19157-2022,19157,2022,3,train,0,4
19159-2020,19159,2020,3,train,0,4
19159-2021,19159,2021,3,train,0,4
19159-2022,19159,2022,3,train,0,4
19161-2019,19161,2019,3,val,4,4
19161-2020,19161,2020,3,val,4,4
19161-2022,19161,2022,3,val,4,4
19163-2020,19163,2020,3,val,4,4
19163-2022,19163,2022,3,val,4,4
19165-2019,19165,2019,3,test,3,4
19165-2020,19165,2020,3,test,3,4
19165-2022,19165,2022,3,test,3,4
19167-2019,19167,2019,3,val,4,4
19167-2020,19167,2020,3,val,4,4
19167-2021,19167,2021,3,val,4,4
19167-2022,19167,2022,3,val,4,4
19169-2019,19169,2019,3,test,3,4
19169-2020,19169,2020,3,test,3,4
19169-2021,19169,2021,3,test,3,4
19169-2022,19169,2022,3,test,3,4
19171-2022,19171,2022,3,train,1,4
19173-2020,19173,2020,3,train,2,4
19173-2021,19173,2021,3,train,2,4
19173-2022,19173,2022,3,train,2,4
19175-2020,19175,2020,3,train,1,4
19175-2021,19175,2021,3,train,1,4
19175-2022,19175,2022,3,train,1,4
19177-2019,19177,2019,3,train,2,4
19177-2020,19177,2020,3,train,2,4
19177-2021,19177,2021,3,train,2,4
19177-2022,19177,2022,3,train,2,4
19179-2019,19179,2019,3,train,1,4
19179-2020,19179,2020,3,train,1,4
19179-2021,19179,2021,3,train,1,4
19179-2022,19179,2022,3,train,1,4
19181-2020,19181,2020,3,test,3,4
19181-2022,19181,2022,3,test,3,4
19183-2019,19183,2019,3,train,0,4
19183-2020,19183,2020,3,train,0,4
19183-2022,19183,2022,3,train,0,4
19185-2021,19185,2021,3,train,0,4
19187-2019,19187,2019,3,train,0,4
19187-2020,19187,2020,3,train,0,4
19187-2021,19187,2021,3,train,0,4
19187-2022,19187,2022,3,train,0,4
19189-2019,19189,2019,3,val,4,4
19189-2020,19189,2020,3,val,4,4
19189-2021,19189,2021,3,val,4,4
19189-2022,19189,2022,3,val,4,4
19191-2019,19191,2019,3,test,3,4
19191-2020,19191,2020,3,test,3,4
19191-2021,19191,2021,3,test,3,4
19191-2022,19191,2022,3,test,3,4
19193-2019,19193,2019,3,train,2,4
19193-2020,19193,2020,3,train,2,4
19193-2021,19193,2021,3,train,2,4
19193-2022,19193,2022,3,train,2,4
19195-2019,19195,2019,3,train,1,4
19195-2020,19195,2020,3,train,1,4
19195-2021,19195,2021,3,train,1,4
19195-2022,19195,2022,3,train,1,4
19197-2019,19197,2019,3,train,0,4
19197-2020,19197,2020,3,train,0,4
19197-2021,19197,2021,3,train,0,4
19197-2022,19197,2022,3,train,0,4
20001-2020,20001,2020,3,train,2,4
20001-2021,20001,2021,3,train,2,4
20003-2019,20003,2019,3,val,4,4
20003-2020,20003,2020,3,val,4,4
20003-2021,20003,2021,3,val,4,4
20005-2020,20005,2020,3,test,3,4
20005-2021,20005,2021,3,test,3,4
20005-2022,20005,2022,3,test,3,4
20009-2020,20009,2020,3,val,4,4
20011-2020,20011,2020,3,train,1,4
20011-2021,20011,2021,3,train,1,4
20013-2019,20013,2019,3,train,2,4
20013-2020,20013,2020,3,train,2,4
20013-2022,20013,2022,3,train,2,4
20015-2020,20015,2020,3,train,0,4
20015-2021,20015,2021,3,train,0,4
20017-2020,20017,2020,3,val,4,4
20017-2021,20017,2021,3,val,4,4
20021-2019,20021,2019,3,test,3,4
20023-2020,20023,2020,3,test,3,4
20023-2021,20023,2021,3,test,3,4
20027-2019,20027,2019,3,train,1,4
20027-2020,20027,2020,3,train,1,4
20027-2022,20027,2022,3,train,1,4
20029-2020,20029,2020,3,train,0,4
20029-2021,20029,2021,3,train,0,4
20029-2022,20029,2022,3,train,0,4
20031-2019,20031,2019,3,train,2,4
20031-2020,20031,2020,3,train,2,4
20035-2019,20035,2019,3,val,4,4
20035-2020,20035,2020,3,val,4,4
20035-2021,20035,2021,3,val,4,4
20037-2020,20037,2020,3,train,1,4
20037-2021,20037,2021,3,train,1,4
20039-2020,20039,2020,3,train,2,4
20041-2020,20041,2020,3,train,0,4
20041-2021,20041,2021,3,train,0,4
20043-2020,20043,2020,3,test,3,4
20043-2021,20043,2021,3,test,3,4
20043-2022,20043,2022,3,test,3,4
20045-2019,20045,2019,3,train,2,4
20045-2020,20045,2020,3,train,2,4
20045-2021,20045,2021,3,train,2,4
20047-2019,20047,2019,3,val,4,4
20047-2020,20047,2020,3,val,4,4
20049-2019,20049,2019,3,train,1,4
20053-2019,20053,2019,3,train,1,4
20053-2020,20053,2020,3,train,1,4
20053-2021,20053,2021,3,train,1,4
20055-2019,20055,2019,3,test,3,4
20055-2020,20055,2020,3,test,3,4
20057-2019,20057,2019,3,train,0,4
20057-2020,20057,2020,3,train,0,4
20057-2021,20057,2021,3,train,0,4
20059-2019,20059,2019,3,train,2,4
20059-2020,20059,2020,3,train,2,4
20061-2020,20061,2020,3,train,0,4
20063-2020,20063,2020,3,train,1,4
20063-2021,20063,2021,3,train,1,4
20065-2020,20065,2020,3,train,0,4
20065-2021,20065,2021,3,train,0,4
20067-2019,20067,2019,3,val,4,4
20067-2020,20067,2020,3,val,4,4
20067-2021,20067,2021,3,val,4,4
20069-2020,20069,2020,3,val,4,4
20069-2021,20069,2021,3,val,4,4
20071-2019,20071,2019,3,test,3,4
20071-2020,20071,2020,3,test,3,4
20071-2021,20071,2021,3,test,3,4
20075-2019,20075,2019,3,val,4,4
20079-2019,20079,2019,3,train,2,4
20079-2020,20079,2020,3,train,2,4
20079-2021,20079,2021,3,train,2,4
20081-2019,20081,2019,3,train,1,4
20081-2020,20081,2020,3,train,1,4
20081-2021,20081,2021,3,train,1,4
20083-2020,20083,2020,3,test,3,4
20085-2019,20085,2019,3,test,3,4
20085-2020,20085,2020,3,test,3,4
20087-2019,20087,2019,3,train,0,4
20087-2020,20087,2020,3,train,0,4
20087-2021,20087,2021,3,train,0,4
20089-2020,20089,2020,3,train,2,4
20095-2019,20095,2019,3,val,4,4
20095-2020,20095,2020,3,val,4,4
20095-2021,20095,2021,3,val,4,4
20097-2020,20097,2020,3,train,1,4
20099-2020,20099,2020,3,train,2,4
20099-2021,20099,2021,3,train,2,4
20101-2020,20101,2020,3,train,1,4
20101-2021,20101,2021,3,train,1,4
20103-2019,20103,2019,3,test,3,4
20103-2020,20103,2020,3,test,3,4
20103-2021,20103,2021,3,test,3,4
20105-2019,20105,2019,3,train,0,4
20107-2020,20107,2020,3,val,4,4
20109-2020,20109,2020,3,train,0,4
20109-2021,20109,2021,3,train,0,4
20111-2019,20111,2019,3,test,3,4
20115-2019,20115,2019,3,train,2,4
20115-2020,20115,2020,3,train,2,4
20115-2021,20115,2021,3,train,2,4
20117-2019,20117,2019,3,val,4,4
20117-2022,20117,2022,3,val,4,4
20119-2020,20119,2020,3,test,3,4
20119-2021,20119,2021,3,test,3,4
20121-2019,20121,2019,3,train,2,4
20121-2020,20121,2020,3,train,2,4
20123-2019,20123,2019,3,train,1,4
20123-2020,20123,2020,3,train,1,4
20123-2021,20123,2021,3,train,1,4
20125-2019,20125,2019,3,train,1,4
20125-2020,20125,2020,3,train,1,4
20127-2019,20127,2019,3,train,0,4
20127-2020,20127,2020,3,train,0,4
20127-2021,20127,2021,3,train,0,4
20129-2019,20129,2019,3,val,4,4
20129-2020,20129,2020,3,val,4,4
20129-2021,20129,2021,3,val,4,4
20131-2020,20131,2020,3,train,2,4
20133-2019,20133,2019,3,test,3,4
20133-2020,20133,2020,3,test,3,4
20133-2021,20133,2021,3,test,3,4
20135-2019,20135,2019,3,train,2,4
20135-2020,20135,2020,3,train,2,4
20135-2021,20135,2021,3,train,2,4
20137-2020,20137,2020,3,train,1,4
20137-2021,20137,2021,3,train,1,4
20137-2022,20137,2022,3,train,1,4
20139-2019,20139,2019,3,train,0,4
20139-2020,20139,2020,3,train,0,4
20141-2020,20141,2020,3,train,1,4
20143-2020,20143,2020,3,train,0,4
20145-2020,20145,2020,3,val,4,4
20147-2020,20147,2020,3,train,0,4
20147-2021,20147,2021,3,train,0,4
20147-2022,20147,2022,3,train,0,4
20149-2019,20149,2019,3,test,3,4
20151-2020,20151,2020,3,train,2,4
20153-2019,20153,2019,3,val,4,4
20153-2020,20153,2020,3,val,4,4
20153-2021,20153,2021,3,val,4,4
20155-2019,20155,2019,3,test,3,4
20155-2020,20155,2020,3,test,3,4
20155-2021,20155,2021,3,test,3,4
20157-2020,20157,2020,3,train,2,4
20157-2021,20157,2021,3,train,2,4
20157-2022,20157,2022,3,train,2,4
20159-2020,20159,2020,3,train,1,4
20161-2019,20161,2019,3,train,1,4
20161-2020,20161,2020,3,train,1,4
20161-2022,20161,2022,3,train,1,4
20163-2019,20163,2019,3,val,4,4
20163-2020,20163,2020,3,val,4,4
20169-2020,20169,2020,3,test,3,4
20169-2021,20169,2021,3,test,3,4
20171-2019,20171,2019,3,train,2,4
20171-2020,20171,2020,3,train,2,4
20173-2019,20173,2019,3,train,1,4
20173-2020,20173,2020,3,train,1,4
20175-2020,20175,2020,3,train,0,4
20175-2021,20175,2021,3,train,0,4
20177-2019,20177,2019,3,train,0,4
20177-2020,20177,2020,3,train,0,4
20177-2021,20177,2021,3,train,0,4
20179-2021,20179,2021,3,train,0,4
20181-2019,20181,2019,3,val,4,4
20181-2020,20181,2020,3,val,4,4
20181-2021,20181,2021,3,val,4,4
20183-2020,20183,2020,3,test,3,4
20183-2021,20183,2021,3,test,3,4
20183-2022,20183,2022,3,test,3,4
20185-2020,20185,2020,3,val,4,4
20187-2019,20187,2019,3,val,4,4
20187-2020,20187,2020,3,val,4,4
20189-2020,20189,2020,3,test,3,4
20189-2021,20189,2021,3,test,3,4
20191-2019,20191,2019,3,train,2,4
20191-2020,20191,2020,3,train,2,4
20191-2021,20191,2021,3,train,2,4
20193-2020,20193,2020,3,test,3,4
20195-2020,20195,2020,3,train,2,4
20195-2021,20195,2021,3,train,2,4
20197-2019,20197,2019,3,train,2,4
20201-2020,20201,2020,3,train,1,4
20201-2022,20201,2022,3,train,1,4
20203-2019,20203,2019,3,train,1,4
20203-2020,20203,2020,3,train,1,4
20203-2021,20203,2021,3,train,1,4
20205-2019,20205,2019,3,train,0,4
20205-2020,20205,2020,3,train,0,4
20207-2020,20207,2020,3,train,1,4
21001-2019,21001,2019,3,val,4,4
21001-2020,21001,2020,3,val,4,4
21007-2020,21007,2020,3,test,3,4
21007-2021,21007,2021,3,test,3,4
21009-2020,21009,2020,3,train,0,4
21031-2020,21031,2020,3,val,4,4
21033-2019,21033,2019,3,train,0,4
21033-2020,21033,2020,3,train,0,4
21033-2021,21033,2021,3,train,0,4
21035-2020,21035,2020,3,train,2,4
21035-2021,21035,2021,3,train,2,4
21039-2020,21039,2020,3,train,1,4
21039-2021,21039,2021,3,train,1,4
21047-2019,21047,2019,3,val,4,4
21047-2020,21047,2020,3,val,4,4
21047-2021,21047,2021,3,val,4,4
21055-2020,21055,2020,3,train,0,4
21055-2021,21055,2021,3,train,0,4
21059-2020,21059,2020,3,val,4,4
21059-2022,21059,2022,3,val,4,4
21075-2019,21075,2019,3,test,3,4
21075-2020,21075,2020,3,test,3,4
21075-2021,21075,2021,3,test,3,4
21083-2020,21083,2020,3,test,3,4
21091-2020,21091,2020,3,train,2,4
21093-2019,21093,2019,3,test,3,4
21093-2020,21093,2020,3,test,3,4
21099-2020,21099,2020,3,train,1,4
21101-2019,21101,2019,3,train,2,4
21101-2020,21101,2020,3,train,2,4
21101-2022,21101,2022,3,train,2,4
21103-2020,21103,2020,3,train,0,4
21105-2019,21105,2019,3,train,1,4
21105-2020,21105,2020,3,train,1,4
21105-2021,21105,2021,3,train,1,4
21107-2020,21107,2020,3,val,4,4
21123-2020,21123,2020,3,test,3,4
21139-2019,21139,2019,3,train,0,4
21139-2020,21139,2020,3,train,0,4
21139-2021,21139,2021,3,train,0,4
21141-2020,21141,2020,3,train,2,4
21143-2019,21143,2019,3,train,1,4
21157-2019,21157,2019,3,val,4,4
21157-2020,21157,2020,3,val,4,4
21157-2021,21157,2021,3,val,4,4
21167-2021,21167,2021,3,train,0,4
21169-2020,21169,2020,3,val,4,4
21177-2020,21177,2020,3,test,3,4
21183-2020,21183,2020,3,train,2,4
21211-2020,21211,2020,3,train,1,4
21213-2020,21213,2020,3,train,0,4
21215-2020,21215,2020,3,val,4,4
21219-2020,21219,2020,3,test,3,4
21221-2019,21221,2019,3,test,3,4
21221-2020,21221,2020,3,test,3,4
21221-2021,21221,2021,3,test,3,4
21223-2020,21223,2020,3,train,2,4
21225-2019,21225,2019,3,val,4,4
21225-2020,21225,2020,3,val,4,4
21225-2021,21225,2021,3,val,4,4
21225-2022,21225,2022,3,val,4,4
21227-2020,21227,2020,3,train,1,4
21229-2020,21229,2020,3,train,0,4
21233-2019,21233,2019,3,train,2,4
21233-2020,21233,2020,3,train,2,4
21233-2021,21233,2021,3,train,2,4
26005-2019,26005,2019,3,train,2,4
26005-2020,26005,2020,3,train,2,4
26007-2019,26007,2019,3,train,1,4
26007-2021,26007,2021,3,train,1,4
26011-2019,26011,2019,3,train,0,4
26011-2020,26011,2020,3,train,0,4
26015-2020,26015,2020,3,val,4,4
26021-2020,26021,2020,3,val,4,4
26021-2022,26021,2022,3,val,4,4
26023-2020,26023,2020,3,test,3,4
26023-2022,26023,2022,3,test,3,4
26025-2020,26025,2020,3,test,3,4
26027-2019,26027,2019,3,train,1,4
26027-2020,26027,2020,3,train,1,4
26027-2022,26027,2022,3,train,1,4
26037-2020,26037,2020,3,train,2,4
26045-2020,26045,2020,3,train,1,4
26049-2019,26049,2019,3,train,2,4
26049-2020,26049,2020,3,train,2,4
26051-2020,26051,2020,3,train,0,4
26059-2019,26059,2019,3,train,0,4
26059-2020,26059,2020,3,train,0,4
26059-2022,26059,2022,3,train,0,4
26063-2020,26063,2020,3,val,4,4
26065-2019,26065,2019,3,train,1,4
26065-2020,26065,2020,3,train,1,4
26067-2020,26067,2020,3,test,3,4
26069-2019,26069,2019,3,val,4,4
26069-2020,26069,2020,3,val,4,4
26069-2021,26069,2021,3,val,4,4
26075-2019,26075,2019,3,train,0,4
26075-2020,26075,2020,3,train,0,4
26077-2019,26077,2019,3,val,4,4
26077-2020,26077,2020,3,val,4,4
26081-2019,26081,2019,3,test,3,4
26081-2020,26081,2020,3,test,3,4
26087-2019,26087,2019,3,train,2,4
26087-2020,26087,2020,3,train,2,4
26091-2019,26091,2019,3,train,1,4
26091-2020,26091,2020,3,train,1,4
26099-2020,26099,2020,3,train,2,4
26105-2019,26105,2019,3,train,0,4
26105-2020,26105,2020,3,train,0,4
26107-2020,26107,2020,3,train,1,4
26109-2019,26109,2019,3,val,4,4
26109-2020,26109,2020,3,val,4,4
26115-2019,26115,2019,3,test,3,4
26115-2020,26115,2020,3,test,3,4
26117-2020,26117,2020,3,train,0,4
26121-2020,26121,2020,3,val,4,4
26123-2019,26123,2019,3,train,2,4
26123-2020,26123,2020,3,train,2,4
26127-2019,26127,2019,3,train,1,4
26127-2020,26127,2020,3,train,1,4
26129-2020,26129,2020,3,test,3,4
26139-2020,26139,2020,3,train,2,4
26141-2019,26141,2019,3,train,0,4
26141-2021,26141,2021,3,train,0,4
26151-2019,26151,2019,3,val,4,4
26151-2020,26151,2020,3,val,4,4
26157-2019,26157,2019,3,test,3,4
26157-2020,26157,2020,3,test,3,4
26159-2020,26159,2020,3,train,1,4
26161-2019,26161,2019,3,train,2,4
26161-2020,26161,2020,3,train,2,4
26165-2020,26165,2020,3,train,0,4
27001-2020,27001,2020,3,val,4,4
27005-2019,27005,2019,3,test,3,4
27005-2020,27005,2020,3,test,3,4
27005-2021,27005,2021,3,test,3,4
27007-2020,27007,2020,3,train,1,4
27007-2021,27007,2021,3,train,1,4
27011-2020,27011,2020,3,train,0,4
27011-2021,27011,2021,3,train,0,4
27013-2019,27013,2019,3,train,2,4
27013-2020,27013,2020,3,train,2,4
27013-2021,27013,2021,3,train,2,4
27015-2019,27015,2019,3,train,1,4
27015-2020,27015,2020,3,train,1,4
27015-2021,27015,2021,3,train,1,4
27019-2020,27019,2020,3,test,3,4
27023-2019,27023,2019,3,val,4,4
27023-2021,27023,2021,3,val,4,4
27025-2019,27025,2019,3,test,3,4
27025-2020,27025,2020,3,test,3,4
27027-2021,27027,2021,3,train,2,4
27029-2019,27029,2019,3,train,0,4
27029-2020,27029,2020,3,train,0,4
27029-2021,27029,2021,3,train,0,4
27033-2019,27033,2019,3,val,4,4
27033-2020,27033,2020,3,val,4,4
27033-2021,27033,2021,3,val,4,4
27035-2020,27035,2020,3,train,2,4
27035-2021,27035,2021,3,train,2,4
27037-2020,27037,2020,3,train,1,4
27039-2020,27039,2020,3,train,0,4
27041-2020,27041,2020,3,train,1,4
27041-2021,27041,2021,3,train,1,4
27043-2020,27043,2020,3,test,3,4
27043-2021,27043,2021,3,test,3,4
27043-2022,27043,2022,3,test,3,4
27045-2020,27045,2020,3,train,0,4
27045-2022,27045,2022,3,train,0,4
27047-2020,27047,2020,3,train,2,4
27047-2021,27047,2021,3,train,2,4
27047-2022,27047,2022,3,train,2,4
27049-2020,27049,2020,3,val,4,4
27049-2021,27049,2021,3,val,4,4
27051-2019,27051,2019,3,train,1,4
27051-2020,27051,2020,3,train,1,4
27051-2021,27051,2021,3,train,1,4
27053-2019,27053,2019,3,test,3,4
27053-2020,27053,2020,3,test,3,4
27055-2019,27055,2019,3,test,3,4
27055-2020,27055,2020,3,test,3,4
27055-2021,27055,2021,3,test,3,4
27055-2022,27055,2022,3,test,3,4
27057-2020,27057,2020,3,train,2,4
27057-2021,27057,2021,3,train,2,4
27059-2019,27059,2019,3,train,1,4
27059-2020,27059,2020,3,train,1,4
27063-2019,27063,2019,3,train,2,4
27063-2020,27063,2020,3,train,2,4
27063-2021,27063,2021,3,train,2,4
27063-2022,27063,2022,3,train,2,4
27067-2020,27067,2020,3,val,4,4
27069-2019,27069,2019,3,train,0,4
27069-2020,27069,2020,3,train,0,4
27079-2020,27079,2020,3,val,4,4
27079-2021,27079,2021,3,val,4,4
27081-2019,27081,2019,3,train,0,4
27081-2020,27081,2020,3,train,0,4
27081-2021,27081,2021,3,train,0,4
27083-2019,27083,2019,3,val,4,4
27083-2020,27083,2020,3,val,4,4
27083-2021,27083,2021,3,val,4,4
27087-2020,27087,2020,3,test,3,4
27087-2021,27087,2021,3,test,3,4
27089-2019,27089,2019,3,test,3,4
27089-2020,27089,2020,3,test,3,4
27089-2021,27089,2021,3,test,3,4
27091-2022,27091,2022,3,test,3,4
27093-2019,27093,2019,3,train,2,4
27093-2020,27093,2020,3,train,2,4
27093-2021,27093,2021,3,train,2,4
27097-2019,27097,2019,3,train,1,4
27097-2020,27097,2020,3,train,1,4
27097-2021,27097,2021,3,train,1,4
27099-2020,27099,2020,3,train,2,4
27099-2022,27099,2022,3,train,2,4
27101-2019,27101,2019,3,train,0,4
27101-2020,27101,2020,3,train,0,4
27101-2021,27101,2021,3,train,0,4
27103-2019,27103,2019,3,train,2,4
27105-2019,27105,2019,3,train,1,4
27105-2020,27105,2020,3,train,1,4
27105-2021,27105,2021,3,train,1,4
27105-2022,27105,2022,3,train,1,4
27107-2020,27107,2020,3,train,1,4
27109-2020,27109,2020,3,train,0,4
27111-2019,27111,2019,3,val,4,4
27111-2020,27111,2020,3,val,4,4
27111-2021,27111,2021,3,val,4,4
27115-2019,27115,2019,3,train,1,4
27115-2020,27115,2020,3,train,1,4
27117-2021,27117,2021,3,val,4,4
27119-2020,27119,2020,3,train,0,4
27119-2021,27119,2021,3,train,0,4
27121-2019,27121,2019,3,test,3,4
27121-2020,27121,2020,3,test,3,4
27121-2021,27121,2021,3,test,3,4
27125-2020,27125,2020,3,val,4,4
27125-2021,27125,2021,3,val,4,4
27127-2019,27127,2019,3,train,2,4
27127-2020,27127,2020,3,train,2,4
27127-2021,27127,2021,3,train,2,4
27129-2019,27129,2019,3,train,1,4
27129-2020,27129,2020,3,train,1,4
27129-2021,27129,2021,3,train,1,4
27131-2020,27131,2020,3,test,3,4
27131-2021,27131,2021,3,test,3,4
27133-2019,27133,2019,3,train,0,4
27133-2020,27133,2020,3,train,0,4
27133-2021,27133,2021,3,train,0,4
27133-2022,27133,2022,3,train,0,4
27135-2019,27135,2019,3,train,0,4
27135-2020,27135,2020,3,train,0,4
27135-2021,27135,2021,3,train,0,4
27139-2020,27139,2020,3,test,3,4
27143-2019,27143,2019,3,train,2,4
27145-2019,27145,2019,3,val,4,4
27145-2020,27145,2020,3,val,4,4
27145-2021,27145,2021,3,val,4,4
27147-2020,27147,2020,3,train,2,4
27147-2021,27147,2021,3,train,2,4
27149-2019,27149,2019,3,test,3,4
27149-2020,27149,2020,3,test,3,4
27149-2021,27149,2021,3,test,3,4
27151-2019,27151,2019,3,train,1,4
27151-2020,27151,2020,3,train,1,4
27153-2019,27153,2019,3,train,2,4
27153-2020,27153,2020,3,train,2,4
27153-2021,27153,2021,3,train,2,4
27155-2020,27155,2020,3,train,0,4
27155-2021,27155,2021,3,train,0,4
27157-2020,27157,2020,3,train,1,4
27159-2019,27159,2019,3,train,1,4
27159-2020,27159,2020,3,train,1,4
27159-2021,27159,2021,3,train,1,4
27161-2020,27161,2020,3,val,4,4
27161-2021,27161,2021,3,val,4,4
27163-2019,27163,2019,3,test,3,4
27163-2020,27163,2020,3,test,3,4
27167-2020,27167,2020,3,train,2,4
27167-2021,27167,2021,3,train,2,4
27169-2019,27169,2019,3,train,0,4
27169-2020,27169,2020,3,train,0,4
27169-2021,27169,2021,3,train,0,4
27173-2019,27173,2019,3,train,1,4
27173-2020,27173,2020,3,train,1,4
29001-2019,29001,2019,3,val,4,4
29001-2020,29001,2020,3,val,4,4
29001-2021,29001,2021,3,val,4,4
29003-2020,29003,2020,3,train,0,4
29005-2020,29005,2020,3,train,0,4
29005-2022,29005,2022,3,train,0,4
29007-2020,29007,2020,3,val,4,4
29011-2019,29011,2019,3,test,3,4
29013-2019,29013,2019,3,train,2,4
29015-2020,29015,2020,3,train,1,4
29017-2019,29017,2019,3,test,3,4
29017-2020,29017,2020,3,test,3,4
29017-2021,29017,2021,3,test,3,4
29019-2020,29019,2020,3,train,0,4
29021-2020,29021,2020,3,train,2,4
29021-2021,29021,2021,3,train,2,4
29021-2022,29021,2022,3,train,2,4
29023-2019,29023,2019,3,train,1,4
29023-2020,29023,2020,3,train,1,4
29023-2021,29023,2021,3,train,1,4
29025-2021,29025,2021,3,val,4,4
29027-2020,29027,2020,3,test,3,4
29031-2020,29031,2020,3,val,4,4
29031-2021,29031,2021,3,val,4,4
29037-2020,29037,2020,3,test,3,4
29037-2021,29037,2021,3,test,3,4
29039-2019,29039,2019,3,train,2,4
29039-2021,29039,2021,3,train,2,4
29041-2020,29041,2020,3,train,2,4
29045-2020,29045,2020,3,train,1,4
29047-2020,29047,2020,3,train,1,4
29047-2021,29047,2021,3,train,1,4
29049-2019,29049,2019,3,train,0,4
29049-2020,29049,2020,3,train,0,4
29049-2021,29049,2021,3,train,0,4
29051-2020,29051,2020,3,train,0,4
29053-2020,29053,2020,3,train,0,4
29053-2021,29053,2021,3,train,0,4
29057-2019,29057,2019,3,val,4,4
29061-2020,29061,2020,3,val,4,4
29061-2021,29061,2021,3,val,4,4
29069-2019,29069,2019,3,val,4,4
29069-2020,29069,2020,3,val,4,4
29069-2021,29069,2021,3,val,4,4
29071-2020,29071,2020,3,test,3,4
29073-2020,29073,2020,3,train,2,4
29075-2020,29075,2020,3,train,1,4
29081-2020,29081,2020,3,test,3,4
29081-2021,29081,2021,3,test,3,4
29083-2021,29083,2021,3,train,0,4
29087-2020,29087,2020,3,val,4,4
29089-2020,29089,2020,3,train,2,4
29089-2021,29089,2021,3,train,2,4
29095-2019,29095,2019,3,train,1,4
29095-2020,29095,2020,3,train,1,4
29101-2021,29101,2021,3,test,3,4
29103-2020,29103,2020,3,train,2,4
29109-2020,29109,2020,3,train,0,4
29109-2021,29109,2021,3,train,0,4
29111-2020,29111,2020,3,val,4,4
29111-2022,29111,2022,3,val,4,4
29113-2020,29113,2020,3,test,3,4
29113-2022,29113,2022,3,test,3,4
29115-2020,29115,2020,3,train,2,4
29115-2021,29115,2021,3,train,2,4
29121-2020,29121,2020,3,train,1,4
29127-2019,29127,2019,3,val,4,4
29127-2020,29127,2020,3,val,4,4
29127-2021,29127,2021,3,val,4,4
29127-2022,29127,2022,3,val,4,4
29133-2019,29133,2019,3,test,3,4
29133-2020,29133,2020,3,test,3,4
29133-2021,29133,2021,3,test,3,4
29135-2020,29135,2020,3,train,0,4
29137-2020,29137,2020,3,train,1,4
29137-2021,29137,2021,3,train,1,4
29139-2020,29139,2020,3,val,4,4
29141-2019,29141,2019,3,train,0,4
29141-2020,29141,2020,3,train,0,4
29143-2019,29143,2019,3,test,3,4
29145-2019,29145,2019,3,train,2,4
29145-2020,29145,2020,3,train,2,4
29145-2021,29145,2021,3,train,2,4
29151-2020,29151,2020,3,train,2,4
29155-2020,29155,2020,3,val,4,4
29155-2021,29155,2021,3,val,4,4
29157-2020,29157,2020,3,train,1,4
29157-2021,29157,2021,3,train,1,4
29157-2022,29157,2022,3,train,1,4
29159-2020,29159,2020,3,train,1,4
29163-2020,29163,2020,3,test,3,4
29163-2022,29163,2022,3,test,3,4
29165-2019,29165,2019,3,train,0,4
29165-2020,29165,2020,3,train,0,4
29165-2021,29165,2021,3,train,0,4
29173-2019,29173,2019,3,val,4,4
29173-2020,29173,2020,3,val,4,4
29173-2022,29173,2022,3,val,4,4
29175-2020,29175,2020,3,train,0,4
29195-2020,29195,2020,3,val,4,4
29197-2022,29197,2022,3,test,3,4
29199-2020,29199,2020,3,train,2,4
29199-2022,29199,2022,3,train,2,4
29201-2019,29201,2019,3,test,3,4
29201-2020,29201,2020,3,test,3,4
29201-2021,29201,2021,3,test,3,4
29205-2020,29205,2020,3,train,1,4
29205-2021,29205,2021,3,train,1,4
29207-2019,29207,2019,3,train,2,4
29207-2020,29207,2020,3,train,2,4
29207-2021,29207,2021,3,train,2,4
29211-2020,29211,2020,3,train,2,4
29219-2020,29219,2020,3,train,1,4
29227-2020,29227,2020,3,train,1,4
29227-2021,29227,2021,3,train,1,4
29227-2022,29227,2022,3,train,1,4
31001-2019,31001,2019,3,train,0,4
31001-2020,31001,2020,3,train,0,4
31001-2022,31001,2022,3,train,0,4
31011-2019,31011,2019,3,train,0,4
31011-2022,31011,2022,3,train,0,4
31013-2019,31013,2019,3,val,4,4
31013-2020,31013,2020,3,val,4,4
31013-2021,31013,2021,3,val,4,4
31015-2020,31015,2020,3,val,4,4
31015-2022,31015,2022,3,val,4,4
31017-2020,31017,2020,3,test,3,4
31017-2021,31017,2021,3,test,3,4
31019-2019,31019,2019,3,test,3,4
31019-2020,31019,2020,3,test,3,4
31019-2022,31019,2022,3,test,3,4
31021-2019,31021,2019,3,train,2,4
31021-2022,31021,2022,3,train,2,4
31023-2019,31023,2019,3,train,2,4
31023-2020,31023,2020,3,train,2,4
31023-2022,31023,2022,3,train,2,4
31025-2019,31025,2019,3,train,1,4
31025-2020,31025,2020,3,train,1,4
31025-2022,31025,2022,3,train,1,4
31027-2021,31027,2021,3,train,1,4
31027-2022,31027,2022,3,train,1,4
31029-2019,31029,2019,3,train,0,4
31029-2020,31029,2020,3,train,0,4
31029-2021,31029,2021,3,train,0,4
31031-2021,31031,2021,3,train,0,4
31033-2020,31033,2020,3,val,4,4
31035-2019,31035,2019,3,val,4,4
31035-2020,31035,2020,3,val,4,4
31035-2022,31035,2022,3,val,4,4
31037-2019,31037,2019,3,test,3,4
31037-2020,31037,2020,3,test,3,4
31037-2022,31037,2022,3,test,3,4
31039-2022,31039,2022,3,test,3,4
31041-2019,31041,2019,3,train,0,4
31041-2020,31041,2020,3,train,0,4
31043-2020,31043,2020,3,train,2,4
31043-2021,31043,2021,3,train,2,4
31043-2022,31043,2022,3,train,2,4
31045-2020,31045,2020,3,train,2,4
31047-2019,31047,2019,3,train,1,4
31047-2020,31047,2020,3,train,1,4
31047-2022,31047,2022,3,train,1,4
31049-2019,31049,2019,3,val,4,4
31049-2020,31049,2020,3,val,4,4
31051-2020,31051,2020,3,train,1,4
31053-2019,31053,2019,3,train,0,4
31053-2020,31053,2020,3,train,0,4
31053-2022,31053,2022,3,train,0,4
31055-2019,31055,2019,3,val,4,4
31055-2020,31055,2020,3,val,4,4
31055-2022,31055,2022,3,val,4,4
31057-2020,31057,2020,3,test,3,4
31057-2021,31057,2021,3,test,3,4
31059-2019,31059,2019,3,test,3,4
31059-2020,31059,2020,3,test,3,4
31059-2022,31059,2022,3,test,3,4
31061-2019,31061,2019,3,test,3,4
31061-2020,31061,2020,3,test,3,4
31061-2021,31061,2021,3,test,3,4
31061-2022,31061,2022,3,test,3,4
31063-2019,31063,2019,3,train,2,4
31063-2020,31063,2020,3,train,2,4
31063-2021,31063,2021,3,train,2,4
31063-2022,31063,2022,3,train,2,4
31065-2019,31065,2019,3,train,1,4
31065-2020,31065,2020,3,train,1,4
31065-2021,31065,2021,3,train,1,4
31065-2022,31065,2022,3,train,1,4
31067-2019,31067,2019,3,train,2,4
31067-2020,31067,2020,3,train,2,4
31067-2022,31067,2022,3,train,2,4
31069-2020,31069,2020,3,train,0,4
31071-2019,31071,2019,3,train,0,4
31071-2020,31071,2020,3,train,0,4
31071-2021,31071,2021,3,train,0,4
31071-2022,31071,2022,3,train,0,4
31073-2020,31073,2020,3,train,1,4
31073-2021,31073,2021,3,train,1,4
31073-2022,31073,2022,3,train,1,4
31077-2019,31077,2019,3,val,4,4
31077-2020,31077,2020,3,val,4,4
31077-2021,31077,2021,3,val,4,4
31077-2022,31077,2022,3,val,4,4
31079-2019,31079,2019,3,train,2,4
31079-2022,31079,2022,3,train,2,4
31081-2019,31081,2019,3,train,1,4
31081-2022,31081,2022,3,train,1,4
31083-2019,31083,2019,3,test,3,4
31083-2020,31083,2020,3,test,3,4
31083-2021,31083,2021,3,test,3,4
31083-2022,31083,2022,3,test,3,4
31085-2019,31085,2019,3,train,0,4
31085-2020,31085,2020,3,train,0,4
31085-2021,31085,2021,3,train,0,4
31087-2020,31087,2020,3,val,4,4
31089-2019,31089,2019,3,val,4,4
31089-2020,31089,2020,3,val,4,4
31089-2022,31089,2022,3,val,4,4
31093-2019,31093,2019,3,train,2,4
31093-2020,31093,2020,3,train,2,4
31093-2021,31093,2021,3,train,2,4
31093-2022,31093,2022,3,train,2,4
31095-2019,31095,2019,3,test,3,4
31095-2020,31095,2020,3,test,3,4
31095-2022,31095,2022,3,test,3,4
31097-2020,31097,2020,3,train,0,4
31097-2022,31097,2022,3,train,0,4
31099-2019,31099,2019,3,train,2,4
31099-2020,31099,2020,3,train,2,4
31099-2022,31099,2022,3,train,2,4
31101-2020,31101,2020,3,val,4,4
31101-2021,31101,2021,3,val,4,4
31103-2020,31103,2020,3,test,3,4
31107-2020,31107,2020,3,train,1,4
31107-2021,31107,2021,3,train,1,4
31107-2022,31107,2022,3,train,1,4
31109-2019,31109,2019,3,train,0,4
31109-2020,31109,2020,3,train,0,4
31109-2022,31109,2022,3,train,0,4
31111-2019,31111,2019,3,train,1,4
31111-2020,31111,2020,3,train,1,4
31111-2021,31111,2021,3,train,1,4
31111-2022,31111,2022,3,train,1,4
31113-2019,31113,2019,3,test,3,4
31113-2020,31113,2020,3,test,3,4
31115-2020,31115,2020,3,train,2,4
31119-2022,31119,2022,3,train,1,4
31121-2019,31121,2019,3,train,0,4
31123-2019,31123,2019,3,val,4,4
31123-2020,31123,2020,3,val,4,4
31123-2021,31123,2021,3,val,4,4
31125-2019,31125,2019,3,test,3,4
31125-2020,31125,2020,3,test,3,4
31125-2022,31125,2022,3,test,3,4
31127-2020,31127,2020,3,train,2,4
31127-2022,31127,2022,3,train,2,4
31129-2020,31129,2020,3,train,1,4
31129-2022,31129,2022,3,train,1,4
31131-2019,31131,2019,3,train,2,4
31131-2020,31131,2020,3,train,2,4
31131-2022,31131,2022,3,train,2,4
31135-2019,31135,2019,3,train,1,4
31135-2020,31135,2020,3,train,1,4
31135-2021,31135,2021,3,train,1,4
31137-2019,31137,2019,3,train,0,4
31137-2020,31137,2020,3,train,0,4
31137-2021,31137,2021,3,train,0,4
31137-2022,31137,2022,3,train,0,4
31139-2020,31139,2020,3,train,0,4
31139-2021,31139,2021,3,train,0,4
31139-2022,31139,2022,3,train,0,4
31141-2019,31141,2019,3,val,4,4
31141-2020,31141,2020,3,val,4,4
31141-2021,31141,2021,3,val,4,4
31141-2022,31141,2022,3,val,4,4
31143-2020,31143,2020,3,train,0,4
31143-2022,31143,2022,3,train,0,4
31145-2019,31145,2019,3,val,4,4
31145-2020,31145,2020,3,val,4,4
31145-2021,31145,2021,3,val,4,4
31147-2020,31147,2020,3,val,4,4
31147-2022,31147,2022,3,val,4,4
31149-2019,31149,2019,3,test,3,4
31149-2020,31149,2020,3,test,3,4
31149-2021,31149,2021,3,test,3,4
31151-2019,31151,2019,3,train,2,4
31151-2020,31151,2020,3,train,2,4
31151-2022,31151,2022,3,train,2,4
31153-2020,31153,2020,3,test,3,4
31153-2022,31153,2022,3,test,3,4
31155-2019,31155,2019,3,train,1,4
31155-2020,31155,2020,3,train,1,4
31155-2022,31155,2022,3,train,1,4
31157-2019,31157,2019,3,train,0,4
31157-2020,31157,2020,3,train,0,4
31157-2021,31157,2021,3,train,0,4
31159-2019,31159,2019,3,val,4,4
31159-2020,31159,2020,3,val,4,4
31159-2022,31159,2022,3,val,4,4
31161-2020,31161,2020,3,train,2,4
31161-2021,31161,2021,3,train,2,4
31163-2019,31163,2019,3,test,3,4
31163-2020,31163,2020,3,test,3,4
31163-2021,31163,2021,3,test,3,4
31163-2022,31163,2022,3,test,3,4
31165-2019,31165,2019,3,test,3,4
31165-2020,31165,2020,3,test,3,4
31165-2021,31165,2021,3,test,3,4
31167-2019,31167,2019,3,train,1,4
31167-2022,31167,2022,3,train,1,4
31169-2019,31169,2019,3,train,2,4
31169-2020,31169,2020,3,train,2,4
31169-2021,31169,2021,3,train,2,4
31169-2022,31169,2022,3,train,2,4
31173-2019,31173,2019,3,train,0,4
31173-2022,31173,2022,3,train,0,4
31175-2019,31175,2019,3,train,1,4
31175-2020,31175,2020,3,train,1,4
31175-2021,31175,2021,3,train,1,4
31175-2022,31175,2022,3,train,1,4
31177-2019,31177,2019,3,train,2,4
31177-2020,31177,2020,3,train,2,4
31177-2022,31177,2022,3,train,2,4
31179-2019,31179,2019,3,train,1,4
31179-2021,31179,2021,3,train,1,4
31179-2022,31179,2022,3,train,1,4
31181-2020,31181,2020,3,val,4,4
31181-2022,31181,2022,3,val,4,4
31183-2020,31183,2020,3,val,4,4
31185-2019,31185,2019,3,train,0,4
31185-2020,31185,2020,3,train,0,4
31185-2022,31185,2022,3,train,0,4
38001-2020,38001,2020,3,test,3,4
38001-2021,38001,2021,3,test,3,4
38003-2020,38003,2020,3,train,2,4
38003-2021,38003,2021,3,train,2,4
38005-2020,38005,2020,3,train,1,4
38005-2021,38005,2021,3,train,1,4
38007-2020,38007,2020,3,train,0,4
38007-2021,38007,2021,3,train,0,4
38009-2020,38009,2020,3,val,4,4
38009-2021,38009,2021,3,val,4,4
38011-2020,38011,2020,3,test,3,4
38015-2019,38015,2019,3,test,3,4
38015-2020,38015,2020,3,test,3,4
38017-2019,38017,2019,3,val,4,4
38017-2020,38017,2020,3,val,4,4
38017-2021,38017,2021,3,val,4,4
38021-2020,38021,2020,3,train,2,4
38021-2021,38021,2021,3,train,2,4
38025-2020,38025,2020,3,train,1,4
38025-2021,38025,2021,3,train,1,4
38027-2020,38027,2020,3,train,0,4
38027-2021,38027,2021,3,train,0,4
38029-2020,38029,2020,3,val,4,4
38029-2021,38029,2021,3,val,4,4
38031-2020,38031,2020,3,test,3,4
38031-2021,38031,2021,3,test,3,4
38033-2021,38033,2021,3,train,2,4
38035-2019,38035,2019,3,test,3,4
38035-2020,38035,2020,3,test,3,4
38035-2021,38035,2021,3,test,3,4
38037-2020,38037,2020,3,train,2,4
38037-2021,38037,2021,3,train,2,4
38041-2019,38041,2019,3,train,2,4
38041-2020,38041,2020,3,train,2,4
38041-2021,38041,2021,3,train,2,4
38043-2019,38043,2019,3,train,1,4
38043-2020,38043,2020,3,train,1,4
38043-2021,38043,2021,3,train,1,4
38047-2020,38047,2020,3,train,1,4
38047-2021,38047,2021,3,train,1,4
38057-2020,38057,2020,3,train,0,4
38057-2021,38057,2021,3,train,0,4
38059-2020,38059,2020,3,train,1,4
38061-2019,38061,2019,3,val,4,4
38061-2020,38061,2020,3,val,4,4
38063-2020,38063,2020,3,train,0,4
38065-2020,38065,2020,3,val,4,4
38067-2020,38067,2020,3,test,3,4
38067-2021,38067,2021,3,test,3,4
38069-2020,38069,2020,3,train,2,4
38069-2021,38069,2021,3,train,2,4
38071-2020,38071,2020,3,train,1,4
38071-2021,38071,2021,3,train,1,4
38073-2020,38073,2020,3,train,0,4
38073-2021,38073,2021,3,train,0,4
38075-2020,38075,2020,3,val,4,4
38075-2021,38075,2021,3,val,4,4
38077-2019,38077,2019,3,train,0,4
38077-2020,38077,2020,3,train,0,4
38077-2021,38077,2021,3,train,0,4
38079-2021,38079,2021,3,test,3,4
38081-2019,38081,2019,3,val,4,4
38081-2020,38081,2020,3,val,4,4
38081-2021,38081,2021,3,val,4,4
38083-2019,38083,2019,3,test,3,4
38083-2020,38083,2020,3,test,3,4
38087-2019,38087,2019,3,test,3,4
38087-2020,38087,2020,3,test,3,4
38087-2021,38087,2021,3,test,3,4
38089-2020,38089,2020,3,train,2,4
38089-2021,38089,2021,3,train,2,4
38091-2019,38091,2019,3,train,2,4
38091-2020,38091,2020,3,train,2,4
38091-2021,38091,2021,3,train,2,4
38093-2019,38093,2019,3,train,1,4
38093-2020,38093,2020,3,train,1,4
38093-2021,38093,2021,3,train,1,4
38095-2020,38095,2020,3,train,1,4
38095-2021,38095,2021,3,train,1,4
38097-2020,38097,2020,3,train,2,4
38099-2020,38099,2020,3,train,0,4
38099-2021,38099,2021,3,train,0,4
38101-2019,38101,2019,3,train,0,4
38101-2020,38101,2020,3,train,0,4
38101-2021,38101,2021,3,train,0,4
38103-2020,38103,2020,3,val,4,4
38103-2021,38103,2021,3,val,4,4
38105-2021,38105,2021,3,train,1,4
39001-2020,39001,2020,3,test,3,4
39001-2022,39001,2022,3,test,3,4
39003-2020,39003,2020,3,train,2,4
39003-2022,39003,2022,3,train,2,4
39005-2019,39005,2019,3,val,4,4
39005-2020,39005,2020,3,val,4,4
39005-2021,39005,2021,3,val,4,4
39007-2019,39007,2019,3,train,1,4
39007-2021,39007,2021,3,train,1,4
39011-2019,39011,2019,3,train,0,4
39011-2020,39011,2020,3,train,0,4
39011-2021,39011,2021,3,train,0,4
39011-2022,39011,2022,3,train,0,4
39015-2022,39015,2022,3,train,0,4
39017-2020,39017,2020,3,train,0,4
39017-2022,39017,2022,3,train,0,4
39021-2019,39021,2019,3,test,3,4
39021-2020,39021,2020,3,test,3,4
39021-2022,39021,2022,3,test,3,4
39023-2022,39023,2022,3,val,4,4
39025-2022,39025,2022,3,test,3,4
39027-2022,39027,2022,3,train,2,4
39029-2019,39029,2019,3,train,1,4
39031-2019,39031,2019,3,val,4,4
39031-2020,39031,2020,3,val,4,4
39031-2021,39031,2021,3,val,4,4
39031-2022,39031,2022,3,val,4,4
39033-2022,39033,2022,3,train,0,4
39037-2019,39037,2019,3,test,3,4
39037-2020,39037,2020,3,test,3,4
39037-2021,39037,2021,3,test,3,4
39037-2022,39037,2022,3,test,3,4
39039-2019,39039,2019,3,train,2,4
39039-2020,39039,2020,3,train,2,4
39039-2022,39039,2022,3,train,2,4
39041-2022,39041,2022,3,val,4,4
39043-2020,39043,2020,3,val,4,4
39043-2022,39043,2022,3,val,4,4
39045-2019,39045,2019,3,train,1,4
39045-2020,39045,2020,3,train,1,4
39045-2022,39045,2022,3,train,1,4
39047-2020,39047,2020,3,test,3,4
39047-2022,39047,2022,3,test,3,4
39049-2022,39049,2022,3,test,3,4
39051-2019,39051,2019,3,train,0,4
39051-2020,39051,2020,3,train,0,4
39051-2022,39051,2022,3,train,0,4
39053-2019,39053,2019,3,val,4,4
39053-2020,39053,2020,3,val,4,4
39053-2021,39053,2021,3,val,4,4
39057-2022,39057,2022,3,train,2,4
39061-2020,39061,2020,3,train,1,4
39063-2020,39063,2020,3,train,2,4
39063-2022,39063,2022,3,train,2,4
39065-2019,39065,2019,3,train,2,4
39065-2020,39065,2020,3,train,2,4
39065-2021,39065,2021,3,train,2,4
39065-2022,39065,2022,3,train,2,4
39069-2020,39069,2020,3,train,1,4
39069-2022,39069,2022,3,train,1,4
39071-2022,39071,2022,3,train,0,4
39075-2019,39075,2019,3,train,1,4
39075-2020,39075,2020,3,train,1,4
39075-2021,39075,2021,3,train,1,4
39075-2022,39075,2022,3,train,1,4
39077-2022,39077,2022,3,val,4,4
39079-2022,39079,2022,3,test,3,4
39083-2019,39083,2019,3,train,0,4
39083-2020,39083,2020,3,train,0,4
39083-2021,39083,2021,3,train,0,4
39083-2022,39083,2022,3,train,0,4
39089-2020,39089,2020,3,test,3,4
39089-2021,39089,2021,3,test,3,4
39089-2022,39089,2022,3,test,3,4
39091-2019,39091,2019,3,val,4,4
39091-2020,39091,2020,3,val,4,4
39091-2021,39091,2021,3,val,4,4
39091-2022,39091,2022,3,val,4,4
39093-2020,39093,2020,3,train,2,4
39093-2021,39093,2021,3,train,2,4
39093-2022,39093,2022,3,train,2,4
39095-2019,39095,2019,3,train,1,4
39095-2020,39095,2020,3,train,1,4
39095-2022,39095,2022,3,train,1,4
39097-2020,39097,2020,3,train,0,4
39097-2022,39097,2022,3,train,0,4
39099-2019,39099,2019,3,train,2,4
39101-2019,39101,2019,3,train,0,4
39101-2020,39101,2020,3,train,0,4
39101-2022,39101,2022,3,train,0,4
39103-2019,39103,2019,3,test,3,4
39103-2020,39103,2020,3,test,3,4
39103-2021,39103,2021,3,test,3,4
39103-2022,39103,2022,3,test,3,4
39107-2019,39107,2019,3,train,2,4
39107-2020,39107,2020,3,train,2,4
39107-2021,39107,2021,3,train,2,4
39107-2022,39107,2022,3,train,2,4
39109-2019,39109,2019,3,val,4,4
39109-2020,39109,2020,3,val,4,4
39109-2022,39109,2022,3,val,4,4
39113-2019,39113,2019,3,train,1,4
39117-2022,39117,2022,3,train,0,4
39119-2019,39119,2019,3,train,1,4
39119-2020,39119,2020,3,train,1,4
39119-2021,39119,2021,3,train,1,4
39119-2022,39119,2022,3,train,1,4
39123-2020,39123,2020,3,val,4,4
39123-2022,39123,2022,3,val,4,4
39125-2020,39125,2020,3,test,3,4
39125-2022,39125,2022,3,test,3,4
39127-2020,39127,2020,3,train,2,4
39127-2021,39127,2021,3,train,2,4
39129-2019,39129,2019,3,train,0,4
39129-2020,39129,2020,3,train,0,4
39129-2021,39129,2021,3,train,0,4
39129-2022,39129,2022,3,train,0,4
39131-2019,39131,2019,3,test,3,4
39131-2021,39131,2021,3,test,3,4
39131-2022,39131,2022,3,test,3,4
39133-2019,39133,2019,3,train,1,4
39133-2021,39133,2021,3,train,1,4
39135-2019,39135,2019,3,val,4,4
39135-2020,39135,2020,3,val,4,4
39135-2021,39135,2021,3,val,4,4
39135-2022,39135,2022,3,val,4,4
39137-2019,39137,2019,3,train,2,4
39137-2020,39137,2020,3,train,2,4
39137-2022,39137,2022,3,train,2,4
39139-2019,39139,2019,3,train,1,4
39139-2020,39139,2020,3,train,1,4
39139-2022,39139,2022,3,train,1,4
39141-2019,39141,2019,3,train,0,4
39141-2021,39141,2021,3,train,0,4
39141-2022,39141,2022,3,train,0,4
39143-2019,39143,2019,3,val,4,4
39143-2020,39143,2020,3,val,4,4
39143-2022,39143,2022,3,val,4,4
39145-2019,39145,2019,3,test,3,4
39145-2020,39145,2020,3,test,3,4
39145-2021,39145,2021,3,test,3,4
39147-2019,39147,2019,3,train,2,4
39147-2020,39147,2020,3,train,2,4
39147-2022,39147,2022,3,train,2,4
39149-2019,39149,2019,3,train,1,4
39149-2020,39149,2020,3,train,1,4
39149-2022,39149,2022,3,train,1,4
39151-2019,39151,2019,3,train,0,4
39151-2020,39151,2020,3,train,0,4
39151-2021,39151,2021,3,train,0,4
39155-2019,39155,2019,3,val,4,4
39157-2019,39157,2019,3,val,4,4
39157-2020,39157,2020,3,val,4,4
39157-2021,39157,2021,3,val,4,4
39159-2019,39159,2019,3,train,0,4
39159-2022,39159,2022,3,train,0,4
39161-2019,39161,2019,3,test,3,4
39161-2020,39161,2020,3,test,3,4
39161-2022,39161,2022,3,test,3,4
39165-2019,39165,2019,3,train,2,4
39165-2020,39165,2020,3,train,2,4
39165-2022,39165,2022,3,train,2,4
39167-2019,39167,2019,3,train,1,4
39167-2020,39167,2020,3,train,1,4
39167-2021,39167,2021,3,train,1,4
39169-2019,39169,2019,3,test,3,4
39169-2020,39169,2020,3,test,3,4
39169-2021,39169,2021,3,test,3,4
39169-2022,39169,2022,3,test,3,4
39171-2019,39171,2019,3,train,0,4
39171-2020,39171,2020,3,train,0,4
39171-2022,39171,2022,3,train,0,4
39173-2020,39173,2020,3,val,4,4
39173-2022,39173,2022,3,val,4,4
39175-2019,39175,2019,3,val,4,4
39175-2020,39175,2020,3,val,4,4
39175-2022,39175,2022,3,val,4,4
46003-2020,46003,2020,3,test,3,4
46003-2021,46003,2021,3,test,3,4
46005-2020,46005,2020,3,train,2,4
46005-2021,46005,2021,3,train,2,4
46007-2020,46007,2020,3,train,1,4
46007-2021,46007,2021,3,train,1,4
46009-2020,46009,2020,3,test,3,4
46009-2021,46009,2021,3,test,3,4
46009-2022,46009,2022,3,test,3,4
46011-2020,46011,2020,3,train,0,4
46011-2021,46011,2021,3,train,0,4
46013-2020,46013,2020,3,val,4,4
46013-2021,46013,2021,3,val,4,4
46015-2020,46015,2020,3,test,3,4
46015-2021,46015,2021,3,test,3,4
46017-2020,46017,2020,3,train,2,4
46017-2021,46017,2021,3,train,2,4
46019-2020,46019,2020,3,train,1,4
46019-2021,46019,2021,3,train,1,4
46021-2020,46021,2020,3,train,0,4
46021-2021,46021,2021,3,train,0,4
46023-2020,46023,2020,3,train,2,4
46023-2021,46023,2021,3,train,2,4
46023-2022,46023,2022,3,train,2,4
46025-2020,46025,2020,3,val,4,4
46025-2021,46025,2021,3,val,4,4
46027-2020,46027,2020,3,train,1,4
46027-2021,46027,2021,3,train,1,4
46027-2022,46027,2022,3,train,1,4
46029-2020,46029,2020,3,test,3,4
46029-2021,46029,2021,3,test,3,4
46031-2020,46031,2020,3,train,2,4
46031-2021,46031,2021,3,train,2,4
46035-2020,46035,2020,3,test,3,4
46037-2020,46037,2020,3,train,1,4
46037-2021,46037,2021,3,train,1,4
46039-2020,46039,2020,3,train,2,4
46041-2020,46041,2020,3,train,1,4
46043-2020,46043,2020,3,train,0,4
46043-2021,46043,2021,3,train,0,4
46045-2019,46045,2019,3,val,4,4
46045-2020,46045,2020,3,val,4,4
46049-2020,46049,2020,3,test,3,4
46049-2021,46049,2021,3,test,3,4
46051-2020,46051,2020,3,train,2,4
46051-2021,46051,2021,3,train,2,4
46053-2020,46053,2020,3,train,1,4
46053-2021,46053,2021,3,train,1,4
46057-2020,46057,2020,3,train,0,4
46057-2021,46057,2021,3,train,0,4
46059-2020,46059,2020,3,val,4,4
46059-2021,46059,2021,3,val,4,4
46061-2020,46061,2020,3,test,3,4
46061-2021,46061,2021,3,test,3,4
46063-2021,46063,2021,3,train,0,4
46065-2020,46065,2020,3,train,2,4
46065-2021,46065,2021,3,train,2,4
46067-2020,46067,2020,3,train,1,4
46067-2021,46067,2021,3,train,1,4
46069-2020,46069,2020,3,val,4,4
46073-2020,46073,2020,3,train,0,4
46073-2021,46073,2021,3,train,0,4
46075-2020,46075,2020,3,test,3,4
46077-2020,46077,2020,3,val,4,4
46077-2021,46077,2021,3,val,4,4
46079-2020,46079,2020,3,test,3,4
46079-2021,46079,2021,3,test,3,4
46083-2019,46083,2019,3,train,2,4
46083-2020,46083,2020,3,train,2,4
46083-2021,46083,2021,3,train,2,4
46083-2022,46083,2022,3,train,2,4
46085-2019,46085,2019,3,train,0,4
46085-2020,46085,2020,3,train,0,4
46085-2021,46085,2021,3,train,0,4
46091-2020,46091,2020,3,train,2,4
46091-2021,46091,2021,3,train,2,4
46093-2021,46093,2021,3,train,2,4
46095-2020,46095,2020,3,train,1,4
46097-2020,46097,2020,3,train,1,4
46097-2021,46097,2021,3,train,1,4
46099-2019,46099,2019,3,val,4,4
46099-2020,46099,2020,3,val,4,4
46099-2022,46099,2022,3,val,4,4
46101-2020,46101,2020,3,train,0,4
46102-2020,46102,2020,3,train,0,4
46102-2021,46102,2021,3,train,0,4
46103-2021,46103,2021,3,val,4,4
46107-2020,46107,2020,3,val,4,4
46107-2021,46107,2021,3,val,4,4
46109-2020,46109,2020,3,test,3,4
46111-2020,46111,2020,3,test,3,4
46111-2021,46111,2021,3,test,3,4
46115-2020,46115,2020,3,train,2,4
46119-2020,46119,2020,3,train,2,4
46119-2021,46119,2021,3,train,2,4
46121-2021,46121,2021,3,train,1,4
46123-2020,46123,2020,3,train,1,4
46123-2021,46123,2021,3,train,1,4
46125-2020,46125,2020,3,test,3,4
46125-2021,46125,2021,3,test,3,4
46125-2022,46125,2022,3,test,3,4
46127-2019,46127,2019,3,train,2,4
46127-2020,46127,2020,3,train,2,4
46127-2022,46127,2022,3,train,2,4
46129-2020,46129,2020,3,train,0,4
46129-2021,46129,2021,3,train,0,4
46135-2021,46135,2021,3,val,4,4
46135-2022,46135,2022,3,val,4,4
46137-2019,46137,2019,3,test,3,4
46137-2020,46137,2020,3,test,3,4
55001-2019,55001,2019,3,train,2,4
55001-2020,55001,2020,3,train,2,4
55005-2020,55005,2020,3,train,0,4
55009-2020,55009,2020,3,val,4,4
55011-2020,55011,2020,3,test,3,4
55013-2020,55013,2020,3,train,2,4
55015-2020,55015,2020,3,train,1,4
55017-2019,55017,2019,3,train,1,4
55017-2020,55017,2020,3,train,1,4
55017-2021,55017,2021,3,train,1,4
55019-2019,55019,2019,3,train,0,4
55019-2020,55019,2020,3,train,0,4
55019-2021,55019,2021,3,train,0,4
55021-2019,55021,2019,3,val,4,4
55021-2020,55021,2020,3,val,4,4
55021-2021,55021,2021,3,val,4,4
55023-2019,55023,2019,3,train,1,4
55023-2020,55023,2020,3,train,1,4
55023-2021,55023,2021,3,train,1,4
55023-2022,55023,2022,3,train,1,4
55025-2019,55025,2019,3,train,0,4
55025-2020,55025,2020,3,train,0,4
55025-2021,55025,2021,3,train,0,4
55025-2022,55025,2022,3,train,0,4
55027-2019,55027,2019,3,train,1,4
55027-2020,55027,2020,3,train,1,4
55029-2019,55029,2019,3,test,3,4
55029-2020,55029,2020,3,test,3,4
55029-2021,55029,2021,3,test,3,4
55033-2020,55033,2020,3,train,0,4
55035-2019,55035,2019,3,train,2,4
55035-2020,55035,2020,3,train,2,4
55035-2021,55035,2021,3,train,2,4
55043-2019,55043,2019,3,val,4,4
55043-2020,55043,2020,3,val,4,4
55043-2021,55043,2021,3,val,4,4
55043-2022,55043,2022,3,val,4,4
55045-2019,55045,2019,3,test,3,4
55045-2020,55045,2020,3,test,3,4
55045-2021,55045,2021,3,test,3,4
55045-2022,55045,2022,3,test,3,4
55047-2019,55047,2019,3,train,1,4
55047-2020,55047,2020,3,train,1,4
55047-2021,55047,2021,3,train,1,4
55049-2020,55049,2020,3,train,0,4
55049-2022,55049,2022,3,train,0,4
55053-2019,55053,2019,3,train,0,4
55053-2020,55053,2020,3,train,0,4
55053-2021,55053,2021,3,train,0,4
55055-2019,55055,2019,3,val,4,4
55055-2020,55055,2020,3,val,4,4
55055-2022,55055,2022,3,val,4,4
55057-2019,55057,2019,3,test,3,4
55057-2020,55057,2020,3,test,3,4
55057-2021,55057,2021,3,test,3,4
55059-2020,55059,2020,3,val,4,4
55059-2022,55059,2022,3,val,4,4
55061-2020,55061,2020,3,val,4,4
55063-2019,55063,2019,3,train,2,4
55063-2020,55063,2020,3,train,2,4
55063-2021,55063,2021,3,train,2,4
55065-2020,55065,2020,3,test,3,4
55065-2022,55065,2022,3,test,3,4
55067-2020,55067,2020,3,train,2,4
55067-2021,55067,2021,3,train,2,4
55069-2020,55069,2020,3,train,1,4
55069-2021,55069,2021,3,train,1,4
55071-2019,55071,2019,3,train,0,4
55071-2020,55071,2020,3,train,0,4
55073-2020,55073,2020,3,val,4,4
55073-2021,55073,2021,3,val,4,4
55075-2019,55075,2019,3,train,1,4
55075-2020,55075,2020,3,train,1,4
55075-2021,55075,2021,3,train,1,4
55077-2020,55077,2020,3,test,3,4
55079-2020,55079,2020,3,train,2,4
55081-2019,55081,2019,3,train,0,4
55081-2020,55081,2020,3,train,0,4
55081-2021,55081,2021,3,train,0,4
55083-2019,55083,2019,3,val,4,4
55083-2020,55083,2020,3,val,4,4
55083-2021,55083,2021,3,val,4,4
55087-2019,55087,2019,3,test,3,4
55087-2020,55087,2020,3,test,3,4
55089-2019,55089,2019,3,train,2,4
55089-2020,55089,2020,3,train,2,4
55091-2020,55091,2020,3,train,1,4
55093-2020,55093,2020,3,train,2,4
55095-2020,55095,2020,3,train,1,4
55097-2019,55097,2019,3,train,1,4
55097-2020,55097,2020,3,train,1,4
55101-2019,55101,2019,3,test,3,4
55101-2020,55101,2020,3,test,3,4
55101-2022,55101,2022,3,test,3,4
55103-2019,55103,2019,3,train,2,4
55103-2020,55103,2020,3,train,2,4
55103-2021,55103,2021,3,train,2,4
55103-2022,55103,2022,3,train,2,4
55105-2019,55105,2019,3,train,1,4
55105-2020,55105,2020,3,train,1,4
55105-2021,55105,2021,3,train,1,4
55105-2022,55105,2022,3,train,1,4
55107-2019,55107,2019,3,train,2,4
55107-2020,55107,2020,3,train,2,4
55107-2021,55107,2021,3,train,2,4
55111-2019,55111,2019,3,train,1,4
55111-2020,55111,2020,3,train,1,4
55111-2021,55111,2021,3,train,1,4
55113-2020,55113,2020,3,train,0,4
55113-2021,55113,2021,3,train,0,4
55115-2019,55115,2019,3,train,0,4
55115-2020,55115,2020,3,train,0,4
55115-2021,55115,2021,3,train,0,4
55117-2019,55117,2019,3,val,4,4
55117-2020,55117,2020,3,val,4,4
55119-2020,55119,2020,3,test,3,4
55119-2021,55119,2021,3,test,3,4
55121-2019,55121,2019,3,val,4,4
55121-2020,55121,2020,3,val,4,4
55121-2021,55121,2021,3,val,4,4
55123-2019,55123,2019,3,train,0,4
55123-2020,55123,2020,3,train,0,4
55123-2021,55123,2021,3,train,0,4
55123-2022,55123,2022,3,train,0,4
55127-2019,55127,2019,3,test,3,4
55127-2020,55127,2020,3,test,3,4
55127-2022,55127,2022,3,test,3,4
55129-2019,55129,2019,3,train,2,4
55129-2020,55129,2020,3,train,2,4
55131-2019,55131,2019,3,train,1,4
55131-2020,55131,2020,3,train,1,4
55133-2019,55133,2019,3,val,4,4
55133-2020,55133,2020,3,val,4,4
55133-2022,55133,2022,3,val,4,4
55135-2019,55135,2019,3,train,0,4
55135-2020,55135,2020,3,train,0,4
55137-2019,55137,2019,3,test,3,4
55137-2020,55137,2020,3,test,3,4
55137-2021,55137,2021,3,test,3,4
55139-2019,55139,2019,3,val,4,4
55139-2020,55139,2020,3,val,4,4
55141-2019,55141,2019,3,test,3,4
55141-2020,55141,2020,3,test,3,4
17001-2020,17001,2020,4,val,0,0
17001-2022,17001,2022,4,val,0,0
17003-2019,17003,2019,4,test,4,0
17003-2020,17003,2020,4,test,4,0
17005-2019,17005,2019,4,train,2,0
17005-2020,17005,2020,4,train,2,0
17005-2021,17005,2021,4,train,2,0
17005-2022,17005,2022,4,train,2,0
17007-2019,17007,2019,4,train,2,0
17007-2020,17007,2020,4,train,2,0
17007-2022,17007,2022,4,train,2,0
17009-2020,17009,2020,4,train,3,0
17009-2022,17009,2022,4,train,3,0
17011-2019,17011,2019,4,train,1,0
17011-2020,17011,2020,4,train,1,0
17011-2021,17011,2021,4,train,1,0
17011-2022,17011,2022,4,train,1,0
17013-2020,17013,2020,4,train,2,0
17013-2022,17013,2022,4,train,2,0
17015-2020,17015,2020,4,train,1,0
17015-2022,17015,2022,4,train,1,0
17017-2019,17017,2019,4,val,0,0
17017-2020,17017,2020,4,val,0,0
17017-2021,17017,2021,4,val,0,0
17017-2022,17017,2022,4,val,0,0
17019-2021,17019,2021,4,val,0,0
17019-2022,17019,2022,4,val,0,0
17021-2020,17021,2020,4,train,1,0
17021-2021,17021,2021,4,train,1,0
17021-2022,17021,2022,4,train,1,0
17023-2020,17023,2020,4,test,4,0
17023-2022,17023,2022,4,test,4,0
17025-2019,17025,2019,4,test,4,0
17025-2020,17025,2020,4,test,4,0
17025-2021,17025,2021,4,test,4,0
17025-2022,17025,2022,4,test,4,0
17027-2019,17027,2019,4,train,3,0
17027-2020,17027,2020,4,train,3,0
17027-2021,17027,2021,4,train,3,0
17027-2022,17027,2022,4,train,3,0
17029-2019,17029,2019,4,train,3,0
17029-2021,17029,2021,4,train,3,0
17031-2019,17031,2019,4,val,0,0
17033-2019,17033,2019,4,val,0,0
17033-2020,17033,2020,4,val,0,0
17033-2022,17033,2022,4,val,0,0
17035-2019,17035,2019,4,train,2,0
17035-2022,17035,2022,4,train,2,0
17039-2020,17039,2020,4,test,4,0
17039-2021,17039,2021,4,test,4,0
17039-2022,17039,2022,4,test,4,0
17041-2019,17041,2019,4,train,1,0
17041-2022,17041,2022,4,train,1,0
17045-2020,17045,2020,4,train,3,0
17045-2021,17045,2021,4,train,3,0
17045-2022,17045,2022,4,train,3,0
17047-2020,17047,2020,4,train,2,0
17047-2021,17047,2021,4,train,2,0
17047-2022,17047,2022,4,train,2,0
17049-2021,17049,2021,4,val,0,0
17049-2022,17049,2022,4,val,0,0
17051-2019,17051,2019,4,train,1,0
17051-2020,17051,2020,4,train,1,0
17051-2021,17051,2021,4,train,1,0
17053-2019,17053,2019,4,train,2,0
17053-2020,17053,2020,4,train,2,0
17053-2021,17053,2021,4,train,2,0
17053-2022,17053,2022,4,train,2,0
17055-2019,17055,2019,4,train,1,0
17055-2020,17055,2020,4,train,1,0
17055-2021,17055,2021,4,train,1,0
17055-2022,17055,2022,4,train,1,0
17057-2020,17057,2020,4,val,0,0
17057-2021,17057,2021,4,val,0,0
17057-2022,17057,2022,4,val,0,0
17059-2019,17059,2019,4,val,0,0
17059-2020,17059,2020,4,val,0,0
17059-2021,17059,2021,4,val,0,0
17059-2022,17059,2022,4,val,0,0
17061-2020,17061,2020,4,test,4,0
17061-2021,17061,2021,4,test,4,0
17061-2022,17061,2022,4,test,4,0
17063-2019,17063,2019,4,train,3,0
17063-2020,17063,2020,4,train,3,0
17063-2022,17063,2022,4,train,3,0
17065-2020,17065,2020,4,test,4,0
17065-2022,17065,2022,4,test,4,0
17067-2020,17067,2020,4,train,3,0
17067-2022,17067,2022,4,train,3,0
17071-2020,17071,2020,4,train,2,0
17071-2022,17071,2022,4,train,2,0
17073-2020,17073,2020,4,train,1,0
17073-2022,17073,2022,4,train,1,0
17075-2019,17075,2019,4,test,4,0
17075-2020,17075,2020,4,test,4,0
17075-2021,17075,2021,4,test,4,0
17075-2022,17075,2022,4,test,4,0
17077-2019,17077,2019,4,train,3,0
17077-2020,17077,2020,4,train,3,0
17077-2021,17077,2021,4,train,3,0
17077-2022,17077,2022,4,train,3,0
17079-2019,17079,2019,4,train,2,0
17079-2020,17079,2020,4,train,2,0
17079-2022,17079,2022,4,train,2,0
17081-2019,17081,2019,4,train,1,0
17081-2021,17081,2021,4,train,1,0
17081-2022,17081,2022,4,train,1,0
17083-2020,17083,2020,4,val,0,0
17083-2022,17083,2022,4,val,0,0
17085-2020,17085,2020,4,test,4,0
17085-2022,17085,2022,4,test,4,0
17087-2020,17087,2020,4,test,4,0
17089-2019,17089,2019,4,val,0,0
17089-2020,17089,2020,4,val,0,0
17089-2022,17089,2022,4,val,0,0
17091-2020,17091,2020,4,train,3,0
17091-2022,17091,2022,4,train,3,0
17093-2019,17093,2019,4,test,4,0
17093-2020,17093,2020,4,test,4,0
17093-2022,17093,2022,4,test,4,0
17095-2020,17095,2020,4,train,2,0
17095-2022,17095,2022,4,train,2,0
17097-2019,17097,2019,4,train,1,0
17097-2020,17097,2020,4,train,1,0
17101-2019,17101,2019,4,train,3,0
17101-2020,17101,2020,4,train,3,0
17101-2022,17101,2022,4,train,3,0
17103-2019,17103,2019,4,train,2,0
17103-2020,17103,2020,4,train,2,0
17103-2022,17103,2022,4,train,2,0
17105-2019,17105,2019,4,train,2,0
17105-2020,17105,2020,4,train,2,0
17105-2021,17105,2021,4,train,2,0
17105-2022,17105,2022,4,train,2,0
17107-2020,17107,2020,4,train,1,0
17107-2021,17107,2021,4,train,1,0
17107-2022,17107,2022,4,train,1,0
17115-2020,17115,2020,4,val,0,0
17115-2021,17115,2021,4,val,0,0
17115-2022,17115,2022,4,val,0,0
17117-2020,17117,2020,4,test,4,0
17117-2021,17117,2021,4,test,4,0
17117-2022,17117,2022,4,test,4,0
17119-2019,17119,2019,4,train,1,0
17119-2020,17119,2020,4,train,1,0
17119-2021,17119,2021,4,train,1,0
17119-2022,17119,2022,4,train,1,0
17121-2019,17121,2019,4,val,0,0
17121-2020,17121,2020,4,val,0,0
17121-2021,17121,2021,4,val,0,0
17121-2022,17121,2022,4,val,0,0
17123-2019,17123,2019,4,test,4,0
17123-2020,17123,2020,4,test,4,0
17123-2021,17123,2021,4,test,4,0
17123-2022,17123,2022,4,test,4,0
17125-2020,17125,2020,4,train,3,0
17125-2021,17125,2021,4,train,3,0
17125-2022,17125,2022,4,train,3,0
17127-2019,17127,2019,4,val,0,0
17127-2020,17127,2020,4,val,0,0
17129-2021,17129,2021,4,train,3,0
17131-2020,17131,2020,4,test,4,0
17131-2022,17131,2022,4,test,4,0
17133-2019,17133,2019,4,train,2,0
17133-2020,17133,2020,4,train,2,0
17133-2022,17133,2022,4,train,2,0
17135-2020,17135,2020,4,train,1,0
17135-2021,17135,2021,4,train,1,0
17135-2022,17135,2022,4,train,1,0
17137-2019,17137,2019,4,val,0,0
17137-2020,17137,2020,4,val,0,0
17137-2022,17137,2022,4,val,0,0
17139-2021,17139,2021,4,train,3,0
17139-2022,17139,2022,4,train,3,0
17141-2019,17141,2019,4,test,4,0
17141-2020,17141,2020,4,test,4,0
17141-2022,17141,2022,4,test,4,0
17143-2019,17143,2019,4,train,3,0
17143-2020,17143,2020,4,train,3,0
17143-2021,17143,2021,4,train,3,0
17143-2022,17143,2022,4,train,3,0
17145-2020,17145,2020,4,train,2,0
17145-2022,17145,2022,4,train,2,0
17147-2021,17147,2021,4,train,1,0
17147-2022,17147,2022,4,train,1,0
17149-2020,17149,2020,4,train,2,0
17151-2020,17151,2020,4,train,1,0
17153-2019,17153,2019,4,train,3,0
17153-2020,17153,2020,4,train,3,0
17153-2021,17153,2021,4,train,3,0
17155-2020,17155,2020,4,train,2,0
17155-2021,17155,2021,4,train,2,0
17155-2022,17155,2022,4,train,2,0
17157-2019,17157,2019,4,train,2,0
17157-2020,17157,2020,4,train,2,0
17157-2021,17157,2021,4,train,2,0
17157-2022,17157,2022,4,train,2,0
17159-2020,17159,2020,4,val,0,0
17161-2020,17161,2020,4,val,0,0
17161-2022,17161,2022,4,val,0,0
17165-2020,17165,2020,4,train,1,0
17165-2021,17165,2021,4,train,1,0
17165-2022,17165,2022,4,train,1,0
17167-2021,17167,2021,4,test,4,0
17169-2020,17169,2020,4,test,4,0
17169-2022,17169,2022,4,test,4,0
17171-2020,17171,2020,4,train,3,0
17171-2022,17171,2022,4,train,3,0
17173-2021,17173,2021,4,train,2,0
17173-2022,17173,2022,4,train,2,0
17175-2019,17175,2019,4,train,1,0
17175-2020,17175,2020,4,train,1,0
17175-2021,17175,2021,4,train,1,0
17175-2022,17175,2022,4,train,1,0
17177-2019,17177,2019,4,val,0,0
17177-2020,17177,2020,4,val,0,0
17177-2021,17177,2021,4,val,0,0
17177-2022,17177,2022,4,val,0,0
17179-2020,17179,2020,4,val,0,0
17179-2021,17179,2021,4,val,0,0
17179-2022,17179,2022,4,val,0,0
17181-2019,17181,2019,4,test,4,0
17181-2020,17181,2020,4,test,4,0
17181-2021,17181,2021,4,test,4,0
17183-2020,17183,2020,4,train,3,0
17183-2021,17183,2021,4,train,3,0
17183-2022,17183,2022,4,train,3,0
17185-2019,17185,2019,4,train,2,0
17185-2020,17185,2020,4,train,2,0
17185-2022,17185,2022,4,train,2,0
17187-2020,17187,2020,4,train,1,0
17187-2022,17187,2022,4,train,1,0
17189-2019,17189,2019,4,test,4,0
17189-2020,17189,2020,4,test,4,0
17189-2021,17189,2021,4,test,4,0
17189-2022,17189,2022,4,test,4,0
17191-2020,17191,2020,4,val,0,0
17191-2022,17191,2022,4,val,0,0
17193-2019,17193,2019,4,train,3,0
17193-2020,17193,2020,4,train,3,0
17193-2021,17193,2021,4,train,3,0
17193-2022,17193,2022,4,train,3,0
17195-2019,17195,2019,4,train,1,0
17195-2020,17195,2020,4,train,1,0
17195-2022,17195,2022,4,train,1,0
17197-2020,17197,2020,4,test,4,0
17197-2022,17197,2022,4,test,4,0
17199-2019,17199,2019,4,val,0,0
17199-2020,17199,2020,4,val,0,0
17199-2022,17199,2022,4,val,0,0
17201-2019,17201,2019,4,train,2,0
17201-2020,17201,2020,4,train,2,0
17201-2021,17201,2021,4,train,2,0
17201-2022,17201,2022,4,train,2,0
17203-2019,17203,2019,4,train,1,0
17203-2020,17203,2020,4,train,1,0
17203-2021,17203,2021,4,train,1,0
17203-2022,17203,2022,4,train,1,0
18001-2019,18001,2019,4,test,4,0
18001-2020,18001,2020,4,test,4,0
18001-2022,18001,2022,4,test,4,0
18003-2019,18003,2019,4,train,3,0
18003-2020,18003,2020,4,train,3,0
18003-2022,18003,2022,4,train,3,0
18005-2022,18005,2022,4,train,3,0
18007-2019,18007,2019,4,val,0,0
18007-2020,18007,2020,4,val,0,0
18007-2021,18007,2021,4,val,0,0
18007-2022,18007,2022,4,val,0,0
18009-2022,18009,2022,4,train,2,0
18011-2019,18011,2019,4,test,4,0
18011-2020,18011,2020,4,test,4,0
18011-2021,18011,2021,4,test,4,0
18011-2022,18011,2022,4,test,4,0
18015-2019,18015,2019,4,train,2,0
18015-2020,18015,2020,4,train,2,0
18015-2022,18015,2022,4,train,2,0
18017-2020,18017,2020,4,train,3,0
18017-2022,18017,2022,4,train,3,0
18019-2020,18019,2020,4,train,1,0
18021-2020,18021,2020,4,train,1,0
18021-2021,18021,2021,4,train,1,0
18021-2022,18021,2022,4,train,1,0
18023-2020,18023,2020,4,val,0,0
18023-2021,18023,2021,4,val,0,0
18023-2022,18023,2022,4,val,0,0
18027-2019,18027,2019,4,train,3,0
18027-2020,18027,2020,4,train,3,0
18027-2021,18027,2021,4,train,3,0
18027-2022,18027,2022,4,train,3,0
18029-2019,18029,2019,4,test,4,0
18029-2020,18029,2020,4,test,4,0
18029-2022,18029,2022,4,test,4,0
18031-2019,18031,2019,4,train,3,0
18031-2020,18031,2020,4,train,3,0
18031-2022,18031,2022,4,train,3,0
18035-2022,18035,2022,4,val,0,0
18037-2022,18037,2022,4,test,4,0
18039-2019,18039,2019,4,train,2,0
18039-2020,18039,2020,4,train,2,0
18039-2021,18039,2021,4,train,2,0
18039-2022,18039,2022,4,train,2,0
18041-2019,18041,2019,4,train,1,0
18041-2020,18041,2020,4,train,1,0
18041-2021,18041,2021,4,train,1,0
18041-2022,18041,2022,4,train,1,0
18045-2020,18045,2020,4,train,2,0
18045-2022,18045,2022,4,train,2,0
18047-2019,18047,2019,4,train,2,0
18047-2020,18047,2020,4,train,2,0
18047-2022,18047,2022,4,train,2,0
18049-2019,18049,2019,4,train,1,0
18049-2020,18049,2020,4,train,1,0
18049-2021,18049,2021,4,train,1,0
18051-2019,18051,2019,4,val,0,0
18051-2020,18051,2020,4,val,0,0
18051-2022,18051,2022,4,val,0,0
18053-2020,18053,2020,4,train,1,0
18053-2022,18053,2022,4,train,1,0
18055-2019,18055,2019,4,test,4,0
18055-2020,18055,2020,4,test,4,0
18055-2021,18055,2021,4,test,4,0
18057-2022,18057,2022,4,train,3,0
18059-2020,18059,2020,4,val,0,0
18059-2022,18059,2022,4,val,0,0
18063-2019,18063,2019,4,val,0,0
18063-2020,18063,2020,4,val,0,0
18063-2021,18063,2021,4,val,0,0
18063-2022,18063,2022,4,val,0,0
18065-2022,18065,2022,4,train,2,0
18067-2020,18067,2020,4,test,4,0
18067-2022,18067,2022,4,test,4,0
18069-2022,18069,2022,4,train,1,0
18071-2022,18071,2022,4,val,0,0
18073-2020,18073,2020,4,train,3,0
18073-2022,18073,2022,4,train,3,0
18075-2019,18075,2019,4,train,3,0
18075-2020,18075,2020,4,train,3,0
18075-2022,18075,2022,4,train,3,0
18077-2019,18077,2019,4,train,2,0
18077-2020,18077,2020,4,train,2,0
18077-2022,18077,2022,4,train,2,0
18079-2022,18079,2022,4,test,4,0
18081-2022,18081,2022,4,train,3,0
18083-2020,18083,2020,4,train,2,0
18083-2022,18083,2022,4,train,2,0
18085-2022,18085,2022,4,train,2,0
18089-2020,18089,2020,4,train,1,0
18089-2022,18089,2022,4,train,1,0
18093-2022,18093,2022,4,train,1,0
18095-2022,18095,2022,4,val,0,0
18097-2020,18097,2020,4,test,4,0
18099-2019,18099,2019,4,test,4,0
18099-2020,18099,2020,4,test,4,0
18099-2021,18099,2021,4,test,4,0
18099-2022,18099,2022,4,test,4,0
18101-2022,18101,2022,4,train,3,0
18103-2020,18103,2020,4,val,0,0
18103-2022,18103,2022,4,val,0,0
18105-2022,18105,2022,4,train,2,0
18107-2019,18107,2019,4,train,1,0
18107-2020,18107,2020,4,train,1,0
18107-2021,18107,2021,4,train,1,0
18109-2022,18109,2022,4,train,1,0
18111-2019,18111,2019,4,train,3,0
18111-2020,18111,2020,4,train,3,0
18111-2021,18111,2021,4,train,3,0
18111-2022,18111,2022,4,train,3,0
18113-2020,18113,2020,4,test,4,0
18113-2022,18113,2022,4,test,4,0
18115-2019,18115,2019,4,train,3,0
18115-2020,18115,2020,4,train,3,0
18119-2020,18119,2020,4,val,0,0
18119-2021,18119,2021,4,val,0,0
18119-2022,18119,2022,4,val,0,0
18121-2019,18121,2019,4,test,4,0
18121-2020,18121,2020,4,test,4,0
18121-2022,18121,2022,4,test,4,0
18123-2022,18123,2022,4,val,0,0
18125-2020,18125,2020,4,train,2,0
18125-2022,18125,2022,4,train,2,0
18127-2019,18127,2019,4,train,2,0
18127-2020,18127,2020,4,train,2,0
18127-2021,18127,2021,4,train,2,0
18127-2022,18127,2022,4,train,2,0
18129-2019,18129,2019,4,train,1,0
18129-2020,18129,2020,4,train,1,0
18129-2021,18129,2021,4,train,1,0
18129-2022,18129,2022,4,train,1,0
18131-2019,18131,2019,4,train,3,0
18131-2020,18131,2020,4,train,3,0
18131-2022,18131,2022,4,train,3,0
18133-2019,18133,2019,4,val,0,0
18133-2020,18133,2020,4,val,0,0
18133-2021,18133,2021,4,val,0,0
18133-2022,18133,2022,4,val,0,0
18135-2019,18135,2019,4,train,2,0
18135-2020,18135,2020,4,train,2,0
18135-2022,18135,2022,4,train,2,0
18137-2020,18137,2020,4,train,1,0
18137-2022,18137,2022,4,train,1,0
18139-2022,18139,2022,4,test,4,0
18141-2019,18141,2019,4,test,4,0
18141-2020,18141,2020,4,test,4,0
18141-2021,18141,2021,4,test,4,0
18141-2022,18141,2022,4,test,4,0
18143-2022,18143,2022,4,train,3,0
18145-2020,18145,2020,4,val,0,0
18145-2022,18145,2022,4,val,0,0
18147-2020,18147,2020,4,train,2,0
18149-2019,18149,2019,4,train,1,0
18149-2020,18149,2020,4,train,1,0
18149-2022,18149,2022,4,train,1,0
18151-2020,18151,2020,4,test,4,0
18151-2022,18151,2022,4,test,4,0
18153-2019,18153,2019,4,val,0,0
18153-2020,18153,2020,4,val,0,0
18153-2022,18153,2022,4,val,0,0
18155-2019,18155,2019,4,train,3,0
18155-2020,18155,2020,4,train,3,0
18157-2019,18157,2019,4,train,3,0
18157-2020,18157,2020,4,train,3,0
18157-2021,18157,2021,4,train,3,0
18157-2022,18157,2022,4,train,3,0
18159-2022,18159,2022,4,train,1,0
18161-2019,18161,2019,4,train,2,0
18161-2020,18161,2020,4,train,2,0
18161-2021,18161,2021,4,train,2,0
18161-2022,18161,2022,4,train,2,0
18163-2019,18163,2019,4,train,1,0
18163-2020,18163,2020,4,train,1,0
18163-2021,18163,2021,4,train,1,0
18163-2022,18163,2022,4,train,1,0
18165-2019,18165,2019,4,val,0,0
18165-2020,18165,2020,4,val,0,0
18165-2021,18165,2021,4,val,0,0
18165-2022,18165,2022,4,val,0,0
18167-2019,18167,2019,4,test,4,0
18167-2020,18167,2020,4,test,4,0
18167-2022,18167,2022,4,test,4,0
18169-2022,18169,2022,4,val,0,0
18171-2019,18171,2019,4,train,3,0
18171-2020,18171,2020,4,train,3,0
18171-2021,18171,2021,4,train,3,0
18173-2019,18173,2019,4,train,2,0
18173-2020,18173,2020,4,train,2,0
18173-2022,18173,2022,4,train,2,0
18177-2019,18177,2019,4,test,4,0
18177-2020,18177,2020,4,test,4,0
18177-2021,18177,2021,4,test,4,0
18177-2022,18177,2022,4,test,4,0
18179-2022,18179,2022,4,test,4,0
18181-2019,18181,2019,4,train,1,0
18181-2020,18181,2020,4,train,1,0
18181-2022,18181,2022,4,train,1,0
18183-2022,18183,2022,4,train,3,0
19001-2019,19001,2019,4,val,0,0
19001-2020,19001,2020,4,val,0,0
19001-2022,19001,2022,4,val,0,0
19003-2020,19003,2020,4,train,2,0
19005-2019,19005,2019,4,train,3,0
19005-2020,19005,2020,4,train,3,0
19005-2021,19005,2021,4,train,3,0
19005-2022,19005,2022,4,train,3,0
19007-2020,19007,2020,4,test,4,0
19007-2021,19007,2021,4,test,4,0
19007-2022,19007,2022,4,test,4,0
19009-2019,19009,2019,4,train,2,0
19009-2020,19009,2020,4,train,2,0
19009-2021,19009,2021,4,train,2,0
19009-2022,19009,2022,4,train,2,0
19011-2019,19011,2019,4,train,1,0
19011-2020,19011,2020,4,train,1,0
19011-2021,19011,2021,4,train,1,0
19011-2022,19011,2022,4,train,1,0
19013-2020,19013,2020,4,train,2,0
19013-2022,19013,2022,4,train,2,0
19015-2019,19015,2019,4,val,0,0
19015-2020,19015,2020,4,val,0,0
19015-2021,19015,2021,4,val,0,0
19015-2022,19015,2022,4,val,0,0
19017-2022,19017,2022,4,train,1,0
19019-2019,19019,2019,4,test,4,0
19019-2020,19019,2020,4,test,4,0
19019-2021,19019,2021,4,test,4,0
19019-2022,19019,2022,4,test,4,0
19021-2019,19021,2019,4,train,3,0
19021-2020,19021,2020,4,train,3,0
19021-2022,19021,2022,4,train,3,0
19023-2021,19023,2021,4,train,1,0
19023-2022,19023,2022,4,train,1,0
19025-2019,19025,2019,4,train,3,0
19025-2020,19025,2020,4,train,3,0
19025-2021,19025,2021,4,train,3,0
19025-2022,19025,2022,4,train,3,0
19027-2020,19027,2020,4,val,0,0
19027-2022,19027,2022,4,val,0,0
19029-2019,19029,2019,4,train,2,0
19029-2020,19029,2020,4,train,2,0
19029-2021,19029,2021,4,train,2,0
19029-2022,19029,2022,4,train,2,0
19031-2020,19031,2020,4,test,4,0
19031-2022,19031,2022,4,test,4,0
19033-2019,19033,2019,4,train,1,0
19033-2020,19033,2020,4,train,1,0
19033-2021,19033,2021,4,train,1,0
19033-2022,19033,2022,4,train,1,0
19035-2019,19035,2019,4,train,2,0
19035-2020,19035,2020,4,train,2,0
19035-2022,19035,2022,4,train,2,0
19037-2022,19037,2022,4,val,0,0
19039-2020,19039,2020,4,test,4,0
19041-2019,19041,2019,4,train,1,0
19041-2020,19041,2020,4,train,1,0
19041-2022,19041,2022,4,train,1,0
19043-2020,19043,2020,4,val,0,0
19043-2021,19043,2021,4,val,0,0
19043-2022,19043,2022,4,val,0,0
19045-2020,19045,2020,4,train,3,0
19045-2022,19045,2022,4,train,3,0
19047-2019,19047,2019,4,test,4,0
19047-2020,19047,2020,4,test,4,0
19047-2022,19047,2022,4,test,4,0
19049-2019,19049,2019,4,val,0,0
19049-2020,19049,2020,4,val,0,0
19049-2021,19049,2021,4,val,0,0
19049-2022,19049,2022,4,val,0,0
19051-2019,19051,2019,4,test,4,0
19051-2020,19051,2020,4,test,4,0
19051-2021,19051,2021,4,test,4,0
19051-2022,19051,2022,4,test,4,0
19053-2020,19053,2020,4,train,2,0
19053-2022,19053,2022,4,train,2,0
19055-2020,19055,2020,4,train,3,0
19055-2021,19055,2021,4,train,3,0
19055-2022,19055,2022,4,train,3,0
19057-2019,19057,2019,4,train,2,0
19057-2020,19057,2020,4,train,2,0
19057-2022,19057,2022,4,train,2,0
19059-2019,19059,2019,4,train,3,0
19059-2020,19059,2020,4,train,3,0
19059-2021,19059,2021,4,train,3,0
19059-2022,19059,2022,4,train,3,0
19061-2020,19061,2020,4,train,1,0
19061-2021,19061,2021,4,train,1,0
19061-2022,19061,2022,4,train,1,0
19063-2022,19063,2022,4,train,3,0
19065-2020,19065,2020,4,val,0,0
19065-2021,19065,2021,4,val,0,0
19065-2022,19065,2022,4,val,0,0
19067-2019,19067,2019,4,train,2,0
19067-2020,19067,2020,4,train,2,0
19067-2021,19067,2021,4,train,2,0
19067-2022,19067,2022,4,train,2,0
19069-2019,19069,2019,4,train,1,0
19069-2020,19069,2020,4,train,1,0
19069-2021,19069,2021,4,train,1,0
19069-2022,19069,2022,4,train,1,0
19071-2020,19071,2020,4,train,1,0
19071-2022,19071,2022,4,train,1,0
19073-2019,19073,2019,4,val,0,0
19073-2020,19073,2020,4,val,0,0
19073-2021,19073,2021,4,val,0,0
19073-2022,19073,2022,4,val,0,0
19075-2020,19075,2020,4,test,4,0
19075-2021,19075,2021,4,test,4,0
19075-2022,19075,2022,4,test,4,0
19077-2019,19077,2019,4,test,4,0
19077-2020,19077,2020,4,test,4,0
19077-2021,19077,2021,4,test,4,0
19077-2022,19077,2022,4,test,4,0
19079-2019,19079,2019,4,train,3,0
19079-2020,19079,2020,4,train,3,0
19079-2022,19079,2022,4,train,3,0
19081-2019,19081,2019,4,train,3,0
19081-2020,19081,2020,4,train,3,0
19081-2021,19081,2021,4,train,3,0
19081-2022,19081,2022,4,train,3,0
19083-2019,19083,2019,4,train,2,0
19083-2020,19083,2020,4,train,2,0
19083-2021,19083,2021,4,train,2,0
19083-2022,19083,2022,4,train,2,0
19085-2020,19085,2020,4,val,0,0
19085-2022,19085,2022,4,val,0,0
19087-2019,19087,2019,4,train,1,0
19087-2020,19087,2020,4,train,1,0
19087-2021,19087,2021,4,train,1,0
19087-2022,19087,2022,4,train,1,0
19089-2020,19089,2020,4,test,4,0
19089-2022,19089,2022,4,test,4,0
19091-2019,19091,2019,4,val,0,0
19091-2020,19091,2020,4,val,0,0
19091-2021,19091,2021,4,val,0,0
19091-2022,19091,2022,4,val,0,0
19093-2020,19093,2020,4,train,2,0
19093-2021,19093,2021,4,train,2,0
19093-2022,19093,2022,4,train,2,0
19095-2019,19095,2019,4,train,1,0
19095-2020,19095,2020,4,train,1,0
19095-2022,19095,2022,4,train,1,0
19097-2020,19097,2020,4,val,0,0
19097-2021,19097,2021,4,val,0,0
19097-2022,19097,2022,4,val,0,0
19099-2021,19099,2021,4,train,3,0
19099-2022,19099,2022,4,train,3,0
19101-2019,19101,2019,4,test,4,0
19101-2020,19101,2020,4,test,4,0
19101-2021,19101,2021,4,test,4,0
19101-2022,19101,2022,4,test,4,0
19103-2019,19103,2019,4,test,4,0
19103-2020,19103,2020,4,test,4,0
19103-2022,19103,2022,4,test,4,0
19105-2020,19105,2020,4,train,2,0
19105-2022,19105,2022,4,train,2,0
19107-2019,19107,2019,4,train,3,0
19107-2020,19107,2020,4,train,3,0
19107-2021,19107,2021,4,train,3,0
19107-2022,19107,2022,4,train,3,0
19109-2019,19109,2019,4,train,2,0
19109-2020,19109,2020,4,train,2,0
19109-2021,19109,2021,4,train,2,0
19109-2022,19109,2022,4,train,2,0
19111-2019,19111,2019,4,train,1,0
19111-2020,19111,2020,4,train,1,0
19111-2021,19111,2021,4,train,1,0
19111-2022,19111,2022,4,train,1,0
19113-2019,19113,2019,4,train,3,0
19113-2020,19113,2020,4,train,3,0
19113-2022,19113,2022,4,train,3,0
19115-2019,19115,2019,4,train,2,0
19115-2020,19115,2020,4,train,2,0
19115-2022,19115,2022,4,train,2,0
19117-2021,19117,2021,4,train,1,0
19117-2022,19117,2022,4,train,1,0
19119-2019,19119,2019,4,val,0,0
19119-2020,19119,2020,4,val,0,0
19119-2021,19119,2021,4,val,0,0
19119-2022,19119,2022,4,val,0,0
19121-2019,19121,2019,4,test,4,0
19121-2020,19121,2020,4,test,4,0
19121-2021,19121,2021,4,test,4,0
19121-2022,19121,2022,4,test,4,0
19123-2021,19123,2021,4,val,0,0
19123-2022,19123,2022,4,val,0,0
19125-2021,19125,2021,4,test,4,0
19125-2022,19125,2022,4,test,4,0
19127-2021,19127,2021,4,train,3,0
19127-2022,19127,2022,4,train,3,0
19129-2020,19129,2020,4,train,2,0
19129-2022,19129,2022,4,train,2,0
19131-2019,19131,2019,4,train,3,0
19131-2020,19131,2020,4,train,3,0
19131-2021,19131,2021,4,train,3,0
19131-2022,19131,2022,4,train,3,0
19133-2019,19133,2019,4,train,1,0
19133-2022,19133,2022,4,train,1,0
19135-2021,19135,2021,4,val,0,0
19135-2022,19135,2022,4,val,0,0
19137-2020,19137,2020,4,test,4,0
19137-2022,19137,2022,4,test,4,0
19139-2020,19139,2020,4,train,3,0
19139-2022,19139,2022,4,train,3,0
19143-2019,19143,2019,4,train,2,0
19143-2020,19143,2020,4,train,2,0
19143-2021,19143,2021,4,train,2,0
19143-2022,19143,2022,4,train,2,0
19145-2019,19145,2019,4,train,1,0
19145-2020,19145,2020,4,train,1,0
19145-2021,19145,2021,4,train,1,0
19145-2022,19145,2022,4,train,1,0
19147-2019,19147,2019,4,train,2,0
19147-2022,19147,2022,4,train,2,0
19149-2019,19149,2019,4,train,1,0
19149-2021,19149,2021,4,train,1,0
19149-2022,19149,2022,4,train,1,0
19151-2022,19151,2022,4,train,2,0
19153-2019,19153,2019,4,val,0,0
19153-2020,19153,2020,4,val,0,0
19153-2021,19153,2021,4,val,0,0
19153-2022,19153,2022,4,val,0,0
19155-2020,19155,2020,4,train,1,0
19155-2022,19155,2022,4,train,1,0
19157-2021,19157,2021,4,val,0,0
19157-2022,19157,2022,4,val,0,0
19159-2020,19159,2020,4,val,0,0
19159-2021,19159,2021,4,val,0,0
19159-2022,19159,2022,4,val,0,0
19161-2019,19161,2019,4,test,4,0
19161-2020,19161,2020,4,test,4,0
19161-2022,19161,2022,4,test,4,0
19163-2020,19163,2020,4,test,4,0
19163-2022,19163,2022,4,test,4,0
19165-2019,19165,2019,4,train,3,0
19165-2020,19165,2020,4,train,3,0
19165-2022,19165,2022,4,train,3,0
19167-2019,19167,2019,4,test,4,0
19167-2020,19167,2020,4,test,4,0
19167-2021,19167,2021,4,test,4,0
19167-2022,19167,2022,4,test,4,0
19169-2019,19169,2019,4,train,3,0
19169-2020,19169,2020,4,train,3,0
19169-2021,19169,2021,4,train,3,0
19169-2022,19169,2022,4,train,3,0
19171-2022,19171,2022,4,train,1,0
19173-2020,19173,2020,4,train,2,0
19173-2021,19173,2021,4,train,2,0
19173-2022,19173,2022,4,train,2,0
19175-2020,19175,2020,4,train,1,0
19175-2021,19175,2021,4,train,1,0
19175-2022,19175,2022,4,train,1,0
19177-2019,19177,2019,4,train,2,0
19177-2020,19177,2020,4,train,2,0
19177-2021,19177,2021,4,train,2,0
19177-2022,19177,2022,4,train,2,0
19179-2019,19179,2019,4,train,1,0
19179-2020,19179,2020,4,train,1,0
19179-2021,19179,2021,4,train,1,0
19179-2022,19179,2022,4,train,1,0
19181-2020,19181,2020,4,train,3,0
19181-2022,19181,2022,4,train,3,0
19183-2019,19183,2019,4,val,0,0
19183-2020,19183,2020,4,val,0,0
19183-2022,19183,2022,4,val,0,0
19185-2021,19185,2021,4,val,0,0
19187-2019,19187,2019,4,val,0,0
19187-2020,19187,2020,4,val,0,0
19187-2021,19187,2021,4,val,0,0
19187-2022,19187,2022,4,val,0,0
19189-2019,19189,2019,4,test,4,0
19189-2020,19189,2020,4,test,4,0
19189-2021,19189,2021,4,test,4,0
19189-2022,19189,2022,4,test,4,0
19191-2019,19191,2019,4,train,3,0
19191-2020,19191,2020,4,train,3,0
19191-2021,19191,2021,4,train,3,0
19191-2022,19191,2022,4,train,3,0
19193-2019,19193,2019,4,train,2,0
19193-2020,19193,2020,4,train,2,0
19193-2021,19193,2021,4,train,2,0
19193-2022,19193,2022,4,train,2,0
19195-2019,19195,2019,4,train,1,0
19195-2020,19195,2020,4,train,1,0
19195-2021,19195,2021,4,train,1,0
19195-2022,19195,2022,4,train,1,0
19197-2019,19197,2019,4,val,0,0
19197-2020,19197,2020,4,val,0,0
19197-2021,19197,2021,4,val,0,0
19197-2022,19197,2022,4,val,0,0
20001-2020,20001,2020,4,train,2,0
20001-2021,20001,2021,4,train,2,0
20003-2019,20003,2019,4,test,4,0
20003-2020,20003,2020,4,test,4,0
20003-2021,20003,2021,4,test,4,0
20005-2020,20005,2020,4,train,3,0
20005-2021,20005,2021,4,train,3,0
20005-2022,20005,2022,4,train,3,0
20009-2020,20009,2020,4,test,4,0
20011-2020,20011,2020,4,train,1,0
20011-2021,20011,2021,4,train,1,0
20013-2019,20013,2019,4,train,2,0
20013-2020,20013,2020,4,train,2,0
20013-2022,20013,2022,4,train,2,0
20015-2020,20015,2020,4,val,0,0
20015-2021,20015,2021,4,val,0,0
20017-2020,20017,2020,4,test,4,0
20017-2021,20017,2021,4,test,4,0
20021-2019,20021,2019,4,train,3,0
20023-2020,20023,2020,4,train,3,0
20023-2021,20023,2021,4,train,3,0
20027-2019,20027,2019,4,train,1,0
20027-2020,20027,2020,4,train,1,0
20027-2022,20027,2022,4,train,1,0
20029-2020,20029,2020,4,val,0,0
20029-2021,20029,2021,4,val,0,0
20029-2022,20029,2022,4,val,0,0
20031-2019,20031,2019,4,train,2,0
20031-2020,20031,2020,4,train,2,0
20035-2019,20035,2019,4,test,4,0
20035-2020,20035,2020,4,test,4,0
20035-2021,20035,2021,4,test,4,0
20037-2020,20037,2020,4,train,1,0
20037-2021,20037,2021,4,train,1,0
20039-2020,20039,2020,4,train,2,0
20041-2020,20041,2020,4,val,0,0
20041-2021,20041,2021,4,val,0,0
20043-2020,20043,2020,4,train,3,0
20043-2021,20043,2021,4,train,3,0
20043-2022,20043,2022,4,train,3,0
20045-2019,20045,2019,4,train,2,0
20045-2020,20045,2020,4,train,2,0
20045-2021,20045,2021,4,train,2,0
20047-2019,20047,2019,4,test,4,0
20047-2020,20047,2020,4,test,4,0
20049-2019,20049,2019,4,train,1,0
20053-2019,20053,2019,4,train,1,0
20053-2020,20053,2020,4,train,1,0
20053-2021,20053,2021,4,train,1,0
20055-2019,20055,2019,4,train,3,0
20055-2020,20055,2020,4,train,3,0
20057-2019,20057,2019,4,val,0,0
20057-2020,20057,2020,4,val,0,0
20057-2021,20057,2021,4,val,0,0
20059-2019,20059,2019,4,train,2,0
20059-2020,20059,2020,4,train,2,0
20061-2020,20061,2020,4,val,0,0
20063-2020,20063,2020,4,train,1,0
20063-2021,20063,2021,4,train,1,0
20065-2020,20065,2020,4,val,0,0
20065-2021,20065,2021,4,val,0,0
20067-2019,20067,2019,4,test,4,0
20067-2020,20067,2020,4,test,4,0
20067-2021,20067,2021,4,test,4,0
20069-2020,20069,2020,4,test,4,0
20069-2021,20069,2021,4,test,4,0
20071-2019,20071,2019,4,train,3,0
20071-2020,20071,2020,4,train,3,0
20071-2021,20071,2021,4,train,3,0
20075-2019,20075,2019,4,test,4,0
20079-2019,20079,2019,4,train,2,0
20079-2020,20079,2020,4,train,2,0
20079-2021,20079,2021,4,train,2,0
20081-2019,20081,2019,4,train,1,0
20081-2020,20081,2020,4,train,1,0
20081-2021,20081,2021,4,train,1,0
20083-2020,20083,2020,4,train,3,0
20085-2019,20085,2019,4,train,3,0
20085-2020,20085,2020,4,train,3,0
20087-2019,20087,2019,4,val,0,0
20087-2020,20087,2020,4,val,0,0
20087-2021,20087,2021,4,val,0,0
20089-2020,20089,2020,4,train,2,0
20095-2019,20095,2019,4,test,4,0
20095-2020,20095,2020,4,test,4,0
20095-2021,20095,2021,4,test,4,0
20097-2020,20097,2020,4,train,1,0
20099-2020,20099,2020,4,train,2,0
20099-2021,20099,2021,4,train,2,0
20101-2020,20101,2020,4,train,1,0
20101-2021,20101,2021,4,train,1,0
20103-2019,20103,2019,4,train,3,0
20103-2020,20103,2020,4,train,3,0
20103-2021,20103,2021,4,train,3,0
20105-2019,20105,2019,4,val,0,0
20107-2020,20107,2020,4,test,4,0
20109-2020,20109,2020,4,val,0,0
20109-2021,20109,2021,4,val,0,0
20111-2019,20111,2019,4,train,3,0
20115-2019,20115,2019,4,train,2,0
20115-2020,20115,2020,4,train,2,0
20115-2021,20115,2021,4,train,2,0
20117-2019,20117,2019,4,test,4,0
20117-2022,20117,2022,4,test,4,0
20119-2020,20119,2020,4,train,3,0
20119-2021,20119,2021,4,train,3,0
20121-2019,20121,2019,4,train,2,0
20121-2020,20121,2020,4,train,2,0
20123-2019,20123,2019,4,train,1,0
20123-2020,20123,2020,4,train,1,0
20123-2021,20123,2021,4,train,1,0
20125-2019,20125,2019,4,train,1,0
20125-2020,20125,2020,4,train,1,0
20127-2019,20127,2019,4,val,0,0
20127-2020,20127,2020,4,val,0,0
20127-2021,20127,2021,4,val,0,0
20129-2019,20129,2019,4,test,4,0
20129-2020,20129,2020,4,test,4,0
20129-2021,20129,2021,4,test,4,0
20131-2020,20131,2020,4,train,2,0
20133-2019,20133,2019,4,train,3,0
20133-2020,20133,2020,4,train,3,0
20133-2021,20133,2021,4,train,3,0
20135-2019,20135,2019,4,train,2,0
20135-2020,20135,2020,4,train,2,0
20135-2021,20135,2021,4,train,2,0
20137-2020,20137,2020,4,train,1,0
20137-2021,20137,2021,4,train,1,0
20137-2022,20137,2022,4,train,1,0
20139-2019,20139,2019,4,val,0,0
20139-2020,20139,2020,4,val,0,0
20141-2020,20141,2020,4,train,1,0
20143-2020,20143,2020,4,val,0,0
20145-2020,20145,2020,4,test,4,0
20147-2020,20147,2020,4,val,0,0
20147-2021,20147,2021,4,val,0,0
20147-2022,20147,2022,4,val,0,0
20149-2019,20149,2019,4,train,3,0
20151-2020,20151,2020,4,train,2,0
20153-2019,20153,2019,4,test,4,0
20153-2020,20153,2020,4,test,4,0
20153-2021,20153,2021,4,test,4,0
20155-2019,20155,2019,4,train,3,0
20155-2020,20155,2020,4,train,3,0
20155-2021,20155,2021,4,train,3,0
20157-2020,20157,2020,4,train,2,0
20157-2021,20157,2021,4,train,2,0
20157-2022,20157,2022,4,train,2,0
20159-2020,20159,2020,4,train,1,0
20161-2019,20161,2019,4,train,1,0
20161-2020,20161,2020,4,train,1,0
20161-2022,20161,2022,4,train,1,0
20163-2019,20163,2019,4,test,4,0
20163-2020,20163,2020,4,test,4,0
20169-2020,20169,2020,4,train,3,0
20169-2021,20169,2021,4,train,3,0
20171-2019,20171,2019,4,train,2,0
20171-2020,20171,2020,4,train,2,0
20173-2019,20173,2019,4,train,1,0
20173-2020,20173,2020,4,train,1,0
20175-2020,20175,2020,4,val,0,0
20175-2021,20175,2021,4,val,0,0
20177-2019,20177,2019,4,val,0,0
20177-2020,20177,2020,4,val,0,0
20177-2021,20177,2021,4,val,0,0
20179-2021,20179,2021,4,val,0,0
20181-2019,20181,2019,4,test,4,0
20181-2020,20181,2020,4,test,4,0
20181-2021,20181,2021,4,test,4,0
20183-2020,20183,2020,4,train,3,0
20183-2021,20183,2021,4,train,3,0
20183-2022,20183,2022,4,train,3,0
20185-2020,20185,2020,4,test,4,0
20187-2019,20187,2019,4,test,4,0
20187-2020,20187,2020,4,test,4,0
20189-2020,20189,2020,4,train,3,0
20189-2021,20189,2021,4,train,3,0
20191-2019,20191,2019,4,train,2,0
20191-2020,20191,2020,4,train,2,0
20191-2021,20191,2021,4,train,2,0
20193-2020,20193,2020,4,train,3,0
20195-2020,20195,2020,4,train,2,0
20195-2021,20195,2021,4,train,2,0
20197-2019,20197,2019,4,train,2,0
20201-2020,20201,2020,4,train,1,0
20201-2022,20201,2022,4,train,1,0
20203-2019,20203,2019,4,train,1,0
20203-2020,20203,2020,4,train,1,0
20203-2021,20203,2021,4,train,1,0
20205-2019,20205,2019,4,val,0,0
20205-2020,20205,2020,4,val,0,0
20207-2020,20207,2020,4,train,1,0
21001-2019,21001,2019,4,test,4,0
21001-2020,21001,2020,4,test,4,0
21007-2020,21007,2020,4,train,3,0
21007-2021,21007,2021,4,train,3,0
21009-2020,21009,2020,4,val,0,0
21031-2020,21031,2020,4,test,4,0
21033-2019,21033,2019,4,val,0,0
21033-2020,21033,2020,4,val,0,0
21033-2021,21033,2021,4,val,0,0
21035-2020,21035,2020,4,train,2,0
21035-2021,21035,2021,4,train,2,0
21039-2020,21039,2020,4,train,1,0
21039-2021,21039,2021,4,train,1,0
21047-2019,21047,2019,4,test,4,0
21047-2020,21047,2020,4,test,4,0
21047-2021,21047,2021,4,test,4,0
21055-2020,21055,2020,4,val,0,0
21055-2021,21055,2021,4,val,0,0
21059-2020,21059,2020,4,test,4,0
21059-2022,21059,2022,4,test,4,0
21075-2019,21075,2019,4,train,3,0
21075-2020,21075,2020,4,train,3,0
21075-2021,21075,2021,4,train,3,0
21083-2020,21083,2020,4,train,3,0
21091-2020,21091,2020,4,train,2,0
21093-2019,21093,2019,4,train,3,0
21093-2020,21093,2020,4,train,3,0
21099-2020,21099,2020,4,train,1,0
21101-2019,21101,2019,4,train,2,0
21101-2020,21101,2020,4,train,2,0
21101-2022,21101,2022,4,train,2,0
21103-2020,21103,2020,4,val,0,0
21105-2019,21105,2019,4,train,1,0
21105-2020,21105,2020,4,train,1,0
21105-2021,21105,2021,4,train,1,0
21107-2020,21107,2020,4,test,4,0
21123-2020,21123,2020,4,train,3,0
21139-2019,21139,2019,4,val,0,0
21139-2020,21139,2020,4,val,0,0
21139-2021,21139,2021,4,val,0,0
21141-2020,21141,2020,4,train,2,0
21143-2019,21143,2019,4,train,1,0
21157-2019,21157,2019,4,test,4,0
21157-2020,21157,2020,4,test,4,0
21157-2021,21157,2021,4,test,4,0
21167-2021,21167,2021,4,val,0,0
21169-2020,21169,2020,4,test,4,0
21177-2020,21177,2020,4,train,3,0
21183-2020,21183,2020,4,train,2,0
21211-2020,21211,2020,4,train,1,0
21213-2020,21213,2020,4,val,0,0
21215-2020,21215,2020,4,test,4,0
21219-2020,21219,2020,4,train,3,0
21221-2019,21221,2019,4,train,3,0
21221-2020,21221,2020,4,train,3,0
21221-2021,21221,2021,4,train,3,0
21223-2020,21223,2020,4,train,2,0
21225-2019,21225,2019,4,test,4,0
21225-2020,21225,2020,4,test,4,0
21225-2021,21225,2021,4,test,4,0
21225-2022,21225,2022,4,test,4,0
21227-2020,21227,2020,4,train,1,0
21229-2020,21229,2020,4,val,0,0
21233-2019,21233,2019,4,train,2,0
21233-2020,21233,2020,4,train,2,0
21233-2021,21233,2021,4,train,2,0
26005-2019,26005,2019,4,train,2,0
26005-2020,26005,2020,4,train,2,0
26007-2019,26007,2019,4,train,1,0
26007-2021,26007,2021,4,train,1,0
26011-2019,26011,2019,4,val,0,0
26011-2020,26011,2020,4,val,0,0
26015-2020,26015,2020,4,test,4,0
26021-2020,26021,2020,4,test,4,0
26021-2022,26021,2022,4,test,4,0
26023-2020,26023,2020,4,train,3,0
26023-2022,26023,2022,4,train,3,0
26025-2020,26025,2020,4,train,3,0
26027-2019,26027,2019,4,train,1,0
26027-2020,26027,2020,4,train,1,0
26027-2022,26027,2022,4,train,1,0
26037-2020,26037,2020,4,train,2,0
26045-2020,26045,2020,4,train,1,0
26049-2019,26049,2019,4,train,2,0
26049-2020,26049,2020,4,train,2,0
26051-2020,26051,2020,4,val,0,0
26059-2019,26059,2019,4,val,0,0
26059-2020,26059,2020,4,val,0,0
26059-2022,26059,2022,4,val,0,0
26063-2020,26063,2020,4,test,4,0
26065-2019,26065,2019,4,train,1,0
26065-2020,26065,2020,4,train,1,0
26067-2020,26067,2020,4,train,3,0
26069-2019,26069,2019,4,test,4,0
26069-2020,26069,2020,4,test,4,0
26069-2021,26069,2021,4,test,4,0
26075-2019,26075,2019,4,val,0,0
26075-2020,26075,2020,4,val,0,0
26077-2019,26077,2019,4,test,4,0
26077-2020,26077,2020,4,test,4,0
26081-2019,26081,2019,4,train,3,0
26081-2020,26081,2020,4,train,3,0
26087-2019,26087,2019,4,train,2,0
26087-2020,26087,2020,4,train,2,0
26091-2019,26091,2019,4,train,1,0
26091-2020,26091,2020,4,train,1,0
26099-2020,26099,2020,4,train,2,0
26105-2019,26105,2019,4,val,0,0
26105-2020,26105,2020,4,val,0,0
26107-2020,26107,2020,4,train,1,0
26109-2019,26109,2019,4,test,4,0
26109-2020,26109,2020,4,test,4,0
26115-2019,26115,2019,4,train,3,0
26115-2020,26115,2020,4,train,3,0
26117-2020,26117,2020,4,val,0,0
26121-2020,26121,2020,4,test,4,0
26123-2019,26123,2019,4,train,2,0
26123-2020,26123,2020,4,train,2,0
26127-2019,26127,2019,4,train,1,0
26127-2020,26127,2020,4,train,1,0
26129-2020,26129,2020,4,train,3,0
26139-2020,26139,2020,4,train,2,0
26141-2019,26141,2019,4,val,0,0
26141-2021,26141,2021,4,val,0,0
26151-2019,26151,2019,4,test,4,0
26151-2020,26151,2020,4,test,4,0
26157-2019,26157,2019,4,train,3,0
26157-2020,26157,2020,4,train,3,0
26159-2020,26159,2020,4,train,1,0
26161-2019,26161,2019,4,train,2,0
26161-2020,26161,2020,4,train,2,0
26165-2020,26165,2020,4,val,0,0
27001-2020,27001,2020,4,test,4,0
27005-2019,27005,2019,4,train,3,0
27005-2020,27005,2020,4,train,3,0
27005-2021,27005,2021,4,train,3,0
27007-2020,27007,2020,4,train,1,0
27007-2021,27007,2021,4,train,1,0
27011-2020,27011,2020,4,val,0,0
27011-2021,27011,2021,4,val,0,0
27013-2019,27013,2019,4,train,2,0
27013-2020,27013,2020,4,train,2,0
27013-2021,27013,2021,4,train,2,0
27015-2019,27015,2019,4,train,1,0
27015-2020,27015,2020,4,train,1,0
27015-2021,27015,2021,4,train,1,0
27019-2020,27019,2020,4,train,3,0
27023-2019,27023,2019,4,test,4,0
27023-2021,27023,2021,4,test,4,0
27025-2019,27025,2019,4,train,3,0
27025-2020,27025,2020,4,train,3,0
27027-2021,27027,2021,4,train,2,0
27029-2019,27029,2019,4,val,0,0
27029-2020,27029,2020,4,val,0,0
27029-2021,27029,2021,4,val,0,0
27033-2019,27033,2019,4,test,4,0
27033-2020,27033,2020,4,test,4,0
27033-2021,27033,2021,4,test,4,0
27035-2020,27035,2020,4,train,2,0
27035-2021,27035,2021,4,train,2,0
27037-2020,27037,2020,4,train,1,0
27039-2020,27039,2020,4,val,0,0
27041-2020,27041,2020,4,train,1,0
27041-2021,27041,2021,4,train,1,0
27043-2020,27043,2020,4,train,3,0
27043-2021,27043,2021,4,train,3,0
27043-2022,27043,2022,4,train,3,0
27045-2020,27045,2020,4,val,0,0
27045-2022,27045,2022,4,val,0,0
27047-2020,27047,2020,4,train,2,0
27047-2021,27047,2021,4,train,2,0
27047-2022,27047,2022,4,train,2,0
27049-2020,27049,2020,4,test,4,0
27049-2021,27049,2021,4,test,4,0
27051-2019,27051,2019,4,train,1,0
27051-2020,27051,2020,4,train,1,0
27051-2021,27051,2021,4,train,1,0
27053-2019,27053,2019,4,train,3,0
27053-2020,27053,2020,4,train,3,0
27055-2019,27055,2019,4,train,3,0
27055-2020,27055,2020,4,train,3,0
27055-2021,27055,2021,4,train,3,0
27055-2022,27055,2022,4,train,3,0
27057-2020,27057,2020,4,train,2,0
27057-2021,27057,2021,4,train,2,0
27059-2019,27059,2019,4,train,1,0
27059-2020,27059,2020,4,train,1,0
27063-2019,27063,2019,4,train,2,0
27063-2020,27063,2020,4,train,2,0
27063-2021,27063,2021,4,train,2,0
27063-2022,27063,2022,4,train,2,0
27067-2020,27067,2020,4,test,4,0
27069-2019,27069,2019,4,val,0,0
27069-2020,27069,2020,4,val,0,0
27079-2020,27079,2020,4,test,4,0
27079-2021,27079,2021,4,test,4,0
27081-2019,27081,2019,4,val,0,0
27081-2020,27081,2020,4,val,0,0
27081-2021,27081,2021,4,val,0,0
27083-2019,27083,2019,4,test,4,0
27083-2020,27083,2020,4,test,4,0
27083-2021,27083,2021,4,test,4,0
27087-2020,27087,2020,4,train,3,0
27087-2021,27087,2021,4,train,3,0
27089-2019,27089,2019,4,train,3,0
27089-2020,27089,2020,4,train,3,0
27089-2021,27089,2021,4,train,3,0
27091-2022,27091,2022,4,train,3,0
27093-2019,27093,2019,4,train,2,0
27093-2020,27093,2020,4,train,2,0
27093-2021,27093,2021,4,train,2,0
27097-2019,27097,2019,4,train,1,0
27097-2020,27097,2020,4,train,1,0
27097-2021,27097,2021,4,train,1,0
27099-2020,27099,2020,4,train,2,0
27099-2022,27099,2022,4,train,2,0
27101-2019,27101,2019,4,val,0,0
27101-2020,27101,2020,4,val,0,0
27101-2021,27101,2021,4,val,0,0
27103-2019,27103,2019,4,train,2,0
27105-2019,27105,2019,4,train,1,0
27105-2020,27105,2020,4,train,1,0
27105-2021,27105,2021,4,train,1,0
27105-2022,27105,2022,4,train,1,0
27107-2020,27107,2020,4,train,1,0
27109-2020,27109,2020,4,val,0,0
27111-2019,27111,2019,4,test,4,0
27111-2020,27111,2020,4,test,4,0
27111-2021,27111,2021,4,test,4,0
27115-2019,27115,2019,4,train,1,0
27115-2020,27115,2020,4,train,1,0
27117-2021,27117,2021,4,test,4,0
27119-2020,27119,2020,4,val,0,0
27119-2021,27119,2021,4,val,0,0
27121-2019,27121,2019,4,train,3,0
27121-2020,27121,2020,4,train,3,0
27121-2021,27121,2021,4,train,3,0
27125-2020,27125,2020,4,test,4,0
27125-2021,27125,2021,4,test,4,0
27127-2019,27127,2019,4,train,2,0
27127-2020,27127,2020,4,train,2,0
27127-2021,27127,2021,4,train,2,0
27129-2019,27129,2019,4,train,1,0
27129-2020,27129,2020,4,train,1,0
27129-2021,27129,2021,4,train,1,0
27131-2020,27131,2020,4,train,3,0
27131-2021,27131,2021,4,train,3,0
27133-2019,27133,2019,4,val,0,0
27133-2020,27133,2020,4,val,0,0
27133-2021,27133,2021,4,val,0,0
27133-2022,27133,2022,4,val,0,0
27135-2019,27135,2019,4,val,0,0
27135-2020,27135,2020,4,val,0,0
27135-2021,27135,2021,4,val,0,0
27139-2020,27139,2020,4,train,3,0
27143-2019,27143,2019,4,train,2,0
27145-2019,27145,2019,4,test,4,0
27145-2020,27145,2020,4,test,4,0
27145-2021,27145,2021,4,test,4,0
27147-2020,27147,2020,4,train,2,0
27147-2021,27147,2021,4,train,2,0
27149-2019,27149,2019,4,train,3,0
27149-2020,27149,2020,4,train,3,0
27149-2021,27149,2021,4,train,3,0
27151-2019,27151,2019,4,train,1,0
27151-2020,27151,2020,4,train,1,0
27153-2019,27153,2019,4,train,2,0
27153-2020,27153,2020,4,train,2,0
27153-2021,27153,2021,4,train,2,0
27155-2020,27155,2020,4,val,0,0
27155-2021,27155,2021,4,val,0,0
27157-2020,27157,2020,4,train,1,0
27159-2019,27159,2019,4,train,1,0
27159-2020,27159,2020,4,train,1,0
27159-2021,27159,2021,4,train,1,0
27161-2020,27161,2020,4,test,4,0
27161-2021,27161,2021,4,test,4,0
27163-2019,27163,2019,4,train,3,0
27163-2020,27163,2020,4,train,3,0
27167-2020,27167,2020,4,train,2,0
27167-2021,27167,2021,4,train,2,0
27169-2019,27169,2019,4,val,0,0
27169-2020,27169,2020,4,val,0,0
27169-2021,27169,2021,4,val,0,0
27173-2019,27173,2019,4,train,1,0
27173-2020,27173,2020,4,train,1,0
29001-2019,29001,2019,4,test,4,0
29001-2020,29001,2020,4,test,4,0
29001-2021,29001,2021,4,test,4,0
29003-2020,29003,2020,4,val,0,0
29005-2020,29005,2020,4,val,0,0
29005-2022,29005,2022,4,val,0,0
29007-2020,29007,2020,4,test,4,0
29011-2019,29011,2019,4,train,3,0
29013-2019,29013,2019,4,train,2,0
29015-2020,29015,2020,4,train,1,0
29017-2019,29017,2019,4,train,3,0
29017-2020,29017,2020,4,train,3,0
29017-2021,29017,2021,4,train,3,0
29019-2020,29019,2020,4,val,0,0
29021-2020,29021,2020,4,train,2,0
29021-2021,29021,2021,4,train,2,0
29021-2022,29021,2022,4,train,2,0
29023-2019,29023,2019,4,train,1,0
29023-2020,29023,2020,4,train,1,0
29023-2021,29023,2021,4,train,1,0
29025-2021,29025,2021,4,test,4,0
29027-2020,29027,2020,4,train,3,0
29031-2020,29031,2020,4,test,4,0
29031-2021,29031,2021,4,test,4,0
29037-2020,29037,2020,4,train,3,0
29037-2021,29037,2021,4,train,3,0
29039-2019,29039,2019,4,train,2,0
29039-2021,29039,2021,4,train,2,0
29041-2020,29041,2020,4,train,2,0
29045-2020,29045,2020,4,train,1,0
29047-2020,29047,2020,4,train,1,0
29047-2021,29047,2021,4,train,1,0
29049-2019,29049,2019,4,val,0,0
29049-2020,29049,2020,4,val,0,0
29049-2021,29049,2021,4,val,0,0
29051-2020,29051,2020,4,val,0,0
29053-2020,29053,2020,4,val,0,0
29053-2021,29053,2021,4,val,0,0
29057-2019,29057,2019,4,test,4,0
29061-2020,29061,2020,4,test,4,0
29061-2021,29061,2021,4,test,4,0
29069-2019,29069,2019,4,test,4,0
29069-2020,29069,2020,4,test,4,0
29069-2021,29069,2021,4,test,4,0
29071-2020,29071,2020,4,train,3,0
29073-2020,29073,2020,4,train,2,0
29075-2020,29075,2020,4,train,1,0
29081-2020,29081,2020,4,train,3,0
29081-2021,29081,2021,4,train,3,0
29083-2021,29083,2021,4,val,0,0
29087-2020,29087,2020,4,test,4,0
29089-2020,29089,2020,4,train,2,0
29089-2021,29089,2021,4,train,2,0
29095-2019,29095,2019,4,train,1,0
29095-2020,29095,2020,4,train,1,0
29101-2021,29101,2021,4,train,3,0
29103-2020,29103,2020,4,train,2,0
29109-2020,29109,2020,4,val,0,0
29109-2021,29109,2021,4,val,0,0
29111-2020,29111,2020,4,test,4,0
29111-2022,29111,2022,4,test,4,0
29113-2020,29113,2020,4,train,3,0
29113-2022,29113,2022,4,train,3,0
29115-2020,29115,2020,4,train,2,0
29115-2021,29115,2021,4,train,2,0
29121-2020,29121,2020,4,train,1,0
29127-2019,29127,2019,4,test,4,0
29127-2020,29127,2020,4,test,4,0
29127-2021,29127,2021,4,test,4,0
29127-2022,29127,2022,4,test,4,0
29133-2019,29133,2019,4,train,3,0
29133-2020,29133,2020,4,train,3,0
29133-2021,29133,2021,4,train,3,0
29135-2020,29135,2020,4,val,0,0
29137-2020,29137,2020,4,train,1,0
29137-2021,29137,2021,4,train,1,0
29139-2020,29139,2020,4,test,4,0
29141-2019,29141,2019,4,val,0,0
29141-2020,29141,2020,4,val,0,0
29143-2019,29143,2019,4,train,3,0
29145-2019,29145,2019,4,train,2,0
29145-2020,29145,2020,4,train,2,0
29145-2021,29145,2021,4,train,2,0
29151-2020,29151,2020,4,train,2,0
29155-2020,29155,2020,4,test,4,0
29155-2021,29155,2021,4,test,4,0
29157-2020,29157,2020,4,train,1,0
29157-2021,29157,2021,4,train,1,0
29157-2022,29157,2022,4,train,1,0
29159-2020,29159,2020,4,train,1,0
29163-2020,29163,2020,4,train,3,0
29163-2022,29163,2022,4,train,3,0
29165-2019,29165,2019,4,val,0,0
29165-2020,29165,2020,4,val,0,0
29165-2021,29165,2021,4,val,0,0
29173-2019,29173,2019,4,test,4,0
29173-2020,29173,2020,4,test,4,0
29173-2022,29173,2022,4,test,4,0
29175-2020,29175,2020,4,val,0,0
29195-2020,29195,2020,4,test,4,0
29197-2022,29197,2022,4,train,3,0
29199-2020,29199,2020,4,train,2,0
29199-2022,29199,2022,4,train,2,0
29201-2019,29201,2019,4,train,3,0
29201-2020,29201,2020,4,train,3,0
29201-2021,29201,2021,4,train,3,0
29205-2020,29205,2020,4,train,1,0
29205-2021,29205,2021,4,train,1,0
29207-2019,29207,2019,4,train,2,0
29207-2020,29207,2020,4,train,2,0
29207-2021,29207,2021,4,train,2,0
29211-2020,29211,2020,4,train,2,0
29219-2020,29219,2020,4,train,1,0
29227-2020,29227,2020,4,train,1,0
29227-2021,29227,2021,4,train,1,0
29227-2022,29227,2022,4,train,1,0
31001-2019,31001,2019,4,val,0,0
31001-2020,31001,2020,4,val,0,0
31001-2022,31001,2022,4,val,0,0
31011-2019,31011,2019,4,val,0,0
31011-2022,31011,2022,4,val,0,0
31013-2019,31013,2019,4,test,4,0
31013-2020,31013,2020,4,test,4,0
31013-2021,31013,2021,4,test,4,0
31015-2020,31015,2020,4,test,4,0
31015-2022,31015,2022,4,test,4,0
31017-2020,31017,2020,4,train,3,0
31017-2021,31017,2021,4,train,3,0
31019-2019,31019,2019,4,train,3,0
31019-2020,31019,2020,4,train,3,0
31019-2022,31019,2022,4,train,3,0
31021-2019,31021,2019,4,train,2,0
31021-2022,31021,2022,4,train,2,0
31023-2019,31023,2019,4,train,2,0
31023-2020,31023,2020,4,train,2,0
31023-2022,31023,2022,4,train,2,0
31025-2019,31025,2019,4,train,1,0
31025-2020,31025,2020,4,train,1,0
31025-2022,31025,2022,4,train,1,0
31027-2021,31027,2021,4,train,1,0
31027-2022,31027,2022,4,train,1,0
31029-2019,31029,2019,4,val,0,0
31029-2020,31029,2020,4,val,0,0
31029-2021,31029,2021,4,val,0,0
31031-2021,31031,2021,4,val,0,0
31033-2020,31033,2020,4,test,4,0
31035-2019,31035,2019,4,test,4,0
31035-2020,31035,2020,4,test,4,0
31035-2022,31035,2022,4,test,4,0
31037-2019,31037,2019,4,train,3,0
31037-2020,31037,2020,4,train,3,0
31037-2022,31037,2022,4,train,3,0
31039-2022,31039,2022,4,train,3,0
31041-2019,31041,2019,4,val,0,0
31041-2020,31041,2020,4,val,0,0
31043-2020,31043,2020,4,train,2,0
31043-2021,31043,2021,4,train,2,0
31043-2022,31043,2022,4,train,2,0
31045-2020,31045,2020,4,train,2,0
31047-2019,31047,2019,4,train,1,0
31047-2020,31047,2020,4,train,1,0
31047-2022,31047,2022,4,train,1,0
31049-2019,31049,2019,4,test,4,0
31049-2020,31049,2020,4,test,4,0
31051-2020,31051,2020,4,train,1,0
31053-2019,31053,2019,4,val,0,0
31053-2020,31053,2020,4,val,0,0
31053-2022,31053,2022,4,val,0,0
31055-2019,31055,2019,4,test,4,0
31055-2020,31055,2020,4,test,4,0
31055-2022,31055,2022,4,test,4,0
31057-2020,31057,2020,4,train,3,0
31057-2021,31057,2021,4,train,3,0
31059-2019,31059,2019,4,train,3,0
31059-2020,31059,2020,4,train,3,0
31059-2022,31059,2022,4,train,3,0
31061-2019,31061,2019,4,train,3,0
31061-2020,31061,2020,4,train,3,0
31061-2021,31061,2021,4,train,3,0
31061-2022,31061,2022,4,train,3,0
31063-2019,31063,2019,4,train,2,0
31063-2020,31063,2020,4,train,2,0
31063-2021,31063,2021,4,train,2,0
31063-2022,31063,2022,4,train,2,0
31065-2019,31065,2019,4,train,1,0
31065-2020,31065,2020,4,train,1,0
31065-2021,31065,2021,4,train,1,0
31065-2022,31065,2022,4,train,1,0
31067-2019,31067,2019,4,train,2,0
31067-2020,31067,2020,4,train,2,0
31067-2022,31067,2022,4,train,2,0
31069-2020,31069,2020,4,val,0,0
31071-2019,31071,2019,4,val,0,0
31071-2020,31071,2020,4,val,0,0
31071-2021,31071,2021,4,val,0,0
31071-2022,31071,2022,4,val,0,0
31073-2020,31073,2020,4,train,1,0
31073-2021,31073,2021,4,train,1,0
31073-2022,31073,2022,4,train,1,0
31077-2019,31077,2019,4,test,4,0
31077-2020,31077,2020,4,test,4,0
31077-2021,31077,2021,4,test,4,0
31077-2022,31077,2022,4,test,4,0
31079-2019,31079,2019,4,train,2,0
31079-2022,31079,2022,4,train,2,0
31081-2019,31081,2019,4,train,1,0
31081-2022,31081,2022,4,train,1,0
31083-2019,31083,2019,4,train,3,0
31083-2020,31083,2020,4,train,3,0
31083-2021,31083,2021,4,train,3,0
31083-2022,31083,2022,4,train,3,0
31085-2019,31085,2019,4,val,0,0
31085-2020,31085,2020,4,val,0,0
31085-2021,31085,2021,4,val,0,0
31087-2020,31087,2020,4,test,4,0
31089-2019,31089,2019,4,test,4,0
31089-2020,31089,2020,4,test,4,0
31089-2022,31089,2022,4,test,4,0
31093-2019,31093,2019,4,train,2,0
31093-2020,31093,2020,4,train,2,0
31093-2021,31093,2021,4,train,2,0
31093-2022,31093,2022,4,train,2,0
31095-2019,31095,2019,4,train,3,0
31095-2020,31095,2020,4,train,3,0
31095-2022,31095,2022,4,train,3,0
31097-2020,31097,2020,4,val,0,0
31097-2022,31097,2022,4,val,0,0
31099-2019,31099,2019,4,train,2,0
31099-2020,31099,2020,4,train,2,0
31099-2022,31099,2022,4,train,2,0
31101-2020,31101,2020,4,test,4,0
31101-2021,31101,2021,4,test,4,0
31103-2020,31103,2020,4,train,3,0
31107-2020,31107,2020,4,train,1,0
31107-2021,31107,2021,4,train,1,0
31107-2022,31107,2022,4,train,1,0
31109-2019,31109,2019,4,val,0,0
31109-2020,31109,2020,4,val,0,0
31109-2022,31109,2022,4,val,0,0
31111-2019,31111,2019,4,train,1,0
31111-2020,31111,2020,4,train,1,0
31111-2021,31111,2021,4,train,1,0
31111-2022,31111,2022,4,train,1,0
31113-2019,31113,2019,4,train,3,0
31113-2020,31113,2020,4,train,3,0
31115-2020,31115,2020,4,train,2,0
31119-2022,31119,2022,4,train,1,0
31121-2019,31121,2019,4,val,0,0
31123-2019,31123,2019,4,test,4,0
31123-2020,31123,2020,4,test,4,0
31123-2021,31123,2021,4,test,4,0
31125-2019,31125,2019,4,train,3,0
31125-2020,31125,2020,4,train,3,0
31125-2022,31125,2022,4,train,3,0
31127-2020,31127,2020,4,train,2,0
31127-2022,31127,2022,4,train,2,0
31129-2020,31129,2020,4,train,1,0
31129-2022,31129,2022,4,train,1,0
31131-2019,31131,2019,4,train,2,0
31131-2020,31131,2020,4,train,2,0
31131-2022,31131,2022,4,train,2,0
31135-2019,31135,2019,4,train,1,0
31135-2020,31135,2020,4,train,1,0
31135-2021,31135,2021,4,train,1,0
31137-2019,31137,2019,4,val,0,0
31137-2020,31137,2020,4,val,0,0
31137-2021,31137,2021,4,val,0,0
31137-2022,31137,2022,4,val,0,0
31139-2020,31139,2020,4,val,0,0
31139-2021,31139,2021,4,val,0,0
31139-2022,31139,2022,4,val,0,0
31141-2019,31141,2019,4,test,4,0
31141-2020,31141,2020,4,test,4,0
31141-2021,31141,2021,4,test,4,0
31141-2022,31141,2022,4,test,4,0
31143-2020,31143,2020,4,val,0,0
31143-2022,31143,2022,4,val,0,0
31145-2019,31145,2019,4,test,4,0
31145-2020,31145,2020,4,test,4,0
31145-2021,31145,2021,4,test,4,0
31147-2020,31147,2020,4,test,4,0
31147-2022,31147,2022,4,test,4,0
31149-2019,31149,2019,4,train,3,0
31149-2020,31149,2020,4,train,3,0
31149-2021,31149,2021,4,train,3,0
31151-2019,31151,2019,4,train,2,0
31151-2020,31151,2020,4,train,2,0
31151-2022,31151,2022,4,train,2,0
31153-2020,31153,2020,4,train,3,0
31153-2022,31153,2022,4,train,3,0
31155-2019,31155,2019,4,train,1,0
31155-2020,31155,2020,4,train,1,0
31155-2022,31155,2022,4,train,1,0
31157-2019,31157,2019,4,val,0,0
31157-2020,31157,2020,4,val,0,0
31157-2021,31157,2021,4,val,0,0
31159-2019,31159,2019,4,test,4,0
31159-2020,31159,2020,4,test,4,0
31159-2022,31159,2022,4,test,4,0
31161-2020,31161,2020,4,train,2,0
31161-2021,31161,2021,4,train,2,0
31163-2019,31163,2019,4,train,3,0
31163-2020,31163,2020,4,train,3,0
31163-2021,31163,2021,4,train,3,0
31163-2022,31163,2022,4,train,3,0
31165-2019,31165,2019,4,train,3,0
31165-2020,31165,2020,4,train,3,0
31165-2021,31165,2021,4,train,3,0
31167-2019,31167,2019,4,train,1,0
31167-2022,31167,2022,4,train,1,0
31169-2019,31169,2019,4,train,2,0
31169-2020,31169,2020,4,train,2,0
31169-2021,31169,2021,4,train,2,0
31169-2022,31169,2022,4,train,2,0
31173-2019,31173,2019,4,val,0,0
31173-2022,31173,2022,4,val,0,0
31175-2019,31175,2019,4,train,1,0
31175-2020,31175,2020,4,train,1,0
31175-2021,31175,2021,4,train,1,0
31175-2022,31175,2022,4,train,1,0
31177-2019,31177,2019,4,train,2,0
31177-2020,31177,2020,4,train,2,0
31177-2022,31177,2022,4,train,2,0
31179-2019,31179,2019,4,train,1,0
31179-2021,31179,2021,4,train,1,0
31179-2022,31179,2022,4,train,1,0
31181-2020,31181,2020,4,test,4,0
31181-2022,31181,2022,4,test,4,0
31183-2020,31183,2020,4,test,4,0
31185-2019,31185,2019,4,val,0,0
31185-2020,31185,2020,4,val,0,0
31185-2022,31185,2022,4,val,0,0
38001-2020,38001,2020,4,train,3,0
38001-2021,38001,2021,4,train,3,0
38003-2020,38003,2020,4,train,2,0
38003-2021,38003,2021,4,train,2,0
38005-2020,38005,2020,4,train,1,0
38005-2021,38005,2021,4,train,1,0
38007-2020,38007,2020,4,val,0,0
38007-2021,38007,2021,4,val,0,0
38009-2020,38009,2020,4,test,4,0
38009-2021,38009,2021,4,test,4,0
38011-2020,38011,2020,4,train,3,0
38015-2019,38015,2019,4,train,3,0
38015-2020,38015,2020,4,train,3,0
38017-2019,38017,2019,4,test,4,0
38017-2020,38017,2020,4,test,4,0
38017-2021,38017,2021,4,test,4,0
38021-2020,38021,2020,4,train,2,0
38021-2021,38021,2021,4,train,2,0
38025-2020,38025,2020,4,train,1,0
38025-2021,38025,2021,4,train,1,0
38027-2020,38027,2020,4,val,0,0
38027-2021,38027,2021,4,val,0,0
38029-2020,38029,2020,4,test,4,0
38029-2021,38029,2021,4,test,4,0
38031-2020,38031,2020,4,train,3,0
38031-2021,38031,2021,4,train,3,0
38033-2021,38033,2021,4,train,2,0
38035-2019,38035,2019,4,train,3,0
38035-2020,38035,2020,4,train,3,0
38035-2021,38035,2021,4,train,3,0
38037-2020,38037,2020,4,train,2,0
38037-2021,38037,2021,4,train,2,0
38041-2019,38041,2019,4,train,2,0
38041-2020,38041,2020,4,train,2,0
38041-2021,38041,2021,4,train,2,0
38043-2019,38043,2019,4,train,1,0
38043-2020,38043,2020,4,train,1,0
38043-2021,38043,2021,4,train,1,0
38047-2020,38047,2020,4,train,1,0
38047-2021,38047,2021,4,train,1,0
38057-2020,38057,2020,4,val,0,0
38057-2021,38057,2021,4,val,0,0
38059-2020,38059,2020,4,train,1,0
38061-2019,38061,2019,4,test,4,0
38061-2020,38061,2020,4,test,4,0
38063-2020,38063,2020,4,val,0,0
38065-2020,38065,2020,4,test,4,0
38067-2020,38067,2020,4,train,3,0
38067-2021,38067,2021,4,train,3,0
38069-2020,38069,2020,4,train,2,0
38069-2021,38069,2021,4,train,2,0
38071-2020,38071,2020,4,train,1,0
38071-2021,38071,2021,4,train,1,0
38073-2020,38073,2020,4,val,0,0
38073-2021,38073,2021,4,val,0,0
38075-2020,38075,2020,4,test,4,0
38075-2021,38075,2021,4,test,4,0
38077-2019,38077,2019,4,val,0,0
38077-2020,38077,2020,4,val,0,0
38077-2021,38077,2021,4,val,0,0
38079-2021,38079,2021,4,train,3,0
38081-2019,38081,2019,4,test,4,0
38081-2020,38081,2020,4,test,4,0
38081-2021,38081,2021,4,test,4,0
38083-2019,38083,2019,4,train,3,0
38083-2020,38083,2020,4,train,3,0
38087-2019,38087,2019,4,train,3,0
38087-2020,38087,2020,4,train,3,0
38087-2021,38087,2021,4,train,3,0
38089-2020,38089,2020,4,train,2,0
38089-2021,38089,2021,4,train,2,0
38091-2019,38091,2019,4,train,2,0
38091-2020,38091,2020,4,train,2,0
38091-2021,38091,2021,4,train,2,0
38093-2019,38093,2019,4,train,1,0
38093-2020,38093,2020,4,train,1,0
38093-2021,38093,2021,4,train,1,0
38095-2020,38095,2020,4,train,1,0
38095-2021,38095,2021,4,train,1,0
38097-2020,38097,2020,4,train,2,0
38099-2020,38099,2020,4,val,0,0
38099-2021,38099,2021,4,val,0,0
38101-2019,38101,2019,4,val,0,0
38101-2020,38101,2020,4,val,0,0
38101-2021,38101,2021,4,val,0,0
38103-2020,38103,2020,4,test,4,0
38103-2021,38103,2021,4,test,4,0
38105-2021,38105,2021,4,train,1,0
39001-2020,39001,2020,4,train,3,0
39001-2022,39001,2022,4,train,3,0
39003-2020,39003,2020,4,train,2,0
39003-2022,39003,2022,4,train,2,0
39005-2019,39005,2019,4,test,4,0
39005-2020,39005,2020,4,test,4,0
39005-2021,39005,2021,4,test,4,0
39007-2019,39007,2019,4,train,1,0
39007-2021,39007,2021,4,train,1,0
39011-2019,39011,2019,4,val,0,0
39011-2020,39011,2020,4,val,0,0
39011-2021,39011,2021,4,val,0,0
39011-2022,39011,2022,4,val,0,0
39015-2022,39015,2022,4,val,0,0
39017-2020,39017,2020,4,val,0,0
39017-2022,39017,2022,4,val,0,0
39021-2019,39021,2019,4,train,3,0
39021-2020,39021,2020,4,train,3,0
39021-2022,39021,2022,4,train,3,0
39023-2022,39023,2022,4,test,4,0
39025-2022,39025,2022,4,train,3,0
39027-2022,39027,2022,4,train,2,0
39029-2019,39029,2019,4,train,1,0
39031-2019,39031,2019,4,test,4,0
39031-2020,39031,2020,4,test,4,0
39031-2021,39031,2021,4,test,4,0
39031-2022,39031,2022,4,test,4,0
39033-2022,39033,2022,4,val,0,0
39037-2019,39037,2019,4,train,3,0
39037-2020,39037,2020,4,train,3,0
39037-2021,39037,2021,4,train,3,0
39037-2022,39037,2022,4,train,3,0
39039-2019,39039,2019,4,train,2,0
39039-2020,39039,2020,4,train,2,0
39039-2022,39039,2022,4,train,2,0
39041-2022,39041,2022,4,test,4,0
39043-2020,39043,2020,4,test,4,0
39043-2022,39043,2022,4,test,4,0
39045-2019,39045,2019,4,train,1,0
39045-2020,39045,2020,4,train,1,0
39045-2022,39045,2022,4,train,1,0
39047-2020,39047,2020,4,train,3,0
39047-2022,39047,2022,4,train,3,0
39049-2022,39049,2022,4,train,3,0
39051-2019,39051,2019,4,val,0,0
39051-2020,39051,2020,4,val,0,0
39051-2022,39051,2022,4,val,0,0
39053-2019,39053,2019,4,test,4,0
39053-2020,39053,2020,4,test,4,0
39053-2021,39053,2021,4,test,4,0
39057-2022,39057,2022,4,train,2,0
39061-2020,39061,2020,4,train,1,0
39063-2020,39063,2020,4,train,2,0
39063-2022,39063,2022,4,train,2,0
39065-2019,39065,2019,4,train,2,0
39065-2020,39065,2020,4,train,2,0
39065-2021,39065,2021,4,train,2,0
39065-2022,39065,2022,4,train,2,0
39069-2020,39069,2020,4,train,1,0
39069-2022,39069,2022,4,train,1,0
39071-2022,39071,2022,4,val,0,0
39075-2019,39075,2019,4,train,1,0
39075-2020,39075,2020,4,train,1,0
39075-2021,39075,2021,4,train,1,0
39075-2022,39075,2022,4,train,1,0
39077-2022,39077,2022,4,test,4,0
39079-2022,39079,2022,4,train,3,0
39083-2019,39083,2019,4,val,0,0
39083-2020,39083,2020,4,val,0,0
39083-2021,39083,2021,4,val,0,0
39083-2022,39083,2022,4,val,0,0
39089-2020,39089,2020,4,train,3,0
39089-2021,39089,2021,4,train,3,0
39089-2022,39089,2022,4,train,3,0
39091-2019,39091,2019,4,test,4,0
39091-2020,39091,2020,4,test,4,0
39091-2021,39091,2021,4,test,4,0
39091-2022,39091,2022,4,test,4,0
39093-2020,39093,2020,4,train,2,0
39093-2021,39093,2021,4,train,2,0
39093-2022,39093,2022,4,train,2,0
39095-2019,39095,2019,4,train,1,0
39095-2020,39095,2020,4,train,1,0
39095-2022,39095,2022,4,train,1,0
39097-2020,39097,2020,4,val,0,0
39097-2022,39097,2022,4,val,0,0
39099-2019,39099,2019,4,train,2,0
39101-2019,39101,2019,4,val,0,0
39101-2020,39101,2020,4,val,0,0
39101-2022,39101,2022,4,val,0,0
39103-2019,39103,2019,4,train,3,0
39103-2020,39103,2020,4,train,3,0
39103-2021,39103,2021,4,train,3,0
39103-2022,39103,2022,4,train,3,0
39107-2019,39107,2019,4,train,2,0
39107-2020,39107,2020,4,train,2,0
39107-2021,39107,2021,4,train,2,0
39107-2022,39107,2022,4,train,2,0
39109-2019,39109,2019,4,test,4,0
39109-2020,39109,2020,4,test,4,0
39109-2022,39109,2022,4,test,4,0
39113-2019,39113,2019,4,train,1,0
39117-2022,39117,2022,4,val,0,0
39119-2019,39119,2019,4,train,1,0
39119-2020,39119,2020,4,train,1,0
39119-2021,39119,2021,4,train,1,0
39119-2022,39119,2022,4,train,1,0
39123-2020,39123,2020,4,test,4,0
39123-2022,39123,2022,4,test,4,0
39125-2020,39125,2020,4,train,3,0
39125-2022,39125,2022,4,train,3,0
39127-2020,39127,2020,4,train,2,0
39127-2021,39127,2021,4,train,2,0
39129-2019,39129,2019,4,val,0,0
39129-2020,39129,2020,4,val,0,0
39129-2021,39129,2021,4,val,0,0
39129-2022,39129,2022,4,val,0,0
39131-2019,39131,2019,4,train,3,0
39131-2021,39131,2021,4,train,3,0
39131-2022,39131,2022,4,train,3,0
39133-2019,39133,2019,4,train,1,0
39133-2021,39133,2021,4,train,1,0
39135-2019,39135,2019,4,test,4,0
39135-2020,39135,2020,4,test,4,0
39135-2021,39135,2021,4,test,4,0
39135-2022,39135,2022,4,test,4,0
39137-2019,39137,2019,4,train,2,0
39137-2020,39137,2020,4,train,2,0
39137-2022,39137,2022,4,train,2,0
39139-2019,39139,2019,4,train,1,0
39139-2020,39139,2020,4,train,1,0
39139-2022,39139,2022,4,train,1,0
39141-2019,39141,2019,4,val,0,0
39141-2021,39141,2021,4,val,0,0
39141-2022,39141,2022,4,val,0,0
39143-2019,39143,2019,4,test,4,0
39143-2020,39143,2020,4,test,4,0
39143-2022,39143,2022,4,test,4,0
39145-2019,39145,2019,4,train,3,0
39145-2020,39145,2020,4,train,3,0
39145-2021,39145,2021,4,train,3,0
39147-2019,39147,2019,4,train,2,0
39147-2020,39147,2020,4,train,2,0
39147-2022,39147,2022,4,train,2,0
39149-2019,39149,2019,4,train,1,0
39149-2020,39149,2020,4,train,1,0
39149-2022,39149,2022,4,train,1,0
39151-2019,39151,2019,4,val,0,0
39151-2020,39151,2020,4,val,0,0
39151-2021,39151,2021,4,val,0,0
39155-2019,39155,2019,4,test,4,0
39157-2019,39157,2019,4,test,4,0
39157-2020,39157,2020,4,test,4,0
39157-2021,39157,2021,4,test,4,0
39159-2019,39159,2019,4,val,0,0
39159-2022,39159,2022,4,val,0,0
39161-2019,39161,2019,4,train,3,0
39161-2020,39161,2020,4,train,3,0
39161-2022,39161,2022,4,train,3,0
39165-2019,39165,2019,4,train,2,0
39165-2020,39165,2020,4,train,2,0
39165-2022,39165,2022,4,train,2,0
39167-2019,39167,2019,4,train,1,0
39167-2020,39167,2020,4,train,1,0
39167-2021,39167,2021,4,train,1,0
39169-2019,39169,2019,4,train,3,0
39169-2020,39169,2020,4,train,3,0
39169-2021,39169,2021,4,train,3,0
39169-2022,39169,2022,4,train,3,0
39171-2019,39171,2019,4,val,0,0
39171-2020,39171,2020,4,val,0,0
39171-2022,39171,2022,4,val,0,0
39173-2020,39173,2020,4,test,4,0
39173-2022,39173,2022,4,test,4,0
39175-2019,39175,2019,4,test,4,0
39175-2020,39175,2020,4,test,4,0
39175-2022,39175,2022,4,test,4,0
46003-2020,46003,2020,4,train,3,0
46003-2021,46003,2021,4,train,3,0
46005-2020,46005,2020,4,train,2,0
46005-2021,46005,2021,4,train,2,0
46007-2020,46007,2020,4,train,1,0
46007-2021,46007,2021,4,train,1,0
46009-2020,46009,2020,4,train,3,0
46009-2021,46009,2021,4,train,3,0
46009-2022,46009,2022,4,train,3,0
46011-2020,46011,2020,4,val,0,0
46011-2021,46011,2021,4,val,0,0
46013-2020,46013,2020,4,test,4,0
46013-2021,46013,2021,4,test,4,0
46015-2020,46015,2020,4,train,3,0
46015-2021,46015,2021,4,train,3,0
46017-2020,46017,2020,4,train,2,0
46017-2021,46017,2021,4,train,2,0
46019-2020,46019,2020,4,train,1,0
46019-2021,46019,2021,4,train,1,0
46021-2020,46021,2020,4,val,0,0
46021-2021,46021,2021,4,val,0,0
46023-2020,46023,2020,4,train,2,0
46023-2021,46023,2021,4,train,2,0
46023-2022,46023,2022,4,train,2,0
46025-2020,46025,2020,4,test,4,0
46025-2021,46025,2021,4,test,4,0
46027-2020,46027,2020,4,train,1,0
46027-2021,46027,2021,4,train,1,0
46027-2022,46027,2022,4,train,1,0
46029-2020,46029,2020,4,train,3,0
46029-2021,46029,2021,4,train,3,0
46031-2020,46031,2020,4,train,2,0
46031-2021,46031,2021,4,train,2,0
46035-2020,46035,2020,4,train,3,0
46037-2020,46037,2020,4,train,1,0
46037-2021,46037,2021,4,train,1,0
46039-2020,46039,2020,4,train,2,0
46041-2020,46041,2020,4,train,1,0
46043-2020,46043,2020,4,val,0,0
46043-2021,46043,2021,4,val,0,0
46045-2019,46045,2019,4,test,4,0
46045-2020,46045,2020,4,test,4,0
46049-2020,46049,2020,4,train,3,0
46049-2021,46049,2021,4,train,3,0
46051-2020,46051,2020,4,train,2,0
46051-2021,46051,2021,4,train,2,0
46053-2020,46053,2020,4,train,1,0
46053-2021,46053,2021,4,train,1,0
46057-2020,46057,2020,4,val,0,0
46057-2021,46057,2021,4,val,0,0
46059-2020,46059,2020,4,test,4,0
46059-2021,46059,2021,4,test,4,0
46061-2020,46061,2020,4,train,3,0
46061-2021,46061,2021,4,train,3,0
46063-2021,46063,2021,4,val,0,0
46065-2020,46065,2020,4,train,2,0
46065-2021,46065,2021,4,train,2,0
46067-2020,46067,2020,4,train,1,0
46067-2021,46067,2021,4,train,1,0
46069-2020,46069,2020,4,test,4,0
46073-2020,46073,2020,4,val,0,0
46073-2021,46073,2021,4,val,0,0
46075-2020,46075,2020,4,train,3,0
46077-2020,46077,2020,4,test,4,0
46077-2021,46077,2021,4,test,4,0
46079-2020,46079,2020,4,train,3,0
46079-2021,46079,2021,4,train,3,0
46083-2019,46083,2019,4,train,2,0
46083-2020,46083,2020,4,train,2,0
46083-2021,46083,2021,4,train,2,0
46083-2022,46083,2022,4,train,2,0
46085-2019,46085,2019,4,val,0,0
46085-2020,46085,2020,4,val,0,0
46085-2021,46085,2021,4,val,0,0
46091-2020,46091,2020,4,train,2,0
46091-2021,46091,2021,4,train,2,0
46093-2021,46093,2021,4,train,2,0
46095-2020,46095,2020,4,train,1,0
46097-2020,46097,2020,4,train,1,0
46097-2021,46097,2021,4,train,1,0
46099-2019,46099,2019,4,test,4,0
46099-2020,46099,2020,4,test,4,0
46099-2022,46099,2022,4,test,4,0
46101-2020,46101,2020,4,val,0,0
46102-2020,46102,2020,4,val,0,0
46102-2021,46102,2021,4,val,0,0
46103-2021,46103,2021,4,test,4,0
46107-2020,46107,2020,4,test,4,0
46107-2021,46107,2021,4,test,4,0
46109-2020,46109,2020,4,train,3,0
46111-2020,46111,2020,4,train,3,0
46111-2021,46111,2021,4,train,3,0
46115-2020,46115,2020,4,train,2,0
46119-2020,46119,2020,4,train,2,0
46119-2021,46119,2021,4,train,2,0
46121-2021,46121,2021,4,train,1,0
46123-2020,46123,2020,4,train,1,0
46123-2021,46123,2021,4,train,1,0
46125-2020,46125,2020,4,train,3,0
46125-2021,46125,2021,4,train,3,0
46125-2022,46125,2022,4,train,3,0
46127-2019,46127,2019,4,train,2,0
46127-2020,46127,2020,4,train,2,0
46127-2022,46127,2022,4,train,2,0
46129-2020,46129,2020,4,val,0,0
46129-2021,46129,2021,4,val,0,0
46135-2021,46135,2021,4,test,4,0
46135-2022,46135,2022,4,test,4,0
46137-2019,46137,2019,4,train,3,0
46137-2020,46137,2020,4,train,3,0
55001-2019,55001,2019,4,train,2,0
55001-2020,55001,2020,4,train,2,0
55005-2020,55005,2020,4,val,0,0
55009-2020,55009,2020,4,test,4,0
55011-2020,55011,2020,4,train,3,0
55013-2020,55013,2020,4,train,2,0
55015-2020,55015,2020,4,train,1,0
55017-2019,55017,2019,4,train,1,0
55017-2020,55017,2020,4,train,1,0
55017-2021,55017,2021,4,train,1,0
55019-2019,55019,2019,4,val,0,0
55019-2020,55019,2020,4,val,0,0
55019-2021,55019,2021,4,val,0,0
55021-2019,55021,2019,4,test,4,0
55021-2020,55021,2020,4,test,4,0
55021-2021,55021,2021,4,test,4,0
55023-2019,55023,2019,4,train,1,0
55023-2020,55023,2020,4,train,1,0
55023-2021,55023,2021,4,train,1,0
55023-2022,55023,2022,4,train,1,0
55025-2019,55025,2019,4,val,0,0
55025-2020,55025,2020,4,val,0,0
55025-2021,55025,2021,4,val,0,0
55025-2022,55025,2022,4,val,0,0
55027-2019,55027,2019,4,train,1,0
55027-2020,55027,2020,4,train,1,0
55029-2019,55029,2019,4,train,3,0
55029-2020,55029,2020,4,train,3,0
55029-2021,55029,2021,4,train,3,0
55033-2020,55033,2020,4,val,0,0
55035-2019,55035,2019,4,train,2,0
55035-2020,55035,2020,4,train,2,0
55035-2021,55035,2021,4,train,2,0
55043-2019,55043,2019,4,test,4,0
55043-2020,55043,2020,4,test,4,0
55043-2021,55043,2021,4,test,4,0
55043-2022,55043,2022,4,test,4,0
55045-2019,55045,2019,4,train,3,0
55045-2020,55045,2020,4,train,3,0
55045-2021,55045,2021,4,train,3,0
55045-2022,55045,2022,4,train,3,0
55047-2019,55047,2019,4,train,1,0
55047-2020,55047,2020,4,train,1,0
55047-2021,55047,2021,4,train,1,0
55049-2020,55049,2020,4,val,0,0
55049-2022,55049,2022,4,val,0,0
55053-2019,55053,2019,4,val,0,0
55053-2020,55053,2020,4,val,0,0
55053-2021,55053,2021,4,val,0,0
55055-2019,55055,2019,4,test,4,0
55055-2020,55055,2020,4,test,4,0
55055-2022,55055,2022,4,test,4,0
55057-2019,55057,2019,4,train,3,0
55057-2020,55057,2020,4,train,3,0
55057-2021,55057,2021,4,train,3,0
55059-2020,55059,2020,4,test,4,0
55059-2022,55059,2022,4,test,4,0
55061-2020,55061,2020,4,test,4,0
55063-2019,55063,2019,4,train,2,0
55063-2020,55063,2020,4,train,2,0
55063-2021,55063,2021,4,train,2,0
55065-2020,55065,2020,4,train,3,0
55065-2022,55065,2022,4,train,3,0
55067-2020,55067,2020,4,train,2,0
55067-2021,55067,2021,4,train,2,0
55069-2020,55069,2020,4,train,1,0
55069-2021,55069,2021,4,train,1,0
55071-2019,55071,2019,4,val,0,0
55071-2020,55071,2020,4,val,0,0
55073-2020,55073,2020,4,test,4,0
55073-2021,55073,2021,4,test,4,0
55075-2019,55075,2019,4,train,1,0
55075-2020,55075,2020,4,train,1,0
55075-2021,55075,2021,4,train,1,0
55077-2020,55077,2020,4,train,3,0
55079-2020,55079,2020,4,train,2,0
55081-2019,55081,2019,4,val,0,0
55081-2020,55081,2020,4,val,0,0
55081-2021,55081,2021,4,val,0,0
55083-2019,55083,2019,4,test,4,0
55083-2020,55083,2020,4,test,4,0
55083-2021,55083,2021,4,test,4,0
55087-2019,55087,2019,4,train,3,0
55087-2020,55087,2020,4,train,3,0
55089-2019,55089,2019,4,train,2,0
55089-2020,55089,2020,4,train,2,0
55091-2020,55091,2020,4,train,1,0
55093-2020,55093,2020,4,train,2,0
55095-2020,55095,2020,4,train,1,0
55097-2019,55097,2019,4,train,1,0
55097-2020,55097,2020,4,train,1,0
55101-2019,55101,2019,4,train,3,0
55101-2020,55101,2020,4,train,3,0
55101-2022,55101,2022,4,train,3,0
55103-2019,55103,2019,4,train,2,0
55103-2020,55103,2020,4,train,2,0
55103-2021,55103,2021,4,train,2,0
55103-2022,55103,2022,4,train,2,0
55105-2019,55105,2019,4,train,1,0
55105-2020,55105,2020,4,train,1,0
55105-2021,55105,2021,4,train,1,0
55105-2022,55105,2022,4,train,1,0
55107-2019,55107,2019,4,train,2,0
55107-2020,55107,2020,4,train,2,0
55107-2021,55107,2021,4,train,2,0
55111-2019,55111,2019,4,train,1,0
55111-2020,55111,2020,4,train,1,0
55111-2021,55111,2021,4,train,1,0
55113-2020,55113,2020,4,val,0,0
55113-2021,55113,2021,4,val,0,0
55115-2019,55115,2019,4,val,0,0
55115-2020,55115,2020,4,val,0,0
55115-2021,55115,2021,4,val,0,0
55117-2019,55117,2019,4,test,4,0
55117-2020,55117,2020,4,test,4,0
55119-2020,55119,2020,4,train,3,0
55119-2021,55119,2021,4,train,3,0
55121-2019,55121,2019,4,test,4,0
55121-2020,55121,2020,4,test,4,0
55121-2021,55121,2021,4,test,4,0
55123-2019,55123,2019,4,val,0,0
55123-2020,55123,2020,4,val,0,0
55123-2021,55123,2021,4,val,0,0
55123-2022,55123,2022,4,val,0,0
55127-2019,55127,2019,4,train,3,0
55127-2020,55127,2020,4,train,3,0
55127-2022,55127,2022,4,train,3,0
55129-2019,55129,2019,4,train,2,0
55129-2020,55129,2020,4,train,2,0
55131-2019,55131,2019,4,train,1,0
55131-2020,55131,2020,4,train,1,0
55133-2019,55133,2019,4,test,4,0
55133-2020,55133,2020,4,test,4,0
55133-2022,55133,2022,4,test,4,0
55135-2019,55135,2019,4,val,0,0
55135-2020,55135,2020,4,val,0,0
55137-2019,55137,2019,4,train,3,0
55137-2020,55137,2020,4,train,3,0
55137-2021,55137,2021,4,train,3,0
55139-2019,55139,2019,4,test,4,0
55139-2020,55139,2020,4,test,4,0
55141-2019,55141,2019,4,train,3,0
55141-2020,55141,2020,4,train,3,0
