fips_year,county_id,year,fold,split,held_out_state,validation_state
17001-2020,17001,2020,17,test,17,18
17001-2022,17001,2022,17,test,17,18
17003-2019,17003,2019,17,test,17,18
17003-2020,17003,2020,17,test,17,18
17005-2019,17005,2019,17,test,17,18
17005-2020,17005,2020,17,test,17,18
17005-2021,17005,2021,17,test,17,18
17005-2022,17005,2022,17,test,17,18
17007-2019,17007,2019,17,test,17,18
17007-2020,17007,2020,17,test,17,18
17007-2022,17007,2022,17,test,17,18
17009-2020,17009,2020,17,test,17,18
17009-2022,17009,2022,17,test,17,18
17011-2019,17011,2019,17,test,17,18
17011-2020,17011,2020,17,test,17,18
17011-2021,17011,2021,17,test,17,18
17011-2022,17011,2022,17,test,17,18
17013-2020,17013,2020,17,test,17,18
17013-2022,17013,2022,17,test,17,18
17015-2020,17015,2020,17,test,17,18
17015-2022,17015,2022,17,test,17,18
17017-2019,17017,2019,17,test,17,18
17017-2020,17017,2020,17,test,17,18
17017-2021,17017,2021,17,test,17,18
17017-2022,17017,2022,17,test,17,18
17019-2021,17019,2021,17,test,17,18
17019-2022,17019,2022,17,test,17,18
17021-2020,17021,2020,17,test,17,18
17021-2021,17021,2021,17,test,17,18
17021-2022,17021,2022,17,test,17,18
17023-2020,17023,2020,17,test,17,18
17023-2022,17023,2022,17,test,17,18
17025-2019,17025,2019,17,test,17,18
17025-2020,17025,2020,17,test,17,18
17025-2021,17025,2021,17,test,17,18
17025-2022,17025,2022,17,test,17,18
17027-2019,17027,2019,17,test,17,18
17027-2020,17027,2020,17,test,17,18
17027-2021,17027,2021,17,test,17,18
17027-2022,17027,2022,17,test,17,18
17029-2019,17029,2019,17,test,17,18
17029-2021,17029,2021,17,test,17,18
17031-2019,17031,2019,17,test,17,18
17033-2019,17033,2019,17,test,17,18
17033-2020,17033,2020,17,test,17,18
17033-2022,17033,2022,17,test,17,18
17035-2019,17035,2019,17,test,17,18
17035-2022,17035,2022,17,test,17,18
17039-2020,17039,2020,17,test,17,18
17039-2021,17039,2021,17,test,17,18
17039-2022,17039,2022,17,test,17,18
17041-2019,17041,2019,17,test,17,18
17041-2022,17041,2022,17,test,17,18
17045-2020,17045,2020,17,test,17,18
17045-2021,17045,2021,17,test,17,18
17045-2022,17045,2022,17,test,17,18
17047-2020,17047,2020,17,test,17,18
17047-2021,17047,2021,17,test,17,18
17047-2022,17047,2022,17,test,17,18
17049-2021,17049,2021,17,test,17,18
17049-2022,17049,2022,17,test,17,18
17051-2019,17051,2019,17,test,17,18
17051-2020,17051,2020,17,test,17,18
17051-2021,17051,2021,17,test,17,18
17053-2019,17053,2019,17,test,17,18
17053-2020,17053,2020,17,test,17,18
17053-2021,17053,2021,17,test,17,18
17053-2022,17053,2022,17,test,17,18
17055-2019,17055,2019,17,test,17,18
17055-2020,17055,2020,17,test,17,18
17055-2021,17055,2021,17,test,17,18
17055-2022,17055,2022,17,test,17,18
17057-2020,17057,2020,17,test,17,18
17057-2021,17057,2021,17,test,17,18
17057-2022,17057,2022,17,test,17,18
17059-2019,17059,2019,17,test,17,18
17059-2020,17059,2020,17,test,17,18
17059-2021,17059,2021,17,test,17,18
17059-2022,17059,2022,17,test,17,18
17061-2020,17061,2020,17,test,17,18
17061-2021,17061,2021,17,test,17,18
17061-2022,17061,2022,17,test,17,18
17063-2019,17063,2019,17,test,17,18
17063-2020,17063,2020,17,test,17,18
17063-2022,17063,2022,17,test,17,18
17065-2020,17065,2020,17,test,17,18
17065-2022,17065,2022,17,test,17,18
17067-2020,17067,2020,17,test,17,18
17067-2022,17067,2022,17,test,17,18
17071-2020,17071,2020,17,test,17,18
17071-2022,17071,2022,17,test,17,18
17073-2020,17073,2020,17,test,17,18
17073-2022,17073,2022,17,test,17,18
17075-2019,17075,2019,17,test,17,18
17075-2020,17075,2020,17,test,17,18
17075-2021,17075,2021,17,test,17,18
17075-2022,17075,2022,17,test,17,18
17077-2019,17077,2019,17,test,17,18
17077-2020,17077,2020,17,test,17,18
17077-2021,17077,2021,17,test,17,18
17077-2022,17077,2022,17,test,17,18
17079-2019,17079,2019,17,test,17,18
17079-2020,17079,2020,17,test,17,18
17079-2022,17079,2022,17,test,17,18
17081-2019,17081,2019,17,test,17,18
17081-2021,17081,2021,17,test,17,18
17081-2022,17081,2022,17,test,17,18
17083-2020,17083,2020,17,test,17,18
17083-2022,17083,2022,17,test,17,18
17085-2020,17085,2020,17,test,17,18
17085-2022,17085,2022,17,test,17,18
17087-2020,17087,2020,17,test,17,18
17089-2019,17089,2019,17,test,17,18
17089-2020,17089,2020,17,test,17,18
17089-2022,17089,2022,17,test,17,18
17091-2020,17091,2020,17,test,17,18
17091-2022,17091,2022,17,test,17,18
17093-2019,17093,2019,17,test,17,18
17093-2020,17093,2020,17,test,17,18
17093-2022,17093,2022,17,test,17,18
17095-2020,17095,2020,17,test,17,18
17095-2022,17095,2022,17,test,17,18
17097-2019,17097,2019,17,test,17,18
17097-2020,17097,2020,17,test,17,18
17101-2019,17101,2019,17,test,17,18
17101-2020,17101,2020,17,test,17,18
17101-2022,17101,2022,17,test,17,18
17103-2019,17103,2019,17,test,17,18
17103-2020,17103,2020,17,test,17,18
17103-2022,17103,2022,17,test,17,18
17105-2019,17105,2019,17,test,17,18
17105-2020,17105,2020,17,test,17,18
17105-2021,17105,2021,17,test,17,18
17105-2022,17105,2022,17,test,17,18
17107-2020,17107,2020,17,test,17,18
17107-2021,17107,2021,17,test,17,18
17107-2022,17107,2022,17,test,17,18
17115-2020,17115,2020,17,test,17,18
17115-2021,17115,2021,17,test,17,18
17115-2022,17115,2022,17,test,17,18
17117-2020,17117,2020,17,test,17,18
17117-2021,17117,2021,17,test,17,18
17117-2022,17117,2022,17,test,17,18
17119-2019,17119,2019,17,test,17,18
17119-2020,17119,2020,17,test,17,18
17119-2021,17119,2021,17,test,17,18
17119-2022,17119,2022,17,test,17,18
17121-2019,17121,2019,17,test,17,18
17121-2020,17121,2020,17,test,17,18
17121-2021,17121,2021,17,test,17,18
17121-2022,17121,2022,17,test,17,18
17123-2019,17123,2019,17,test,17,18
17123-2020,17123,2020,17,test,17,18
17123-2021,17123,2021,17,test,17,18
17123-2022,17123,2022,17,test,17,18
17125-2020,17125,2020,17,test,17,18
17125-2021,17125,2021,17,test,17,18
17125-2022,17125,2022,17,test,17,18
17127-2019,17127,2019,17,test,17,18
17127-2020,17127,2020,17,test,17,18
17129-2021,17129,2021,17,test,17,18
17131-2020,17131,2020,17,test,17,18
17131-2022,17131,2022,17,test,17,18
17133-2019,17133,2019,17,test,17,18
17133-2020,17133,2020,17,test,17,18
17133-2022,17133,2022,17,test,17,18
17135-2020,17135,2020,17,test,17,18
17135-2021,17135,2021,17,test,17,18
17135-2022,17135,2022,17,test,17,18
17137-2019,17137,2019,17,test,17,18
17137-2020,17137,2020,17,test,17,18
17137-2022,17137,2022,17,test,17,18
17139-2021,17139,2021,17,test,17,18
17139-2022,17139,2022,17,test,17,18
17141-2019,17141,2019,17,test,17,18
17141-2020,17141,2020,17,test,17,18
17141-2022,17141,2022,17,test,17,18
17143-2019,17143,2019,17,test,17,18
17143-2020,17143,2020,17,test,17,18
17143-2021,17143,2021,17,test,17,18
17143-2022,17143,2022,17,test,17,18
17145-2020,17145,2020,17,test,17,18
17145-2022,17145,2022,17,test,17,18
17147-2021,17147,2021,17,test,17,18
17147-2022,17147,2022,17,test,17,18
17149-2020,17149,2020,17,test,17,18
17151-2020,17151,2020,17,test,17,18
17153-2019,17153,2019,17,test,17,18
17153-2020,17153,2020,17,test,17,18
17153-2021,17153,2021,17,test,17,18
17155-2020,17155,2020,17,test,17,18
17155-2021,17155,2021,17,test,17,18
17155-2022,17155,2022,17,test,17,18
17157-2019,17157,2019,17,test,17,18
17157-2020,17157,2020,17,test,17,18
17157-2021,17157,2021,17,test,17,18
17157-2022,17157,2022,17,test,17,18
17159-2020,17159,2020,17,test,17,18
17161-2020,17161,2020,17,test,17,18
17161-2022,17161,2022,17,test,17,18
17165-2020,17165,2020,17,test,17,18
17165-2021,17165,2021,17,test,17,18
17165-2022,17165,2022,17,test,17,18
17167-2021,17167,2021,17,test,17,18
17169-2020,17169,2020,17,test,17,18
17169-2022,17169,2022,17,test,17,18
17171-2020,17171,2020,17,test,17,18
17171-2022,17171,2022,17,test,17,18
17173-2021,17173,2021,17,test,17,18
17173-2022,17173,2022,17,test,17,18
17175-2019,17175,2019,17,test,17,18
17175-2020,17175,2020,17,test,17,18
17175-2021,17175,2021,17,test,17,18
17175-2022,17175,2022,17,test,17,18
17177-2019,17177,2019,17,test,17,18
17177-2020,17177,2020,17,test,17,18
17177-2021,17177,2021,17,test,17,18
17177-2022,17177,2022,17,test,17,18
17179-2020,17179,2020,17,test,17,18
17179-2021,17179,2021,17,test,17,18
17179-2022,17179,2022,17,test,17,18
17181-2019,17181,2019,17,test,17,18
17181-2020,17181,2020,17,test,17,18
17181-2021,17181,2021,17,test,17,18
17183-2020,17183,2020,17,test,17,18
17183-2021,17183,2021,17,test,17,18
17183-2022,17183,2022,17,test,17,18
17185-2019,17185,2019,17,test,17,18
17185-2020,17185,2020,17,test,17,18
17185-2022,17185,2022,17,test,17,18
17187-2020,17187,2020,17,test,17,18
17187-2022,17187,2022,17,test,17,18
17189-2019,17189,2019,17,test,17,18
17189-2020,17189,2020,17,test,17,18
17189-2021,17189,2021,17,test,17,18
17189-2022,17189,2022,17,test,17,18
17191-2020,17191,2020,17,test,17,18
17191-2022,17191,2022,17,test,17,18
17193-2019,17193,2019,17,test,17,18
17193-2020,17193,2020,17,test,17,18
17193-2021,17193,2021,17,test,17,18
17193-2022,17193,2022,17,test,17,18
17195-2019,17195,2019,17,test,17,18
17195-2020,17195,2020,17,test,17,18
17195-2022,17195,2022,17,test,17,18
17197-2020,17197,2020,17,test,17,18
17197-2022,17197,2022,17,test,17,18
17199-2019,17199,2019,17,test,17,18
17199-2020,17199,2020,17,test,17,18
17199-2022,17199,2022,17,test,17,18
17201-2019,17201,2019,17,test,17,18
17201-2020,17201,2020,17,test,17,18
17201-2021,17201,2021,17,test,17,18
17201-2022,17201,2022,17,test,17,18
17203-2019,17203,2019,17,test,17,18
17203-2020,17203,2020,17,test,17,18
17203-2021,17203,2021,17,test,17,18
17203-2022,17203,2022,17,test,17,18
18001-2019,18001,2019,17,val,17,18
18001-2020,18001,2020,17,val,17,18
18001-2022,18001,2022,17,val,17,18
18003-2019,18003,2019,17,val,17,18
18003-2020,18003,2020,17,val,17,18
18003-2022,18003,2022,17,val,17,18
18005-2022,18005,2022,17,val,17,18
18007-2019,18007,2019,17,val,17,18
18007-2020,18007,2020,17,val,17,18
18007-2021,18007,2021,17,val,17,18
18007-2022,18007,2022,17,val,17,18
18009-2022,18009,2022,17,val,17,18
18011-2019,18011,2019,17,val,17,18
18011-2020,18011,2020,17,val,17,18
18011-2021,18011,2021,17,val,17,18
18011-2022,18011,2022,17,val,17,18
18015-2019,18015,2019,17,val,17,18
18015-2020,18015,2020,17,val,17,18
18015-2022,18015,2022,17,val,17,18
18017-2020,18017,2020,17,val,17,18
18017-2022,18017,2022,17,val,17,18
18019-2020,18019,2020,17,val,17,18
18021-2020,18021,2020,17,val,17,18
18021-2021,18021,2021,17,val,17,18
18021-2022,18021,2022,17,val,17,18
18023-2020,18023,2020,17,val,17,18
18023-2021,18023,2021,17,val,17,18
18023-2022,18023,2022,17,val,17,18
18027-2019,18027,2019,17,val,17,18
18027-2020,18027,2020,17,val,17,18
18027-2021,18027,2021,17,val,17,18
18027-2022,18027,2022,17,val,17,18
18029-2019,18029,2019,17,val,17,18
18029-2020,18029,2020,17,val,17,18
18029-2022,18029,2022,17,val,17,18
18031-2019,18031,2019,17,val,17,18
18031-2020,18031,2020,17,val,17,18
18031-2022,18031,2022,17,val,17,18
18035-2022,18035,2022,17,val,17,18
18037-2022,18037,2022,17,val,17,18
18039-2019,18039,2019,17,val,17,18
18039-2020,18039,2020,17,val,17,18
18039-2021,18039,2021,17,val,17,18
18039-2022,18039,2022,17,val,17,18
18041-2019,18041,2019,17,val,17,18
18041-2020,18041,2020,17,val,17,18
18041-2021,18041,2021,17,val,17,18
18041-2022,18041,2022,17,val,17,18
18045-2020,18045,2020,17,val,17,18
18045-2022,18045,2022,17,val,17,18
18047-2019,18047,2019,17,val,17,18
18047-2020,18047,2020,17,val,17,18
18047-2022,18047,2022,17,val,17,18
18049-2019,18049,2019,17,val,17,18
18049-2020,18049,2020,17,val,17,18
18049-2021,18049,2021,17,val,17,18
18051-2019,18051,2019,17,val,17,18
18051-2020,18051,2020,17,val,17,18
18051-2022,18051,2022,17,val,17,18
18053-2020,18053,2020,17,val,17,18
18053-2022,18053,2022,17,val,17,18
18055-2019,18055,2019,17,val,17,18
18055-2020,18055,2020,17,val,17,18
18055-2021,18055,2021,17,val,17,18
18057-2022,18057,2022,17,val,17,18
18059-2020,18059,2020,17,val,17,18
18059-2022,18059,2022,17,val,17,18
18063-2019,18063,2019,17,val,17,18
18063-2020,18063,2020,17,val,17,18
18063-2021,18063,2021,17,val,17,18
18063-2022,18063,2022,17,val,17,18
18065-2022,18065,2022,17,val,17,18
18067-2020,18067,2020,17,val,17,18
18067-2022,18067,2022,17,val,17,18
18069-2022,18069,2022,17,val,17,18
18071-2022,18071,2022,17,val,17,18
18073-2020,18073,2020,17,val,17,18
18073-2022,18073,2022,17,val,17,18
18075-2019,18075,2019,17,val,17,18
18075-2020,18075,2020,17,val,17,18
18075-2022,18075,2022,17,val,17,18
18077-2019,18077,2019,17,val,17,18
18077-2020,18077,2020,17,val,17,18
18077-2022,18077,2022,17,val,17,18
18079-2022,18079,2022,17,val,17,18
18081-2022,18081,2022,17,val,17,18
18083-2020,18083,2020,17,val,17,18
18083-2022,18083,2022,17,val,17,18
18085-2022,18085,2022,17,val,17,18
18089-2020,18089,2020,17,val,17,18
18089-2022,18089,2022,17,val,17,18
18093-2022,18093,2022,17,val,17,18
18095-2022,18095,2022,17,val,17,18
18097-2020,18097,2020,17,val,17,18
18099-2019,18099,2019,17,val,17,18
18099-2020,18099,2020,17,val,17,18
18099-2021,18099,2021,17,val,17,18
18099-2022,18099,2022,17,val,17,18
18101-2022,18101,2022,17,val,17,18
18103-2020,18103,2020,17,val,17,18
18103-2022,18103,2022,17,val,17,18
18105-2022,18105,2022,17,val,17,18
18107-2019,18107,2019,17,val,17,18
18107-2020,18107,2020,17,val,17,18
18107-2021,18107,2021,17,val,17,18
18109-2022,18109,2022,17,val,17,18
18111-2019,18111,2019,17,val,17,18
18111-2020,18111,2020,17,val,17,18
18111-2021,18111,2021,17,val,17,18
18111-2022,18111,2022,17,val,17,18
18113-2020,18113,2020,17,val,17,18
18113-2022,18113,2022,17,val,17,18
18115-2019,18115,2019,17,val,17,18
18115-2020,18115,2020,17,val,17,18
18119-2020,18119,2020,17,val,17,18
18119-2021,18119,2021,17,val,17,18
18119-2022,18119,2022,17,val,17,18
18121-2019,18121,2019,17,val,17,18
18121-2020,18121,2020,17,val,17,18
18121-2022,18121,2022,17,val,17,18
18123-2022,18123,2022,17,val,17,18
18125-2020,18125,2020,17,val,17,18
18125-2022,18125,2022,17,val,17,18
18127-2019,18127,2019,17,val,17,18
18127-2020,18127,2020,17,val,17,18
18127-2021,18127,2021,17,val,17,18
18127-2022,18127,2022,17,val,17,18
18129-2019,18129,2019,17,val,17,18
18129-2020,18129,2020,17,val,17,18
18129-2021,18129,2021,17,val,17,18
18129-2022,18129,2022,17,val,17,18
18131-2019,18131,2019,17,val,17,18
18131-2020,18131,2020,17,val,17,18
18131-2022,18131,2022,17,val,17,18
18133-2019,18133,2019,17,val,17,18
18133-2020,18133,2020,17,val,17,18
18133-2021,18133,2021,17,val,17,18
18133-2022,18133,2022,17,val,17,18
18135-2019,18135,2019,17,val,17,18
18135-2020,18135,2020,17,val,17,18
18135-2022,18135,2022,17,val,17,18
18137-2020,18137,2020,17,val,17,18
18137-2022,18137,2022,17,val,17,18
18139-2022,18139,2022,17,val,17,18
18141-2019,18141,2019,17,val,17,18
18141-2020,18141,2020,17,val,17,18
18141-2021,18141,2021,17,val,17,18
18141-2022,18141,2022,17,val,17,18
18143-2022,18143,2022,17,val,17,18
18145-2020,18145,2020,17,val,17,18
18145-2022,18145,2022,17,val,17,18
18147-2020,18147,2020,17,val,17,18
18149-2019,18149,2019,17,val,17,18
18149-2020,18149,2020,17,val,17,18
18149-2022,18149,2022,17,val,17,18
18151-2020,18151,2020,17,val,17,18
18151-2022,18151,2022,17,val,17,18
18153-2019,18153,2019,17,val,17,18
18153-2020,18153,2020,17,val,17,18
18153-2022,18153,2022,17,val,17,18
18155-2019,18155,2019,17,val,17,18
18155-2020,18155,2020,17,val,17,18
18157-2019,18157,2019,17,val,17,18
18157-2020,18157,2020,17,val,17,18
18157-2021,18157,2021,17,val,17,18
18157-2022,18157,2022,17,val,17,18
18159-2022,18159,2022,17,val,17,18
18161-2019,18161,2019,17,val,17,18
18161-2020,18161,2020,17,val,17,18
18161-2021,18161,2021,17,val,17,18
18161-2022,18161,2022,17,val,17,18
18163-2019,18163,2019,17,val,17,18
18163-2020,18163,2020,17,val,17,18
18163-2021,18163,2021,17,val,17,18
18163-2022,18163,2022,17,val,17,18
18165-2019,18165,2019,17,val,17,18
18165-2020,18165,2020,17,val,17,18
18165-2021,18165,2021,17,val,17,18
18165-2022,18165,2022,17,val,17,18
18167-2019,18167,2019,17,val,17,18
18167-2020,18167,2020,17,val,17,18
18167-2022,18167,2022,17,val,17,18
18169-2022,18169,2022,17,val,17,18
18171-2019,18171,2019,17,val,17,18
18171-2020,18171,2020,17,val,17,18
18171-2021,18171,2021,17,val,17,18
18173-2019,18173,2019,17,val,17,18
18173-2020,18173,2020,17,val,17,18
18173-2022,18173,2022,17,val,17,18
18177-2019,18177,2019,17,val,17,18
18177-2020,18177,2020,17,val,17,18
18177-2021,18177,2021,17,val,17,18
18177-2022,18177,2022,17,val,17,18
18179-2022,18179,2022,17,val,17,18
18181-2019,18181,2019,17,val,17,18
18181-2020,18181,2020,17,val,17,18
18181-2022,18181,2022,17,val,17,18
18183-2022,18183,2022,17,val,17,18
19001-2019,19001,2019,17,train,17,18
19001-2020,19001,2020,17,train,17,18
19001-2022,19001,2022,17,train,17,18
19003-2020,19003,2020,17,train,17,18
19005-2019,19005,2019,17,train,17,18
19005-2020,19005,2020,17,train,17,18
19005-2021,19005,2021,17,train,17,18
19005-2022,19005,2022,17,train,17,18
19007-2020,19007,2020,17,train,17,18
19007-2021,19007,2021,17,train,17,18
19007-2022,19007,2022,17,train,17,18
19009-2019,19009,2019,17,train,17,18
19009-2020,19009,2020,17,train,17,18
19009-2021,19009,2021,17,train,17,18
19009-2022,19009,2022,17,train,17,18
19011-2019,19011,2019,17,train,17,18
19011-2020,19011,2020,17,train,17,18
19011-2021,19011,2021,17,train,17,18
19011-2022,19011,2022,17,train,17,18
19013-2020,19013,2020,17,train,17,18
19013-2022,19013,2022,17,train,17,18
19015-2019,19015,2019,17,train,17,18
19015-2020,19015,2020,17,train,17,18
19015-2021,19015,2021,17,train,17,18
19015-2022,19015,2022,17,train,17,18
19017-2022,19017,2022,17,train,17,18
19019-2019,19019,2019,17,train,17,18
19019-2020,19019,2020,17,train,17,18
19019-2021,19019,2021,17,train,17,18
19019-2022,19019,2022,17,train,17,18
19021-2019,19021,2019,17,train,17,18
19021-2020,19021,2020,17,train,17,18
19021-2022,19021,2022,17,train,17,18
19023-2021,19023,2021,17,train,17,18
19023-2022,19023,2022,17,train,17,18
19025-2019,19025,2019,17,train,17,18
19025-2020,19025,2020,17,train,17,18
19025-2021,19025,2021,17,train,17,18
19025-2022,19025,2022,17,train,17,18
19027-2020,19027,2020,17,train,17,18
19027-2022,19027,2022,17,train,17,18
19029-2019,19029,2019,17,train,17,18
19029-2020,19029,2020,17,train,17,18
19029-2021,19029,2021,17,train,17,18
19029-2022,19029,2022,17,train,17,18
19031-2020,19031,2020,17,train,17,18
19031-2022,19031,2022,17,train,17,18
19033-2019,19033,2019,17,train,17,18
19033-2020,19033,2020,17,train,17,18
19033-2021,19033,2021,17,train,17,18
19033-2022,19033,2022,17,train,17,18
19035-2019,19035,2019,17,train,17,18
19035-2020,19035,2020,17,train,17,18
19035-2022,19035,2022,17,train,17,18
19037-2022,19037,2022,17,train,17,18
19039-2020,19039,2020,17,train,17,18
19041-2019,19041,2019,17,train,17,18
19041-2020,19041,2020,17,train,17,18
19041-2022,19041,2022,17,train,17,18
19043-2020,19043,2020,17,train,17,18
19043-2021,19043,2021,17,train,17,18
19043-2022,19043,2022,17,train,17,18
19045-2020,19045,2020,17,train,17,18
19045-2022,19045,2022,17,train,17,18
19047-2019,19047,2019,17,train,17,18
19047-2020,19047,2020,17,train,17,18
19047-2022,19047,2022,17,train,17,18
19049-2019,19049,2019,17,train,17,18
19049-2020,19049,2020,17,train,17,18
19049-2021,19049,2021,17,train,17,18
19049-2022,19049,2022,17,train,17,18
19051-2019,19051,2019,17,train,17,18
19051-2020,19051,2020,17,train,17,18
19051-2021,19051,2021,17,train,17,18
19051-2022,19051,2022,17,train,17,18
19053-2020,19053,2020,17,train,17,18
19053-2022,19053,2022,17,train,17,18
19055-2020,19055,2020,17,train,17,18
19055-2021,19055,2021,17,train,17,18
19055-2022,19055,2022,17,train,17,18
19057-2019,19057,2019,17,train,17,18
19057-2020,19057,2020,17,train,17,18
19057-2022,19057,2022,17,train,17,18
19059-2019,19059,2019,17,train,17,18
19059-2020,19059,2020,17,train,17,18
19059-2021,19059,2021,17,train,17,18
19059-2022,19059,2022,17,train,17,18
19061-2020,19061,2020,17,train,17,18
19061-2021,19061,2021,17,train,17,18
19061-2022,19061,2022,17,train,17,18
19063-2022,19063,2022,17,train,17,18
19065-2020,19065,2020,17,train,17,18
19065-2021,19065,2021,17,train,17,18
19065-2022,19065,2022,17,train,17,18
19067-2019,19067,2019,17,train,17,18
19067-2020,19067,2020,17,train,17,18
19067-2021,19067,2021,17,train,17,18
19067-2022,19067,2022,17,train,17,18
19069-2019,19069,2019,17,train,17,18
19069-2020,19069,2020,17,train,17,18
19069-2021,19069,2021,17,train,17,18
19069-2022,19069,2022,17,train,17,18
19071-2020,19071,2020,17,train,17,18
19071-2022,19071,2022,17,train,17,18
19073-2019,19073,2019,17,train,17,18
19073-2020,19073,2020,17,train,17,18
19073-2021,19073,2021,17,train,17,18
19073-2022,19073,2022,17,train,17,18
19075-2020,19075,2020,17,train,17,18
19075-2021,19075,2021,17,train,17,18
19075-2022,19075,2022,17,train,17,18
19077-2019,19077,2019,17,train,17,18
19077-2020,19077,2020,17,train,17,18
19077-2021,19077,2021,17,train,17,18
19077-2022,19077,2022,17,train,17,18
19079-2019,19079,2019,17,train,17,18
19079-2020,19079,2020,17,train,17,18
19079-2022,19079,2022,17,train,17,18
19081-2019,19081,2019,17,train,17,18
19081-2020,19081,2020,17,train,17,18
19081-2021,19081,2021,17,train,17,18
19081-2022,19081,2022,17,train,17,18
19083-2019,19083,2019,17,train,17,18
19083-2020,19083,2020,17,train,17,18
19083-2021,19083,2021,17,train,17,18
19083-2022,19083,2022,17,train,17,18
19085-2020,19085,2020,17,train,17,18
19085-2022,19085,2022,17,train,17,18
19087-2019,19087,2019,17,train,17,18
19087-2020,19087,2020,17,train,17,18
19087-2021,19087,2021,17,train,17,18
19087-2022,19087,2022,17,train,17,18
19089-2020,19089,2020,17,train,17,18
19089-2022,19089,2022,17,train,17,18
19091-2019,19091,2019,17,train,17,18
19091-2020,19091,2020,17,train,17,18
19091-2021,19091,2021,17,train,17,18
19091-2022,19091,2022,17,train,17,18
19093-2020,19093,2020,17,train,17,18
19093-2021,19093,2021,17,train,17,18
19093-2022,19093,2022,17,train,17,18
19095-2019,19095,2019,17,train,17,18
19095-2020,19095,2020,17,train,17,18
19095-2022,19095,2022,17,train,17,18
19097-2020,19097,2020,17,train,17,18
19097-2021,19097,2021,17,train,17,18
19097-2022,19097,2022,17,train,17,18
19099-2021,19099,2021,17,train,17,18
19099-2022,19099,2022,17,train,17,18
19101-2019,19101,2019,17,train,17,18
19101-2020,19101,2020,17,train,17,18
19101-2021,19101,2021,17,train,17,18
19101-2022,19101,2022,17,train,17,18
19103-2019,19103,2019,17,train,17,18
19103-2020,19103,2020,17,train,17,18
19103-2022,19103,2022,17,train,17,18
19105-2020,19105,2020,17,train,17,18
19105-2022,19105,2022,17,train,17,18
19107-2019,19107,2019,17,train,17,18
19107-2020,19107,2020,17,train,17,18
19107-2021,19107,2021,17,train,17,18
19107-2022,19107,2022,17,train,17,18
19109-2019,19109,2019,17,train,17,18
19109-2020,19109,2020,17,train,17,18
19109-2021,19109,2021,17,train,17,18
19109-2022,19109,2022,17,train,17,18
19111-2019,19111,2019,17,train,17,18
19111-2020,19111,2020,17,train,17,18
19111-2021,19111,2021,17,train,17,18
19111-2022,19111,2022,17,train,17,18
19113-2019,19113,2019,17,train,17,18
19113-2020,19113,2020,17,train,17,18
19113-2022,19113,2022,17,train,17,18
19115-2019,19115,2019,17,train,17,18
19115-2020,19115,2020,17,train,17,18
19115-2022,19115,2022,17,train,17,18
19117-2021,19117,2021,17,train,17,18
19117-2022,19117,2022,17,train,17,18
19119-2019,19119,2019,17,train,17,18
19119-2020,19119,2020,17,train,17,18
19119-2021,19119,2021,17,train,17,18
19119-2022,19119,2022,17,train,17,18
19121-2019,19121,2019,17,train,17,18
19121-2020,19121,2020,17,train,17,18
19121-2021,19121,2021,17,train,17,18
19121-2022,19121,2022,17,train,17,18
19123-2021,19123,2021,17,train,17,18
19123-2022,19123,2022,17,train,17,18
19125-2021,19125,2021,17,train,17,18
19125-2022,19125,2022,17,train,17,18
19127-2021,19127,2021,17,train,17,18
19127-2022,19127,2022,17,train,17,18
19129-2020,19129,2020,17,train,17,18
19129-2022,19129,2022,17,train,17,18
19131-2019,19131,2019,17,train,17,18
19131-2020,19131,2020,17,train,17,18
19131-2021,19131,2021,17,train,17,18
19131-2022,19131,2022,17,train,17,18
19133-2019,19133,2019,17,train,17,18
19133-2022,19133,2022,17,train,17,18
19135-2021,19135,2021,17,train,17,18
19135-2022,19135,2022,17,train,17,18
19137-2020,19137,2020,17,train,17,18
19137-2022,19137,2022,17,train,17,18
19139-2020,19139,2020,17,train,17,18
19139-2022,19139,2022,17,train,17,18
19143-2019,19143,2019,17,train,17,18
19143-2020,19143,2020,17,train,17,18
19143-2021,19143,2021,17,train,17,18
19143-2022,19143,2022,17,train,17,18
19145-2019,19145,2019,17,train,17,18
19145-2020,19145,2020,17,train,17,18
19145-2021,19145,2021,17,train,17,18
19145-2022,19145,2022,17,train,17,18
19147-2019,19147,2019,17,train,17,18
19147-2022,19147,2022,17,train,17,18
19149-2019,19149,2019,17,train,17,18
19149-2021,19149,2021,17,train,17,18
19149-2022,19149,2022,17,train,17,18
19151-2022,19151,2022,17,train,17,18
19153-2019,19153,2019,17,train,17,18
19153-2020,19153,2020,17,train,17,18
19153-2021,19153,2021,17,train,17,18
19153-2022,19153,2022,17,train,17,18
19155-2020,19155,2020,17,train,17,18
19155-2022,19155,2022,17,train,17,18
19157-2021,19157,2021,17,train,17,18
19157-2022,19157,2022,17,train,17,18
19159-2020,19159,2020,17,train,17,18
19159-2021,19159,2021,17,train,17,18
19159-2022,19159,2022,17,train,17,18
19161-2019,19161,2019,17,train,17,18
19161-2020,19161,2020,17,train,17,18
19161-2022,19161,2022,17,train,17,18
19163-2020,19163,2020,17,train,17,18
19163-2022,19163,2022,17,train,17,18
19165-2019,19165,2019,17,train,17,18
19165-2020,19165,2020,17,train,17,18
19165-2022,19165,2022,17,train,17,18
19167-2019,19167,2019,17,train,17,18
19167-2020,19167,2020,17,train,17,18
19167-2021,19167,2021,17,train,17,18
19167-2022,19167,2022,17,train,17,18
19169-2019,19169,2019,17,train,17,18
19169-2020,19169,2020,17,train,17,18
19169-2021,19169,2021,17,train,17,18
19169-2022,19169,2022,17,train,17,18
19171-2022,19171,2022,17,train,17,18
19173-2020,19173,2020,17,train,17,18
19173-2021,19173,2021,17,train,17,18
19173-2022,19173,2022,17,train,17,18
19175-2020,19175,2020,17,train,17,18
19175-2021,19175,2021,17,train,17,18
19175-2022,19175,2022,17,train,17,18
19177-2019,19177,2019,17,train,17,18
19177-2020,19177,2020,17,train,17,18
19177-2021,19177,2021,17,train,17,18
19177-2022,19177,2022,17,train,17,18
19179-2019,19179,2019,17,train,17,18
19179-2020,19179,2020,17,train,17,18
19179-2021,19179,2021,17,train,17,18
19179-2022,19179,2022,17,train,17,18
19181-2020,19181,2020,17,train,17,18
19181-2022,19181,2022,17,train,17,18
19183-2019,19183,2019,17,train,17,18
19183-2020,19183,2020,17,train,17,18
19183-2022,19183,2022,17,train,17,18
19185-2021,19185,2021,17,train,17,18
19187-2019,19187,2019,17,train,17,18
19187-2020,19187,2020,17,train,17,18
19187-2021,19187,2021,17,train,17,18
19187-2022,19187,2022,17,train,17,18
19189-2019,19189,2019,17,train,17,18
19189-2020,19189,2020,17,train,17,18
19189-2021,19189,2021,17,train,17,18
19189-2022,19189,2022,17,train,17,18
19191-2019,19191,2019,17,train,17,18
19191-2020,19191,2020,17,train,17,18
19191-2021,19191,2021,17,train,17,18
19191-2022,19191,2022,17,train,17,18
19193-2019,19193,2019,17,train,17,18
19193-2020,19193,2020,17,train,17,18
19193-2021,19193,2021,17,train,17,18
19193-2022,19193,2022,17,train,17,18
19195-2019,19195,2019,17,train,17,18
19195-2020,19195,2020,17,train,17,18
19195-2021,19195,2021,17,train,17,18
19195-2022,19195,2022,17,train,17,18
19197-2019,19197,2019,17,train,17,18
19197-2020,19197,2020,17,train,17,18
19197-2021,19197,2021,17,train,17,18
19197-2022,19197,2022,17,train,17,18
20001-2020,20001,2020,17,train,17,18
20001-2021,20001,2021,17,train,17,18
20003-2019,20003,2019,17,train,17,18
20003-2020,20003,2020,17,train,17,18
20003-2021,20003,2021,17,train,17,18
20005-2020,20005,2020,17,train,17,18
20005-2021,20005,2021,17,train,17,18
20005-2022,20005,2022,17,train,17,18
20009-2020,20009,2020,17,train,17,18
20011-2020,20011,2020,17,train,17,18
20011-2021,20011,2021,17,train,17,18
20013-2019,20013,2019,17,train,17,18
20013-2020,20013,2020,17,train,17,18
20013-2022,20013,2022,17,train,17,18
20015-2020,20015,2020,17,train,17,18
20015-2021,20015,2021,17,train,17,18
20017-2020,20017,2020,17,train,17,18
20017-2021,20017,2021,17,train,17,18
20021-2019,20021,2019,17,train,17,18
20023-2020,20023,2020,17,train,17,18
20023-2021,20023,2021,17,train,17,18
20027-2019,20027,2019,17,train,17,18
20027-2020,20027,2020,17,train,17,18
20027-2022,20027,2022,17,train,17,18
20029-2020,20029,2020,17,train,17,18
20029-2021,20029,2021,17,train,17,18
20029-2022,20029,2022,17,train,17,18
20031-2019,20031,2019,17,train,17,18
20031-2020,20031,2020,17,train,17,18
20035-2019,20035,2019,17,train,17,18
20035-2020,20035,2020,17,train,17,18
20035-2021,20035,2021,17,train,17,18
20037-2020,20037,2020,17,train,17,18
20037-2021,20037,2021,17,train,17,18
20039-2020,20039,2020,17,train,17,18
20041-2020,20041,2020,17,train,17,18
20041-2021,20041,2021,17,train,17,18
20043-2020,20043,2020,17,train,17,18
20043-2021,20043,2021,17,train,17,18
20043-2022,20043,2022,17,train,17,18
20045-2019,20045,2019,17,train,17,18
20045-2020,20045,2020,17,train,17,18
20045-2021,20045,2021,17,train,17,18
20047-2019,20047,2019,17,train,17,18
20047-2020,20047,2020,17,train,17,18
20049-2019,20049,2019,17,train,17,18
20053-2019,20053,2019,17,train,17,18
20053-2020,20053,2020,17,train,17,18
20053-2021,20053,2021,17,train,17,18
20055-2019,20055,2019,17,train,17,18
20055-2020,20055,2020,17,train,17,18
20057-2019,20057,2019,17,train,17,18
20057-2020,20057,2020,17,train,17,18
20057-2021,20057,2021,17,train,17,18
20059-2019,20059,2019,17,train,17,18
20059-2020,20059,2020,17,train,17,18
20061-2020,20061,2020,17,train,17,18
20063-2020,20063,2020,17,train,17,18
20063-2021,20063,2021,17,train,17,18
20065-2020,20065,2020,17,train,17,18
20065-2021,20065,2021,17,train,17,18
20067-2019,20067,2019,17,train,17,18
20067-2020,20067,2020,17,train,17,18
20067-2021,20067,2021,17,train,17,18
20069-2020,20069,2020,17,train,17,18
20069-2021,20069,2021,17,train,17,18
20071-2019,20071,2019,17,train,17,18
20071-2020,20071,2020,17,train,17,18
20071-2021,20071,2021,17,train,17,18
20075-2019,20075,2019,17,train,17,18
20079-2019,20079,2019,17,train,17,18
20079-2020,20079,2020,17,train,17,18
20079-2021,20079,2021,17,train,17,18
20081-2019,20081,2019,17,train,17,18
20081-2020,20081,2020,17,train,17,18
20081-2021,20081,2021,17,train,17,18
20083-2020,20083,2020,17,train,17,18
20085-2019,20085,2019,17,train,17,18
20085-2020,20085,2020,17,train,17,18
20087-2019,20087,2019,17,train,17,18
20087-2020,20087,2020,17,train,17,18
20087-2021,20087,2021,17,train,17,18
20089-2020,20089,2020,17,train,17,18
20095-2019,20095,2019,17,train,17,18
20095-2020,20095,2020,17,train,17,18
20095-2021,20095,2021,17,train,17,18
20097-2020,20097,2020,17,train,17,18
20099-2020,20099,2020,17,train,17,18
20099-2021,20099,2021,17,train,17,18
20101-2020,20101,2020,17,train,17,18
20101-2021,20101,2021,17,train,17,18
20103-2019,20103,2019,17,train,17,18
20103-2020,20103,2020,17,train,17,18
20103-2021,20103,2021,17,train,17,18
20105-2019,20105,2019,17,train,17,18
20107-2020,20107,2020,17,train,17,18
20109-2020,20109,2020,17,train,17,18
20109-2021,20109,2021,17,train,17,18
20111-2019,20111,2019,17,train,17,18
20115-2019,20115,2019,17,train,17,18
20115-2020,20115,2020,17,train,17,18
20115-2021,20115,2021,17,train,17,18
20117-2019,20117,2019,17,train,17,18
20117-2022,20117,2022,17,train,17,18
20119-2020,20119,2020,17,train,17,18
20119-2021,20119,2021,17,train,17,18
20121-2019,20121,2019,17,train,17,18
20121-2020,20121,2020,17,train,17,18
20123-2019,20123,2019,17,train,17,18
20123-2020,20123,2020,17,train,17,18
20123-2021,20123,2021,17,train,17,18
20125-2019,20125,2019,17,train,17,18
20125-2020,20125,2020,17,train,17,18
20127-2019,20127,2019,17,train,17,18
20127-2020,20127,2020,17,train,17,18
20127-2021,20127,2021,17,train,17,18
20129-2019,20129,2019,17,train,17,18
20129-2020,20129,2020,17,train,17,18
20129-2021,20129,2021,17,train,17,18
20131-2020,20131,2020,17,train,17,18
20133-2019,20133,2019,17,train,17,18
20133-2020,20133,2020,17,train,17,18
20133-2021,20133,2021,17,train,17,18
20135-2019,20135,2019,17,train,17,18
20135-2020,20135,2020,17,train,17,18
20135-2021,20135,2021,17,train,17,18
20137-2020,20137,2020,17,train,17,18
20137-2021,20137,2021,17,train,17,18
20137-2022,20137,2022,17,train,17,18
20139-2019,20139,2019,17,train,17,18
20139-2020,20139,2020,17,train,17,18
20141-2020,20141,2020,17,train,17,18
20143-2020,20143,2020,17,train,17,18
20145-2020,20145,2020,17,train,17,18
20147-2020,20147,2020,17,train,17,18
20147-2021,20147,2021,17,train,17,18
20147-2022,20147,2022,17,train,17,18
20149-2019,20149,2019,17,train,17,18
20151-2020,20151,2020,17,train,17,18
20153-2019,20153,2019,17,train,17,18
20153-2020,20153,2020,17,train,17,18
20153-2021,20153,2021,17,train,17,18
20155-2019,20155,2019,17,train,17,18
20155-2020,20155,2020,17,train,17,18
20155-2021,20155,2021,17,train,17,18
20157-2020,20157,2020,17,train,17,18
20157-2021,20157,2021,17,train,17,18
20157-2022,20157,2022,17,train,17,18
20159-2020,20159,2020,17,train,17,18
20161-2019,20161,2019,17,train,17,18
20161-2020,20161,2020,17,train,17,18
20161-2022,20161,2022,17,train,17,18
20163-2019,20163,2019,17,train,17,18
20163-2020,20163,2020,17,train,17,18
20169-2020,20169,2020,17,train,17,18
20169-2021,20169,2021,17,train,17,18
20171-2019,20171,2019,17,train,17,18
20171-2020,20171,2020,17,train,17,18
20173-2019,20173,2019,17,train,17,18
20173-2020,20173,2020,17,train,17,18
20175-2020,20175,2020,17,train,17,18
20175-2021,20175,2021,17,train,17,18
20177-2019,20177,2019,17,train,17,18
20177-2020,20177,2020,17,train,17,18
20177-2021,20177,2021,17,train,17,18
20179-2021,20179,2021,17,train,17,18
20181-2019,20181,2019,17,train,17,18
20181-2020,20181,2020,17,train,17,18
20181-2021,20181,2021,17,train,17,18
20183-2020,20183,2020,17,train,17,18
20183-2021,20183,2021,17,train,17,18
20183-2022,20183,2022,17,train,17,18
20185-2020,20185,2020,17,train,17,18
20187-2019,20187,2019,17,train,17,18
20187-2020,20187,2020,17,train,17,18
20189-2020,20189,2020,17,train,17,18
20189-2021,20189,2021,17,train,17,18
20191-2019,20191,2019,17,train,17,18
20191-2020,20191,2020,17,train,17,18
20191-2021,20191,2021,17,train,17,18
20193-2020,20193,2020,17,train,17,18
20195-2020,20195,2020,17,train,17,18
20195-2021,20195,2021,17,train,17,18
20197-2019,20197,2019,17,train,17,18
20201-2020,20201,2020,17,train,17,18
20201-2022,20201,2022,17,train,17,18
20203-2019,20203,2019,17,train,17,18
20203-2020,20203,2020,17,train,17,18
20203-2021,20203,2021,17,train,17,18
20205-2019,20205,2019,17,train,17,18
20205-2020,20205,2020,17,train,17,18
20207-2020,20207,2020,17,train,17,18
21001-2019,21001,2019,17,train,17,18
21001-2020,21001,2020,17,train,17,18
21007-2020,21007,2020,17,train,17,18
21007-2021,21007,2021,17,train,17,18
21009-2020,21009,2020,17,train,17,18
21031-2020,21031,2020,17,train,17,18
21033-2019,21033,2019,17,train,17,18
21033-2020,21033,2020,17,train,17,18
21033-2021,21033,2021,17,train,17,18
21035-2020,21035,2020,17,train,17,18
21035-2021,21035,2021,17,train,17,18
21039-2020,21039,2020,17,train,17,18
21039-2021,21039,2021,17,train,17,18
21047-2019,21047,2019,17,train,17,18
21047-2020,21047,2020,17,train,17,18
21047-2021,21047,2021,17,train,17,18
21055-2020,21055,2020,17,train,17,18
21055-2021,21055,2021,17,train,17,18
21059-2020,21059,2020,17,train,17,18
21059-2022,21059,2022,17,train,17,18
21075-2019,21075,2019,17,train,17,18
21075-2020,21075,2020,17,train,17,18
21075-2021,21075,2021,17,train,17,18
21083-2020,21083,2020,17,train,17,18
21091-2020,21091,2020,17,train,17,18
21093-2019,21093,2019,17,train,17,18
21093-2020,21093,2020,17,train,17,18
21099-2020,21099,2020,17,train,17,18
21101-2019,21101,2019,17,train,17,18
21101-2020,21101,2020,17,train,17,18
21101-2022,21101,2022,17,train,17,18
21103-2020,21103,2020,17,train,17,18
21105-2019,21105,2019,17,train,17,18
21105-2020,21105,2020,17,train,17,18
21105-2021,21105,2021,17,train,17,18
21107-2020,21107,2020,17,train,17,18
21123-2020,21123,2020,17,train,17,18
21139-2019,21139,2019,17,train,17,18
21139-2020,21139,2020,17,train,17,18
21139-2021,21139,2021,17,train,17,18
21141-2020,21141,2020,17,train,17,18
21143-2019,21143,2019,17,train,17,18
21157-2019,21157,2019,17,train,17,18
21157-2020,21157,2020,17,train,17,18
21157-2021,21157,2021,17,train,17,18
21167-2021,21167,2021,17,train,17,18
21169-2020,21169,2020,17,train,17,18
21177-2020,21177,2020,17,train,17,18
21183-2020,21183,2020,17,train,17,18
21211-2020,21211,2020,17,train,17,18
21213-2020,21213,2020,17,train,17,18
21215-2020,21215,2020,17,train,17,18
21219-2020,21219,2020,17,train,17,18
21221-2019,21221,2019,17,train,17,18
21221-2020,21221,2020,17,train,17,18
21221-2021,21221,2021,17,train,17,18
21223-2020,21223,2020,17,train,17,18
21225-2019,21225,2019,17,train,17,18
21225-2020,21225,2020,17,train,17,18
21225-2021,21225,2021,17,train,17,18
21225-2022,21225,2022,17,train,17,18
21227-2020,21227,2020,17,train,17,18
21229-2020,21229,2020,17,train,17,18
21233-2019,21233,2019,17,train,17,18
21233-2020,21233,2020,17,train,17,18
21233-2021,21233,2021,17,train,17,18
26005-2019,26005,2019,17,train,17,18
26005-2020,26005,2020,17,train,17,18
26007-2019,26007,2019,17,train,17,18
26007-2021,26007,2021,17,train,17,18
26011-2019,26011,2019,17,train,17,18
26011-2020,26011,2020,17,train,17,18
26015-2020,26015,2020,17,train,17,18
26021-2020,26021,2020,17,train,17,18
26021-2022,26021,2022,17,train,17,18
26023-2020,26023,2020,17,train,17,18
26023-2022,26023,2022,17,train,17,18
26025-2020,26025,2020,17,train,17,18
26027-2019,26027,2019,17,train,17,18
26027-2020,26027,2020,17,train,17,18
26027-2022,26027,2022,17,train,17,18
26037-2020,26037,2020,17,train,17,18
26045-2020,26045,2020,17,train,17,18
26049-2019,26049,2019,17,train,17,18
26049-2020,26049,2020,17,train,17,18
26051-2020,26051,2020,17,train,17,18
26059-2019,26059,2019,17,train,17,18
26059-2020,26059,2020,17,train,17,18
26059-2022,26059,2022,17,train,17,18
26063-2020,26063,2020,17,train,17,18
26065-2019,26065,2019,17,train,17,18
26065-2020,26065,2020,17,train,17,18
26067-2020,26067,2020,17,train,17,18
26069-2019,26069,2019,17,train,17,18
26069-2020,26069,2020,17,train,17,18
26069-2021,26069,2021,17,train,17,18
26075-2019,26075,2019,17,train,17,18
26075-2020,26075,2020,17,train,17,18
26077-2019,26077,2019,17,train,17,18
26077-2020,26077,2020,17,train,17,18
26081-2019,26081,2019,17,train,17,18
26081-2020,26081,2020,17,train,17,18
26087-2019,26087,2019,17,train,17,18
26087-2020,26087,2020,17,train,17,18
26091-2019,26091,2019,17,train,17,18
26091-2020,26091,2020,17,train,17,18
26099-2020,26099,2020,17,train,17,18
26105-2019,26105,2019,17,train,17,18
26105-2020,26105,2020,17,train,17,18
26107-2020,26107,2020,17,train,17,18
26109-2019,26109,2019,17,train,17,18
26109-2020,26109,2020,17,train,17,18
26115-2019,26115,2019,17,train,17,18
26115-2020,26115,2020,17,train,17,18
26117-2020,26117,2020,17,train,17,18
26121-2020,26121,2020,17,train,17,18
26123-2019,26123,2019,17,train,17,18
26123-2020,26123,2020,17,train,17,18
26127-2019,26127,2019,17,train,17,18
26127-2020,26127,2020,17,train,17,18
26129-2020,26129,2020,17,train,17,18
26139-2020,26139,2020,17,train,17,18
26141-2019,26141,2019,17,train,17,18
26141-2021,26141,2021,17,train,17,18
26151-2019,26151,2019,17,train,17,18
26151-2020,26151,2020,17,train,17,18
26157-2019,26157,2019,17,train,17,18
26157-2020,26157,2020,17,train,17,18
26159-2020,26159,2020,17,train,17,18
26161-2019,26161,2019,17,train,17,18
26161-2020,26161,2020,17,train,17,18
26165-2020,26165,2020,17,train,17,18
27001-2020,27001,2020,17,train,17,18
27005-2019,27005,2019,17,train,17,18
27005-2020,27005,2020,17,train,17,18
27005-2021,27005,2021,17,train,17,18
27007-2020,27007,2020,17,train,17,18
27007-2021,27007,2021,17,train,17,18
27011-2020,27011,2020,17,train,17,18
27011-2021,27011,2021,17,train,17,18
27013-2019,27013,2019,17,train,17,18
27013-2020,27013,2020,17,train,17,18
27013-2021,27013,2021,17,train,17,18
27015-2019,27015,2019,17,train,17,18
27015-2020,27015,2020,17,train,17,18
27015-2021,27015,2021,17,train,17,18
27019-2020,27019,2020,17,train,17,18
27023-2019,27023,2019,17,train,17,18
27023-2021,27023,2021,17,train,17,18
27025-2019,27025,2019,17,train,17,18
27025-2020,27025,2020,17,train,17,18
27027-2021,27027,2021,17,train,17,18
27029-2019,27029,2019,17,train,17,18
27029-2020,27029,2020,17,train,17,18
27029-2021,27029,2021,17,train,17,18
27033-2019,27033,2019,17,train,17,18
27033-2020,27033,2020,17,train,17,18
27033-2021,27033,2021,17,train,17,18
27035-2020,27035,2020,17,train,17,18
27035-2021,27035,2021,17,train,17,18
27037-2020,27037,2020,17,train,17,18
27039-2020,27039,2020,17,train,17,18
27041-2020,27041,2020,17,train,17,18
27041-2021,27041,2021,17,train,17,18
27043-2020,27043,2020,17,train,17,18
27043-2021,27043,2021,17,train,17,18
27043-2022,27043,2022,17,train,17,18
27045-2020,27045,2020,17,train,17,18
27045-2022,27045,2022,17,train,17,18
27047-2020,27047,2020,17,train,17,18
27047-2021,27047,2021,17,train,17,18
27047-2022,27047,2022,17,train,17,18
27049-2020,27049,2020,17,train,17,18
27049-2021,27049,2021,17,train,17,18
27051-2019,27051,2019,17,train,17,18
27051-2020,27051,2020,17,train,17,18
27051-2021,27051,2021,17,train,17,18
27053-2019,27053,2019,17,train,17,18
27053-2020,27053,2020,17,train,17,18
27055-2019,27055,2019,17,train,17,18
27055-2020,27055,2020,17,train,17,18
27055-2021,27055,2021,17,train,17,18
27055-2022,27055,2022,17,train,17,18
27057-2020,27057,2020,17,train,17,18
27057-2021,27057,2021,17,train,17,18
27059-2019,27059,2019,17,train,17,18
27059-2020,27059,2020,17,train,17,18
27063-2019,27063,2019,17,train,17,18
27063-2020,27063,2020,17,train,17,18
27063-2021,27063,2021,17,train,17,18
27063-2022,27063,2022,17,train,17,18
27067-2020,27067,2020,17,train,17,18
27069-2019,27069,2019,17,train,17,18
27069-2020,27069,2020,17,train,17,18
27079-2020,27079,2020,17,train,17,18
27079-2021,27079,2021,17,train,17,18
27081-2019,27081,2019,17,train,17,18
27081-2020,27081,2020,17,train,17,18
27081-2021,27081,2021,17,train,17,18
27083-2019,27083,2019,17,train,17,18
27083-2020,27083,2020,17,train,17,18
27083-2021,27083,2021,17,train,17,18
27087-2020,27087,2020,17,train,17,18
27087-2021,27087,2021,17,train,17,18
27089-2019,27089,2019,17,train,17,18
27089-2020,27089,2020,17,train,17,18
27089-2021,27089,2021,17,train,17,18
27091-2022,27091,2022,17,train,17,18
27093-2019,27093,2019,17,train,17,18
27093-2020,27093,2020,17,train,17,18
27093-2021,27093,2021,17,train,17,18
27097-2019,27097,2019,17,train,17,18
27097-2020,27097,2020,17,train,17,18
27097-2021,27097,2021,17,train,17,18
27099-2020,27099,2020,17,train,17,18
27099-2022,27099,2022,17,train,17,18
27101-2019,27101,2019,17,train,17,18
27101-2020,27101,2020,17,train,17,18
27101-2021,27101,2021,17,train,17,18
27103-2019,27103,2019,17,train,17,18
27105-2019,27105,2019,17,train,17,18
27105-2020,27105,2020,17,train,17,18
27105-2021,27105,2021,17,train,17,18
27105-2022,27105,2022,17,train,17,18
27107-2020,27107,2020,17,train,17,18
27109-2020,27109,2020,17,train,17,18
27111-2019,27111,2019,17,train,17,18
27111-2020,27111,2020,17,train,17,18
27111-2021,27111,2021,17,train,17,18
27115-2019,27115,2019,17,train,17,18
27115-2020,27115,2020,17,train,17,18
27117-2021,27117,2021,17,train,17,18
27119-2020,27119,2020,17,train,17,18
27119-2021,27119,2021,17,train,17,18
27121-2019,27121,2019,17,train,17,18
27121-2020,27121,2020,17,train,17,18
27121-2021,27121,2021,17,train,17,18
27125-2020,27125,2020,17,train,17,18
27125-2021,27125,2021,17,train,17,18
27127-2019,27127,2019,17,train,17,18
27127-2020,27127,2020,17,train,17,18
27127-2021,27127,2021,17,train,17,18
27129-2019,27129,2019,17,train,17,18
27129-2020,27129,2020,17,train,17,18
27129-2021,27129,2021,17,train,17,18
27131-2020,27131,2020,17,train,17,18
27131-2021,27131,2021,17,train,17,18
27133-2019,27133,2019,17,train,17,18
27133-2020,27133,2020,17,train,17,18
27133-2021,27133,2021,17,train,17,18
27133-2022,27133,2022,17,train,17,18
27135-2019,27135,2019,17,train,17,18
27135-2020,27135,2020,17,train,17,18
27135-2021,27135,2021,17,train,17,18
27139-2020,27139,2020,17,train,17,18
27143-2019,27143,2019,17,train,17,18
27145-2019,27145,2019,17,train,17,18
27145-2020,27145,2020,17,train,17,18
27145-2021,27145,2021,17,train,17,18
27147-2020,27147,2020,17,train,17,18
27147-2021,27147,2021,17,train,17,18
27149-2019,27149,2019,17,train,17,18
27149-2020,27149,2020,17,train,17,18
27149-2021,27149,2021,17,train,17,18
27151-2019,27151,2019,17,train,17,18
27151-2020,27151,2020,17,train,17,18
27153-2019,27153,2019,17,train,17,18
27153-2020,27153,2020,17,train,17,18
27153-2021,27153,2021,17,train,17,18
27155-2020,27155,2020,17,train,17,18
27155-2021,27155,2021,17,train,17,18
27157-2020,27157,2020,17,train,17,18
27159-2019,27159,2019,17,train,17,18
27159-2020,27159,2020,17,train,17,18
27159-2021,27159,2021,17,train,17,18
27161-2020,27161,2020,17,train,17,18
27161-2021,27161,2021,17,train,17,18
27163-2019,27163,2019,17,train,17,18
27163-2020,27163,2020,17,train,17,18
27167-2020,27167,2020,17,train,17,18
27167-2021,27167,2021,17,train,17,18
27169-2019,27169,2019,17,train,17,18
27169-2020,27169,2020,17,train,17,18
27169-2021,27169,2021,17,train,17,18
27173-2019,27173,2019,17,train,17,18
27173-2020,27173,2020,17,train,17,18
29001-2019,29001,2019,17,train,17,18
29001-2020,29001,2020,17,train,17,18
29001-2021,29001,2021,17,train,17,18
29003-2020,29003,2020,17,train,17,18
29005-2020,29005,2020,17,train,17,18
29005-2022,29005,2022,17,train,17,18
29007-2020,29007,2020,17,train,17,18
29011-2019,29011,2019,17,train,17,18
29013-2019,29013,2019,17,train,17,18
29015-2020,29015,2020,17,train,17,18
29017-2019,29017,2019,17,train,17,18
29017-2020,29017,2020,17,train,17,18
29017-2021,29017,2021,17,train,17,18
29019-2020,29019,2020,17,train,17,18
29021-2020,29021,2020,17,train,17,18
29021-2021,29021,2021,17,train,17,18
29021-2022,29021,2022,17,train,17,18
29023-2019,29023,2019,17,train,17,18
29023-2020,29023,2020,17,train,17,18
29023-2021,29023,2021,17,train,17,18
29025-2021,29025,2021,17,train,17,18
29027-2020,29027,2020,17,train,17,18
29031-2020,29031,2020,17,train,17,18
29031-2021,29031,2021,17,train,17,18
29037-2020,29037,2020,17,train,17,18
29037-2021,29037,2021,17,train,17,18
29039-2019,29039,2019,17,train,17,18
29039-2021,29039,2021,17,train,17,18
29041-2020,29041,2020,17,train,17,18
29045-2020,29045,2020,17,train,17,18
29047-2020,29047,2020,17,train,17,18
29047-2021,29047,2021,17,train,17,18
29049-2019,29049,2019,17,train,17,18
29049-2020,29049,2020,17,train,17,18
29049-2021,29049,2021,17,train,17,18
29051-2020,29051,2020,17,train,17,18
29053-2020,29053,2020,17,train,17,18
29053-2021,29053,2021,17,train,17,18
29057-2019,29057,2019,17,train,17,18
29061-2020,29061,2020,17,train,17,18
29061-2021,29061,2021,17,train,17,18
29069-2019,29069,2019,17,train,17,18
29069-2020,29069,2020,17,train,17,18
29069-2021,29069,2021,17,train,17,18
29071-2020,29071,2020,17,train,17,18
29073-2020,29073,2020,17,train,17,18
29075-2020,29075,2020,17,train,17,18
29081-2020,29081,2020,17,train,17,18
29081-2021,29081,2021,17,train,17,18
29083-2021,29083,2021,17,train,17,18
29087-2020,29087,2020,17,train,17,18
29089-2020,29089,2020,17,train,17,18
29089-2021,29089,2021,17,train,17,18
29095-2019,29095,2019,17,train,17,18
29095-2020,29095,2020,17,train,17,18
29101-2021,29101,2021,17,train,17,18
29103-2020,29103,2020,17,train,17,18
29109-2020,29109,2020,17,train,17,18
29109-2021,29109,2021,17,train,17,18
29111-2020,29111,2020,17,train,17,18
29111-2022,29111,2022,17,train,17,18
29113-2020,29113,2020,17,train,17,18
29113-2022,29113,2022,17,train,17,18
29115-2020,29115,2020,17,train,17,18
29115-2021,29115,2021,17,train,17,18
29121-2020,29121,2020,17,train,17,18
29127-2019,29127,2019,17,train,17,18
29127-2020,29127,2020,17,train,17,18
29127-2021,29127,2021,17,train,17,18
29127-2022,29127,2022,17,train,17,18
29133-2019,29133,2019,17,train,17,18
29133-2020,29133,2020,17,train,17,18
29133-2021,29133,2021,17,train,17,18
29135-2020,29135,2020,17,train,17,18
29137-2020,29137,2020,17,train,17,18
29137-2021,29137,2021,17,train,17,18
29139-2020,29139,2020,17,train,17,18
29141-2019,29141,2019,17,train,17,18
29141-2020,29141,2020,17,train,17,18
29143-2019,29143,2019,17,train,17,18
29145-2019,29145,2019,17,train,17,18
29145-2020,29145,2020,17,train,17,18
29145-2021,29145,2021,17,train,17,18
29151-2020,29151,2020,17,train,17,18
29155-2020,29155,2020,17,train,17,18
29155-2021,29155,2021,17,train,17,18
29157-2020,29157,2020,17,train,17,18
29157-2021,29157,2021,17,train,17,18
29157-2022,29157,2022,17,train,17,18
29159-2020,29159,2020,17,train,17,18
29163-2020,29163,2020,17,train,17,18
29163-2022,29163,2022,17,train,17,18
29165-2019,29165,2019,17,train,17,18
29165-2020,29165,2020,17,train,17,18
29165-2021,29165,2021,17,train,17,18
29173-2019,29173,2019,17,train,17,18
29173-2020,29173,2020,17,train,17,18
29173-2022,29173,2022,17,train,17,18
29175-2020,29175,2020,17,train,17,18
29195-2020,29195,2020,17,train,17,18
29197-2022,29197,2022,17,train,17,18
29199-2020,29199,2020,17,train,17,18
29199-2022,29199,2022,17,train,17,18
29201-2019,29201,2019,17,train,17,18
29201-2020,29201,2020,17,train,17,18
29201-2021,29201,2021,17,train,17,18
29205-2020,29205,2020,17,train,17,18
29205-2021,29205,2021,17,train,17,18
29207-2019,29207,2019,17,train,17,18
29207-2020,29207,2020,17,train,17,18
29207-2021,29207,2021,17,train,17,18
29211-2020,29211,2020,17,train,17,18
29219-2020,29219,2020,17,train,17,18
29227-2020,29227,2020,17,train,17,18
29227-2021,29227,2021,17,train,17,18
29227-2022,29227,2022,17,train,17,18
31001-2019,31001,2019,17,train,17,18
31001-2020,31001,2020,17,train,17,18
31001-2022,31001,2022,17,train,17,18
31011-2019,31011,2019,17,train,17,18
31011-2022,31011,2022,17,train,17,18
31013-2019,31013,2019,17,train,17,18
31013-2020,31013,2020,17,train,17,18
31013-2021,31013,2021,17,train,17,18
31015-2020,31015,2020,17,train,17,18
31015-2022,31015,2022,17,train,17,18
31017-2020,31017,2020,17,train,17,18
31017-2021,31017,2021,17,train,17,18
31019-2019,31019,2019,17,train,17,18
31019-2020,31019,2020,17,train,17,18
31019-2022,31019,2022,17,train,17,18
31021-2019,31021,2019,17,train,17,18
31021-2022,31021,2022,17,train,17,18
31023-2019,31023,2019,17,train,17,18
31023-2020,31023,2020,17,train,17,18
31023-2022,31023,2022,17,train,17,18
31025-2019,31025,2019,17,train,17,18
31025-2020,31025,2020,17,train,17,18
31025-2022,31025,2022,17,train,17,18
31027-2021,31027,2021,17,train,17,18
31027-2022,31027,2022,17,train,17,18
31029-2019,31029,2019,17,train,17,18
31029-2020,31029,2020,17,train,17,18
31029-2021,31029,2021,17,train,17,18
31031-2021,31031,2021,17,train,17,18
31033-2020,31033,2020,17,train,17,18
31035-2019,31035,2019,17,train,17,18
31035-2020,31035,2020,17,train,17,18
31035-2022,31035,2022,17,train,17,18
31037-2019,31037,2019,17,train,17,18
31037-2020,31037,2020,17,train,17,18
31037-2022,31037,2022,17,train,17,18
31039-2022,31039,2022,17,train,17,18
31041-2019,31041,2019,17,train,17,18
31041-2020,31041,2020,17,train,17,18
31043-2020,31043,2020,17,train,17,18
31043-2021,31043,2021,17,train,17,18
31043-2022,31043,2022,17,train,17,18
31045-2020,31045,2020,17,train,17,18
31047-2019,31047,2019,17,train,17,18
31047-2020,31047,2020,17,train,17,18
31047-2022,31047,2022,17,train,17,18
31049-2019,31049,2019,17,train,17,18
31049-2020,31049,2020,17,train,17,18
31051-2020,31051,2020,17,train,17,18
31053-2019,31053,2019,17,train,17,18
31053-2020,31053,2020,17,train,17,18
31053-2022,31053,2022,17,train,17,18
31055-2019,31055,2019,17,train,17,18
31055-2020,31055,2020,17,train,17,18
31055-2022,31055,2022,17,train,17,18
31057-2020,31057,2020,17,train,17,18
31057-2021,31057,2021,17,train,17,18
31059-2019,31059,2019,17,train,17,18
31059-2020,31059,2020,17,train,17,18
31059-2022,31059,2022,17,train,17,18
31061-2019,31061,2019,17,train,17,18
31061-2020,31061,2020,17,train,17,18
31061-2021,31061,2021,17,train,17,18
31061-2022,31061,2022,17,train,17,18
31063-2019,31063,2019,17,train,17,18
31063-2020,31063,2020,17,train,17,18
31063-2021,31063,2021,17,train,17,18
31063-2022,31063,2022,17,train,17,18
31065-2019,31065,2019,17,train,17,18
31065-2020,31065,2020,17,train,17,18
31065-2021,31065,2021,17,train,17,18
31065-2022,31065,2022,17,train,17,18
31067-2019,31067,2019,17,train,17,18
31067-2020,31067,2020,17,train,17,18
31067-2022,31067,2022,17,train,17,18
31069-2020,31069,2020,17,train,17,18
31071-2019,31071,2019,17,train,17,18
31071-2020,31071,2020,17,train,17,18
31071-2021,31071,2021,17,train,17,18
31071-2022,31071,2022,17,train,17,18
31073-2020,31073,2020,17,train,17,18
31073-2021,31073,2021,17,train,17,18
31073-2022,31073,2022,17,train,17,18
31077-2019,31077,2019,17,train,17,18
31077-2020,31077,2020,17,train,17,18
31077-2021,31077,2021,17,train,17,18
31077-2022,31077,2022,17,train,17,18
31079-2019,31079,2019,17,train,17,18
31079-2022,31079,2022,17,train,17,18
31081-2019,31081,2019,17,train,17,18
31081-2022,31081,2022,17,train,17,18
31083-2019,31083,2019,17,train,17,18
31083-2020,31083,2020,17,train,17,18
31083-2021,31083,2021,17,train,17,18
31083-2022,31083,2022,17,train,17,18
31085-2019,31085,2019,17,train,17,18
31085-2020,31085,2020,17,train,17,18
31085-2021,31085,2021,17,train,17,18
31087-2020,31087,2020,17,train,17,18
31089-2019,31089,2019,17,train,17,18
31089-2020,31089,2020,17,train,17,18
31089-2022,31089,2022,17,train,17,18
31093-2019,31093,2019,17,train,17,18
31093-2020,31093,2020,17,train,17,18
31093-2021,31093,2021,17,train,17,18
31093-2022,31093,2022,17,train,17,18
31095-2019,31095,2019,17,train,17,18
31095-2020,31095,2020,17,train,17,18
31095-2022,31095,2022,17,train,17,18
31097-2020,31097,2020,17,train,17,18
31097-2022,31097,2022,17,train,17,18
31099-2019,31099,2019,17,train,17,18
31099-2020,31099,2020,17,train,17,18
31099-2022,31099,2022,17,train,17,18
31101-2020,31101,2020,17,train,17,18
31101-2021,31101,2021,17,train,17,18
31103-2020,31103,2020,17,train,17,18
31107-2020,31107,2020,17,train,17,18
31107-2021,31107,2021,17,train,17,18
31107-2022,31107,2022,17,train,17,18
31109-2019,31109,2019,17,train,17,18
31109-2020,31109,2020,17,train,17,18
31109-2022,31109,2022,17,train,17,18
31111-2019,31111,2019,17,train,17,18
31111-2020,31111,2020,17,train,17,18
31111-2021,31111,2021,17,train,17,18
31111-2022,31111,2022,17,train,17,18
31113-2019,31113,2019,17,train,17,18
31113-2020,31113,2020,17,train,17,18
31115-2020,31115,2020,17,train,17,18
31119-2022,31119,2022,17,train,17,18
31121-2019,31121,2019,17,train,17,18
31123-2019,31123,2019,17,train,17,18
31123-2020,31123,2020,17,train,17,18
31123-2021,31123,2021,17,train,17,18
31125-2019,31125,2019,17,train,17,18
31125-2020,31125,2020,17,train,17,18
31125-2022,31125,2022,17,train,17,18
31127-2020,31127,2020,17,train,17,18
31127-2022,31127,2022,17,train,17,18
31129-2020,31129,2020,17,train,17,18
31129-2022,31129,2022,17,train,17,18
31131-2019,31131,2019,17,train,17,18
31131-2020,31131,2020,17,train,17,18
31131-2022,31131,2022,17,train,17,18
31135-2019,31135,2019,17,train,17,18
31135-2020,31135,2020,17,train,17,18
31135-2021,31135,2021,17,train,17,18
31137-2019,31137,2019,17,train,17,18
31137-2020,31137,2020,17,train,17,18
31137-2021,31137,2021,17,train,17,18
31137-2022,31137,2022,17,train,17,18
31139-2020,31139,2020,17,train,17,18
31139-2021,31139,2021,17,train,17,18
31139-2022,31139,2022,17,train,17,18
31141-2019,31141,2019,17,train,17,18
31141-2020,31141,2020,17,train,17,18
31141-2021,31141,2021,17,train,17,18
31141-2022,31141,2022,17,train,17,18
31143-2020,31143,2020,17,train,17,18
31143-2022,31143,2022,17,train,17,18
31145-2019,31145,2019,17,train,17,18
31145-2020,31145,2020,17,train,17,18
31145-2021,31145,2021,17,train,17,18
31147-2020,31147,2020,17,train,17,18
31147-2022,31147,2022,17,train,17,18
31149-2019,31149,2019,17,train,17,18
31149-2020,31149,2020,17,train,17,18
31149-2021,31149,2021,17,train,17,18
31151-2019,31151,2019,17,train,17,18
31151-2020,31151,2020,17,train,17,18
31151-2022,31151,2022,17,train,17,18
31153-2020,31153,2020,17,train,17,18
31153-2022,31153,2022,17,train,17,18
31155-2019,31155,2019,17,train,17,18
31155-2020,31155,2020,17,train,17,18
31155-2022,31155,2022,17,train,17,18
31157-2019,31157,2019,17,train,17,18
31157-2020,31157,2020,17,train,17,18
31157-2021,31157,2021,17,train,17,18
31159-2019,31159,2019,17,train,17,18
31159-2020,31159,2020,17,train,17,18
31159-2022,31159,2022,17,train,17,18
31161-2020,31161,2020,17,train,17,18
31161-2021,31161,2021,17,train,17,18
31163-2019,31163,2019,17,train,17,18
31163-2020,31163,2020,17,train,17,18
31163-2021,31163,2021,17,train,17,18
31163-2022,31163,2022,17,train,17,18
31165-2019,31165,2019,17,train,17,18
31165-2020,31165,2020,17,train,17,18
31165-2021,31165,2021,17,train,17,18
31167-2019,31167,2019,17,train,17,18
31167-2022,31167,2022,17,train,17,18
31169-2019,31169,2019,17,train,17,18
31169-2020,31169,2020,17,train,17,18
31169-2021,31169,2021,17,train,17,18
31169-2022,31169,2022,17,train,17,18
31173-2019,31173,2019,17,train,17,18
31173-2022,31173,2022,17,train,17,18
31175-2019,31175,2019,17,train,17,18
31175-2020,31175,2020,17,train,17,18
31175-2021,31175,2021,17,train,17,18
31175-2022,31175,2022,17,train,17,18
31177-2019,31177,2019,17,train,17,18
31177-2020,31177,2020,17,train,17,18
31177-2022,31177,2022,17,train,17,18
31179-2019,31179,2019,17,train,17,18
31179-2021,31179,2021,17,train,17,18
31179-2022,31179,2022,17,train,17,18
31181-2020,31181,2020,17,train,17,18
31181-2022,31181,2022,17,train,17,18
31183-2020,31183,2020,17,train,17,18
31185-2019,31185,2019,17,train,17,18
31185-2020,31185,2020,17,train,17,18
31185-2022,31185,2022,17,train,17,18
38001-2020,38001,2020,17,train,17,18
38001-2021,38001,2021,17,train,17,18
38003-2020,38003,2020,17,train,17,18
38003-2021,38003,2021,17,train,17,18
38005-2020,38005,2020,17,train,17,18
38005-2021,38005,2021,17,train,17,18
38007-2020,38007,2020,17,train,17,18
38007-2021,38007,2021,17,train,17,18
38009-2020,38009,2020,17,train,17,18
38009-2021,38009,2021,17,train,17,18
38011-2020,38011,2020,17,train,17,18
38015-2019,38015,2019,17,train,17,18
38015-2020,38015,2020,17,train,17,18
38017-2019,38017,2019,17,train,17,18
38017-2020,38017,2020,17,train,17,18
38017-2021,38017,2021,17,train,17,18
38021-2020,38021,2020,17,train,17,18
38021-2021,38021,2021,17,train,17,18
38025-2020,38025,2020,17,train,17,18
38025-2021,38025,2021,17,train,17,18
38027-2020,38027,2020,17,train,17,18
38027-2021,38027,2021,17,train,17,18
38029-2020,38029,2020,17,train,17,18
38029-2021,38029,2021,17,train,17,18
38031-2020,38031,2020,17,train,17,18
38031-2021,38031,2021,17,train,17,18
38033-2021,38033,2021,17,train,17,18
38035-2019,38035,2019,17,train,17,18
38035-2020,38035,2020,17,train,17,18
38035-2021,38035,2021,17,train,17,18
38037-2020,38037,2020,17,train,17,18
38037-2021,38037,2021,17,train,17,18
38041-2019,38041,2019,17,train,17,18
38041-2020,38041,2020,17,train,17,18
38041-2021,38041,2021,17,train,17,18
38043-2019,38043,2019,17,train,17,18
38043-2020,38043,2020,17,train,17,18
38043-2021,38043,2021,17,train,17,18
38047-2020,38047,2020,17,train,17,18
38047-2021,38047,2021,17,train,17,18
38057-2020,38057,2020,17,train,17,18
38057-2021,38057,2021,17,train,17,18
38059-2020,38059,2020,17,train,17,18
38061-2019,38061,2019,17,train,17,18
38061-2020,38061,2020,17,train,17,18
38063-2020,38063,2020,17,train,17,18
38065-2020,38065,2020,17,train,17,18
38067-2020,38067,2020,17,train,17,18
38067-2021,38067,2021,17,train,17,18
38069-2020,38069,2020,17,train,17,18
38069-2021,38069,2021,17,train,17,18
38071-2020,38071,2020,17,train,17,18
38071-2021,38071,2021,17,train,17,18
38073-2020,38073,2020,17,train,17,18
38073-2021,38073,2021,17,train,17,18
38075-2020,38075,2020,17,train,17,18
38075-2021,38075,2021,17,train,17,18
38077-2019,38077,2019,17,train,17,18
38077-2020,38077,2020,17,train,17,18
38077-2021,38077,2021,17,train,17,18
38079-2021,38079,2021,17,train,17,18
38081-2019,38081,2019,17,train,17,18
38081-2020,38081,2020,17,train,17,18
38081-2021,38081,2021,17,train,17,18
38083-2019,38083,2019,17,train,17,18
38083-2020,38083,2020,17,train,17,18
38087-2019,38087,2019,17,train,17,18
38087-2020,38087,2020,17,train,17,18
38087-2021,38087,2021,17,train,17,18
38089-2020,38089,2020,17,train,17,18
38089-2021,38089,2021,17,train,17,18
38091-2019,38091,2019,17,train,17,18
38091-2020,38091,2020,17,train,17,18
38091-2021,38091,2021,17,train,17,18
38093-2019,38093,2019,17,train,17,18
38093-2020,38093,2020,17,train,17,18
38093-2021,38093,2021,17,train,17,18
38095-2020,38095,2020,17,train,17,18
38095-2021,38095,2021,17,train,17,18
38097-2020,38097,2020,17,train,17,18
38099-2020,38099,2020,17,train,17,18
38099-2021,38099,2021,17,train,17,18
38101-2019,38101,2019,17,train,17,18
38101-2020,38101,2020,17,train,17,18
38101-2021,38101,2021,17,train,17,18
38103-2020,38103,2020,17,train,17,18
38103-2021,38103,2021,17,train,17,18
38105-2021,38105,2021,17,train,17,18
39001-2020,39001,2020,17,train,17,18
39001-2022,39001,2022,17,train,17,18
39003-2020,39003,2020,17,train,17,18
39003-2022,39003,2022,17,train,17,18
39005-2019,39005,2019,17,train,17,18
39005-2020,39005,2020,17,train,17,18
39005-2021,39005,2021,17,train,17,18
39007-2019,39007,2019,17,train,17,18
39007-2021,39007,2021,17,train,17,18
39011-2019,39011,2019,17,train,17,18
39011-2020,39011,2020,17,train,17,18
39011-2021,39011,2021,17,train,17,18
39011-2022,39011,2022,17,train,17,18
39015-2022,39015,2022,17,train,17,18
39017-2020,39017,2020,17,train,17,18
39017-2022,39017,2022,17,train,17,18
39021-2019,39021,2019,17,train,17,18
39021-2020,39021,2020,17,train,17,18
39021-2022,39021,2022,17,train,17,18
39023-2022,39023,2022,17,train,17,18
39025-2022,39025,2022,17,train,17,18
39027-2022,39027,2022,17,train,17,18
39029-2019,39029,2019,17,train,17,18
39031-2019,39031,2019,17,train,17,18
39031-2020,39031,2020,17,train,17,18
39031-2021,39031,2021,17,train,17,18
39031-2022,39031,2022,17,train,17,18
39033-2022,39033,2022,17,train,17,18
39037-2019,39037,2019,17,train,17,18
39037-2020,39037,2020,17,train,17,18
39037-2021,39037,2021,17,train,17,18
39037-2022,39037,2022,17,train,17,18
39039-2019,39039,2019,17,train,17,18
39039-2020,39039,2020,17,train,17,18
39039-2022,39039,2022,17,train,17,18
39041-2022,39041,2022,17,train,17,18
39043-2020,39043,2020,17,train,17,18
39043-2022,39043,2022,17,train,17,18
39045-2019,39045,2019,17,train,17,18
39045-2020,39045,2020,17,train,17,18
39045-2022,39045,2022,17,train,17,18
39047-2020,39047,2020,17,train,17,18
39047-2022,39047,2022,17,train,17,18
39049-2022,39049,2022,17,train,17,18
39051-2019,39051,2019,17,train,17,18
39051-2020,39051,2020,17,train,17,18
39051-2022,39051,2022,17,train,17,18
39053-2019,39053,2019,17,train,17,18
39053-2020,39053,2020,17,train,17,18
39053-2021,39053,2021,17,train,17,18
39057-2022,39057,2022,17,train,17,18
39061-2020,39061,2020,17,train,17,18
39063-2020,39063,2020,17,train,17,18
39063-2022,39063,2022,17,train,17,18
39065-2019,39065,2019,17,train,17,18
39065-2020,39065,2020,17,train,17,18
39065-2021,39065,2021,17,train,17,18
39065-2022,39065,2022,17,train,17,18
39069-2020,39069,2020,17,train,17,18
39069-2022,39069,2022,17,train,17,18
39071-2022,39071,2022,17,train,17,18
39075-2019,39075,2019,17,train,17,18
39075-2020,39075,2020,17,train,17,18
39075-2021,39075,2021,17,train,17,18
39075-2022,39075,2022,17,train,17,18
39077-2022,39077,2022,17,train,17,18
39079-2022,39079,2022,17,train,17,18
39083-2019,39083,2019,17,train,17,18
39083-2020,39083,2020,17,train,17,18
39083-2021,39083,2021,17,train,17,18
39083-2022,39083,2022,17,train,17,18
39089-2020,39089,2020,17,train,17,18
39089-2021,39089,2021,17,train,17,18
39089-2022,39089,2022,17,train,17,18
39091-2019,39091,2019,17,train,17,18
39091-2020,39091,2020,17,train,17,18
39091-2021,39091,2021,17,train,17,18
39091-2022,39091,2022,17,train,17,18
39093-2020,39093,2020,17,train,17,18
39093-2021,39093,2021,17,train,17,18
39093-2022,39093,2022,17,train,17,18
39095-2019,39095,2019,17,train,17,18
39095-2020,39095,2020,17,train,17,18
39095-2022,39095,2022,17,train,17,18
39097-2020,39097,2020,17,train,17,18
39097-2022,39097,2022,17,train,17,18
39099-2019,39099,2019,17,train,17,18
39101-2019,39101,2019,17,train,17,18
39101-2020,39101,2020,17,train,17,18
39101-2022,39101,2022,17,train,17,18
39103-2019,39103,2019,17,train,17,18
39103-2020,39103,2020,17,train,17,18
39103-2021,39103,2021,17,train,17,18
39103-2022,39103,2022,17,train,17,18
39107-2019,39107,2019,17,train,17,18
39107-2020,39107,2020,17,train,17,18
39107-2021,39107,2021,17,train,17,18
39107-2022,39107,2022,17,train,17,18
39109-2019,39109,2019,17,train,17,18
39109-2020,39109,2020,17,train,17,18
39109-2022,39109,2022,17,train,17,18
39113-2019,39113,2019,17,train,17,18
39117-2022,39117,2022,17,train,17,18
39119-2019,39119,2019,17,train,17,18
39119-2020,39119,2020,17,train,17,18
39119-2021,39119,2021,17,train,17,18
39119-2022,39119,2022,17,train,17,18
39123-2020,39123,2020,17,train,17,18
39123-2022,39123,2022,17,train,17,18
39125-2020,39125,2020,17,train,17,18
39125-2022,39125,2022,17,train,17,18
39127-2020,39127,2020,17,train,17,18
39127-2021,39127,2021,17,train,17,18
39129-2019,39129,2019,17,train,17,18
39129-2020,39129,2020,17,train,17,18
39129-2021,39129,2021,17,train,17,18
39129-2022,39129,2022,17,train,17,18
39131-2019,39131,2019,17,train,17,18
39131-2021,39131,2021,17,train,17,18
39131-2022,39131,2022,17,train,17,18
39133-2019,39133,2019,17,train,17,18
39133-2021,39133,2021,17,train,17,18
39135-2019,39135,2019,17,train,17,18
39135-2020,39135,2020,17,train,17,18
39135-2021,39135,2021,17,train,17,18
39135-2022,39135,2022,17,train,17,18
39137-2019,39137,2019,17,train,17,18
39137-2020,39137,2020,17,train,17,18
39137-2022,39137,2022,17,train,17,18
39139-2019,39139,2019,17,train,17,18
39139-2020,39139,2020,17,train,17,18
39139-2022,39139,2022,17,train,17,18
39141-2019,39141,2019,17,train,17,18
39141-2021,39141,2021,17,train,17,18
39141-2022,39141,2022,17,train,17,18
39143-2019,39143,2019,17,train,17,18
39143-2020,39143,2020,17,train,17,18
39143-2022,39143,2022,17,train,17,18
39145-2019,39145,2019,17,train,17,18
39145-2020,39145,2020,17,train,17,18
39145-2021,39145,2021,17,train,17,18
39147-2019,39147,2019,17,train,17,18
39147-2020,39147,2020,17,train,17,18
39147-2022,39147,2022,17,train,17,18
39149-2019,39149,2019,17,train,17,18
39149-2020,39149,2020,17,train,17,18
39149-2022,39149,2022,17,train,17,18
39151-2019,39151,2019,17,train,17,18
39151-2020,39151,2020,17,train,17,18
39151-2021,39151,2021,17,train,17,18
39155-2019,39155,2019,17,train,17,18
39157-2019,39157,2019,17,train,17,18
39157-2020,39157,2020,17,train,17,18
39157-2021,39157,2021,17,train,17,18
39159-2019,39159,2019,17,train,17,18
39159-2022,39159,2022,17,train,17,18
39161-2019,39161,2019,17,train,17,18
39161-2020,39161,2020,17,train,17,18
39161-2022,39161,2022,17,train,17,18
39165-2019,39165,2019,17,train,17,18
39165-2020,39165,2020,17,train,17,18
39165-2022,39165,2022,17,train,17,18
39167-2019,39167,2019,17,train,17,18
39167-2020,39167,2020,17,train,17,18
39167-2021,39167,2021,17,train,17,18
39169-2019,39169,2019,17,train,17,18
39169-2020,39169,2020,17,train,17,18
39169-2021,39169,2021,17,train,17,18
39169-2022,39169,2022,17,train,17,18
39171-2019,39171,2019,17,train,17,18
39171-2020,39171,2020,17,train,17,18
39171-2022,39171,2022,17,train,17,18
39173-2020,39173,2020,17,train,17,18
39173-2022,39173,2022,17,train,17,18
39175-2019,39175,2019,17,train,17,18
39175-2020,39175,2020,17,train,17,18
39175-2022,39175,2022,17,train,17,18
46003-2020,46003,2020,17,train,17,18
46003-2021,46003,2021,17,train,17,18
46005-2020,46005,2020,17,train,17,18
46005-2021,46005,2021,17,train,17,18
46007-2020,46007,2020,17,train,17,18
46007-2021,46007,2021,17,train,17,18
46009-2020,46009,2020,17,train,17,18
46009-2021,46009,2021,17,train,17,18
46009-2022,46009,2022,17,train,17,18
46011-2020,46011,2020,17,train,17,18
46011-2021,46011,2021,17,train,17,18
46013-2020,46013,2020,17,train,17,18
46013-2021,46013,2021,17,train,17,18
46015-2020,46015,2020,17,train,17,18
46015-2021,46015,2021,17,train,17,18
46017-2020,46017,2020,17,train,17,18
46017-2021,46017,2021,17,train,17,18
46019-2020,46019,2020,17,train,17,18
46019-2021,46019,2021,17,train,17,18
46021-2020,46021,2020,17,train,17,18
46021-2021,46021,2021,17,train,17,18
46023-2020,46023,2020,17,train,17,18
46023-2021,46023,2021,17,train,17,18
46023-2022,46023,2022,17,train,17,18
46025-2020,46025,2020,17,train,17,18
46025-2021,46025,2021,17,train,17,18
46027-2020,46027,2020,17,train,17,18
46027-2021,46027,2021,17,train,17,18
46027-2022,46027,2022,17,train,17,18
46029-2020,46029,2020,17,train,17,18
46029-2021,46029,2021,17,train,17,18
46031-2020,46031,2020,17,train,17,18
46031-2021,46031,2021,17,train,17,18
46035-2020,46035,2020,17,train,17,18
46037-2020,46037,2020,17,train,17,18
46037-2021,46037,2021,17,train,17,18
46039-2020,46039,2020,17,train,17,18
46041-2020,46041,2020,17,train,17,18
46043-2020,46043,2020,17,train,17,18
46043-2021,46043,2021,17,train,17,18
46045-2019,46045,2019,17,train,17,18
46045-2020,46045,2020,17,train,17,18
46049-2020,46049,2020,17,train,17,18
46049-2021,46049,2021,17,train,17,18
46051-2020,46051,2020,17,train,17,18
46051-2021,46051,2021,17,train,17,18
46053-2020,46053,2020,17,train,17,18
46053-2021,46053,2021,17,train,17,18
46057-2020,46057,2020,17,train,17,18
46057-2021,46057,2021,17,train,17,18
46059-2020,46059,2020,17,train,17,18
46059-2021,46059,2021,17,train,17,18
46061-2020,46061,2020,17,train,17,18
46061-2021,46061,2021,17,train,17,18
46063-2021,46063,2021,17,train,17,18
46065-2020,46065,2020,17,train,17,18
46065-2021,46065,2021,17,train,17,18
46067-2020,46067,2020,17,train,17,18
46067-2021,46067,2021,17,train,17,18
46069-2020,46069,2020,17,train,17,18
46073-2020,46073,2020,17,train,17,18
46073-2021,46073,2021,17,train,17,18
46075-2020,46075,2020,17,train,17,18
46077-2020,46077,2020,17,train,17,18
46077-2021,46077,2021,17,train,17,18
46079-2020,46079,2020,17,train,17,18
46079-2021,46079,2021,17,train,17,18
46083-2019,46083,2019,17,train,17,18
46083-2020,46083,2020,17,train,17,18
46083-2021,46083,2021,17,train,17,18
46083-2022,46083,2022,17,train,17,18
46085-2019,46085,2019,17,train,17,18
46085-2020,46085,2020,17,train,17,18
46085-2021,46085,2021,17,train,17,18
46091-2020,46091,2020,17,train,17,18
46091-2021,46091,2021,17,train,17,18
46093-2021,46093,2021,17,train,17,18
46095-2020,46095,2020,17,train,17,18
46097-2020,46097,2020,17,train,17,18
46097-2021,46097,2021,17,train,17,18
46099-2019,46099,2019,17,train,17,18
46099-2020,46099,2020,17,train,17,18
46099-2022,46099,2022,17,train,17,18
46101-2020,46101,2020,17,train,17,18
46102-2020,46102,2020,17,train,17,18
46102-2021,46102,2021,17,train,17,18
46103-2021,46103,2021,17,train,17,18
46107-2020,46107,2020,17,train,17,18
46107-2021,46107,2021,17,train,17,18
46109-2020,46109,2020,17,train,17,18
46111-2020,46111,2020,17,train,17,18
46111-2021,46111,2021,17,train,17,18
46115-2020,46115,2020,17,train,17,18
46119-2020,46119,2020,17,train,17,18
46119-2021,46119,2021,17,train,17,18
46121-2021,46121,2021,17,train,17,18
46123-2020,46123,2020,17,train,17,18
46123-2021,46123,2021,17,train,17,18
46125-2020,46125,2020,17,train,17,18
46125-2021,46125,2021,17,train,17,18
46125-2022,46125,2022,17,train,17,18
46127-2019,46127,2019,17,train,17,18
46127-2020,46127,2020,17,train,17,18
46127-2022,46127,2022,17,train,17,18
46129-2020,46129,2020,17,train,17,18
46129-2021,46129,2021,17,train,17,18
46135-2021,46135,2021,17,train,17,18
46135-2022,46135,2022,17,train,17,18
46137-2019,46137,2019,17,train,17,18
46137-2020,46137,2020,17,train,17,18
55001-2019,55001,2019,17,train,17,18
55001-2020,55001,2020,17,train,17,18
55005-2020,55005,2020,17,train,17,18
55009-2020,55009,2020,17,train,17,18
55011-2020,55011,2020,17,train,17,18
55013-2020,55013,2020,17,train,17,18
55015-2020,55015,2020,17,train,17,18
55017-2019,55017,2019,17,train,17,18
55017-2020,55017,2020,17,train,17,18
55017-2021,55017,2021,17,train,17,18
55019-2019,55019,2019,17,train,17,18
55019-2020,55019,2020,17,train,17,18
55019-2021,55019,2021,17,train,17,18
55021-2019,55021,2019,17,train,17,18
55021-2020,55021,2020,17,train,17,18
55021-2021,55021,2021,17,train,17,18
55023-2019,55023,2019,17,train,17,18
55023-2020,55023,2020,17,train,17,18
55023-2021,55023,2021,17,train,17,18
55023-2022,55023,2022,17,train,17,18
55025-2019,55025,2019,17,train,17,18
55025-2020,55025,2020,17,train,17,18
55025-2021,55025,2021,17,train,17,18
55025-2022,55025,2022,17,train,17,18
55027-2019,55027,2019,17,train,17,18
55027-2020,55027,2020,17,train,17,18
55029-2019,55029,2019,17,train,17,18
55029-2020,55029,2020,17,train,17,18
55029-2021,55029,2021,17,train,17,18
55033-2020,55033,2020,17,train,17,18
55035-2019,55035,2019,17,train,17,18
55035-2020,55035,2020,17,train,17,18
55035-2021,55035,2021,17,train,17,18
55043-2019,55043,2019,17,train,17,18
55043-2020,55043,2020,17,train,17,18
55043-2021,55043,2021,17,train,17,18
55043-2022,55043,2022,17,train,17,18
55045-2019,55045,2019,17,train,17,18
55045-2020,55045,2020,17,train,17,18
55045-2021,55045,2021,17,train,17,18
55045-2022,55045,2022,17,train,17,18
55047-2019,55047,2019,17,train,17,18
55047-2020,55047,2020,17,train,17,18
55047-2021,55047,2021,17,train,17,18
55049-2020,55049,2020,17,train,17,18
55049-2022,55049,2022,17,train,17,18
55053-2019,55053,2019,17,train,17,18
55053-2020,55053,2020,17,train,17,18
55053-2021,55053,2021,17,train,17,18
55055-2019,55055,2019,17,train,17,18
55055-2020,55055,2020,17,train,17,18
55055-2022,55055,2022,17,train,17,18
55057-2019,55057,2019,17,train,17,18
55057-2020,55057,2020,17,train,17,18
55057-2021,55057,2021,17,train,17,18
55059-2020,55059,2020,17,train,17,18
55059-2022,55059,2022,17,train,17,18
55061-2020,55061,2020,17,train,17,18
55063-2019,55063,2019,17,train,17,18
55063-2020,55063,2020,17,train,17,18
55063-2021,55063,2021,17,train,17,18
55065-2020,55065,2020,17,train,17,18
55065-2022,55065,2022,17,train,17,18
55067-2020,55067,2020,17,train,17,18
55067-2021,55067,2021,17,train,17,18
55069-2020,55069,2020,17,train,17,18
55069-2021,55069,2021,17,train,17,18
55071-2019,55071,2019,17,train,17,18
55071-2020,55071,2020,17,train,17,18
55073-2020,55073,2020,17,train,17,18
55073-2021,55073,2021,17,train,17,18
55075-2019,55075,2019,17,train,17,18
55075-2020,55075,2020,17,train,17,18
55075-2021,55075,2021,17,train,17,18
55077-2020,55077,2020,17,train,17,18
55079-2020,55079,2020,17,train,17,18
55081-2019,55081,2019,17,train,17,18
55081-2020,55081,2020,17,train,17,18
55081-2021,55081,2021,17,train,17,18
55083-2019,55083,2019,17,train,17,18
55083-2020,55083,2020,17,train,17,18
55083-2021,55083,2021,17,train,17,18
55087-2019,55087,2019,17,train,17,18
55087-2020,55087,2020,17,train,17,18
55089-2019,55089,2019,17,train,17,18
55089-2020,55089,2020,17,train,17,18
55091-2020,55091,2020,17,train,17,18
55093-2020,55093,2020,17,train,17,18
55095-2020,55095,2020,17,train,17,18
55097-2019,55097,2019,17,train,17,18
55097-2020,55097,2020,17,train,17,18
55101-2019,55101,2019,17,train,17,18
55101-2020,55101,2020,17,train,17,18
55101-2022,55101,2022,17,train,17,18
55103-2019,55103,2019,17,train,17,18
55103-2020,55103,2020,17,train,17,18
55103-2021,55103,2021,17,train,17,18
55103-2022,55103,2022,17,train,17,18
55105-2019,55105,2019,17,train,17,18
55105-2020,55105,2020,17,train,17,18
55105-2021,55105,2021,17,train,17,18
55105-2022,55105,2022,17,train,17,18
55107-2019,55107,2019,17,train,17,18
55107-2020,55107,2020,17,train,17,18
55107-2021,55107,2021,17,train,17,18
55111-2019,55111,2019,17,train,17,18
55111-2020,55111,2020,17,train,17,18
55111-2021,55111,2021,17,train,17,18
55113-2020,55113,2020,17,train,17,18
55113-2021,55113,2021,17,train,17,18
55115-2019,55115,2019,17,train,17,18
55115-2020,55115,2020,17,train,17,18
55115-2021,55115,2021,17,train,17,18
55117-2019,55117,2019,17,train,17,18
55117-2020,55117,2020,17,train,17,18
55119-2020,55119,2020,17,train,17,18
55119-2021,55119,2021,17,train,17,18
55121-2019,55121,2019,17,train,17,18
55121-2020,55121,2020,17,train,17,18
55121-2021,55121,2021,17,train,17,18
55123-2019,55123,2019,17,train,17,18
55123-2020,55123,2020,17,train,17,18
55123-2021,55123,2021,17,train,17,18
55123-2022,55123,2022,17,train,17,18
55127-2019,55127,2019,17,train,17,18
55127-2020,55127,2020,17,train,17,18
55127-2022,55127,2022,17,train,17,18
55129-2019,55129,2019,17,train,17,18
55129-2020,55129,2020,17,train,17,18
55131-2019,55131,2019,17,train,17,18
55131-2020,55131,2020,17,train,17,18
55133-2019,55133,2019,17,train,17,18
55133-2020,55133,2020,17,train,17,18
55133-2022,55133,2022,17,train,17,18
55135-2019,55135,2019,17,train,17,18
55135-2020,55135,2020,17,train,17,18
55137-2019,55137,2019,17,train,17,18
55137-2020,55137,2020,17,train,17,18
55137-2021,55137,2021,17,train,17,18
55139-2019,55139,2019,17,train,17,18
55139-2020,55139,2020,17,train,17,18
55141-2019,55141,2019,17,train,17,18
55141-2020,55141,2020,17,train,17,18
17001-2020,17001,2020,18,train,18,19
17001-2022,17001,2022,18,train,18,19
17003-2019,17003,2019,18,train,18,19
17003-2020,17003,2020,18,train,18,19
17005-2019,17005,2019,18,train,18,19
17005-2020,17005,2020,18,train,18,19
17005-2021,17005,2021,18,train,18,19
17005-2022,17005,2022,18,train,18,19
17007-2019,17007,2019,18,train,18,19
17007-2020,17007,2020,18,train,18,19
17007-2022,17007,2022,18,train,18,19
17009-2020,17009,2020,18,train,18,19
17009-2022,17009,2022,18,train,18,19
17011-2019,17011,2019,18,train,18,19
17011-2020,17011,2020,18,train,18,19
17011-2021,17011,2021,18,train,18,19
17011-2022,17011,2022,18,train,18,19
17013-2020,17013,2020,18,train,18,19
17013-2022,17013,2022,18,train,18,19
17015-2020,17015,2020,18,train,18,19
17015-2022,17015,2022,18,train,18,19
17017-2019,17017,2019,18,train,18,19
17017-2020,17017,2020,18,train,18,19
17017-2021,17017,2021,18,train,18,19
17017-2022,17017,2022,18,train,18,19
17019-2021,17019,2021,18,train,18,19
17019-2022,17019,2022,18,train,18,19
17021-2020,17021,2020,18,train,18,19
17021-2021,17021,2021,18,train,18,19
17021-2022,17021,2022,18,train,18,19
17023-2020,17023,2020,18,train,18,19
17023-2022,17023,2022,18,train,18,19
17025-2019,17025,2019,18,train,18,19
17025-2020,17025,2020,18,train,18,19
17025-2021,17025,2021,18,train,18,19
17025-2022,17025,2022,18,train,18,19
17027-2019,17027,2019,18,train,18,19
17027-2020,17027,2020,18,train,18,19
17027-2021,17027,2021,18,train,18,19
17027-2022,17027,2022,18,train,18,19
17029-2019,17029,2019,18,train,18,19
17029-2021,17029,2021,18,train,18,19
17031-2019,17031,2019,18,train,18,19
17033-2019,17033,2019,18,train,18,19
17033-2020,17033,2020,18,train,18,19
17033-2022,17033,2022,18,train,18,19
17035-2019,17035,2019,18,train,18,19
17035-2022,17035,2022,18,train,18,19
17039-2020,17039,2020,18,train,18,19
17039-2021,17039,2021,18,train,18,19
17039-2022,17039,2022,18,train,18,19
17041-2019,17041,2019,18,train,18,19
17041-2022,17041,2022,18,train,18,19
17045-2020,17045,2020,18,train,18,19
17045-2021,17045,2021,18,train,18,19
17045-2022,17045,2022,18,train,18,19
17047-2020,17047,2020,18,train,18,19
17047-2021,17047,2021,18,train,18,19
17047-2022,17047,2022,18,train,18,19
17049-2021,17049,2021,18,train,18,19
17049-2022,17049,2022,18,train,18,19
17051-2019,17051,2019,18,train,18,19
17051-2020,17051,2020,18,train,18,19
17051-2021,17051,2021,18,train,18,19
17053-2019,17053,2019,18,train,18,19
17053-2020,17053,2020,18,train,18,19
17053-2021,17053,2021,18,train,18,19
17053-2022,17053,2022,18,train,18,19
17055-2019,17055,2019,18,train,18,19
17055-2020,17055,2020,18,train,18,19
17055-2021,17055,2021,18,train,18,19
17055-2022,17055,2022,18,train,18,19
17057-2020,17057,2020,18,train,18,19
17057-2021,17057,2021,18,train,18,19
17057-2022,17057,2022,18,train,18,19
17059-2019,17059,2019,18,train,18,19
17059-2020,17059,2020,18,train,18,19
17059-2021,17059,2021,18,train,18,19
17059-2022,17059,2022,18,train,18,19
17061-2020,17061,2020,18,train,18,19
17061-2021,17061,2021,18,train,18,19
17061-2022,17061,2022,18,train,18,19
17063-2019,17063,2019,18,train,18,19
17063-2020,17063,2020,18,train,18,19
17063-2022,17063,2022,18,train,18,19
17065-2020,17065,2020,18,train,18,19
17065-2022,17065,2022,18,train,18,19
17067-2020,17067,2020,18,train,18,19
17067-2022,17067,2022,18,train,18,19
17071-2020,17071,2020,18,train,18,19
17071-2022,17071,2022,18,train,18,19
17073-2020,17073,2020,18,train,18,19
17073-2022,17073,2022,18,train,18,19
17075-2019,17075,2019,18,train,18,19
17075-2020,17075,2020,18,train,18,19
17075-2021,17075,2021,18,train,18,19
17075-2022,17075,2022,18,train,18,19
17077-2019,17077,2019,18,train,18,19
17077-2020,17077,2020,18,train,18,19
17077-2021,17077,2021,18,train,18,19
17077-2022,17077,2022,18,train,18,19
17079-2019,17079,2019,18,train,18,19
17079-2020,17079,2020,18,train,18,19
17079-2022,17079,2022,18,train,18,19
17081-2019,17081,2019,18,train,18,19
17081-2021,17081,2021,18,train,18,19
17081-2022,17081,2022,18,train,18,19
17083-2020,17083,2020,18,train,18,19
17083-2022,17083,2022,18,train,18,19
17085-2020,17085,2020,18,train,18,19
17085-2022,17085,2022,18,train,18,19
17087-2020,17087,2020,18,train,18,19
17089-2019,17089,2019,18,train,18,19
17089-2020,17089,2020,18,train,18,19
17089-2022,17089,2022,18,train,18,19
17091-2020,17091,2020,18,train,18,19
17091-2022,17091,2022,18,train,18,19
17093-2019,17093,2019,18,train,18,19
17093-2020,17093,2020,18,train,18,19
17093-2022,17093,2022,18,train,18,19
17095-2020,17095,2020,18,train,18,19
17095-2022,17095,2022,18,train,18,19
17097-2019,17097,2019,18,train,18,19
17097-2020,17097,2020,18,train,18,19
17101-2019,17101,2019,18,train,18,19
17101-2020,17101,2020,18,train,18,19
17101-2022,17101,2022,18,train,18,19
17103-2019,17103,2019,18,train,18,19
17103-2020,17103,2020,18,train,18,19
17103-2022,17103,2022,18,train,18,19
17105-2019,17105,2019,18,train,18,19
17105-2020,17105,2020,18,train,18,19
17105-2021,17105,2021,18,train,18,19
17105-2022,17105,2022,18,train,18,19
17107-2020,17107,2020,18,train,18,19
17107-2021,17107,2021,18,train,18,19
17107-2022,17107,2022,18,train,18,19
17115-2020,17115,2020,18,train,18,19
17115-2021,17115,2021,18,train,18,19
17115-2022,17115,2022,18,train,18,19
17117-2020,17117,2020,18,train,18,19
17117-2021,17117,2021,18,train,18,19
17117-2022,17117,2022,18,train,18,19
17119-2019,17119,2019,18,train,18,19
17119-2020,17119,2020,18,train,18,19
17119-2021,17119,2021,18,train,18,19
17119-2022,17119,2022,18,train,18,19
17121-2019,17121,2019,18,train,18,19
17121-2020,17121,2020,18,train,18,19
17121-2021,17121,2021,18,train,18,19
17121-2022,17121,2022,18,train,18,19
17123-2019,17123,2019,18,train,18,19
17123-2020,17123,2020,18,train,18,19
17123-2021,17123,2021,18,train,18,19
17123-2022,17123,2022,18,train,18,19
17125-2020,17125,2020,18,train,18,19
17125-2021,17125,2021,18,train,18,19
17125-2022,17125,2022,18,train,18,19
17127-2019,17127,2019,18,train,18,19
17127-2020,17127,2020,18,train,18,19
17129-2021,17129,2021,18,train,18,19
17131-2020,17131,2020,18,train,18,19
17131-2022,17131,2022,18,train,18,19
17133-2019,17133,2019,18,train,18,19
17133-2020,17133,2020,18,train,18,19
17133-2022,17133,2022,18,train,18,19
17135-2020,17135,2020,18,train,18,19
17135-2021,17135,2021,18,train,18,19
17135-2022,17135,2022,18,train,18,19
17137-2019,17137,2019,18,train,18,19
17137-2020,17137,2020,18,train,18,19
17137-2022,17137,2022,18,train,18,19
17139-2021,17139,2021,18,train,18,19
17139-2022,17139,2022,18,train,18,19
17141-2019,17141,2019,18,train,18,19
17141-2020,17141,2020,18,train,18,19
17141-2022,17141,2022,18,train,18,19
17143-2019,17143,2019,18,train,18,19
17143-2020,17143,2020,18,train,18,19
17143-2021,17143,2021,18,train,18,19
17143-2022,17143,2022,18,train,18,19
17145-2020,17145,2020,18,train,18,19
17145-2022,17145,2022,18,train,18,19
17147-2021,17147,2021,18,train,18,19
17147-2022,17147,2022,18,train,18,19
17149-2020,17149,2020,18,train,18,19
17151-2020,17151,2020,18,train,18,19
17153-2019,17153,2019,18,train,18,19
17153-2020,17153,2020,18,train,18,19
17153-2021,17153,2021,18,train,18,19
17155-2020,17155,2020,18,train,18,19
17155-2021,17155,2021,18,train,18,19
17155-2022,17155,2022,18,train,18,19
17157-2019,17157,2019,18,train,18,19
17157-2020,17157,2020,18,train,18,19
17157-2021,17157,2021,18,train,18,19
17157-2022,17157,2022,18,train,18,19
17159-2020,17159,2020,18,train,18,19
17161-2020,17161,2020,18,train,18,19
17161-2022,17161,2022,18,train,18,19
17165-2020,17165,2020,18,train,18,19
17165-2021,17165,2021,18,train,18,19
17165-2022,17165,2022,18,train,18,19
17167-2021,17167,2021,18,train,18,19
17169-2020,17169,2020,18,train,18,19
17169-2022,17169,2022,18,train,18,19
17171-2020,17171,2020,18,train,18,19
17171-2022,17171,2022,18,train,18,19
17173-2021,17173,2021,18,train,18,19
17173-2022,17173,2022,18,train,18,19
17175-2019,17175,2019,18,train,18,19
17175-2020,17175,2020,18,train,18,19
17175-2021,17175,2021,18,train,18,19
17175-2022,17175,2022,18,train,18,19
17177-2019,17177,2019,18,train,18,19
17177-2020,17177,2020,18,train,18,19
17177-2021,17177,2021,18,train,18,19
17177-2022,17177,2022,18,train,18,19
17179-2020,17179,2020,18,train,18,19
17179-2021,17179,2021,18,train,18,19
17179-2022,17179,2022,18,train,18,19
17181-2019,17181,2019,18,train,18,19
17181-2020,17181,2020,18,train,18,19
17181-2021,17181,2021,18,train,18,19
17183-2020,17183,2020,18,train,18,19
17183-2021,17183,2021,18,train,18,19
17183-2022,17183,2022,18,train,18,19
17185-2019,17185,2019,18,train,18,19
17185-2020,17185,2020,18,train,18,19
17185-2022,17185,2022,18,train,18,19
17187-2020,17187,2020,18,train,18,19
17187-2022,17187,2022,18,train,18,19
17189-2019,17189,2019,18,train,18,19
17189-2020,17189,2020,18,train,18,19
17189-2021,17189,2021,18,train,18,19
17189-2022,17189,2022,18,train,18,19
17191-2020,17191,2020,18,train,18,19
17191-2022,17191,2022,18,train,18,19
17193-2019,17193,2019,18,train,18,19
17193-2020,17193,2020,18,train,18,19
17193-2021,17193,2021,18,train,18,19
17193-2022,17193,2022,18,train,18,19
17195-2019,17195,2019,18,train,18,19
17195-2020,17195,2020,18,train,18,19
17195-2022,17195,2022,18,train,18,19
17197-2020,17197,2020,18,train,18,19
17197-2022,17197,2022,18,train,18,19
17199-2019,17199,2019,18,train,18,19
17199-2020,17199,2020,18,train,18,19
17199-2022,17199,2022,18,train,18,19
17201-2019,17201,2019,18,train,18,19
17201-2020,17201,2020,18,train,18,19
17201-2021,17201,2021,18,train,18,19
17201-2022,17201,2022,18,train,18,19
17203-2019,17203,2019,18,train,18,19
17203-2020,17203,2020,18,train,18,19
17203-2021,17203,2021,18,train,18,19
17203-2022,17203,2022,18,train,18,19
18001-2019,18001,2019,18,test,18,19
18001-2020,18001,2020,18,test,18,19
18001-2022,18001,2022,18,test,18,19
18003-2019,18003,2019,18,test,18,19
18003-2020,18003,2020,18,test,18,19
18003-2022,18003,2022,18,test,18,19
18005-2022,18005,2022,18,test,18,19
18007-2019,18007,2019,18,test,18,19
18007-2020,18007,2020,18,test,18,19
18007-2021,18007,2021,18,test,18,19
18007-2022,18007,2022,18,test,18,19
18009-2022,18009,2022,18,test,18,19
18011-2019,18011,2019,18,test,18,19
18011-2020,18011,2020,18,test,18,19
18011-2021,18011,2021,18,test,18,19
18011-2022,18011,2022,18,test,18,19
18015-2019,18015,2019,18,test,18,19
18015-2020,18015,2020,18,test,18,19
18015-2022,18015,2022,18,test,18,19
18017-2020,18017,2020,18,test,18,19
18017-2022,18017,2022,18,test,18,19
18019-2020,18019,2020,18,test,18,19
18021-2020,18021,2020,18,test,18,19
18021-2021,18021,2021,18,test,18,19
18021-2022,18021,2022,18,test,18,19
18023-2020,18023,2020,18,test,18,19
18023-2021,18023,2021,18,test,18,19
18023-2022,18023,2022,18,test,18,19
18027-2019,18027,2019,18,test,18,19
18027-2020,18027,2020,18,test,18,19
18027-2021,18027,2021,18,test,18,19
18027-2022,18027,2022,18,test,18,19
18029-2019,18029,2019,18,test,18,19
18029-2020,18029,2020,18,test,18,19
18029-2022,18029,2022,18,test,18,19
18031-2019,18031,2019,18,test,18,19
18031-2020,18031,2020,18,test,18,19
18031-2022,18031,2022,18,test,18,19
18035-2022,18035,2022,18,test,18,19
18037-2022,18037,2022,18,test,18,19
18039-2019,18039,2019,18,test,18,19
18039-2020,18039,2020,18,test,18,19
18039-2021,18039,2021,18,test,18,19
18039-2022,18039,2022,18,test,18,19
18041-2019,18041,2019,18,test,18,19
18041-2020,18041,2020,18,test,18,19
18041-2021,18041,2021,18,test,18,19
18041-2022,18041,2022,18,test,18,19
18045-2020,18045,2020,18,test,18,19
18045-2022,18045,2022,18,test,18,19
18047-2019,18047,2019,18,test,18,19
18047-2020,18047,2020,18,test,18,19
18047-2022,18047,2022,18,test,18,19
18049-2019,18049,2019,18,test,18,19
18049-2020,18049,2020,18,test,18,19
18049-2021,18049,2021,18,test,18,19
18051-2019,18051,2019,18,test,18,19
18051-2020,18051,2020,18,test,18,19
18051-2022,18051,2022,18,test,18,19
18053-2020,18053,2020,18,test,18,19
18053-2022,18053,2022,18,test,18,19
18055-2019,18055,2019,18,test,18,19
18055-2020,18055,2020,18,test,18,19
18055-2021,18055,2021,18,test,18,19
18057-2022,18057,2022,18,test,18,19
18059-2020,18059,2020,18,test,18,19
18059-2022,18059,2022,18,test,18,19
18063-2019,18063,2019,18,test,18,19
18063-2020,18063,2020,18,test,18,19
18063-2021,18063,2021,18,test,18,19
18063-2022,18063,2022,18,test,18,19
18065-2022,18065,2022,18,test,18,19
18067-2020,18067,2020,18,test,18,19
18067-2022,18067,2022,18,test,18,19
18069-2022,18069,2022,18,test,18,19
18071-2022,18071,2022,18,test,18,19
18073-2020,18073,2020,18,test,18,19
18073-2022,18073,2022,18,test,18,19
18075-2019,18075,2019,18,test,18,19
18075-2020,18075,2020,18,test,18,19
18075-2022,18075,2022,18,test,18,19
18077-2019,18077,2019,18,test,18,19
18077-2020,18077,2020,18,test,18,19
18077-2022,18077,2022,18,test,18,19
18079-2022,18079,2022,18,test,18,19
18081-2022,18081,2022,18,test,18,19
18083-2020,18083,2020,18,test,18,19
18083-2022,18083,2022,18,test,18,19
18085-2022,18085,2022,18,test,18,19
18089-2020,18089,2020,18,test,18,19
18089-2022,18089,2022,18,test,18,19
18093-2022,18093,2022,18,test,18,19
18095-2022,18095,2022,18,test,18,19
18097-2020,18097,2020,18,test,18,19
18099-2019,18099,2019,18,test,18,19
18099-2020,18099,2020,18,test,18,19
18099-2021,18099,2021,18,test,18,19
18099-2022,18099,2022,18,test,18,19
18101-2022,18101,2022,18,test,18,19
18103-2020,18103,2020,18,test,18,19
18103-2022,18103,2022,18,test,18,19
18105-2022,18105,2022,18,test,18,19
18107-2019,18107,2019,18,test,18,19
18107-2020,18107,2020,18,test,18,19
18107-2021,18107,2021,18,test,18,19
18109-2022,18109,2022,18,test,18,19
18111-2019,18111,2019,18,test,18,19
18111-2020,18111,2020,18,test,18,19
18111-2021,18111,2021,18,test,18,19
18111-2022,18111,2022,18,test,18,19
18113-2020,18113,2020,18,test,18,19
18113-2022,18113,2022,18,test,18,19
18115-2019,18115,2019,18,test,18,19
18115-2020,18115,2020,18,test,18,19
18119-2020,18119,2020,18,test,18,19
18119-2021,18119,2021,18,test,18,19
18119-2022,18119,2022,18,test,18,19
18121-2019,18121,2019,18,test,18,19
18121-2020,18121,2020,18,test,18,19
18121-2022,18121,2022,18,test,18,19
18123-2022,18123,2022,18,test,18,19
18125-2020,18125,2020,18,test,18,19
18125-2022,18125,2022,18,test,18,19
18127-2019,18127,2019,18,test,18,19
18127-2020,18127,2020,18,test,18,19
18127-2021,18127,2021,18,test,18,19
18127-2022,18127,2022,18,test,18,19
18129-2019,18129,2019,18,test,18,19
18129-2020,18129,2020,18,test,18,19
18129-2021,18129,2021,18,test,18,19
18129-2022,18129,2022,18,test,18,19
18131-2019,18131,2019,18,test,18,19
18131-2020,18131,2020,18,test,18,19
18131-2022,18131,2022,18,test,18,19
18133-2019,18133,2019,18,test,18,19
18133-2020,18133,2020,18,test,18,19
18133-2021,18133,2021,18,test,18,19
18133-2022,18133,2022,18,test,18,19
18135-2019,18135,2019,18,test,18,19
18135-2020,18135,2020,18,test,18,19
18135-2022,18135,2022,18,test,18,19
18137-2020,18137,2020,18,test,18,19
18137-2022,18137,2022,18,test,18,19
18139-2022,18139,2022,18,test,18,19
18141-2019,18141,2019,18,test,18,19
18141-2020,18141,2020,18,test,18,19
18141-2021,18141,2021,18,test,18,19
18141-2022,18141,2022,18,test,18,19
18143-2022,18143,2022,18,test,18,19
18145-2020,18145,2020,18,test,18,19
18145-2022,18145,2022,18,test,18,19
18147-2020,18147,2020,18,test,18,19
18149-2019,18149,2019,18,test,18,19
18149-2020,18149,2020,18,test,18,19
18149-2022,18149,2022,18,test,18,19
18151-2020,18151,2020,18,test,18,19
18151-2022,18151,2022,18,test,18,19
18153-2019,18153,2019,18,test,18,19
18153-2020,18153,2020,18,test,18,19
18153-2022,18153,2022,18,test,18,19
18155-2019,18155,2019,18,test,18,19
18155-2020,18155,2020,18,test,18,19
18157-2019,18157,2019,18,test,18,19
18157-2020,18157,2020,18,test,18,19
18157-2021,18157,2021,18,test,18,19
18157-2022,18157,2022,18,test,18,19
18159-2022,18159,2022,18,test,18,19
18161-2019,18161,2019,18,test,18,19
18161-2020,18161,2020,18,test,18,19
18161-2021,18161,2021,18,test,18,19
18161-2022,18161,2022,18,test,18,19
18163-2019,18163,2019,18,test,18,19
18163-2020,18163,2020,18,test,18,19
18163-2021,18163,2021,18,test,18,19
18163-2022,18163,2022,18,test,18,19
18165-2019,18165,2019,18,test,18,19
18165-2020,18165,2020,18,test,18,19
18165-2021,18165,2021,18,test,18,19
18165-2022,18165,2022,18,test,18,19
18167-2019,18167,2019,18,test,18,19
18167-2020,18167,2020,18,test,18,19
18167-2022,18167,2022,18,test,18,19
18169-2022,18169,2022,18,test,18,19
18171-2019,18171,2019,18,test,18,19
18171-2020,18171,2020,18,test,18,19
18171-2021,18171,2021,18,test,18,19
18173-2019,18173,2019,18,test,18,19
18173-2020,18173,2020,18,test,18,19
18173-2022,18173,2022,18,test,18,19
18177-2019,18177,2019,18,test,18,19
18177-2020,18177,2020,18,test,18,19
18177-2021,18177,2021,18,test,18,19
18177-2022,18177,2022,18,test,18,19
18179-2022,18179,2022,18,test,18,19
18181-2019,18181,2019,18,test,18,19
18181-2020,18181,2020,18,test,18,19
18181-2022,18181,2022,18,test,18,19
18183-2022,18183,2022,18,test,18,19
19001-2019,19001,2019,18,val,18,19
19001-2020,19001,2020,18,val,18,19
19001-2022,19001,2022,18,val,18,19
19003-2020,19003,2020,18,val,18,19
19005-2019,19005,2019,18,val,18,19
19005-2020,19005,2020,18,val,18,19
19005-2021,19005,2021,18,val,18,19
19005-2022,19005,2022,18,val,18,19
19007-2020,19007,2020,18,val,18,19
19007-2021,19007,2021,18,val,18,19
19007-2022,19007,2022,18,val,18,19
19009-2019,19009,2019,18,val,18,19
19009-2020,19009,2020,18,val,18,19
19009-2021,19009,2021,18,val,18,19
19009-2022,19009,2022,18,val,18,19
19011-2019,19011,2019,18,val,18,19
19011-2020,19011,2020,18,val,18,19
19011-2021,19011,2021,18,val,18,19
19011-2022,19011,2022,18,val,18,19
19013-2020,19013,2020,18,val,18,19
19013-2022,19013,2022,18,val,18,19
19015-2019,19015,2019,18,val,18,19
19015-2020,19015,2020,18,val,18,19
19015-2021,19015,2021,18,val,18,19
19015-2022,19015,2022,18,val,18,19
19017-2022,19017,2022,18,val,18,19
19019-2019,19019,2019,18,val,18,19
19019-2020,19019,2020,18,val,18,19
19019-2021,19019,2021,18,val,18,19
19019-2022,19019,2022,18,val,18,19
19021-2019,19021,2019,18,val,18,19
19021-2020,19021,2020,18,val,18,19
19021-2022,19021,2022,18,val,18,19
19023-2021,19023,2021,18,val,18,19
19023-2022,19023,2022,18,val,18,19
19025-2019,19025,2019,18,val,18,19
19025-2020,19025,2020,18,val,18,19
19025-2021,19025,2021,18,val,18,19
19025-2022,19025,2022,18,val,18,19
19027-2020,19027,2020,18,val,18,19
19027-2022,19027,2022,18,val,18,19
19029-2019,19029,2019,18,val,18,19
19029-2020,19029,2020,18,val,18,19
19029-2021,19029,2021,18,val,18,19
19029-2022,19029,2022,18,val,18,19
19031-2020,19031,2020,18,val,18,19
19031-2022,19031,2022,18,val,18,19
19033-2019,19033,2019,18,val,18,19
19033-2020,19033,2020,18,val,18,19
19033-2021,19033,2021,18,val,18,19
19033-2022,19033,2022,18,val,18,19
19035-2019,19035,2019,18,val,18,19
19035-2020,19035,2020,18,val,18,19
19035-2022,19035,2022,18,val,18,19
19037-2022,19037,2022,18,val,18,19
19039-2020,19039,2020,18,val,18,19
19041-2019,19041,2019,18,val,18,19
19041-2020,19041,2020,18,val,18,19
19041-2022,19041,2022,18,val,18,19
19043-2020,19043,2020,18,val,18,19
19043-2021,19043,2021,18,val,18,19
19043-2022,19043,2022,18,val,18,19
19045-2020,19045,2020,18,val,18,19
19045-2022,19045,2022,18,val,18,19
19047-2019,19047,2019,18,val,18,19
19047-2020,19047,2020,18,val,18,19
19047-2022,19047,2022,18,val,18,19
19049-2019,19049,2019,18,val,18,19
19049-2020,19049,2020,18,val,18,19
19049-2021,19049,2021,18,val,18,19
19049-2022,19049,2022,18,val,18,19
19051-2019,19051,2019,18,val,18,19
19051-2020,19051,2020,18,val,18,19
19051-2021,19051,2021,18,val,18,19
19051-2022,19051,2022,18,val,18,19
19053-2020,19053,2020,18,val,18,19
19053-2022,19053,2022,18,val,18,19
19055-2020,19055,2020,18,val,18,19
19055-2021,19055,2021,18,val,18,19
19055-2022,19055,2022,18,val,18,19
19057-2019,19057,2019,18,val,18,19
19057-2020,19057,2020,18,val,18,19
19057-2022,19057,2022,18,val,18,19
19059-2019,19059,2019,18,val,18,19
19059-2020,19059,2020,18,val,18,19
19059-2021,19059,2021,18,val,18,19
19059-2022,19059,2022,18,val,18,19
19061-2020,19061,2020,18,val,18,19
19061-2021,19061,2021,18,val,18,19
19061-2022,19061,2022,18,val,18,19
19063-2022,19063,2022,18,val,18,19
19065-2020,19065,2020,18,val,18,19
19065-2021,19065,2021,18,val,18,19
19065-2022,19065,2022,18,val,18,19
19067-2019,19067,2019,18,val,18,19
19067-2020,19067,2020,18,val,18,19
19067-2021,19067,2021,18,val,18,19
19067-2022,19067,2022,18,val,18,19
19069-2019,19069,2019,18,val,18,19
19069-2020,19069,2020,18,val,18,19
19069-2021,19069,2021,18,val,18,19
19069-2022,19069,2022,18,val,18,19
19071-2020,19071,2020,18,val,18,19
19071-2022,19071,2022,18,val,18,19
19073-2019,19073,2019,18,val,18,19
19073-2020,19073,2020,18,val,18,19
19073-2021,19073,2021,18,val,18,19
19073-2022,19073,2022,18,val,18,19
19075-2020,19075,2020,18,val,18,19
19075-2021,19075,2021,18,val,18,19
19075-2022,19075,2022,18,val,18,19
19077-2019,19077,2019,18,val,18,19
19077-2020,19077,2020,18,val,18,19
19077-2021,19077,2021,18,val,18,19
19077-2022,19077,2022,18,val,18,19
19079-2019,19079,2019,18,val,18,19
19079-2020,19079,2020,18,val,18,19
19079-2022,19079,2022,18,val,18,19
19081-2019,19081,2019,18,val,18,19
19081-2020,19081,2020,18,val,18,19
19081-2021,19081,2021,18,val,18,19
19081-2022,19081,2022,18,val,18,19
19083-2019,19083,2019,18,val,18,19
19083-2020,19083,2020,18,val,18,19
19083-2021,19083,2021,18,val,18,19
19083-2022,19083,2022,18,val,18,19
19085-2020,19085,2020,18,val,18,19
19085-2022,19085,2022,18,val,18,19
19087-2019,19087,2019,18,val,18,19
19087-2020,19087,2020,18,val,18,19
19087-2021,19087,2021,18,val,18,19
19087-2022,19087,2022,18,val,18,19
19089-2020,19089,2020,18,val,18,19
19089-2022,19089,2022,18,val,18,19
19091-2019,19091,2019,18,val,18,19
19091-2020,19091,2020,18,val,18,19
19091-2021,19091,2021,18,val,18,19
19091-2022,19091,2022,18,val,18,19
19093-2020,19093,2020,18,val,18,19
19093-2021,19093,2021,18,val,18,19
19093-2022,19093,2022,18,val,18,19
19095-2019,19095,2019,18,val,18,19
19095-2020,19095,2020,18,val,18,19
19095-2022,19095,2022,18,val,18,19
19097-2020,19097,2020,18,val,18,19
19097-2021,19097,2021,18,val,18,19
19097-2022,19097,2022,18,val,18,19
19099-2021,19099,2021,18,val,18,19
19099-2022,19099,2022,18,val,18,19
19101-2019,19101,2019,18,val,18,19
19101-2020,19101,2020,18,val,18,19
19101-2021,19101,2021,18,val,18,19
19101-2022,19101,2022,18,val,18,19
19103-2019,19103,2019,18,val,18,19
19103-2020,19103,2020,18,val,18,19
19103-2022,19103,2022,18,val,18,19
19105-2020,19105,2020,18,val,18,19
19105-2022,19105,2022,18,val,18,19
19107-2019,19107,2019,18,val,18,19
19107-2020,19107,2020,18,val,18,19
19107-2021,19107,2021,18,val,18,19
19107-2022,19107,2022,18,val,18,19
19109-2019,19109,2019,18,val,18,19
19109-2020,19109,2020,18,val,18,19
19109-2021,19109,2021,18,val,18,19
19109-2022,19109,2022,18,val,18,19
19111-2019,19111,2019,18,val,18,19
19111-2020,19111,2020,18,val,18,19
19111-2021,19111,2021,18,val,18,19
19111-2022,19111,2022,18,val,18,19
19113-2019,19113,2019,18,val,18,19
19113-2020,19113,2020,18,val,18,19
19113-2022,19113,2022,18,val,18,19
19115-2019,19115,2019,18,val,18,19
19115-2020,19115,2020,18,val,18,19
19115-2022,19115,2022,18,val,18,19
19117-2021,19117,2021,18,val,18,19
19117-2022,19117,2022,18,val,18,19
19119-2019,19119,2019,18,val,18,19
19119-2020,19119,2020,18,val,18,19
19119-2021,19119,2021,18,val,18,19
19119-2022,19119,2022,18,val,18,19
19121-2019,19121,2019,18,val,18,19
19121-2020,19121,2020,18,val,18,19
19121-2021,19121,2021,18,val,18,19
19121-2022,19121,2022,18,val,18,19
19123-2021,19123,2021,18,val,18,19
19123-2022,19123,2022,18,val,18,19
19125-2021,19125,2021,18,val,18,19
19125-2022,19125,2022,18,val,18,19
19127-2021,19127,2021,18,val,18,19
19127-2022,19127,2022,18,val,18,19
19129-2020,19129,2020,18,val,18,19
19129-2022,19129,2022,18,val,18,19
19131-2019,19131,2019,18,val,18,19
19131-2020,19131,2020,18,val,18,19
19131-2021,19131,2021,18,val,18,19
19131-2022,19131,2022,18,val,18,19
19133-2019,19133,2019,18,val,18,19
19133-2022,19133,2022,18,val,18,19
19135-2021,19135,2021,18,val,18,19
19135-2022,19135,2022,18,val,18,19
19137-2020,19137,2020,18,val,18,19
19137-2022,19137,2022,18,val,18,19
19139-2020,19139,2020,18,val,18,19
19139-2022,19139,2022,18,val,18,19
19143-2019,19143,2019,18,val,18,19
19143-2020,19143,2020,18,val,18,19
19143-2021,19143,2021,18,val,18,19
19143-2022,19143,2022,18,val,18,19
19145-2019,19145,2019,18,val,18,19
19145-2020,19145,2020,18,val,18,19
19145-2021,19145,2021,18,val,18,19
19145-2022,19145,2022,18,val,18,19
19147-2019,19147,2019,18,val,18,19
19147-2022,19147,2022,18,val,18,19
19149-2019,19149,2019,18,val,18,19
19149-2021,19149,2021,18,val,18,19
19149-2022,19149,2022,18,val,18,19
19151-2022,19151,2022,18,val,18,19
19153-2019,19153,2019,18,val,18,19
19153-2020,19153,2020,18,val,18,19
19153-2021,19153,2021,18,val,18,19
19153-2022,19153,2022,18,val,18,19
19155-2020,19155,2020,18,val,18,19
19155-2022,19155,2022,18,val,18,19
19157-2021,19157,2021,18,val,18,19
19157-2022,19157,2022,18,val,18,19
19159-2020,19159,2020,18,val,18,19
19159-2021,19159,2021,18,val,18,19
19159-2022,19159,2022,18,val,18,19
19161-2019,19161,2019,18,val,18,19
19161-2020,19161,2020,18,val,18,19
19161-2022,19161,2022,18,val,18,19
19163-2020,19163,2020,18,val,18,19
19163-2022,19163,2022,18,val,18,19
19165-2019,19165,2019,18,val,18,19
19165-2020,19165,2020,18,val,18,19
19165-2022,19165,2022,18,val,18,19
19167-2019,19167,2019,18,val,18,19
19167-2020,19167,2020,18,val,18,19
19167-2021,19167,2021,18,val,18,19
19167-2022,19167,2022,18,val,18,19
19169-2019,19169,2019,18,val,18,19
19169-2020,19169,2020,18,val,18,19
19169-2021,19169,2021,18,val,18,19
19169-2022,19169,2022,18,val,18,19
19171-2022,19171,2022,18,val,18,19
19173-2020,19173,2020,18,val,18,19
19173-2021,19173,2021,18,val,18,19
19173-2022,19173,2022,18,val,18,19
19175-2020,19175,2020,18,val,18,19
19175-2021,19175,2021,18,val,18,19
19175-2022,19175,2022,18,val,18,19
19177-2019,19177,2019,18,val,18,19
19177-2020,19177,2020,18,val,18,19
19177-2021,19177,2021,18,val,18,19
19177-2022,19177,2022,18,val,18,19
19179-2019,19179,2019,18,val,18,19
19179-2020,19179,2020,18,val,18,19
19179-2021,19179,2021,18,val,18,19
19179-2022,19179,2022,18,val,18,19
19181-2020,19181,2020,18,val,18,19
19181-2022,19181,2022,18,val,18,19
19183-2019,19183,2019,18,val,18,19
19183-2020,19183,2020,18,val,18,19
19183-2022,19183,2022,18,val,18,19
19185-2021,19185,2021,18,val,18,19
19187-2019,19187,2019,18,val,18,19
19187-2020,19187,2020,18,val,18,19
19187-2021,19187,2021,18,val,18,19
19187-2022,19187,2022,18,val,18,19
19189-2019,19189,2019,18,val,18,19
19189-2020,19189,2020,18,val,18,19
19189-2021,19189,2021,18,val,18,19
19189-2022,19189,2022,18,val,18,19
19191-2019,19191,2019,18,val,18,19
19191-2020,19191,2020,18,val,18,19
19191-2021,19191,2021,18,val,18,19
19191-2022,19191,2022,18,val,18,19
19193-2019,19193,2019,18,val,18,19
19193-2020,19193,2020,18,val,18,19
19193-2021,19193,2021,18,val,18,19
19193-2022,19193,2022,18,val,18,19
19195-2019,19195,2019,18,val,18,19
19195-2020,19195,2020,18,val,18,19
19195-2021,19195,2021,18,val,18,19
19195-2022,19195,2022,18,val,18,19
19197-2019,19197,2019,18,val,18,19
19197-2020,19197,2020,18,val,18,19
19197-2021,19197,2021,18,val,18,19
19197-2022,19197,2022,18,val,18,19
20001-2020,20001,2020,18,train,18,19
20001-2021,20001,2021,18,train,18,19
20003-2019,20003,2019,18,train,18,19
20003-2020,20003,2020,18,train,18,19
20003-2021,20003,2021,18,train,18,19
20005-2020,20005,2020,18,train,18,19
20005-2021,20005,2021,18,train,18,19
20005-2022,20005,2022,18,train,18,19
20009-2020,20009,2020,18,train,18,19
20011-2020,20011,2020,18,train,18,19
20011-2021,20011,2021,18,train,18,19
20013-2019,20013,2019,18,train,18,19
20013-2020,20013,2020,18,train,18,19
20013-2022,20013,2022,18,train,18,19
20015-2020,20015,2020,18,train,18,19
20015-2021,20015,2021,18,train,18,19
20017-2020,20017,2020,18,train,18,19
20017-2021,20017,2021,18,train,18,19
20021-2019,20021,2019,18,train,18,19
20023-2020,20023,2020,18,train,18,19
20023-2021,20023,2021,18,train,18,19
20027-2019,20027,2019,18,train,18,19
20027-2020,20027,2020,18,train,18,19
20027-2022,20027,2022,18,train,18,19
20029-2020,20029,2020,18,train,18,19
20029-2021,20029,2021,18,train,18,19
20029-2022,20029,2022,18,train,18,19
20031-2019,20031,2019,18,train,18,19
20031-2020,20031,2020,18,train,18,19
20035-2019,20035,2019,18,train,18,19
20035-2020,20035,2020,18,train,18,19
20035-2021,20035,2021,18,train,18,19
20037-2020,20037,2020,18,train,18,19
20037-2021,20037,2021,18,train,18,19
20039-2020,20039,2020,18,train,18,19
20041-2020,20041,2020,18,train,18,19
20041-2021,20041,2021,18,train,18,19
20043-2020,20043,2020,18,train,18,19
20043-2021,20043,2021,18,train,18,19
20043-2022,20043,2022,18,train,18,19
20045-2019,20045,2019,18,train,18,19
20045-2020,20045,2020,18,train,18,19
20045-2021,20045,2021,18,train,18,19
20047-2019,20047,2019,18,train,18,19
20047-2020,20047,2020,18,train,18,19
20049-2019,20049,2019,18,train,18,19
20053-2019,20053,2019,18,train,18,19
20053-2020,20053,2020,18,train,18,19
20053-2021,20053,2021,18,train,18,19
20055-2019,20055,2019,18,train,18,19
20055-2020,20055,2020,18,train,18,19
20057-2019,20057,2019,18,train,18,19
20057-2020,20057,2020,18,train,18,19
20057-2021,20057,2021,18,train,18,19
20059-2019,20059,2019,18,train,18,19
20059-2020,20059,2020,18,train,18,19
20061-2020,20061,2020,18,train,18,19
20063-2020,20063,2020,18,train,18,19
20063-2021,20063,2021,18,train,18,19
20065-2020,20065,2020,18,train,18,19
20065-2021,20065,2021,18,train,18,19
20067-2019,20067,2019,18,train,18,19
20067-2020,20067,2020,18,train,18,19
20067-2021,20067,2021,18,train,18,19
20069-2020,20069,2020,18,train,18,19
20069-2021,20069,2021,18,train,18,19
20071-2019,20071,2019,18,train,18,19
20071-2020,20071,2020,18,train,18,19
20071-2021,20071,2021,18,train,18,19
20075-2019,20075,2019,18,train,18,19
20079-2019,20079,2019,18,train,18,19
20079-2020,20079,2020,18,train,18,19
20079-2021,20079,2021,18,train,18,19
20081-2019,20081,2019,18,train,18,19
20081-2020,20081,2020,18,train,18,19
20081-2021,20081,2021,18,train,18,19
20083-2020,20083,2020,18,train,18,19
20085-2019,20085,2019,18,train,18,19
20085-2020,20085,2020,18,train,18,19
20087-2019,20087,2019,18,train,18,19
20087-2020,20087,2020,18,train,18,19
20087-2021,20087,2021,18,train,18,19
20089-2020,20089,2020,18,train,18,19
20095-2019,20095,2019,18,train,18,19
20095-2020,20095,2020,18,train,18,19
20095-2021,20095,2021,18,train,18,19
20097-2020,20097,2020,18,train,18,19
20099-2020,20099,2020,18,train,18,19
20099-2021,20099,2021,18,train,18,19
20101-2020,20101,2020,18,train,18,19
20101-2021,20101,2021,18,train,18,19
20103-2019,20103,2019,18,train,18,19
20103-2020,20103,2020,18,train,18,19
20103-2021,20103,2021,18,train,18,19
20105-2019,20105,2019,18,train,18,19
20107-2020,20107,2020,18,train,18,19
20109-2020,20109,2020,18,train,18,19
20109-2021,20109,2021,18,train,18,19
20111-2019,20111,2019,18,train,18,19
20115-2019,20115,2019,18,train,18,19
20115-2020,20115,2020,18,train,18,19
20115-2021,20115,2021,18,train,18,19
20117-2019,20117,2019,18,train,18,19
20117-2022,20117,2022,18,train,18,19
20119-2020,20119,2020,18,train,18,19
20119-2021,20119,2021,18,train,18,19
20121-2019,20121,2019,18,train,18,19
20121-2020,20121,2020,18,train,18,19
20123-2019,20123,2019,18,train,18,19
20123-2020,20123,2020,18,train,18,19
20123-2021,20123,2021,18,train,18,19
20125-2019,20125,2019,18,train,18,19
20125-2020,20125,2020,18,train,18,19
20127-2019,20127,2019,18,train,18,19
20127-2020,20127,2020,18,train,18,19
20127-2021,20127,2021,18,train,18,19
20129-2019,20129,2019,18,train,18,19
20129-2020,20129,2020,18,train,18,19
20129-2021,20129,2021,18,train,18,19
20131-2020,20131,2020,18,train,18,19
20133-2019,20133,2019,18,train,18,19
20133-2020,20133,2020,18,train,18,19
20133-2021,20133,2021,18,train,18,19
20135-2019,20135,2019,18,train,18,19
20135-2020,20135,2020,18,train,18,19
20135-2021,20135,2021,18,train,18,19
20137-2020,20137,2020,18,train,18,19
20137-2021,20137,2021,18,train,18,19
20137-2022,20137,2022,18,train,18,19
20139-2019,20139,2019,18,train,18,19
20139-2020,20139,2020,18,train,18,19
20141-2020,20141,2020,18,train,18,19
20143-2020,20143,2020,18,train,18,19
20145-2020,20145,2020,18,train,18,19
20147-2020,20147,2020,18,train,18,19
20147-2021,20147,2021,18,train,18,19
20147-2022,20147,2022,18,train,18,19
20149-2019,20149,2019,18,train,18,19
20151-2020,20151,2020,18,train,18,19
20153-2019,20153,2019,18,train,18,19
20153-2020,20153,2020,18,train,18,19
20153-2021,20153,2021,18,train,18,19
20155-2019,20155,2019,18,train,18,19
20155-2020,20155,2020,18,train,18,19
20155-2021,20155,2021,18,train,18,19
20157-2020,20157,2020,18,train,18,19
20157-2021,20157,2021,18,train,18,19
20157-2022,20157,2022,18,train,18,19
20159-2020,20159,2020,18,train,18,19
20161-2019,20161,2019,18,train,18,19
20161-2020,20161,2020,18,train,18,19
20161-2022,20161,2022,18,train,18,19
20163-2019,20163,2019,18,train,18,19
20163-2020,20163,2020,18,train,18,19
20169-2020,20169,2020,18,train,18,19
20169-2021,20169,2021,18,train,18,19
20171-2019,20171,2019,18,train,18,19
20171-2020,20171,2020,18,train,18,19
20173-2019,20173,2019,18,train,18,19
20173-2020,20173,2020,18,train,18,19
20175-2020,20175,2020,18,train,18,19
20175-2021,20175,2021,18,train,18,19
20177-2019,20177,2019,18,train,18,19
20177-2020,20177,2020,18,train,18,19
20177-2021,20177,2021,18,train,18,19
20179-2021,20179,2021,18,train,18,19
20181-2019,20181,2019,18,train,18,19
20181-2020,20181,2020,18,train,18,19
20181-2021,20181,2021,18,train,18,19
20183-2020,20183,2020,18,train,18,19
20183-2021,20183,2021,18,train,18,19
20183-2022,20183,2022,18,train,18,19
20185-2020,20185,2020,18,train,18,19
20187-2019,20187,2019,18,train,18,19
20187-2020,20187,2020,18,train,18,19
20189-2020,20189,2020,18,train,18,19
20189-2021,20189,2021,18,train,18,19
20191-2019,20191,2019,18,train,18,19
20191-2020,20191,2020,18,train,18,19
20191-2021,20191,2021,18,train,18,19
20193-2020,20193,2020,18,train,18,19
20195-2020,20195,2020,18,train,18,19
20195-2021,20195,2021,18,train,18,19
20197-2019,20197,2019,18,train,18,19
20201-2020,20201,2020,18,train,18,19
20201-2022,20201,2022,18,train,18,19
20203-2019,20203,2019,18,train,18,19
20203-2020,20203,2020,18,train,18,19
20203-2021,20203,2021,18,train,18,19
20205-2019,20205,2019,18,train,18,19
20205-2020,20205,2020,18,train,18,19
20207-2020,20207,2020,18,train,18,19
21001-2019,21001,2019,18,train,18,19
21001-2020,21001,2020,18,train,18,19
21007-2020,21007,2020,18,train,18,19
21007-2021,21007,2021,18,train,18,19
21009-2020,21009,2020,18,train,18,19
21031-2020,21031,2020,18,train,18,19
21033-2019,21033,2019,18,train,18,19
21033-2020,21033,2020,18,train,18,19
21033-2021,21033,2021,18,train,18,19
21035-2020,21035,2020,18,train,18,19
21035-2021,21035,2021,18,train,18,19
21039-2020,21039,2020,18,train,18,19
21039-2021,21039,2021,18,train,18,19
21047-2019,21047,2019,18,train,18,19
21047-2020,21047,2020,18,train,18,19
21047-2021,21047,2021,18,train,18,19
21055-2020,21055,2020,18,train,18,19
21055-2021,21055,2021,18,train,18,19
21059-2020,21059,2020,18,train,18,19
21059-2022,21059,2022,18,train,18,19
21075-2019,21075,2019,18,train,18,19
21075-2020,21075,2020,18,train,18,19
21075-2021,21075,2021,18,train,18,19
21083-2020,21083,2020,18,train,18,19
21091-2020,21091,2020,18,train,18,19
21093-2019,21093,2019,18,train,18,19
21093-2020,21093,2020,18,train,18,19
21099-2020,21099,2020,18,train,18,19
21101-2019,21101,2019,18,train,18,19
21101-2020,21101,2020,18,train,18,19
21101-2022,21101,2022,18,train,18,19
21103-2020,21103,2020,18,train,18,19
21105-2019,21105,2019,18,train,18,19
21105-2020,21105,2020,18,train,18,19
21105-2021,21105,2021,18,train,18,19
21107-2020,21107,2020,18,train,18,19
21123-2020,21123,2020,18,train,18,19
21139-2019,21139,2019,18,train,18,19
21139-2020,21139,2020,18,train,18,19
21139-2021,21139,2021,18,train,18,19
21141-2020,21141,2020,18,train,18,19
21143-2019,21143,2019,18,train,18,19
21157-2019,21157,2019,18,train,18,19
21157-2020,21157,2020,18,train,18,19
21157-2021,21157,2021,18,train,18,19
21167-2021,21167,2021,18,train,18,19
21169-2020,21169,2020,18,train,18,19
21177-2020,21177,2020,18,train,18,19
21183-2020,21183,2020,18,train,18,19
21211-2020,21211,2020,18,train,18,19
21213-2020,21213,2020,18,train,18,19
21215-2020,21215,2020,18,train,18,19
21219-2020,21219,2020,18,train,18,19
21221-2019,21221,2019,18,train,18,19
21221-2020,21221,2020,18,train,18,19
21221-2021,21221,2021,18,train,18,19
21223-2020,21223,2020,18,train,18,19
21225-2019,21225,2019,18,train,18,19
21225-2020,21225,2020,18,train,18,19
21225-2021,21225,2021,18,train,18,19
21225-2022,21225,2022,18,train,18,19
21227-2020,21227,2020,18,train,18,19
21229-2020,21229,2020,18,train,18,19
21233-2019,21233,2019,18,train,18,19
21233-2020,21233,2020,18,train,18,19
21233-2021,21233,2021,18,train,18,19
26005-2019,26005,2019,18,train,18,19
26005-2020,26005,2020,18,train,18,19
26007-2019,26007,2019,18,train,18,19
26007-2021,26007,2021,18,train,18,19
26011-2019,26011,2019,18,train,18,19
26011-2020,26011,2020,18,train,18,19
26015-2020,26015,2020,18,train,18,19
26021-2020,26021,2020,18,train,18,19
26021-2022,26021,2022,18,train,18,19
26023-2020,26023,2020,18,train,18,19
26023-2022,26023,2022,18,train,18,19
26025-2020,26025,2020,18,train,18,19
26027-2019,26027,2019,18,train,18,19
26027-2020,26027,2020,18,train,18,19
26027-2022,26027,2022,18,train,18,19
26037-2020,26037,2020,18,train,18,19
26045-2020,26045,2020,18,train,18,19
26049-2019,26049,2019,18,train,18,19
26049-2020,26049,2020,18,train,18,19
26051-2020,26051,2020,18,train,18,19
26059-2019,26059,2019,18,train,18,19
26059-2020,26059,2020,18,train,18,19
26059-2022,26059,2022,18,train,18,19
26063-2020,26063,2020,18,train,18,19
26065-2019,26065,2019,18,train,18,19
26065-2020,26065,2020,18,train,18,19
26067-2020,26067,2020,18,train,18,19
26069-2019,26069,2019,18,train,18,19
26069-2020,26069,2020,18,train,18,19
26069-2021,26069,2021,18,train,18,19
26075-2019,26075,2019,18,train,18,19
26075-2020,26075,2020,18,train,18,19
26077-2019,26077,2019,18,train,18,19
26077-2020,26077,2020,18,train,18,19
26081-2019,26081,2019,18,train,18,19
26081-2020,26081,2020,18,train,18,19
26087-2019,26087,2019,18,train,18,19
26087-2020,26087,2020,18,train,18,19
26091-2019,26091,2019,18,train,18,19
26091-2020,26091,2020,18,train,18,19
26099-2020,26099,2020,18,train,18,19
26105-2019,26105,2019,18,train,18,19
26105-2020,26105,2020,18,train,18,19
26107-2020,26107,2020,18,train,18,19
26109-2019,26109,2019,18,train,18,19
26109-2020,26109,2020,18,train,18,19
26115-2019,26115,2019,18,train,18,19
26115-2020,26115,2020,18,train,18,19
26117-2020,26117,2020,18,train,18,19
26121-2020,26121,2020,18,train,18,19
26123-2019,26123,2019,18,train,18,19
26123-2020,26123,2020,18,train,18,19
26127-2019,26127,2019,18,train,18,19
26127-2020,26127,2020,18,train,18,19
26129-2020,26129,2020,18,train,18,19
26139-2020,26139,2020,18,train,18,19
26141-2019,26141,2019,18,train,18,19
26141-2021,26141,2021,18,train,18,19
26151-2019,26151,2019,18,train,18,19
26151-2020,26151,2020,18,train,18,19
26157-2019,26157,2019,18,train,18,19
26157-2020,26157,2020,18,train,18,19
26159-2020,26159,2020,18,train,18,19
26161-2019,26161,2019,18,train,18,19
26161-2020,26161,2020,18,train,18,19
26165-2020,26165,2020,18,train,18,19
27001-2020,27001,2020,18,train,18,19
27005-2019,27005,2019,18,train,18,19
27005-2020,27005,2020,18,train,18,19
27005-2021,27005,2021,18,train,18,19
27007-2020,27007,2020,18,train,18,19
27007-2021,27007,2021,18,train,18,19
27011-2020,27011,2020,18,train,18,19
27011-2021,27011,2021,18,train,18,19
27013-2019,27013,2019,18,train,18,19
27013-2020,27013,2020,18,train,18,19
27013-2021,27013,2021,18,train,18,19
27015-2019,27015,2019,18,train,18,19
27015-2020,27015,2020,18,train,18,19
27015-2021,27015,2021,18,train,18,19
27019-2020,27019,2020,18,train,18,19
27023-2019,27023,2019,18,train,18,19
27023-2021,27023,2021,18,train,18,19
27025-2019,27025,2019,18,train,18,19
27025-2020,27025,2020,18,train,18,19
27027-2021,27027,2021,18,train,18,19
27029-2019,27029,2019,18,train,18,19
27029-2020,27029,2020,18,train,18,19
27029-2021,27029,2021,18,train,18,19
27033-2019,27033,2019,18,train,18,19
27033-2020,27033,2020,18,train,18,19
27033-2021,27033,2021,18,train,18,19
27035-2020,27035,2020,18,train,18,19
27035-2021,27035,2021,18,train,18,19
27037-2020,27037,2020,18,train,18,19
27039-2020,27039,2020,18,train,18,19
27041-2020,27041,2020,18,train,18,19
27041-2021,27041,2021,18,train,18,19
27043-2020,27043,2020,18,train,18,19
27043-2021,27043,2021,18,train,18,19
27043-2022,27043,2022,18,train,18,19
27045-2020,27045,2020,18,train,18,19
27045-2022,27045,2022,18,train,18,19
27047-2020,27047,2020,18,train,18,19
27047-2021,27047,2021,18,train,18,19
27047-2022,27047,2022,18,train,18,19
27049-2020,27049,2020,18,train,18,19
27049-2021,27049,2021,18,train,18,19
27051-2019,27051,2019,18,train,18,19
27051-2020,27051,2020,18,train,18,19
27051-2021,27051,2021,18,train,18,19
27053-2019,27053,2019,18,train,18,19
27053-2020,27053,2020,18,train,18,19
27055-2019,27055,2019,18,train,18,19
27055-2020,27055,2020,18,train,18,19
27055-2021,27055,2021,18,train,18,19
27055-2022,27055,2022,18,train,18,19
27057-2020,27057,2020,18,train,18,19
27057-2021,27057,2021,18,train,18,19
27059-2019,27059,2019,18,train,18,19
27059-2020,27059,2020,18,train,18,19
27063-2019,27063,2019,18,train,18,19
27063-2020,27063,2020,18,train,18,19
27063-2021,27063,2021,18,train,18,19
27063-2022,27063,2022,18,train,18,19
27067-2020,27067,2020,18,train,18,19
27069-2019,27069,2019,18,train,18,19
27069-2020,27069,2020,18,train,18,19
27079-2020,27079,2020,18,train,18,19
27079-2021,27079,2021,18,train,18,19
27081-2019,27081,2019,18,train,18,19
27081-2020,27081,2020,18,train,18,19
27081-2021,27081,2021,18,train,18,19
27083-2019,27083,2019,18,train,18,19
27083-2020,27083,2020,18,train,18,19
27083-2021,27083,2021,18,train,18,19
27087-2020,27087,2020,18,train,18,19
27087-2021,27087,2021,18,train,18,19
27089-2019,27089,2019,18,train,18,19
27089-2020,27089,2020,18,train,18,19
27089-2021,27089,2021,18,train,18,19
27091-2022,27091,2022,18,train,18,19
27093-2019,27093,2019,18,train,18,19
27093-2020,27093,2020,18,train,18,19
27093-2021,27093,2021,18,train,18,19
27097-2019,27097,2019,18,train,18,19
27097-2020,27097,2020,18,train,18,19
27097-2021,27097,2021,18,train,18,19
27099-2020,27099,2020,18,train,18,19
27099-2022,27099,2022,18,train,18,19
27101-2019,27101,2019,18,train,18,19
27101-2020,27101,2020,18,train,18,19
27101-2021,27101,2021,18,train,18,19
27103-2019,27103,2019,18,train,18,19
27105-2019,27105,2019,18,train,18,19
27105-2020,27105,2020,18,train,18,19
27105-2021,27105,2021,18,train,18,19
27105-2022,27105,2022,18,train,18,19
27107-2020,27107,2020,18,train,18,19
27109-2020,27109,2020,18,train,18,19
27111-2019,27111,2019,18,train,18,19
27111-2020,27111,2020,18,train,18,19
27111-2021,27111,2021,18,train,18,19
27115-2019,27115,2019,18,train,18,19
27115-2020,27115,2020,18,train,18,19
27117-2021,27117,2021,18,train,18,19
27119-2020,27119,2020,18,train,18,19
27119-2021,27119,2021,18,train,18,19
27121-2019,27121,2019,18,train,18,19
27121-2020,27121,2020,18,train,18,19
27121-2021,27121,2021,18,train,18,19
27125-2020,27125,2020,18,train,18,19
27125-2021,27125,2021,18,train,18,19
27127-2019,27127,2019,18,train,18,19
27127-2020,27127,2020,18,train,18,19
27127-2021,27127,2021,18,train,18,19
27129-2019,27129,2019,18,train,18,19
27129-2020,27129,2020,18,train,18,19
27129-2021,27129,2021,18,train,18,19
27131-2020,27131,2020,18,train,18,19
27131-2021,27131,2021,18,train,18,19
27133-2019,27133,2019,18,train,18,19
27133-2020,27133,2020,18,train,18,19
27133-2021,27133,2021,18,train,18,19
27133-2022,27133,2022,18,train,18,19
27135-2019,27135,2019,18,train,18,19
27135-2020,27135,2020,18,train,18,19
27135-2021,27135,2021,18,train,18,19
27139-2020,27139,2020,18,train,18,19
27143-2019,27143,2019,18,train,18,19
27145-2019,27145,2019,18,train,18,19
27145-2020,27145,2020,18,train,18,19
27145-2021,27145,2021,18,train,18,19
27147-2020,27147,2020,18,train,18,19
27147-2021,27147,2021,18,train,18,19
27149-2019,27149,2019,18,train,18,19
27149-2020,27149,2020,18,train,18,19
27149-2021,27149,2021,18,train,18,19
27151-2019,27151,2019,18,train,18,19
27151-2020,27151,2020,18,train,18,19
27153-2019,27153,2019,18,train,18,19
27153-2020,27153,2020,18,train,18,19
27153-2021,27153,2021,18,train,18,19
27155-2020,27155,2020,18,train,18,19
27155-2021,27155,2021,18,train,18,19
27157-2020,27157,2020,18,train,18,19
27159-2019,27159,2019,18,train,18,19
27159-2020,27159,2020,18,train,18,19
27159-2021,27159,2021,18,train,18,19
27161-2020,27161,2020,18,train,18,19
27161-2021,27161,2021,18,train,18,19
27163-2019,27163,2019,18,train,18,19
27163-2020,27163,2020,18,train,18,19
27167-2020,27167,2020,18,train,18,19
27167-2021,27167,2021,18,train,18,19
27169-2019,27169,2019,18,train,18,19
27169-2020,27169,2020,18,train,18,19
27169-2021,27169,2021,18,train,18,19
27173-2019,27173,2019,18,train,18,19
27173-2020,27173,2020,18,train,18,19
29001-2019,29001,2019,18,train,18,19
29001-2020,29001,2020,18,train,18,19
29001-2021,29001,2021,18,train,18,19
29003-2020,29003,2020,18,train,18,19
29005-2020,29005,2020,18,train,18,19
29005-2022,29005,2022,18,train,18,19
29007-2020,29007,2020,18,train,18,19
29011-2019,29011,2019,18,train,18,19
29013-2019,29013,2019,18,train,18,19
29015-2020,29015,2020,18,train,18,19
29017-2019,29017,2019,18,train,18,19
29017-2020,29017,2020,18,train,18,19
29017-2021,29017,2021,18,train,18,19
29019-2020,29019,2020,18,train,18,19
29021-2020,29021,2020,18,train,18,19
29021-2021,29021,2021,18,train,18,19
29021-2022,29021,2022,18,train,18,19
29023-2019,29023,2019,18,train,18,19
29023-2020,29023,2020,18,train,18,19
29023-2021,29023,2021,18,train,18,19
29025-2021,29025,2021,18,train,18,19
29027-2020,29027,2020,18,train,18,19
29031-2020,29031,2020,18,train,18,19
29031-2021,29031,2021,18,train,18,19
29037-2020,29037,2020,18,train,18,19
29037-2021,29037,2021,18,train,18,19
29039-2019,29039,2019,18,train,18,19
29039-2021,29039,2021,18,train,18,19
29041-2020,29041,2020,18,train,18,19
29045-2020,29045,2020,18,train,18,19
29047-2020,29047,2020,18,train,18,19
29047-2021,29047,2021,18,train,18,19
29049-2019,29049,2019,18,train,18,19
29049-2020,29049,2020,18,train,18,19
29049-2021,29049,2021,18,train,18,19
29051-2020,29051,2020,18,train,18,19
29053-2020,29053,2020,18,train,18,19
29053-2021,29053,2021,18,train,18,19
29057-2019,29057,2019,18,train,18,19
29061-2020,29061,2020,18,train,18,19
29061-2021,29061,2021,18,train,18,19
29069-2019,29069,2019,18,train,18,19
29069-2020,29069,2020,18,train,18,19
29069-2021,29069,2021,18,train,18,19
29071-2020,29071,2020,18,train,18,19
29073-2020,29073,2020,18,train,18,19
29075-2020,29075,2020,18,train,18,19
29081-2020,29081,2020,18,train,18,19
29081-2021,29081,2021,18,train,18,19
29083-2021,29083,2021,18,train,18,19
29087-2020,29087,2020,18,train,18,19
29089-2020,29089,2020,18,train,18,19
29089-2021,29089,2021,18,train,18,19
29095-2019,29095,2019,18,train,18,19
29095-2020,29095,2020,18,train,18,19
29101-2021,29101,2021,18,train,18,19
29103-2020,29103,2020,18,train,18,19
29109-2020,29109,2020,18,train,18,19
29109-2021,29109,2021,18,train,18,19
29111-2020,29111,2020,18,train,18,19
29111-2022,29111,2022,18,train,18,19
29113-2020,29113,2020,18,train,18,19
29113-2022,29113,2022,18,train,18,19
29115-2020,29115,2020,18,train,18,19
29115-2021,29115,2021,18,train,18,19
29121-2020,29121,2020,18,train,18,19
29127-2019,29127,2019,18,train,18,19
29127-2020,29127,2020,18,train,18,19
29127-2021,29127,2021,18,train,18,19
29127-2022,29127,2022,18,train,18,19
29133-2019,29133,2019,18,train,18,19
29133-2020,29133,2020,18,train,18,19
29133-2021,29133,2021,18,train,18,19
29135-2020,29135,2020,18,train,18,19
29137-2020,29137,2020,18,train,18,19
29137-2021,29137,2021,18,train,18,19
29139-2020,29139,2020,18,train,18,19
29141-2019,29141,2019,18,train,18,19
29141-2020,29141,2020,18,train,18,19
29143-2019,29143,2019,18,train,18,19
29145-2019,29145,2019,18,train,18,19
29145-2020,29145,2020,18,train,18,19
29145-2021,29145,2021,18,train,18,19
29151-2020,29151,2020,18,train,18,19
29155-2020,29155,2020,18,train,18,19
29155-2021,29155,2021,18,train,18,19
29157-2020,29157,2020,18,train,18,19
29157-2021,29157,2021,18,train,18,19
29157-2022,29157,2022,18,train,18,19
29159-2020,29159,2020,18,train,18,19
29163-2020,29163,2020,18,train,18,19
29163-2022,29163,2022,18,train,18,19
29165-2019,29165,2019,18,train,18,19
29165-2020,29165,2020,18,train,18,19
29165-2021,29165,2021,18,train,18,19
29173-2019,29173,2019,18,train,18,19
29173-2020,29173,2020,18,train,18,19
29173-2022,29173,2022,18,train,18,19
29175-2020,29175,2020,18,train,18,19
29195-2020,29195,2020,18,train,18,19
29197-2022,29197,2022,18,train,18,19
29199-2020,29199,2020,18,train,18,19
29199-2022,29199,2022,18,train,18,19
29201-2019,29201,2019,18,train,18,19
29201-2020,29201,2020,18,train,18,19
29201-2021,29201,2021,18,train,18,19
29205-2020,29205,2020,18,train,18,19
29205-2021,29205,2021,18,train,18,19
29207-2019,29207,2019,18,train,18,19
29207-2020,29207,2020,18,train,18,19
29207-2021,29207,2021,18,train,18,19
29211-2020,29211,2020,18,train,18,19
29219-2020,29219,2020,18,train,18,19
29227-2020,29227,2020,18,train,18,19
29227-2021,29227,2021,18,train,18,19
29227-2022,29227,2022,18,train,18,19
31001-2019,31001,2019,18,train,18,19
31001-2020,31001,2020,18,train,18,19
31001-2022,31001,2022,18,train,18,19
31011-2019,31011,2019,18,train,18,19
31011-2022,31011,2022,18,train,18,19
31013-2019,31013,2019,18,train,18,19
31013-2020,31013,2020,18,train,18,19
31013-2021,31013,2021,18,train,18,19
31015-2020,31015,2020,18,train,18,19
31015-2022,31015,2022,18,train,18,19
31017-2020,31017,2020,18,train,18,19
31017-2021,31017,2021,18,train,18,19
31019-2019,31019,2019,18,train,18,19
31019-2020,31019,2020,18,train,18,19
31019-2022,31019,2022,18,train,18,19
31021-2019,31021,2019,18,train,18,19
31021-2022,31021,2022,18,train,18,19
31023-2019,31023,2019,18,train,18,19
31023-2020,31023,2020,18,train,18,19
31023-2022,31023,2022,18,train,18,19
31025-2019,31025,2019,18,train,18,19
31025-2020,31025,2020,18,train,18,19
31025-2022,31025,2022,18,train,18,19
31027-2021,31027,2021,18,train,18,19
31027-2022,31027,2022,18,train,18,19
31029-2019,31029,2019,18,train,18,19
31029-2020,31029,2020,18,train,18,19
31029-2021,31029,2021,18,train,18,19
31031-2021,31031,2021,18,train,18,19
31033-2020,31033,2020,18,train,18,19
31035-2019,31035,2019,18,train,18,19
31035-2020,31035,2020,18,train,18,19
31035-2022,31035,2022,18,train,18,19
31037-2019,31037,2019,18,train,18,19
31037-2020,31037,2020,18,train,18,19
31037-2022,31037,2022,18,train,18,19
31039-2022,31039,2022,18,train,18,19
31041-2019,31041,2019,18,train,18,19
31041-2020,31041,2020,18,train,18,19
31043-2020,31043,2020,18,train,18,19
31043-2021,31043,2021,18,train,18,19
31043-2022,31043,2022,18,train,18,19
31045-2020,31045,2020,18,train,18,19
31047-2019,31047,2019,18,train,18,19
31047-2020,31047,2020,18,train,18,19
31047-2022,31047,2022,18,train,18,19
31049-2019,31049,2019,18,train,18,19
31049-2020,31049,2020,18,train,18,19
31051-2020,31051,2020,18,train,18,19
31053-2019,31053,2019,18,train,18,19
31053-2020,31053,2020,18,train,18,19
31053-2022,31053,2022,18,train,18,19
31055-2019,31055,2019,18,train,18,19
31055-2020,31055,2020,18,train,18,19
31055-2022,31055,2022,18,train,18,19
31057-2020,31057,2020,18,train,18,19
31057-2021,31057,2021,18,train,18,19
31059-2019,31059,2019,18,train,18,19
31059-2020,31059,2020,18,train,18,19
31059-2022,31059,2022,18,train,18,19
31061-2019,31061,2019,18,train,18,19
31061-2020,31061,2020,18,train,18,19
31061-2021,31061,2021,18,train,18,19
31061-2022,31061,2022,18,train,18,19
31063-2019,31063,2019,18,train,18,19
31063-2020,31063,2020,18,train,18,19
31063-2021,31063,2021,18,train,18,19
31063-2022,31063,2022,18,train,18,19
31065-2019,31065,2019,18,train,18,19
31065-2020,31065,2020,18,train,18,19
31065-2021,31065,2021,18,train,18,19
31065-2022,31065,2022,18,train,18,19
31067-2019,31067,2019,18,train,18,19
31067-2020,31067,2020,18,train,18,19
31067-2022,31067,2022,18,train,18,19
31069-2020,31069,2020,18,train,18,19
31071-2019,31071,2019,18,train,18,19
31071-2020,31071,2020,18,train,18,19
31071-2021,31071,2021,18,train,18,19
31071-2022,31071,2022,18,train,18,19
31073-2020,31073,2020,18,train,18,19
31073-2021,31073,2021,18,train,18,19
31073-2022,31073,2022,18,train,18,19
31077-2019,31077,2019,18,train,18,19
31077-2020,31077,2020,18,train,18,19
31077-2021,31077,2021,18,train,18,19
31077-2022,31077,2022,18,train,18,19
31079-2019,31079,2019,18,train,18,19
31079-2022,31079,2022,18,train,18,19
31081-2019,31081,2019,18,train,18,19
31081-2022,31081,2022,18,train,18,19
31083-2019,31083,2019,18,train,18,19
31083-2020,31083,2020,18,train,18,19
31083-2021,31083,2021,18,train,18,19
31083-2022,31083,2022,18,train,18,19
31085-2019,31085,2019,18,train,18,19
31085-2020,31085,2020,18,train,18,19
31085-2021,31085,2021,18,train,18,19
31087-2020,31087,2020,18,train,18,19
31089-2019,31089,2019,18,train,18,19
31089-2020,31089,2020,18,train,18,19
31089-2022,31089,2022,18,train,18,19
31093-2019,31093,2019,18,train,18,19
31093-2020,31093,2020,18,train,18,19
31093-2021,31093,2021,18,train,18,19
31093-2022,31093,2022,18,train,18,19
31095-2019,31095,2019,18,train,18,19
31095-2020,31095,2020,18,train,18,19
31095-2022,31095,2022,18,train,18,19
31097-2020,31097,2020,18,train,18,19
31097-2022,31097,2022,18,train,18,19
31099-2019,31099,2019,18,train,18,19
31099-2020,31099,2020,18,train,18,19
31099-2022,31099,2022,18,train,18,19
31101-2020,31101,2020,18,train,18,19
31101-2021,31101,2021,18,train,18,19
31103-2020,31103,2020,18,train,18,19
31107-2020,31107,2020,18,train,18,19
31107-2021,31107,2021,18,train,18,19
31107-2022,31107,2022,18,train,18,19
31109-2019,31109,2019,18,train,18,19
31109-2020,31109,2020,18,train,18,19
31109-2022,31109,2022,18,train,18,19
31111-2019,31111,2019,18,train,18,19
31111-2020,31111,2020,18,train,18,19
31111-2021,31111,2021,18,train,18,19
31111-2022,31111,2022,18,train,18,19
31113-2019,31113,2019,18,train,18,19
31113-2020,31113,2020,18,train,18,19
31115-2020,31115,2020,18,train,18,19
31119-2022,31119,2022,18,train,18,19
31121-2019,31121,2019,18,train,18,19
31123-2019,31123,2019,18,train,18,19
31123-2020,31123,2020,18,train,18,19
31123-2021,31123,2021,18,train,18,19
31125-2019,31125,2019,18,train,18,19
31125-2020,31125,2020,18,train,18,19
31125-2022,31125,2022,18,train,18,19
31127-2020,31127,2020,18,train,18,19
31127-2022,31127,2022,18,train,18,19
31129-2020,31129,2020,18,train,18,19
31129-2022,31129,2022,18,train,18,19
31131-2019,31131,2019,18,train,18,19
31131-2020,31131,2020,18,train,18,19
31131-2022,31131,2022,18,train,18,19
31135-2019,31135,2019,18,train,18,19
31135-2020,31135,2020,18,train,18,19
31135-2021,31135,2021,18,train,18,19
31137-2019,31137,2019,18,train,18,19
31137-2020,31137,2020,18,train,18,19
31137-2021,31137,2021,18,train,18,19
31137-2022,31137,2022,18,train,18,19
31139-2020,31139,2020,18,train,18,19
31139-2021,31139,2021,18,train,18,19
31139-2022,31139,2022,18,train,18,19
31141-2019,31141,2019,18,train,18,19
31141-2020,31141,2020,18,train,18,19
31141-2021,31141,2021,18,train,18,19
31141-2022,31141,2022,18,train,18,19
31143-2020,31143,2020,18,train,18,19
31143-2022,31143,2022,18,train,18,19
31145-2019,31145,2019,18,train,18,19
31145-2020,31145,2020,18,train,18,19
31145-2021,31145,2021,18,train,18,19
31147-2020,31147,2020,18,train,18,19
31147-2022,31147,2022,18,train,18,19
31149-2019,31149,2019,18,train,18,19
31149-2020,31149,2020,18,train,18,19
31149-2021,31149,2021,18,train,18,19
31151-2019,31151,2019,18,train,18,19
31151-2020,31151,2020,18,train,18,19
31151-2022,31151,2022,18,train,18,19
31153-2020,31153,2020,18,train,18,19
31153-2022,31153,2022,18,train,18,19
31155-2019,31155,2019,18,train,18,19
31155-2020,31155,2020,18,train,18,19
31155-2022,31155,2022,18,train,18,19
31157-2019,31157,2019,18,train,18,19
31157-2020,31157,2020,18,train,18,19
31157-2021,31157,2021,18,train,18,19
31159-2019,31159,2019,18,train,18,19
31159-2020,31159,2020,18,train,18,19
31159-2022,31159,2022,18,train,18,19
31161-2020,31161,2020,18,train,18,19
31161-2021,31161,2021,18,train,18,19
31163-2019,31163,2019,18,train,18,19
31163-2020,31163,2020,18,train,18,19
31163-2021,31163,2021,18,train,18,19
31163-2022,31163,2022,18,train,18,19
31165-2019,31165,2019,18,train,18,19
31165-2020,31165,2020,18,train,18,19
31165-2021,31165,2021,18,train,18,19
31167-2019,31167,2019,18,train,18,19
31167-2022,31167,2022,18,train,18,19
31169-2019,31169,2019,18,train,18,19
31169-2020,31169,2020,18,train,18,19
31169-2021,31169,2021,18,train,18,19
31169-2022,31169,2022,18,train,18,19
31173-2019,31173,2019,18,train,18,19
31173-2022,31173,2022,18,train,18,19
31175-2019,31175,2019,18,train,18,19
31175-2020,31175,2020,18,train,18,19
31175-2021,31175,2021,18,train,18,19
31175-2022,31175,2022,18,train,18,19
31177-2019,31177,2019,18,train,18,19
31177-2020,31177,2020,18,train,18,19
31177-2022,31177,2022,18,train,18,19
31179-2019,31179,2019,18,train,18,19
31179-2021,31179,2021,18,train,18,19
31179-2022,31179,2022,18,train,18,19
31181-2020,31181,2020,18,train,18,19
31181-2022,31181,2022,18,train,18,19
31183-2020,31183,2020,18,train,18,19
31185-2019,31185,2019,18,train,18,19
31185-2020,31185,2020,18,train,18,19
31185-2022,31185,2022,18,train,18,19
38001-2020,38001,2020,18,train,18,19
38001-2021,38001,2021,18,train,18,19
38003-2020,38003,2020,18,train,18,19
38003-2021,38003,2021,18,train,18,19
38005-2020,38005,2020,18,train,18,19
38005-2021,38005,2021,18,train,18,19
38007-2020,38007,2020,18,train,18,19
38007-2021,38007,2021,18,train,18,19
38009-2020,38009,2020,18,train,18,19
38009-2021,38009,2021,18,train,18,19
38011-2020,38011,2020,18,train,18,19
38015-2019,38015,2019,18,train,18,19
38015-2020,38015,2020,18,train,18,19
38017-2019,38017,2019,18,train,18,19
38017-2020,38017,2020,18,train,18,19
38017-2021,38017,2021,18,train,18,19
38021-2020,38021,2020,18,train,18,19
38021-2021,38021,2021,18,train,18,19
38025-2020,38025,2020,18,train,18,19
38025-2021,38025,2021,18,train,18,19
38027-2020,38027,2020,18,train,18,19
38027-2021,38027,2021,18,train,18,19
38029-2020,38029,2020,18,train,18,19
38029-2021,38029,2021,18,train,18,19
38031-2020,38031,2020,18,train,18,19
38031-2021,38031,2021,18,train,18,19
38033-2021,38033,2021,18,train,18,19
38035-2019,38035,2019,18,train,18,19
38035-2020,38035,2020,18,train,18,19
38035-2021,38035,2021,18,train,18,19
38037-2020,38037,2020,18,train,18,19
38037-2021,38037,2021,18,train,18,19
38041-2019,38041,2019,18,train,18,19
38041-2020,38041,2020,18,train,18,19
38041-2021,38041,2021,18,train,18,19
38043-2019,38043,2019,18,train,18,19
38043-2020,38043,2020,18,train,18,19
38043-2021,38043,2021,18,train,18,19
38047-2020,38047,2020,18,train,18,19
38047-2021,38047,2021,18,train,18,19
38057-2020,38057,2020,18,train,18,19
38057-2021,38057,2021,18,train,18,19
38059-2020,38059,2020,18,train,18,19
38061-2019,38061,2019,18,train,18,19
38061-2020,38061,2020,18,train,18,19
38063-2020,38063,2020,18,train,18,19
38065-2020,38065,2020,18,train,18,19
38067-2020,38067,2020,18,train,18,19
38067-2021,38067,2021,18,train,18,19
38069-2020,38069,2020,18,train,18,19
38069-2021,38069,2021,18,train,18,19
38071-2020,38071,2020,18,train,18,19
38071-2021,38071,2021,18,train,18,19
38073-2020,38073,2020,18,train,18,19
38073-2021,38073,2021,18,train,18,19
38075-2020,38075,2020,18,train,18,19
38075-2021,38075,2021,18,train,18,19
38077-2019,38077,2019,18,train,18,19
38077-2020,38077,2020,18,train,18,19
38077-2021,38077,2021,18,train,18,19
38079-2021,38079,2021,18,train,18,19
38081-2019,38081,2019,18,train,18,19
38081-2020,38081,2020,18,train,18,19
38081-2021,38081,2021,18,train,18,19
38083-2019,38083,2019,18,train,18,19
38083-2020,38083,2020,18,train,18,19
38087-2019,38087,2019,18,train,18,19
38087-2020,38087,2020,18,train,18,19
38087-2021,38087,2021,18,train,18,19
38089-2020,38089,2020,18,train,18,19
38089-2021,38089,2021,18,train,18,19
38091-2019,38091,2019,18,train,18,19
38091-2020,38091,2020,18,train,18,19
38091-2021,38091,2021,18,train,18,19
38093-2019,38093,2019,18,train,18,19
38093-2020,38093,2020,18,train,18,19
38093-2021,38093,2021,18,train,18,19
38095-2020,38095,2020,18,train,18,19
38095-2021,38095,2021,18,train,18,19
38097-2020,38097,2020,18,train,18,19
38099-2020,38099,2020,18,train,18,19
38099-2021,38099,2021,18,train,18,19
38101-2019,38101,2019,18,train,18,19
38101-2020,38101,2020,18,train,18,19
38101-2021,38101,2021,18,train,18,19
38103-2020,38103,2020,18,train,18,19
38103-2021,38103,2021,18,train,18,19
38105-2021,38105,2021,18,train,18,19
39001-2020,39001,2020,18,train,18,19
39001-2022,39001,2022,18,train,18,19
39003-2020,39003,2020,18,train,18,19
39003-2022,39003,2022,18,train,18,19
39005-2019,39005,2019,18,train,18,19
39005-2020,39005,2020,18,train,18,19
39005-2021,39005,2021,18,train,18,19
39007-2019,39007,2019,18,train,18,19
39007-2021,39007,2021,18,train,18,19
39011-2019,39011,2019,18,train,18,19
39011-2020,39011,2020,18,train,18,19
39011-2021,39011,2021,18,train,18,19
39011-2022,39011,2022,18,train,18,19
39015-2022,39015,2022,18,train,18,19
39017-2020,39017,2020,18,train,18,19
39017-2022,39017,2022,18,train,18,19
39021-2019,39021,2019,18,train,18,19
39021-2020,39021,2020,18,train,18,19
39021-2022,39021,2022,18,train,18,19
39023-2022,39023,2022,18,train,18,19
39025-2022,39025,2022,18,train,18,19
39027-2022,39027,2022,18,train,18,19
39029-2019,39029,2019,18,train,18,19
39031-2019,39031,2019,18,train,18,19
39031-2020,39031,2020,18,train,18,19
39031-2021,39031,2021,18,train,18,19
39031-2022,39031,2022,18,train,18,19
39033-2022,39033,2022,18,train,18,19
39037-2019,39037,2019,18,train,18,19
39037-2020,39037,2020,18,train,18,19
39037-2021,39037,2021,18,train,18,19
39037-2022,39037,2022,18,train,18,19
39039-2019,39039,2019,18,train,18,19
39039-2020,39039,2020,18,train,18,19
39039-2022,39039,2022,18,train,18,19
39041-2022,39041,2022,18,train,18,19
39043-2020,39043,2020,18,train,18,19
39043-2022,39043,2022,18,train,18,19
39045-2019,39045,2019,18,train,18,19
39045-2020,39045,2020,18,train,18,19
39045-2022,39045,2022,18,train,18,19
39047-2020,39047,2020,18,train,18,19
39047-2022,39047,2022,18,train,18,19
39049-2022,39049,2022,18,train,18,19
39051-2019,39051,2019,18,train,18,19
39051-2020,39051,2020,18,train,18,19
39051-2022,39051,2022,18,train,18,19
39053-2019,39053,2019,18,train,18,19
39053-2020,39053,2020,18,train,18,19
39053-2021,39053,2021,18,train,18,19
39057-2022,39057,2022,18,train,18,19
39061-2020,39061,2020,18,train,18,19
39063-2020,39063,2020,18,train,18,19
39063-2022,39063,2022,18,train,18,19
39065-2019,39065,2019,18,train,18,19
39065-2020,39065,2020,18,train,18,19
39065-2021,39065,2021,18,train,18,19
39065-2022,39065,2022,18,train,18,19
39069-2020,39069,2020,18,train,18,19
39069-2022,39069,2022,18,train,18,19
39071-2022,39071,2022,18,train,18,19
39075-2019,39075,2019,18,train,18,19
39075-2020,39075,2020,18,train,18,19
39075-2021,39075,2021,18,train,18,19
39075-2022,39075,2022,18,train,18,19
39077-2022,39077,2022,18,train,18,19
39079-2022,39079,2022,18,train,18,19
39083-2019,39083,2019,18,train,18,19
39083-2020,39083,2020,18,train,18,19
39083-2021,39083,2021,18,train,18,19
39083-2022,39083,2022,18,train,18,19
39089-2020,39089,2020,18,train,18,19
39089-2021,39089,2021,18,train,18,19
39089-2022,39089,2022,18,train,18,19
39091-2019,39091,2019,18,train,18,19
39091-2020,39091,2020,18,train,18,19
39091-2021,39091,2021,18,train,18,19
39091-2022,39091,2022,18,train,18,19
39093-2020,39093,2020,18,train,18,19
39093-2021,39093,2021,18,train,18,19
39093-2022,39093,2022,18,train,18,19
39095-2019,39095,2019,18,train,18,19
39095-2020,39095,2020,18,train,18,19
39095-2022,39095,2022,18,train,18,19
39097-2020,39097,2020,18,train,18,19
39097-2022,39097,2022,18,train,18,19
39099-2019,39099,2019,18,train,18,19
39101-2019,39101,2019,18,train,18,19
39101-2020,39101,2020,18,train,18,19
39101-2022,39101,2022,18,train,18,19
39103-2019,39103,2019,18,train,18,19
39103-2020,39103,2020,18,train,18,19
39103-2021,39103,2021,18,train,18,19
39103-2022,39103,2022,18,train,18,19
39107-2019,39107,2019,18,train,18,19
39107-2020,39107,2020,18,train,18,19
39107-2021,39107,2021,18,train,18,19
39107-2022,39107,2022,18,train,18,19
39109-2019,39109,2019,18,train,18,19
39109-2020,39109,2020,18,train,18,19
39109-2022,39109,2022,18,train,18,19
39113-2019,39113,2019,18,train,18,19
39117-2022,39117,2022,18,train,18,19
39119-2019,39119,2019,18,train,18,19
39119-2020,39119,2020,18,train,18,19
39119-2021,39119,2021,18,train,18,19
39119-2022,39119,2022,18,train,18,19
39123-2020,39123,2020,18,train,18,19
39123-2022,39123,2022,18,train,18,19
39125-2020,39125,2020,18,train,18,19
39125-2022,39125,2022,18,train,18,19
39127-2020,39127,2020,18,train,18,19
39127-2021,39127,2021,18,train,18,19
39129-2019,39129,2019,18,train,18,19
39129-2020,39129,2020,18,train,18,19
39129-2021,39129,2021,18,train,18,19
39129-2022,39129,2022,18,train,18,19
39131-2019,39131,2019,18,train,18,19
39131-2021,39131,2021,18,train,18,19
39131-2022,39131,2022,18,train,18,19
39133-2019,39133,2019,18,train,18,19
39133-2021,39133,2021,18,train,18,19
39135-2019,39135,2019,18,train,18,19
39135-2020,39135,2020,18,train,18,19
39135-2021,39135,2021,18,train,18,19
39135-2022,39135,2022,18,train,18,19
39137-2019,39137,2019,18,train,18,19
39137-2020,39137,2020,18,train,18,19
39137-2022,39137,2022,18,train,18,19
39139-2019,39139,2019,18,train,18,19
39139-2020,39139,2020,18,train,18,19
39139-2022,39139,2022,18,train,18,19
39141-2019,39141,2019,18,train,18,19
39141-2021,39141,2021,18,train,18,19
39141-2022,39141,2022,18,train,18,19
39143-2019,39143,2019,18,train,18,19
39143-2020,39143,2020,18,train,18,19
39143-2022,39143,2022,18,train,18,19
39145-2019,39145,2019,18,train,18,19
39145-2020,39145,2020,18,train,18,19
39145-2021,39145,2021,18,train,18,19
39147-2019,39147,2019,18,train,18,19
39147-2020,39147,2020,18,train,18,19
39147-2022,39147,2022,18,train,18,19
39149-2019,39149,2019,18,train,18,19
39149-2020,39149,2020,18,train,18,19
39149-2022,39149,2022,18,train,18,19
39151-2019,39151,2019,18,train,18,19
39151-2020,39151,2020,18,train,18,19
39151-2021,39151,2021,18,train,18,19
39155-2019,39155,2019,18,train,18,19
39157-2019,39157,2019,18,train,18,19
39157-2020,39157,2020,18,train,18,19
39157-2021,39157,2021,18,train,18,19
39159-2019,39159,2019,18,train,18,19
39159-2022,39159,2022,18,train,18,19
39161-2019,39161,2019,18,train,18,19
39161-2020,39161,2020,18,train,18,19
39161-2022,39161,2022,18,train,18,19
39165-2019,39165,2019,18,train,18,19
39165-2020,39165,2020,18,train,18,19
39165-2022,39165,2022,18,train,18,19
39167-2019,39167,2019,18,train,18,19
39167-2020,39167,2020,18,train,18,19
39167-2021,39167,2021,18,train,18,19
39169-2019,39169,2019,18,train,18,19
39169-2020,39169,2020,18,train,18,19
39169-2021,39169,2021,18,train,18,19
39169-2022,39169,2022,18,train,18,19
39171-2019,39171,2019,18,train,18,19
39171-2020,39171,2020,18,train,18,19
39171-2022,39171,2022,18,train,18,19
39173-2020,39173,2020,18,train,18,19
39173-2022,39173,2022,18,train,18,19
39175-2019,39175,2019,18,train,18,19
39175-2020,39175,2020,18,train,18,19
39175-2022,39175,2022,18,train,18,19
46003-2020,46003,2020,18,train,18,19
46003-2021,46003,2021,18,train,18,19
46005-2020,46005,2020,18,train,18,19
46005-2021,46005,2021,18,train,18,19
46007-2020,46007,2020,18,train,18,19
46007-2021,46007,2021,18,train,18,19
46009-2020,46009,2020,18,train,18,19
46009-2021,46009,2021,18,train,18,19
46009-2022,46009,2022,18,train,18,19
46011-2020,46011,2020,18,train,18,19
46011-2021,46011,2021,18,train,18,19
46013-2020,46013,2020,18,train,18,19
46013-2021,46013,2021,18,train,18,19
46015-2020,46015,2020,18,train,18,19
46015-2021,46015,2021,18,train,18,19
46017-2020,46017,2020,18,train,18,19
46017-2021,46017,2021,18,train,18,19
46019-2020,46019,2020,18,train,18,19
46019-2021,46019,2021,18,train,18,19
46021-2020,46021,2020,18,train,18,19
46021-2021,46021,2021,18,train,18,19
46023-2020,46023,2020,18,train,18,19
46023-2021,46023,2021,18,train,18,19
46023-2022,46023,2022,18,train,18,19
46025-2020,46025,2020,18,train,18,19
46025-2021,46025,2021,18,train,18,19
46027-2020,46027,2020,18,train,18,19
46027-2021,46027,2021,18,train,18,19
46027-2022,46027,2022,18,train,18,19
46029-2020,46029,2020,18,train,18,19
46029-2021,46029,2021,18,train,18,19
46031-2020,46031,2020,18,train,18,19
46031-2021,46031,2021,18,train,18,19
46035-2020,46035,2020,18,train,18,19
46037-2020,46037,2020,18,train,18,19
46037-2021,46037,2021,18,train,18,19
46039-2020,46039,2020,18,train,18,19
46041-2020,46041,2020,18,train,18,19
46043-2020,46043,2020,18,train,18,19
46043-2021,46043,2021,18,train,18,19
46045-2019,46045,2019,18,train,18,19
46045-2020,46045,2020,18,train,18,19
46049-2020,46049,2020,18,train,18,19
46049-2021,46049,2021,18,train,18,19
46051-2020,46051,2020,18,train,18,19
46051-2021,46051,2021,18,train,18,19
46053-2020,46053,2020,18,train,18,19
46053-2021,46053,2021,18,train,18,19
46057-2020,46057,2020,18,train,18,19
46057-2021,46057,2021,18,train,18,19
46059-2020,46059,2020,18,train,18,19
46059-2021,46059,2021,18,train,18,19
46061-2020,46061,2020,18,train,18,19
46061-2021,46061,2021,18,train,18,19
46063-2021,46063,2021,18,train,18,19
46065-2020,46065,2020,18,train,18,19
46065-2021,46065,2021,18,train,18,19
46067-2020,46067,2020,18,train,18,19
46067-2021,46067,2021,18,train,18,19
46069-2020,46069,2020,18,train,18,19
46073-2020,46073,2020,18,train,18,19
46073-2021,46073,2021,18,train,18,19
46075-2020,46075,2020,18,train,18,19
46077-2020,46077,2020,18,train,18,19
46077-2021,46077,2021,18,train,18,19
46079-2020,46079,2020,18,train,18,19
46079-2021,46079,2021,18,train,18,19
46083-2019,46083,2019,18,train,18,19
46083-2020,46083,2020,18,train,18,19
46083-2021,46083,2021,18,train,18,19
46083-2022,46083,2022,18,train,18,19
46085-2019,46085,2019,18,train,18,19
46085-2020,46085,2020,18,train,18,19
46085-2021,46085,2021,18,train,18,19
46091-2020,46091,2020,18,train,18,19
46091-2021,46091,2021,18,train,18,19
46093-2021,46093,2021,18,train,18,19
46095-2020,46095,2020,18,train,18,19
46097-2020,46097,2020,18,train,18,19
46097-2021,46097,2021,18,train,18,19
46099-2019,46099,2019,18,train,18,19
46099-2020,46099,2020,18,train,18,19
46099-2022,46099,2022,18,train,18,19
46101-2020,46101,2020,18,train,18,19
46102-2020,46102,2020,18,train,18,19
46102-2021,46102,2021,18,train,18,19
46103-2021,46103,2021,18,train,18,19
46107-2020,46107,2020,18,train,18,19
46107-2021,46107,2021,18,train,18,19
46109-2020,46109,2020,18,train,18,19
46111-2020,46111,2020,18,train,18,19
46111-2021,46111,2021,18,train,18,19
46115-2020,46115,2020,18,train,18,19
46119-2020,46119,2020,18,train,18,19
46119-2021,46119,2021,18,train,18,19
46121-2021,46121,2021,18,train,18,19
46123-2020,46123,2020,18,train,18,19
46123-2021,46123,2021,18,train,18,19
46125-2020,46125,2020,18,train,18,19
46125-2021,46125,2021,18,train,18,19
46125-2022,46125,2022,18,train,18,19
46127-2019,46127,2019,18,train,18,19
46127-2020,46127,2020,18,train,18,19
46127-2022,46127,2022,18,train,18,19
46129-2020,46129,2020,18,train,18,19
46129-2021,46129,2021,18,train,18,19
46135-2021,46135,2021,18,train,18,19
46135-2022,46135,2022,18,train,18,19
46137-2019,46137,2019,18,train,18,19
46137-2020,46137,2020,18,train,18,19
55001-2019,55001,2019,18,train,18,19
55001-2020,55001,2020,18,train,18,19
55005-2020,55005,2020,18,train,18,19
55009-2020,55009,2020,18,train,18,19
55011-2020,55011,2020,18,train,18,19
55013-2020,55013,2020,18,train,18,19
55015-2020,55015,2020,18,train,18,19
55017-2019,55017,2019,18,train,18,19
55017-2020,55017,2020,18,train,18,19
55017-2021,55017,2021,18,train,18,19
55019-2019,55019,2019,18,train,18,19
55019-2020,55019,2020,18,train,18,19
55019-2021,55019,2021,18,train,18,19
55021-2019,55021,2019,18,train,18,19
55021-2020,55021,2020,18,train,18,19
55021-2021,55021,2021,18,train,18,19
55023-2019,55023,2019,18,train,18,19
55023-2020,55023,2020,18,train,18,19
55023-2021,55023,2021,18,train,18,19
55023-2022,55023,2022,18,train,18,19
55025-2019,55025,2019,18,train,18,19
55025-2020,55025,2020,18,train,18,19
55025-2021,55025,2021,18,train,18,19
55025-2022,55025,2022,18,train,18,19
55027-2019,55027,2019,18,train,18,19
55027-2020,55027,2020,18,train,18,19
55029-2019,55029,2019,18,train,18,19
55029-2020,55029,2020,18,train,18,19
55029-2021,55029,2021,18,train,18,19
55033-2020,55033,2020,18,train,18,19
55035-2019,55035,2019,18,train,18,19
55035-2020,55035,2020,18,train,18,19
55035-2021,55035,2021,18,train,18,19
55043-2019,55043,2019,18,train,18,19
55043-2020,55043,2020,18,train,18,19
55043-2021,55043,2021,18,train,18,19
55043-2022,55043,2022,18,train,18,19
55045-2019,55045,2019,18,train,18,19
55045-2020,55045,2020,18,train,18,19
55045-2021,55045,2021,18,train,18,19
55045-2022,55045,2022,18,train,18,19
55047-2019,55047,2019,18,train,18,19
55047-2020,55047,2020,18,train,18,19
55047-2021,55047,2021,18,train,18,19
55049-2020,55049,2020,18,train,18,19
55049-2022,55049,2022,18,train,18,19
55053-2019,55053,2019,18,train,18,19
55053-2020,55053,2020,18,train,18,19
55053-2021,55053,2021,18,train,18,19
55055-2019,55055,2019,18,train,18,19
55055-2020,55055,2020,18,train,18,19
55055-2022,55055,2022,18,train,18,19
55057-2019,55057,2019,18,train,18,19
55057-2020,55057,2020,18,train,18,19
55057-2021,55057,2021,18,train,18,19
55059-2020,55059,2020,18,train,18,19
55059-2022,55059,2022,18,train,18,19
55061-2020,55061,2020,18,train,18,19
55063-2019,55063,2019,18,train,18,19
55063-2020,55063,2020,18,train,18,19
55063-2021,55063,2021,18,train,18,19
55065-2020,55065,2020,18,train,18,19
55065-2022,55065,2022,18,train,18,19
55067-2020,55067,2020,18,train,18,19
55067-2021,55067,2021,18,train,18,19
55069-2020,55069,2020,18,train,18,19
55069-2021,55069,2021,18,train,18,19
55071-2019,55071,2019,18,train,18,19
55071-2020,55071,2020,18,train,18,19
55073-2020,55073,2020,18,train,18,19
55073-2021,55073,2021,18,train,18,19
55075-2019,55075,2019,18,train,18,19
55075-2020,55075,2020,18,train,18,19
55075-2021,55075,2021,18,train,18,19
55077-2020,55077,2020,18,train,18,19
55079-2020,55079,2020,18,train,18,19
55081-2019,55081,2019,18,train,18,19
55081-2020,55081,2020,18,train,18,19
55081-2021,55081,2021,18,train,18,19
55083-2019,55083,2019,18,train,18,19
55083-2020,55083,2020,18,train,18,19
55083-2021,55083,2021,18,train,18,19
55087-2019,55087,2019,18,train,18,19
55087-2020,55087,2020,18,train,18,19
55089-2019,55089,2019,18,train,18,19
55089-2020,55089,2020,18,train,18,19
55091-2020,55091,2020,18,train,18,19
55093-2020,55093,2020,18,train,18,19
55095-2020,55095,2020,18,train,18,19
55097-2019,55097,2019,18,train,18,19
55097-2020,55097,2020,18,train,18,19
55101-2019,55101,2019,18,train,18,19
55101-2020,55101,2020,18,train,18,19
55101-2022,55101,2022,18,train,18,19
55103-2019,55103,2019,18,train,18,19
55103-2020,55103,2020,18,train,18,19
55103-2021,55103,2021,18,train,18,19
55103-2022,55103,2022,18,train,18,19
55105-2019,55105,2019,18,train,18,19
55105-2020,55105,2020,18,train,18,19
55105-2021,55105,2021,18,train,18,19
55105-2022,55105,2022,18,train,18,19
55107-2019,55107,2019,18,train,18,19
55107-2020,55107,2020,18,train,18,19
55107-2021,55107,2021,18,train,18,19
55111-2019,55111,2019,18,train,18,19
55111-2020,55111,2020,18,train,18,19
55111-2021,55111,2021,18,train,18,19
55113-2020,55113,2020,18,train,18,19
55113-2021,55113,2021,18,train,18,19
55115-2019,55115,2019,18,train,18,19
55115-2020,55115,2020,18,train,18,19
55115-2021,55115,2021,18,train,18,19
55117-2019,55117,2019,18,train,18,19
55117-2020,55117,2020,18,train,18,19
55119-2020,55119,2020,18,train,18,19
55119-2021,55119,2021,18,train,18,19
55121-2019,55121,2019,18,train,18,19
55121-2020,55121,2020,18,train,18,19
55121-2021,55121,2021,18,train,18,19
55123-2019,55123,2019,18,train,18,19
55123-2020,55123,2020,18,train,18,19
55123-2021,55123,2021,18,train,18,19
55123-2022,55123,2022,18,train,18,19
55127-2019,55127,2019,18,train,18,19
55127-2020,55127,2020,18,train,18,19
55127-2022,55127,2022,18,train,18,19
55129-2019,55129,2019,18,train,18,19
55129-2020,55129,2020,18,train,18,19
55131-2019,55131,2019,18,train,18,19
55131-2020,55131,2020,18,train,18,19
55133-2019,55133,2019,18,train,18,19
55133-2020,55133,2020,18,train,18,19
55133-2022,55133,2022,18,train,18,19
55135-2019,55135,2019,18,train,18,19
55135-2020,55135,2020,18,train,18,19
55137-2019,55137,2019,18,train,18,19
55137-2020,55137,2020,18,train,18,19
55137-2021,55137,2021,18,train,18,19
55139-2019,55139,2019,18,train,18,19
55139-2020,55139,2020,18,train,18,19
55141-2019,55141,2019,18,train,18,19
55141-2020,55141,2020,18,train,18,19
17001-2020,17001,2020,19,train,19,20
17001-2022,17001,2022,19,train,19,20
17003-2019,17003,2019,19,train,19,20
17003-2020,17003,2020,19,train,19,20
17005-2019,17005,2019,19,train,19,20
17005-2020,17005,2020,19,train,19,20
17005-2021,17005,2021,19,train,19,20
17005-2022,17005,2022,19,train,19,20
17007-2019,17007,2019,19,train,19,20
17007-2020,17007,2020,19,train,19,20
17007-2022,17007,2022,19,train,19,20
17009-2020,17009,2020,19,train,19,20
17009-2022,17009,2022,19,train,19,20
17011-2019,17011,2019,19,train,19,20
17011-2020,17011,2020,19,train,19,20
17011-2021,17011,2021,19,train,19,20
17011-2022,17011,2022,19,train,19,20
17013-2020,17013,2020,19,train,19,20
17013-2022,17013,2022,19,train,19,20
17015-2020,17015,2020,19,train,19,20
17015-2022,17015,2022,19,train,19,20
17017-2019,17017,2019,19,train,19,20
17017-2020,17017,2020,19,train,19,20
17017-2021,17017,2021,19,train,19,20
17017-2022,17017,2022,19,train,19,20
17019-2021,17019,2021,19,train,19,20
17019-2022,17019,2022,19,train,19,20
17021-2020,17021,2020,19,train,19,20
17021-2021,17021,2021,19,train,19,20
17021-2022,17021,2022,19,train,19,20
17023-2020,17023,2020,19,train,19,20
17023-2022,17023,2022,19,train,19,20
17025-2019,17025,2019,19,train,19,20
17025-2020,17025,2020,19,train,19,20
17025-2021,17025,2021,19,train,19,20
17025-2022,17025,2022,19,train,19,20
17027-2019,17027,2019,19,train,19,20
17027-2020,17027,2020,19,train,19,20
17027-2021,17027,2021,19,train,19,20
17027-2022,17027,2022,19,train,19,20
17029-2019,17029,2019,19,train,19,20
17029-2021,17029,2021,19,train,19,20
17031-2019,17031,2019,19,train,19,20
17033-2019,17033,2019,19,train,19,20
17033-2020,17033,2020,19,train,19,20
17033-2022,17033,2022,19,train,19,20
17035-2019,17035,2019,19,train,19,20
17035-2022,17035,2022,19,train,19,20
17039-2020,17039,2020,19,train,19,20
17039-2021,17039,2021,19,train,19,20
17039-2022,17039,2022,19,train,19,20
17041-2019,17041,2019,19,train,19,20
17041-2022,17041,2022,19,train,19,20
17045-2020,17045,2020,19,train,19,20
17045-2021,17045,2021,19,train,19,20
17045-2022,17045,2022,19,train,19,20
17047-2020,17047,2020,19,train,19,20
17047-2021,17047,2021,19,train,19,20
17047-2022,17047,2022,19,train,19,20
17049-2021,17049,2021,19,train,19,20
17049-2022,17049,2022,19,train,19,20
17051-2019,17051,2019,19,train,19,20
17051-2020,17051,2020,19,train,19,20
17051-2021,17051,2021,19,train,19,20
17053-2019,17053,2019,19,train,19,20
17053-2020,17053,2020,19,train,19,20
17053-2021,17053,2021,19,train,19,20
17053-2022,17053,2022,19,train,19,20
17055-2019,17055,2019,19,train,19,20
17055-2020,17055,2020,19,train,19,20
17055-2021,17055,2021,19,train,19,20
17055-2022,17055,2022,19,train,19,20
17057-2020,17057,2020,19,train,19,20
17057-2021,17057,2021,19,train,19,20
17057-2022,17057,2022,19,train,19,20
17059-2019,17059,2019,19,train,19,20
17059-2020,17059,2020,19,train,19,20
17059-2021,17059,2021,19,train,19,20
17059-2022,17059,2022,19,train,19,20
17061-2020,17061,2020,19,train,19,20
17061-2021,17061,2021,19,train,19,20
17061-2022,17061,2022,19,train,19,20
17063-2019,17063,2019,19,train,19,20
17063-2020,17063,2020,19,train,19,20
17063-2022,17063,2022,19,train,19,20
17065-2020,17065,2020,19,train,19,20
17065-2022,17065,2022,19,train,19,20
17067-2020,17067,2020,19,train,19,20
17067-2022,17067,2022,19,train,19,20
17071-2020,17071,2020,19,train,19,20
17071-2022,17071,2022,19,train,19,20
17073-2020,17073,2020,19,train,19,20
17073-2022,17073,2022,19,train,19,20
17075-2019,17075,2019,19,train,19,20
17075-2020,17075,2020,19,train,19,20
17075-2021,17075,2021,19,train,19,20
17075-2022,17075,2022,19,train,19,20
17077-2019,17077,2019,19,train,19,20
17077-2020,17077,2020,19,train,19,20
17077-2021,17077,2021,19,train,19,20
17077-2022,17077,2022,19,train,19,20
17079-2019,17079,2019,19,train,19,20
17079-2020,17079,2020,19,train,19,20
17079-2022,17079,2022,19,train,19,20
17081-2019,17081,2019,19,train,19,20
17081-2021,17081,2021,19,train,19,20
17081-2022,17081,2022,19,train,19,20
17083-2020,17083,2020,19,train,19,20
17083-2022,17083,2022,19,train,19,20
17085-2020,17085,2020,19,train,19,20
17085-2022,17085,2022,19,train,19,20
17087-2020,17087,2020,19,train,19,20
17089-2019,17089,2019,19,train,19,20
17089-2020,17089,2020,19,train,19,20
17089-2022,17089,2022,19,train,19,20
17091-2020,17091,2020,19,train,19,20
17091-2022,17091,2022,19,train,19,20
17093-2019,17093,2019,19,train,19,20
17093-2020,17093,2020,19,train,19,20
17093-2022,17093,2022,19,train,19,20
17095-2020,17095,2020,19,train,19,20
17095-2022,17095,2022,19,train,19,20
17097-2019,17097,2019,19,train,19,20
17097-2020,17097,2020,19,train,19,20
17101-2019,17101,2019,19,train,19,20
17101-2020,17101,2020,19,train,19,20
17101-2022,17101,2022,19,train,19,20
17103-2019,17103,2019,19,train,19,20
17103-2020,17103,2020,19,train,19,20
17103-2022,17103,2022,19,train,19,20
17105-2019,17105,2019,19,train,19,20
17105-2020,17105,2020,19,train,19,20
17105-2021,17105,2021,19,train,19,20
17105-2022,17105,2022,19,train,19,20
17107-2020,17107,2020,19,train,19,20
17107-2021,17107,2021,19,train,19,20
17107-2022,17107,2022,19,train,19,20
17115-2020,17115,2020,19,train,19,20
17115-2021,17115,2021,19,train,19,20
17115-2022,17115,2022,19,train,19,20
17117-2020,17117,2020,19,train,19,20
17117-2021,17117,2021,19,train,19,20
17117-2022,17117,2022,19,train,19,20
17119-2019,17119,2019,19,train,19,20
17119-2020,17119,2020,19,train,19,20
17119-2021,17119,2021,19,train,19,20
17119-2022,17119,2022,19,train,19,20
17121-2019,17121,2019,19,train,19,20
17121-2020,17121,2020,19,train,19,20
17121-2021,17121,2021,19,train,19,20
17121-2022,17121,2022,19,train,19,20
17123-2019,17123,2019,19,train,19,20
17123-2020,17123,2020,19,train,19,20
17123-2021,17123,2021,19,train,19,20
17123-2022,17123,2022,19,train,19,20
17125-2020,17125,2020,19,train,19,20
17125-2021,17125,2021,19,train,19,20
17125-2022,17125,2022,19,train,19,20
17127-2019,17127,2019,19,train,19,20
17127-2020,17127,2020,19,train,19,20
17129-2021,17129,2021,19,train,19,20
17131-2020,17131,2020,19,train,19,20
17131-2022,17131,2022,19,train,19,20
17133-2019,17133,2019,19,train,19,20
17133-2020,17133,2020,19,train,19,20
17133-2022,17133,2022,19,train,19,20
17135-2020,17135,2020,19,train,19,20
17135-2021,17135,2021,19,train,19,20
17135-2022,17135,2022,19,train,19,20
17137-2019,17137,2019,19,train,19,20
17137-2020,17137,2020,19,train,19,20
17137-2022,17137,2022,19,train,19,20
17139-2021,17139,2021,19,train,19,20
17139-2022,17139,2022,19,train,19,20
17141-2019,17141,2019,19,train,19,20
17141-2020,17141,2020,19,train,19,20
17141-2022,17141,2022,19,train,19,20
17143-2019,17143,2019,19,train,19,20
17143-2020,17143,2020,19,train,19,20
17143-2021,17143,2021,19,train,19,20
17143-2022,17143,2022,19,train,19,20
17145-2020,17145,2020,19,train,19,20
17145-2022,17145,2022,19,train,19,20
17147-2021,17147,2021,19,train,19,20
17147-2022,17147,2022,19,train,19,20
17149-2020,17149,2020,19,train,19,20
17151-2020,17151,2020,19,train,19,20
17153-2019,17153,2019,19,train,19,20
17153-2020,17153,2020,19,train,19,20
17153-2021,17153,2021,19,train,19,20
17155-2020,17155,2020,19,train,19,20
17155-2021,17155,2021,19,train,19,20
17155-2022,17155,2022,19,train,19,20
17157-2019,17157,2019,19,train,19,20
17157-2020,17157,2020,19,train,19,20
17157-2021,17157,2021,19,train,19,20
17157-2022,17157,2022,19,train,19,20
17159-2020,17159,2020,19,train,19,20
17161-2020,17161,2020,19,train,19,20
17161-2022,17161,2022,19,train,19,20
17165-2020,17165,2020,19,train,19,20
17165-2021,17165,2021,19,train,19,20
17165-2022,17165,2022,19,train,19,20
17167-2021,17167,2021,19,train,19,20
17169-2020,17169,2020,19,train,19,20
17169-2022,17169,2022,19,train,19,20
17171-2020,17171,2020,19,train,19,20
17171-2022,17171,2022,19,train,19,20
17173-2021,17173,2021,19,train,19,20
17173-2022,17173,2022,19,train,19,20
17175-2019,17175,2019,19,train,19,20
17175-2020,17175,2020,19,train,19,20
17175-2021,17175,2021,19,train,19,20
17175-2022,17175,2022,19,train,19,20
17177-2019,17177,2019,19,train,19,20
17177-2020,17177,2020,19,train,19,20
17177-2021,17177,2021,19,train,19,20
17177-2022,17177,2022,19,train,19,20
17179-2020,17179,2020,19,train,19,20
17179-2021,17179,2021,19,train,19,20
17179-2022,17179,2022,19,train,19,20
17181-2019,17181,2019,19,train,19,20
17181-2020,17181,2020,19,train,19,20
17181-2021,17181,2021,19,train,19,20
17183-2020,17183,2020,19,train,19,20
17183-2021,17183,2021,19,train,19,20
17183-2022,17183,2022,19,train,19,20
17185-2019,17185,2019,19,train,19,20
17185-2020,17185,2020,19,train,19,20
17185-2022,17185,2022,19,train,19,20
17187-2020,17187,2020,19,train,19,20
17187-2022,17187,2022,19,train,19,20
17189-2019,17189,2019,19,train,19,20
17189-2020,17189,2020,19,train,19,20
17189-2021,17189,2021,19,train,19,20
17189-2022,17189,2022,19,train,19,20
17191-2020,17191,2020,19,train,19,20
17191-2022,17191,2022,19,train,19,20
17193-2019,17193,2019,19,train,19,20
17193-2020,17193,2020,19,train,19,20
17193-2021,17193,2021,19,train,19,20
17193-2022,17193,2022,19,train,19,20
17195-2019,17195,2019,19,train,19,20
17195-2020,17195,2020,19,train,19,20
17195-2022,17195,2022,19,train,19,20
17197-2020,17197,2020,19,train,19,20
17197-2022,17197,2022,19,train,19,20
17199-2019,17199,2019,19,train,19,20
17199-2020,17199,2020,19,train,19,20
17199-2022,17199,2022,19,train,19,20
17201-2019,17201,2019,19,train,19,20
17201-2020,17201,2020,19,train,19,20
17201-2021,17201,2021,19,train,19,20
17201-2022,17201,2022,19,train,19,20
17203-2019,17203,2019,19,train,19,20
17203-2020,17203,2020,19,train,19,20
17203-2021,17203,2021,19,train,19,20
17203-2022,17203,2022,19,train,19,20
18001-2019,18001,2019,19,train,19,20
18001-2020,18001,2020,19,train,19,20
18001-2022,18001,2022,19,train,19,20
18003-2019,18003,2019,19,train,19,20
18003-2020,18003,2020,19,train,19,20
18003-2022,18003,2022,19,train,19,20
18005-2022,18005,2022,19,train,19,20
18007-2019,18007,2019,19,train,19,20
18007-2020,18007,2020,19,train,19,20
18007-2021,18007,2021,19,train,19,20
18007-2022,18007,2022,19,train,19,20
18009-2022,18009,2022,19,train,19,20
18011-2019,18011,2019,19,train,19,20
18011-2020,18011,2020,19,train,19,20
18011-2021,18011,2021,19,train,19,20
18011-2022,18011,2022,19,train,19,20
18015-2019,18015,2019,19,train,19,20
18015-2020,18015,2020,19,train,19,20
18015-2022,18015,2022,19,train,19,20
18017-2020,18017,2020,19,train,19,20
18017-2022,18017,2022,19,train,19,20
18019-2020,18019,2020,19,train,19,20
18021-2020,18021,2020,19,train,19,20
18021-2021,18021,2021,19,train,19,20
18021-2022,18021,2022,19,train,19,20
18023-2020,18023,2020,19,train,19,20
18023-2021,18023,2021,19,train,19,20
18023-2022,18023,2022,19,train,19,20
18027-2019,18027,2019,19,train,19,20
18027-2020,18027,2020,19,train,19,20
18027-2021,18027,2021,19,train,19,20
18027-2022,18027,2022,19,train,19,20
18029-2019,18029,2019,19,train,19,20
18029-2020,18029,2020,19,train,19,20
18029-2022,18029,2022,19,train,19,20
18031-2019,18031,2019,19,train,19,20
18031-2020,18031,2020,19,train,19,20
18031-2022,18031,2022,19,train,19,20
18035-2022,18035,2022,19,train,19,20
18037-2022,18037,2022,19,train,19,20
18039-2019,18039,2019,19,train,19,20
18039-2020,18039,2020,19,train,19,20
18039-2021,18039,2021,19,train,19,20
18039-2022,18039,2022,19,train,19,20
18041-2019,18041,2019,19,train,19,20
18041-2020,18041,2020,19,train,19,20
18041-2021,18041,2021,19,train,19,20
18041-2022,18041,2022,19,train,19,20
18045-2020,18045,2020,19,train,19,20
18045-2022,18045,2022,19,train,19,20
18047-2019,18047,2019,19,train,19,20
18047-2020,18047,2020,19,train,19,20
18047-2022,18047,2022,19,train,19,20
18049-2019,18049,2019,19,train,19,20
18049-2020,18049,2020,19,train,19,20
18049-2021,18049,2021,19,train,19,20
18051-2019,18051,2019,19,train,19,20
18051-2020,18051,2020,19,train,19,20
18051-2022,18051,2022,19,train,19,20
18053-2020,18053,2020,19,train,19,20
18053-2022,18053,2022,19,train,19,20
18055-2019,18055,2019,19,train,19,20
18055-2020,18055,2020,19,train,19,20
18055-2021,18055,2021,19,train,19,20
18057-2022,18057,2022,19,train,19,20
18059-2020,18059,2020,19,train,19,20
18059-2022,18059,2022,19,train,19,20
18063-2019,18063,2019,19,train,19,20
18063-2020,18063,2020,19,train,19,20
18063-2021,18063,2021,19,train,19,20
18063-2022,18063,2022,19,train,19,20
18065-2022,18065,2022,19,train,19,20
18067-2020,18067,2020,19,train,19,20
18067-2022,18067,2022,19,train,19,20
18069-2022,18069,2022,19,train,19,20
18071-2022,18071,2022,19,train,19,20
18073-2020,18073,2020,19,train,19,20
18073-2022,18073,2022,19,train,19,20
18075-2019,18075,2019,19,train,19,20
18075-2020,18075,2020,19,train,19,20
18075-2022,18075,2022,19,train,19,20
18077-2019,18077,2019,19,train,19,20
18077-2020,18077,2020,19,train,19,20
18077-2022,18077,2022,19,train,19,20
18079-2022,18079,2022,19,train,19,20
18081-2022,18081,2022,19,train,19,20
18083-2020,18083,2020,19,train,19,20
18083-2022,18083,2022,19,train,19,20
18085-2022,18085,2022,19,train,19,20
18089-2020,18089,2020,19,train,19,20
18089-2022,18089,2022,19,train,19,20
18093-2022,18093,2022,19,train,19,20
18095-2022,18095,2022,19,train,19,20
18097-2020,18097,2020,19,train,19,20
18099-2019,18099,2019,19,train,19,20
18099-2020,18099,2020,19,train,19,20
18099-2021,18099,2021,19,train,19,20
18099-2022,18099,2022,19,train,19,20
18101-2022,18101,2022,19,train,19,20
18103-2020,18103,2020,19,train,19,20
18103-2022,18103,2022,19,train,19,20
18105-2022,18105,2022,19,train,19,20
18107-2019,18107,2019,19,train,19,20
18107-2020,18107,2020,19,train,19,20
18107-2021,18107,2021,19,train,19,20
18109-2022,18109,2022,19,train,19,20
18111-2019,18111,2019,19,train,19,20
18111-2020,18111,2020,19,train,19,20
18111-2021,18111,2021,19,train,19,20
18111-2022,18111,2022,19,train,19,20
18113-2020,18113,2020,19,train,19,20
18113-2022,18113,2022,19,train,19,20
18115-2019,18115,2019,19,train,19,20
18115-2020,18115,2020,19,train,19,20
18119-2020,18119,2020,19,train,19,20
18119-2021,18119,2021,19,train,19,20
18119-2022,18119,2022,19,train,19,20
18121-2019,18121,2019,19,train,19,20
18121-2020,18121,2020,19,train,19,20
18121-2022,18121,2022,19,train,19,20
18123-2022,18123,2022,19,train,19,20
18125-2020,18125,2020,19,train,19,20
18125-2022,18125,2022,19,train,19,20
18127-2019,18127,2019,19,train,19,20
18127-2020,18127,2020,19,train,19,20
18127-2021,18127,2021,19,train,19,20
18127-2022,18127,2022,19,train,19,20
18129-2019,18129,2019,19,train,19,20
18129-2020,18129,2020,19,train,19,20
18129-2021,18129,2021,19,train,19,20
18129-2022,18129,2022,19,train,19,20
18131-2019,18131,2019,19,train,19,20
18131-2020,18131,2020,19,train,19,20
18131-2022,18131,2022,19,train,19,20
18133-2019,18133,2019,19,train,19,20
18133-2020,18133,2020,19,train,19,20
18133-2021,18133,2021,19,train,19,20
18133-2022,18133,2022,19,train,19,20
18135-2019,18135,2019,19,train,19,20
18135-2020,18135,2020,19,train,19,20
18135-2022,18135,2022,19,train,19,20
18137-2020,18137,2020,19,train,19,20
18137-2022,18137,2022,19,train,19,20
18139-2022,18139,2022,19,train,19,20
18141-2019,18141,2019,19,train,19,20
18141-2020,18141,2020,19,train,19,20
18141-2021,18141,2021,19,train,19,20
18141-2022,18141,2022,19,train,19,20
18143-2022,18143,2022,19,train,19,20
18145-2020,18145,2020,19,train,19,20
18145-2022,18145,2022,19,train,19,20
18147-2020,18147,2020,19,train,19,20
18149-2019,18149,2019,19,train,19,20
18149-2020,18149,2020,19,train,19,20
18149-2022,18149,2022,19,train,19,20
18151-2020,18151,2020,19,train,19,20
18151-2022,18151,2022,19,train,19,20
18153-2019,18153,2019,19,train,19,20
18153-2020,18153,2020,19,train,19,20
18153-2022,18153,2022,19,train,19,20
18155-2019,18155,2019,19,train,19,20
18155-2020,18155,2020,19,train,19,20
18157-2019,18157,2019,19,train,19,20
18157-2020,18157,2020,19,train,19,20
18157-2021,18157,2021,19,train,19,20
18157-2022,18157,2022,19,train,19,20
18159-2022,18159,2022,19,train,19,20
18161-2019,18161,2019,19,train,19,20
18161-2020,18161,2020,19,train,19,20
18161-2021,18161,2021,19,train,19,20
18161-2022,18161,2022,19,train,19,20
18163-2019,18163,2019,19,train,19,20
18163-2020,18163,2020,19,train,19,20
18163-2021,18163,2021,19,train,19,20
18163-2022,18163,2022,19,train,19,20
18165-2019,18165,2019,19,train,19,20
18165-2020,18165,2020,19,train,19,20
18165-2021,18165,2021,19,train,19,20
18165-2022,18165,2022,19,train,19,20
18167-2019,18167,2019,19,train,19,20
18167-2020,18167,2020,19,train,19,20
18167-2022,18167,2022,19,train,19,20
18169-2022,18169,2022,19,train,19,20
18171-2019,18171,2019,19,train,19,20
18171-2020,18171,2020,19,train,19,20
18171-2021,18171,2021,19,train,19,20
18173-2019,18173,2019,19,train,19,20
18173-2020,18173,2020,19,train,19,20
18173-2022,18173,2022,19,train,19,20
18177-2019,18177,2019,19,train,19,20
18177-2020,18177,2020,19,train,19,20
18177-2021,18177,2021,19,train,19,20
18177-2022,18177,2022,19,train,19,20
18179-2022,18179,2022,19,train,19,20
18181-2019,18181,2019,19,train,19,20
18181-2020,18181,2020,19,train,19,20
18181-2022,18181,2022,19,train,19,20
18183-2022,18183,2022,19,train,19,20
19001-2019,19001,2019,19,test,19,20
19001-2020,19001,2020,19,test,19,20
19001-2022,19001,2022,19,test,19,20
19003-2020,19003,2020,19,test,19,20
19005-2019,19005,2019,19,test,19,20
19005-2020,19005,2020,19,test,19,20
19005-2021,19005,2021,19,test,19,20
19005-2022,19005,2022,19,test,19,20
19007-2020,19007,2020,19,test,19,20
19007-2021,19007,2021,19,test,19,20
19007-2022,19007,2022,19,test,19,20
19009-2019,19009,2019,19,test,19,20
19009-2020,19009,2020,19,test,19,20
19009-2021,19009,2021,19,test,19,20
19009-2022,19009,2022,19,test,19,20
19011-2019,19011,2019,19,test,19,20
19011-2020,19011,2020,19,test,19,20
19011-2021,19011,2021,19,test,19,20
19011-2022,19011,2022,19,test,19,20
19013-2020,19013,2020,19,test,19,20
19013-2022,19013,2022,19,test,19,20
19015-2019,19015,2019,19,test,19,20
19015-2020,19015,2020,19,test,19,20
19015-2021,19015,2021,19,test,19,20
19015-2022,19015,2022,19,test,19,20
19017-2022,19017,2022,19,test,19,20
19019-2019,19019,2019,19,test,19,20
19019-2020,19019,2020,19,test,19,20
19019-2021,19019,2021,19,test,19,20
19019-2022,19019,2022,19,test,19,20
19021-2019,19021,2019,19,test,19,20
19021-2020,19021,2020,19,test,19,20
19021-2022,19021,2022,19,test,19,20
19023-2021,19023,2021,19,test,19,20
19023-2022,19023,2022,19,test,19,20
19025-2019,19025,2019,19,test,19,20
19025-2020,19025,2020,19,test,19,20
19025-2021,19025,2021,19,test,19,20
19025-2022,19025,2022,19,test,19,20
19027-2020,19027,2020,19,test,19,20
19027-2022,19027,2022,19,test,19,20
19029-2019,19029,2019,19,test,19,20
19029-2020,19029,2020,19,test,19,20
19029-2021,19029,2021,19,test,19,20
19029-2022,19029,2022,19,test,19,20
19031-2020,19031,2020,19,test,19,20
19031-2022,19031,2022,19,test,19,20
19033-2019,19033,2019,19,test,19,20
19033-2020,19033,2020,19,test,19,20
19033-2021,19033,2021,19,test,19,20
19033-2022,19033,2022,19,test,19,20
19035-2019,19035,2019,19,test,19,20
19035-2020,19035,2020,19,test,19,20
19035-2022,19035,2022,19,test,19,20
19037-2022,19037,2022,19,test,19,20
19039-2020,19039,2020,19,test,19,20
19041-2019,19041,2019,19,test,19,20
19041-2020,19041,2020,19,test,19,20
19041-2022,19041,2022,19,test,19,20
19043-2020,19043,2020,19,test,19,20
19043-2021,19043,2021,19,test,19,20
19043-2022,19043,2022,19,test,19,20
19045-2020,19045,2020,19,test,19,20
19045-2022,19045,2022,19,test,19,20
19047-2019,19047,2019,19,test,19,20
19047-2020,19047,2020,19,test,19,20
19047-2022,19047,2022,19,test,19,20
19049-2019,19049,2019,19,test,19,20
19049-2020,19049,2020,19,test,19,20
19049-2021,19049,2021,19,test,19,20
19049-2022,19049,2022,19,test,19,20
19051-2019,19051,2019,19,test,19,20
19051-2020,19051,2020,19,test,19,20
19051-2021,19051,2021,19,test,19,20
19051-2022,19051,2022,19,test,19,20
19053-2020,19053,2020,19,test,19,20
19053-2022,19053,2022,19,test,19,20
19055-2020,19055,2020,19,test,19,20
19055-2021,19055,2021,19,test,19,20
19055-2022,19055,2022,19,test,19,20
19057-2019,19057,2019,19,test,19,20
19057-2020,19057,2020,19,test,19,20
19057-2022,19057,2022,19,test,19,20
19059-2019,19059,2019,19,test,19,20
19059-2020,19059,2020,19,test,19,20
19059-2021,19059,2021,19,test,19,20
19059-2022,19059,2022,19,test,19,20
19061-2020,19061,2020,19,test,19,20
19061-2021,19061,2021,19,test,19,20
19061-2022,19061,2022,19,test,19,20
19063-2022,19063,2022,19,test,19,20
19065-2020,19065,2020,19,test,19,20
19065-2021,19065,2021,19,test,19,20
19065-2022,19065,2022,19,test,19,20
19067-2019,19067,2019,19,test,19,20
19067-2020,19067,2020,19,test,19,20
19067-2021,19067,2021,19,test,19,20
19067-2022,19067,2022,19,test,19,20
19069-2019,19069,2019,19,test,19,20
19069-2020,19069,2020,19,test,19,20
19069-2021,19069,2021,19,test,19,20
19069-2022,19069,2022,19,test,19,20
19071-2020,19071,2020,19,test,19,20
19071-2022,19071,2022,19,test,19,20
19073-2019,19073,2019,19,test,19,20
19073-2020,19073,2020,19,test,19,20
19073-2021,19073,2021,19,test,19,20
19073-2022,19073,2022,19,test,19,20
19075-2020,19075,2020,19,test,19,20
19075-2021,19075,2021,19,test,19,20
19075-2022,19075,2022,19,test,19,20
19077-2019,19077,2019,19,test,19,20
19077-2020,19077,2020,19,test,19,20
19077-2021,19077,2021,19,test,19,20
19077-2022,19077,2022,19,test,19,20
19079-2019,19079,2019,19,test,19,20
19079-2020,19079,2020,19,test,19,20
19079-2022,19079,2022,19,test,19,20
19081-2019,19081,2019,19,test,19,20
19081-2020,19081,2020,19,test,19,20
19081-2021,19081,2021,19,test,19,20
19081-2022,19081,2022,19,test,19,20
19083-2019,19083,2019,19,test,19,20
19083-2020,19083,2020,19,test,19,20
19083-2021,19083,2021,19,test,19,20
19083-2022,19083,2022,19,test,19,20
19085-2020,19085,2020,19,test,19,20
19085-2022,19085,2022,19,test,19,20
19087-2019,19087,2019,19,test,19,20
19087-2020,19087,2020,19,test,19,20
19087-2021,19087,2021,19,test,19,20
19087-2022,19087,2022,19,test,19,20
19089-2020,19089,2020,19,test,19,20
19089-2022,19089,2022,19,test,19,20
19091-2019,19091,2019,19,test,19,20
19091-2020,19091,2020,19,test,19,20
19091-2021,19091,2021,19,test,19,20
19091-2022,19091,2022,19,test,19,20
19093-2020,19093,2020,19,test,19,20
19093-2021,19093,2021,19,test,19,20
19093-2022,19093,2022,19,test,19,20
19095-2019,19095,2019,19,test,19,20
19095-2020,19095,2020,19,test,19,20
19095-2022,19095,2022,19,test,19,20
19097-2020,19097,2020,19,test,19,20
19097-2021,19097,2021,19,test,19,20
19097-2022,19097,2022,19,test,19,20
19099-2021,19099,2021,19,test,19,20
19099-2022,19099,2022,19,test,19,20
19101-2019,19101,2019,19,test,19,20
19101-2020,19101,2020,19,test,19,20
19101-2021,19101,2021,19,test,19,20
19101-2022,19101,2022,19,test,19,20
19103-2019,19103,2019,19,test,19,20
19103-2020,19103,2020,19,test,19,20
19103-2022,19103,2022,19,test,19,20
19105-2020,19105,2020,19,test,19,20
19105-2022,19105,2022,19,test,19,20
19107-2019,19107,2019,19,test,19,20
19107-2020,19107,2020,19,test,19,20
19107-2021,19107,2021,19,test,19,20
19107-2022,19107,2022,19,test,19,20
19109-2019,19109,2019,19,test,19,20
19109-2020,19109,2020,19,test,19,20
19109-2021,19109,2021,19,test,19,20
19109-2022,19109,2022,19,test,19,20
19111-2019,19111,2019,19,test,19,20
19111-2020,19111,2020,19,test,19,20
19111-2021,19111,2021,19,test,19,20
19111-2022,19111,2022,19,test,19,20
19113-2019,19113,2019,19,test,19,20
19113-2020,19113,2020,19,test,19,20
19113-2022,19113,2022,19,test,19,20
19115-2019,19115,2019,19,test,19,20
19115-2020,19115,2020,19,test,19,20
19115-2022,19115,2022,19,test,19,20
19117-2021,19117,2021,19,test,19,20
19117-2022,19117,2022,19,test,19,20
19119-2019,19119,2019,19,test,19,20
19119-2020,19119,2020,19,test,19,20
19119-2021,19119,2021,19,test,19,20
19119-2022,19119,2022,19,test,19,20
19121-2019,19121,2019,19,test,19,20
19121-2020,19121,2020,19,test,19,20
19121-2021,19121,2021,19,test,19,20
19121-2022,19121,2022,19,test,19,20
19123-2021,19123,2021,19,test,19,20
19123-2022,19123,2022,19,test,19,20
19125-2021,19125,2021,19,test,19,20
19125-2022,19125,2022,19,test,19,20
19127-2021,19127,2021,19,test,19,20
19127-2022,19127,2022,19,test,19,20
19129-2020,19129,2020,19,test,19,20
19129-2022,19129,2022,19,test,19,20
19131-2019,19131,2019,19,test,19,20
19131-2020,19131,2020,19,test,19,20
19131-2021,19131,2021,19,test,19,20
19131-2022,19131,2022,19,test,19,20
19133-2019,19133,2019,19,test,19,20
19133-2022,19133,2022,19,test,19,20
19135-2021,19135,2021,19,test,19,20
19135-2022,19135,2022,19,test,19,20
19137-2020,19137,2020,19,test,19,20
19137-2022,19137,2022,19,test,19,20
19139-2020,19139,2020,19,test,19,20
19139-2022,19139,2022,19,test,19,20
19143-2019,19143,2019,19,test,19,20
19143-2020,19143,2020,19,test,19,20
19143-2021,19143,2021,19,test,19,20
19143-2022,19143,2022,19,test,19,20
19145-2019,19145,2019,19,test,19,20
19145-2020,19145,2020,19,test,19,20
19145-2021,19145,2021,19,test,19,20
19145-2022,19145,2022,19,test,19,20
19147-2019,19147,2019,19,test,19,20
19147-2022,19147,2022,19,test,19,20
19149-2019,19149,2019,19,test,19,20
19149-2021,19149,2021,19,test,19,20
19149-2022,19149,2022,19,test,19,20
19151-2022,19151,2022,19,test,19,20
19153-2019,19153,2019,19,test,19,20
19153-2020,19153,2020,19,test,19,20
19153-2021,19153,2021,19,test,19,20
19153-2022,19153,2022,19,test,19,20
19155-2020,19155,2020,19,test,19,20
19155-2022,19155,2022,19,test,19,20
19157-2021,19157,2021,19,test,19,20
19157-2022,19157,2022,19,test,19,20
19159-2020,19159,2020,19,test,19,20
19159-2021,19159,2021,19,test,19,20
19159-2022,19159,2022,19,test,19,20
19161-2019,19161,2019,19,test,19,20
19161-2020,19161,2020,19,test,19,20
19161-2022,19161,2022,19,test,19,20
19163-2020,19163,2020,19,test,19,20
19163-2022,19163,2022,19,test,19,20
19165-2019,19165,2019,19,test,19,20
19165-2020,19165,2020,19,test,19,20
19165-2022,19165,2022,19,test,19,20
19167-2019,19167,2019,19,test,19,20
19167-2020,19167,2020,19,test,19,20
19167-2021,19167,2021,19,test,19,20
19167-2022,19167,2022,19,test,19,20
19169-2019,19169,2019,19,test,19,20
19169-2020,19169,2020,19,test,19,20
19169-2021,19169,2021,19,test,19,20
19169-2022,19169,2022,19,test,19,20
19171-2022,19171,2022,19,test,19,20
19173-2020,19173,2020,19,test,19,20
19173-2021,19173,2021,19,test,19,20
19173-2022,19173,2022,19,test,19,20
19175-2020,19175,2020,19,test,19,20
19175-2021,19175,2021,19,test,19,20
19175-2022,19175,2022,19,test,19,20
19177-2019,19177,2019,19,test,19,20
19177-2020,19177,2020,19,test,19,20
19177-2021,19177,2021,19,test,19,20
19177-2022,19177,2022,19,test,19,20
19179-2019,19179,2019,19,test,19,20
19179-2020,19179,2020,19,test,19,20
19179-2021,19179,2021,19,test,19,20
19179-2022,19179,2022,19,test,19,20
19181-2020,19181,2020,19,test,19,20
19181-2022,19181,2022,19,test,19,20
19183-2019,19183,2019,19,test,19,20
19183-2020,19183,2020,19,test,19,20
19183-2022,19183,2022,19,test,19,20
19185-2021,19185,2021,19,test,19,20
19187-2019,19187,2019,19,test,19,20
19187-2020,19187,2020,19,test,19,20
19187-2021,19187,2021,19,test,19,20
19187-2022,19187,2022,19,test,19,20
19189-2019,19189,2019,19,test,19,20
19189-2020,19189,2020,19,test,19,20
19189-2021,19189,2021,19,test,19,20
19189-2022,19189,2022,19,test,19,20
19191-2019,19191,2019,19,test,19,20
19191-2020,19191,2020,19,test,19,20
19191-2021,19191,2021,19,test,19,20
19191-2022,19191,2022,19,test,19,20
19193-2019,19193,2019,19,test,19,20
19193-2020,19193,2020,19,test,19,20
19193-2021,19193,2021,19,test,19,20
19193-2022,19193,2022,19,test,19,20
19195-2019,19195,2019,19,test,19,20
19195-2020,19195,2020,19,test,19,20
19195-2021,19195,2021,19,test,19,20
19195-2022,19195,2022,19,test,19,20
19197-2019,19197,2019,19,test,19,20
19197-2020,19197,2020,19,test,19,20
19197-2021,19197,2021,19,test,19,20
19197-2022,19197,2022,19,test,19,20
20001-2020,20001,2020,19,val,19,20
20001-2021,20001,2021,19,val,19,20
20003-2019,20003,2019,19,val,19,20
20003-2020,20003,2020,19,val,19,20
20003-2021,20003,2021,19,val,19,20
20005-2020,20005,2020,19,val,19,20
20005-2021,20005,2021,19,val,19,20
20005-2022,20005,2022,19,val,19,20
20009-2020,20009,2020,19,val,19,20
20011-2020,20011,2020,19,val,19,20
20011-2021,20011,2021,19,val,19,20
20013-2019,20013,2019,19,val,19,20
20013-2020,20013,2020,19,val,19,20
20013-2022,20013,2022,19,val,19,20
20015-2020,20015,2020,19,val,19,20
20015-2021,20015,2021,19,val,19,20
20017-2020,20017,2020,19,val,19,20
20017-2021,20017,2021,19,val,19,20
20021-2019,20021,2019,19,val,19,20
20023-2020,20023,2020,19,val,19,20
20023-2021,20023,2021,19,val,19,20
20027-2019,20027,2019,19,val,19,20
20027-2020,20027,2020,19,val,19,20
20027-2022,20027,2022,19,val,19,20
20029-2020,20029,2020,19,val,19,20
20029-2021,20029,2021,19,val,19,20
20029-2022,20029,2022,19,val,19,20
20031-2019,20031,2019,19,val,19,20
20031-2020,20031,2020,19,val,19,20
20035-2019,20035,2019,19,val,19,20
20035-2020,20035,2020,19,val,19,20
20035-2021,20035,2021,19,val,19,20
20037-2020,20037,2020,19,val,19,20
20037-2021,20037,2021,19,val,19,20
20039-2020,20039,2020,19,val,19,20
20041-2020,20041,2020,19,val,19,20
20041-2021,20041,2021,19,val,19,20
20043-2020,20043,2020,19,val,19,20
20043-2021,20043,2021,19,val,19,20
20043-2022,20043,2022,19,val,19,20
20045-2019,20045,2019,19,val,19,20
20045-2020,20045,2020,19,val,19,20
20045-2021,20045,2021,19,val,19,20
20047-2019,20047,2019,19,val,19,20
20047-2020,20047,2020,19,val,19,20
20049-2019,20049,2019,19,val,19,20
20053-2019,20053,2019,19,val,19,20
20053-2020,20053,2020,19,val,19,20
20053-2021,20053,2021,19,val,19,20
20055-2019,20055,2019,19,val,19,20
20055-2020,20055,2020,19,val,19,20
20057-2019,20057,2019,19,val,19,20
20057-2020,20057,2020,19,val,19,20
20057-2021,20057,2021,19,val,19,20
20059-2019,20059,2019,19,val,19,20
20059-2020,20059,2020,19,val,19,20
20061-2020,20061,2020,19,val,19,20
20063-2020,20063,2020,19,val,19,20
20063-2021,20063,2021,19,val,19,20
20065-2020,20065,2020,19,val,19,20
20065-2021,20065,2021,19,val,19,20
20067-2019,20067,2019,19,val,19,20
20067-2020,20067,2020,19,val,19,20
20067-2021,20067,2021,19,val,19,20
20069-2020,20069,2020,19,val,19,20
20069-2021,20069,2021,19,val,19,20
20071-2019,20071,2019,19,val,19,20
20071-2020,20071,2020,19,val,19,20
20071-2021,20071,2021,19,val,19,20
20075-2019,20075,2019,19,val,19,20
20079-2019,20079,2019,19,val,19,20
20079-2020,20079,2020,19,val,19,20
20079-2021,20079,2021,19,val,19,20
20081-2019,20081,2019,19,val,19,20
20081-2020,20081,2020,19,val,19,20
20081-2021,20081,2021,19,val,19,20
20083-2020,20083,2020,19,val,19,20
20085-2019,20085,2019,19,val,19,20
20085-2020,20085,2020,19,val,19,20
20087-2019,20087,2019,19,val,19,20
20087-2020,20087,2020,19,val,19,20
20087-2021,20087,2021,19,val,19,20
20089-2020,20089,2020,19,val,19,20
20095-2019,20095,2019,19,val,19,20
20095-2020,20095,2020,19,val,19,20
20095-2021,20095,2021,19,val,19,20
20097-2020,20097,2020,19,val,19,20
20099-2020,20099,2020,19,val,19,20
20099-2021,20099,2021,19,val,19,20
20101-2020,20101,2020,19,val,19,20
20101-2021,20101,2021,19,val,19,20
20103-2019,20103,2019,19,val,19,20
20103-2020,20103,2020,19,val,19,20
20103-2021,20103,2021,19,val,19,20
20105-2019,20105,2019,19,val,19,20
20107-2020,20107,2020,19,val,19,20
20109-2020,20109,2020,19,val,19,20
20109-2021,20109,2021,19,val,19,20
20111-2019,20111,2019,19,val,19,20
20115-2019,20115,2019,19,val,19,20
20115-2020,20115,2020,19,val,19,20
20115-2021,20115,2021,19,val,19,20
20117-2019,20117,2019,19,val,19,20
20117-2022,20117,2022,19,val,19,20
20119-2020,20119,2020,19,val,19,20
20119-2021,20119,2021,19,val,19,20
20121-2019,20121,2019,19,val,19,20
20121-2020,20121,2020,19,val,19,20
20123-2019,20123,2019,19,val,19,20
20123-2020,20123,2020,19,val,19,20
20123-2021,20123,2021,19,val,19,20
20125-2019,20125,2019,19,val,19,20
20125-2020,20125,2020,19,val,19,20
20127-2019,20127,2019,19,val,19,20
20127-2020,20127,2020,19,val,19,20
20127-2021,20127,2021,19,val,19,20
20129-2019,20129,2019,19,val,19,20
20129-2020,20129,2020,19,val,19,20
20129-2021,20129,2021,19,val,19,20
20131-2020,20131,2020,19,val,19,20
20133-2019,20133,2019,19,val,19,20
20133-2020,20133,2020,19,val,19,20
20133-2021,20133,2021,19,val,19,20
20135-2019,20135,2019,19,val,19,20
20135-2020,20135,2020,19,val,19,20
20135-2021,20135,2021,19,val,19,20
20137-2020,20137,2020,19,val,19,20
20137-2021,20137,2021,19,val,19,20
20137-2022,20137,2022,19,val,19,20
20139-2019,20139,2019,19,val,19,20
20139-2020,20139,2020,19,val,19,20
20141-2020,20141,2020,19,val,19,20
20143-2020,20143,2020,19,val,19,20
20145-2020,20145,2020,19,val,19,20
20147-2020,20147,2020,19,val,19,20
20147-2021,20147,2021,19,val,19,20
20147-2022,20147,2022,19,val,19,20
20149-2019,20149,2019,19,val,19,20
20151-2020,20151,2020,19,val,19,20
20153-2019,20153,2019,19,val,19,20
20153-2020,20153,2020,19,val,19,20
20153-2021,20153,2021,19,val,19,20
20155-2019,20155,2019,19,val,19,20
20155-2020,20155,2020,19,val,19,20
20155-2021,20155,2021,19,val,19,20
20157-2020,20157,2020,19,val,19,20
20157-2021,20157,2021,19,val,19,20
20157-2022,20157,2022,19,val,19,20
20159-2020,20159,2020,19,val,19,20
20161-2019,20161,2019,19,val,19,20
20161-2020,20161,2020,19,val,19,20
20161-2022,20161,2022,19,val,19,20
20163-2019,20163,2019,19,val,19,20
20163-2020,20163,2020,19,val,19,20
20169-2020,20169,2020,19,val,19,20
20169-2021,20169,2021,19,val,19,20
20171-2019,20171,2019,19,val,19,20
20171-2020,20171,2020,19,val,19,20
20173-2019,20173,2019,19,val,19,20
20173-2020,20173,2020,19,val,19,20
20175-2020,20175,2020,19,val,19,20
20175-2021,20175,2021,19,val,19,20
20177-2019,20177,2019,19,val,19,20
20177-2020,20177,2020,19,val,19,20
20177-2021,20177,2021,19,val,19,20
20179-2021,20179,2021,19,val,19,20
20181-2019,20181,2019,19,val,19,20
20181-2020,20181,2020,19,val,19,20
20181-2021,20181,2021,19,val,19,20
20183-2020,20183,2020,19,val,19,20
20183-2021,20183,2021,19,val,19,20
20183-2022,20183,2022,19,val,19,20
20185-2020,20185,2020,19,val,19,20
20187-2019,20187,2019,19,val,19,20
20187-2020,20187,2020,19,val,19,20
20189-2020,20189,2020,19,val,19,20
20189-2021,20189,2021,19,val,19,20
20191-2019,20191,2019,19,val,19,20
20191-2020,20191,2020,19,val,19,20
20191-2021,20191,2021,19,val,19,20
20193-2020,20193,2020,19,val,19,20
20195-2020,20195,2020,19,val,19,20
20195-2021,20195,2021,19,val,19,20
20197-2019,20197,2019,19,val,19,20
20201-2020,20201,2020,19,val,19,20
20201-2022,20201,2022,19,val,19,20
20203-2019,20203,2019,19,val,19,20
20203-2020,20203,2020,19,val,19,20
20203-2021,20203,2021,19,val,19,20
20205-2019,20205,2019,19,val,19,20
20205-2020,20205,2020,19,val,19,20
20207-2020,20207,2020,19,val,19,20
21001-2019,21001,2019,19,train,19,20
21001-2020,21001,2020,19,train,19,20
21007-2020,21007,2020,19,train,19,20
21007-2021,21007,2021,19,train,19,20
21009-2020,21009,2020,19,train,19,20
21031-2020,21031,2020,19,train,19,20
21033-2019,21033,2019,19,train,19,20
21033-2020,21033,2020,19,train,19,20
21033-2021,21033,2021,19,train,19,20
21035-2020,21035,2020,19,train,19,20
21035-2021,21035,2021,19,train,19,20
21039-2020,21039,2020,19,train,19,20
21039-2021,21039,2021,19,train,19,20
21047-2019,21047,2019,19,train,19,20
21047-2020,21047,2020,19,train,19,20
21047-2021,21047,2021,19,train,19,20
21055-2020,21055,2020,19,train,19,20
21055-2021,21055,2021,19,train,19,20
21059-2020,21059,2020,19,train,19,20
21059-2022,21059,2022,19,train,19,20
21075-2019,21075,2019,19,train,19,20
21075-2020,21075,2020,19,train,19,20
21075-2021,21075,2021,19,train,19,20
21083-2020,21083,2020,19,train,19,20
21091-2020,21091,2020,19,train,19,20
21093-2019,21093,2019,19,train,19,20
21093-2020,21093,2020,19,train,19,20
21099-2020,21099,2020,19,train,19,20
21101-2019,21101,2019,19,train,19,20
21101-2020,21101,2020,19,train,19,20
21101-2022,21101,2022,19,train,19,20
21103-2020,21103,2020,19,train,19,20
21105-2019,21105,2019,19,train,19,20
21105-2020,21105,2020,19,train,19,20
21105-2021,21105,2021,19,train,19,20
21107-2020,21107,2020,19,train,19,20
21123-2020,21123,2020,19,train,19,20
21139-2019,21139,2019,19,train,19,20
21139-2020,21139,2020,19,train,19,20
21139-2021,21139,2021,19,train,19,20
21141-2020,21141,2020,19,train,19,20
21143-2019,21143,2019,19,train,19,20
21157-2019,21157,2019,19,train,19,20
21157-2020,21157,2020,19,train,19,20
21157-2021,21157,2021,19,train,19,20
21167-2021,21167,2021,19,train,19,20
21169-2020,21169,2020,19,train,19,20
21177-2020,21177,2020,19,train,19,20
21183-2020,21183,2020,19,train,19,20
21211-2020,21211,2020,19,train,19,20
21213-2020,21213,2020,19,train,19,20
21215-2020,21215,2020,19,train,19,20
21219-2020,21219,2020,19,train,19,20
21221-2019,21221,2019,19,train,19,20
21221-2020,21221,2020,19,train,19,20
21221-2021,21221,2021,19,train,19,20
21223-2020,21223,2020,19,train,19,20
21225-2019,21225,2019,19,train,19,20
21225-2020,21225,2020,19,train,19,20
21225-2021,21225,2021,19,train,19,20
21225-2022,21225,2022,19,train,19,20
21227-2020,21227,2020,19,train,19,20
21229-2020,21229,2020,19,train,19,20
21233-2019,21233,2019,19,train,19,20
21233-2020,21233,2020,19,train,19,20
21233-2021,21233,2021,19,train,19,20
26005-2019,26005,2019,19,train,19,20
26005-2020,26005,2020,19,train,19,20
26007-2019,26007,2019,19,train,19,20
26007-2021,26007,2021,19,train,19,20
26011-2019,26011,2019,19,train,19,20
26011-2020,26011,2020,19,train,19,20
26015-2020,26015,2020,19,train,19,20
26021-2020,26021,2020,19,train,19,20
26021-2022,26021,2022,19,train,19,20
26023-2020,26023,2020,19,train,19,20
26023-2022,26023,2022,19,train,19,20
26025-2020,26025,2020,19,train,19,20
26027-2019,26027,2019,19,train,19,20
26027-2020,26027,2020,19,train,19,20
26027-2022,26027,2022,19,train,19,20
26037-2020,26037,2020,19,train,19,20
26045-2020,26045,2020,19,train,19,20
26049-2019,26049,2019,19,train,19,20
26049-2020,26049,2020,19,train,19,20
26051-2020,26051,2020,19,train,19,20
26059-2019,26059,2019,19,train,19,20
26059-2020,26059,2020,19,train,19,20
26059-2022,26059,2022,19,train,19,20
26063-2020,26063,2020,19,train,19,20
26065-2019,26065,2019,19,train,19,20
26065-2020,26065,2020,19,train,19,20
26067-2020,26067,2020,19,train,19,20
26069-2019,26069,2019,19,train,19,20
26069-2020,26069,2020,19,train,19,20
26069-2021,26069,2021,19,train,19,20
26075-2019,26075,2019,19,train,19,20
26075-2020,26075,2020,19,train,19,20
26077-2019,26077,2019,19,train,19,20
26077-2020,26077,2020,19,train,19,20
26081-2019,26081,2019,19,train,19,20
26081-2020,26081,2020,19,train,19,20
26087-2019,26087,2019,19,train,19,20
26087-2020,26087,2020,19,train,19,20
26091-2019,26091,2019,19,train,19,20
26091-2020,26091,2020,19,train,19,20
26099-2020,26099,2020,19,train,19,20
26105-2019,26105,2019,19,train,19,20
26105-2020,26105,2020,19,train,19,20
26107-2020,26107,2020,19,train,19,20
26109-2019,26109,2019,19,train,19,20
26109-2020,26109,2020,19,train,19,20
26115-2019,26115,2019,19,train,19,20
26115-2020,26115,2020,19,train,19,20
26117-2020,26117,2020,19,train,19,20
26121-2020,26121,2020,19,train,19,20
26123-2019,26123,2019,19,train,19,20
26123-2020,26123,2020,19,train,19,20
26127-2019,26127,2019,19,train,19,20
26127-2020,26127,2020,19,train,19,20
26129-2020,26129,2020,19,train,19,20
26139-2020,26139,2020,19,train,19,20
26141-2019,26141,2019,19,train,19,20
26141-2021,26141,2021,19,train,19,20
26151-2019,26151,2019,19,train,19,20
26151-2020,26151,2020,19,train,19,20
26157-2019,26157,2019,19,train,19,20
26157-2020,26157,2020,19,train,19,20
26159-2020,26159,2020,19,train,19,20
26161-2019,26161,2019,19,train,19,20
26161-2020,26161,2020,19,train,19,20
26165-2020,26165,2020,19,train,19,20
27001-2020,27001,2020,19,train,19,20
27005-2019,27005,2019,19,train,19,20
27005-2020,27005,2020,19,train,19,20
27005-2021,27005,2021,19,train,19,20
27007-2020,27007,2020,19,train,19,20
27007-2021,27007,2021,19,train,19,20
27011-2020,27011,2020,19,train,19,20
27011-2021,27011,2021,19,train,19,20
27013-2019,27013,2019,19,train,19,20
27013-2020,27013,2020,19,train,19,20
27013-2021,27013,2021,19,train,19,20
27015-2019,27015,2019,19,train,19,20
27015-2020,27015,2020,19,train,19,20
27015-2021,27015,2021,19,train,19,20
27019-2020,27019,2020,19,train,19,20
27023-2019,27023,2019,19,train,19,20
27023-2021,27023,2021,19,train,19,20
27025-2019,27025,2019,19,train,19,20
27025-2020,27025,2020,19,train,19,20
27027-2021,27027,2021,19,train,19,20
27029-2019,27029,2019,19,train,19,20
27029-2020,27029,2020,19,train,19,20
27029-2021,27029,2021,19,train,19,20
27033-2019,27033,2019,19,train,19,20
27033-2020,27033,2020,19,train,19,20
27033-2021,27033,2021,19,train,19,20
27035-2020,27035,2020,19,train,19,20
27035-2021,27035,2021,19,train,19,20
27037-2020,27037,2020,19,train,19,20
27039-2020,27039,2020,19,train,19,20
27041-2020,27041,2020,19,train,19,20
27041-2021,27041,2021,19,train,19,20
27043-2020,27043,2020,19,train,19,20
27043-2021,27043,2021,19,train,19,20
27043-2022,27043,2022,19,train,19,20
27045-2020,27045,2020,19,train,19,20
27045-2022,27045,2022,19,train,19,20
27047-2020,27047,2020,19,train,19,20
27047-2021,27047,2021,19,train,19,20
27047-2022,27047,2022,19,train,19,20
27049-2020,27049,2020,19,train,19,20
27049-2021,27049,2021,19,train,19,20
27051-2019,27051,2019,19,train,19,20
27051-2020,27051,2020,19,train,19,20
27051-2021,27051,2021,19,train,19,20
27053-2019,27053,2019,19,train,19,20
27053-2020,27053,2020,19,train,19,20
27055-2019,27055,2019,19,train,19,20
27055-2020,27055,2020,19,train,19,20
27055-2021,27055,2021,19,train,19,20
27055-2022,27055,2022,19,train,19,20
27057-2020,27057,2020,19,train,19,20
27057-2021,27057,2021,19,train,19,20
27059-2019,27059,2019,19,train,19,20
27059-2020,27059,2020,19,train,19,20
27063-2019,27063,2019,19,train,19,20
27063-2020,27063,2020,19,train,19,20
27063-2021,27063,2021,19,train,19,20
27063-2022,27063,2022,19,train,19,20
27067-2020,27067,2020,19,train,19,20
27069-2019,27069,2019,19,train,19,20
27069-2020,27069,2020,19,train,19,20
27079-2020,27079,2020,19,train,19,20
27079-2021,27079,2021,19,train,19,20
27081-2019,27081,2019,19,train,19,20
27081-2020,27081,2020,19,train,19,20
27081-2021,27081,2021,19,train,19,20
27083-2019,27083,2019,19,train,19,20
27083-2020,27083,2020,19,train,19,20
27083-2021,27083,2021,19,train,19,20
27087-2020,27087,2020,19,train,19,20
27087-2021,27087,2021,19,train,19,20
27089-2019,27089,2019,19,train,19,20
27089-2020,27089,2020,19,train,19,20
27089-2021,27089,2021,19,train,19,20
27091-2022,27091,2022,19,train,19,20
27093-2019,27093,2019,19,train,19,20
27093-2020,27093,2020,19,train,19,20
27093-2021,27093,2021,19,train,19,20
27097-2019,27097,2019,19,train,19,20
27097-2020,27097,2020,19,train,19,20
27097-2021,27097,2021,19,train,19,20
27099-2020,27099,2020,19,train,19,20
27099-2022,27099,2022,19,train,19,20
27101-2019,27101,2019,19,train,19,20
27101-2020,27101,2020,19,train,19,20
27101-2021,27101,2021,19,train,19,20
27103-2019,27103,2019,19,train,19,20
27105-2019,27105,2019,19,train,19,20
27105-2020,27105,2020,19,train,19,20
27105-2021,27105,2021,19,train,19,20
27105-2022,27105,2022,19,train,19,20
27107-2020,27107,2020,19,train,19,20
27109-2020,27109,2020,19,train,19,20
27111-2019,27111,2019,19,train,19,20
27111-2020,27111,2020,19,train,19,20
27111-2021,27111,2021,19,train,19,20
27115-2019,27115,2019,19,train,19,20
27115-2020,27115,2020,19,train,19,20
27117-2021,27117,2021,19,train,19,20
27119-2020,27119,2020,19,train,19,20
27119-2021,27119,2021,19,train,19,20
27121-2019,27121,2019,19,train,19,20
27121-2020,27121,2020,19,train,19,20
27121-2021,27121,2021,19,train,19,20
27125-2020,27125,2020,19,train,19,20
27125-2021,27125,2021,19,train,19,20
27127-2019,27127,2019,19,train,19,20
27127-2020,27127,2020,19,train,19,20
27127-2021,27127,2021,19,train,19,20
27129-2019,27129,2019,19,train,19,20
27129-2020,27129,2020,19,train,19,20
27129-2021,27129,2021,19,train,19,20
27131-2020,27131,2020,19,train,19,20
27131-2021,27131,2021,19,train,19,20
27133-2019,27133,2019,19,train,19,20
27133-2020,27133,2020,19,train,19,20
27133-2021,27133,2021,19,train,19,20
27133-2022,27133,2022,19,train,19,20
27135-2019,27135,2019,19,train,19,20
27135-2020,27135,2020,19,train,19,20
27135-2021,27135,2021,19,train,19,20
27139-2020,27139,2020,19,train,19,20
27143-2019,27143,2019,19,train,19,20
27145-2019,27145,2019,19,train,19,20
27145-2020,27145,2020,19,train,19,20
27145-2021,27145,2021,19,train,19,20
27147-2020,27147,2020,19,train,19,20
27147-2021,27147,2021,19,train,19,20
27149-2019,27149,2019,19,train,19,20
27149-2020,27149,2020,19,train,19,20
27149-2021,27149,2021,19,train,19,20
27151-2019,27151,2019,19,train,19,20
27151-2020,27151,2020,19,train,19,20
27153-2019,27153,2019,19,train,19,20
27153-2020,27153,2020,19,train,19,20
27153-2021,27153,2021,19,train,19,20
27155-2020,27155,2020,19,train,19,20
27155-2021,27155,2021,19,train,19,20
27157-2020,27157,2020,19,train,19,20
27159-2019,27159,2019,19,train,19,20
27159-2020,27159,2020,19,train,19,20
27159-2021,27159,2021,19,train,19,20
27161-2020,27161,2020,19,train,19,20
27161-2021,27161,2021,19,train,19,20
27163-2019,27163,2019,19,train,19,20
27163-2020,27163,2020,19,train,19,20
27167-2020,27167,2020,19,train,19,20
27167-2021,27167,2021,19,train,19,20
27169-2019,27169,2019,19,train,19,20
27169-2020,27169,2020,19,train,19,20
27169-2021,27169,2021,19,train,19,20
27173-2019,27173,2019,19,train,19,20
27173-2020,27173,2020,19,train,19,20
29001-2019,29001,2019,19,train,19,20
29001-2020,29001,2020,19,train,19,20
29001-2021,29001,2021,19,train,19,20
29003-2020,29003,2020,19,train,19,20
29005-2020,29005,2020,19,train,19,20
29005-2022,29005,2022,19,train,19,20
29007-2020,29007,2020,19,train,19,20
29011-2019,29011,2019,19,train,19,20
29013-2019,29013,2019,19,train,19,20
29015-2020,29015,2020,19,train,19,20
29017-2019,29017,2019,19,train,19,20
29017-2020,29017,2020,19,train,19,20
29017-2021,29017,2021,19,train,19,20
29019-2020,29019,2020,19,train,19,20
29021-2020,29021,2020,19,train,19,20
29021-2021,29021,2021,19,train,19,20
29021-2022,29021,2022,19,train,19,20
29023-2019,29023,2019,19,train,19,20
29023-2020,29023,2020,19,train,19,20
29023-2021,29023,2021,19,train,19,20
29025-2021,29025,2021,19,train,19,20
29027-2020,29027,2020,19,train,19,20
29031-2020,29031,2020,19,train,19,20
29031-2021,29031,2021,19,train,19,20
29037-2020,29037,2020,19,train,19,20
29037-2021,29037,2021,19,train,19,20
29039-2019,29039,2019,19,train,19,20
29039-2021,29039,2021,19,train,19,20
29041-2020,29041,2020,19,train,19,20
29045-2020,29045,2020,19,train,19,20
29047-2020,29047,2020,19,train,19,20
29047-2021,29047,2021,19,train,19,20
29049-2019,29049,2019,19,train,19,20
29049-2020,29049,2020,19,train,19,20
29049-2021,29049,2021,19,train,19,20
29051-2020,29051,2020,19,train,19,20
29053-2020,29053,2020,19,train,19,20
29053-2021,29053,2021,19,train,19,20
29057-2019,29057,2019,19,train,19,20
29061-2020,29061,2020,19,train,19,20
29061-2021,29061,2021,19,train,19,20
29069-2019,29069,2019,19,train,19,20
29069-2020,29069,2020,19,train,19,20
29069-2021,29069,2021,19,train,19,20
29071-2020,29071,2020,19,train,19,20
29073-2020,29073,2020,19,train,19,20
29075-2020,29075,2020,19,train,19,20
29081-2020,29081,2020,19,train,19,20
29081-2021,29081,2021,19,train,19,20
29083-2021,29083,2021,19,train,19,20
29087-2020,29087,2020,19,train,19,20
29089-2020,29089,2020,19,train,19,20
29089-2021,29089,2021,19,train,19,20
29095-2019,29095,2019,19,train,19,20
29095-2020,29095,2020,19,train,19,20
29101-2021,29101,2021,19,train,19,20
29103-2020,29103,2020,19,train,19,20
29109-2020,29109,2020,19,train,19,20
29109-2021,29109,2021,19,train,19,20
29111-2020,29111,2020,19,train,19,20
29111-2022,29111,2022,19,train,19,20
29113-2020,29113,2020,19,train,19,20
29113-2022,29113,2022,19,train,19,20
29115-2020,29115,2020,19,train,19,20
29115-2021,29115,2021,19,train,19,20
29121-2020,29121,2020,19,train,19,20
29127-2019,29127,2019,19,train,19,20
29127-2020,29127,2020,19,train,19,20
29127-2021,29127,2021,19,train,19,20
29127-2022,29127,2022,19,train,19,20
29133-2019,29133,2019,19,train,19,20
29133-2020,29133,2020,19,train,19,20
29133-2021,29133,2021,19,train,19,20
29135-2020,29135,2020,19,train,19,20
29137-2020,29137,2020,19,train,19,20
29137-2021,29137,2021,19,train,19,20
29139-2020,29139,2020,19,train,19,20
29141-2019,29141,2019,19,train,19,20
29141-2020,29141,2020,19,train,19,20
29143-2019,29143,2019,19,train,19,20
29145-2019,29145,2019,19,train,19,20
29145-2020,29145,2020,19,train,19,20
29145-2021,29145,2021,19,train,19,20
29151-2020,29151,2020,19,train,19,20
29155-2020,29155,2020,19,train,19,20
29155-2021,29155,2021,19,train,19,20
29157-2020,29157,2020,19,train,19,20
29157-2021,29157,2021,19,train,19,20
29157-2022,29157,2022,19,train,19,20
29159-2020,29159,2020,19,train,19,20
29163-2020,29163,2020,19,train,19,20
29163-2022,29163,2022,19,train,19,20
29165-2019,29165,2019,19,train,19,20
29165-2020,29165,2020,19,train,19,20
29165-2021,29165,2021,19,train,19,20
29173-2019,29173,2019,19,train,19,20
29173-2020,29173,2020,19,train,19,20
29173-2022,29173,2022,19,train,19,20
29175-2020,29175,2020,19,train,19,20
29195-2020,29195,2020,19,train,19,20
29197-2022,29197,2022,19,train,19,20
29199-2020,29199,2020,19,train,19,20
29199-2022,29199,2022,19,train,19,20
29201-2019,29201,2019,19,train,19,20
29201-2020,29201,2020,19,train,19,20
29201-2021,29201,2021,19,train,19,20
29205-2020,29205,2020,19,train,19,20
29205-2021,29205,2021,19,train,19,20
29207-2019,29207,2019,19,train,19,20
29207-2020,29207,2020,19,train,19,20
29207-2021,29207,2021,19,train,19,20
29211-2020,29211,2020,19,train,19,20
29219-2020,29219,2020,19,train,19,20
29227-2020,29227,2020,19,train,19,20
29227-2021,29227,2021,19,train,19,20
29227-2022,29227,2022,19,train,19,20
31001-2019,31001,2019,19,train,19,20
31001-2020,31001,2020,19,train,19,20
31001-2022,31001,2022,19,train,19,20
31011-2019,31011,2019,19,train,19,20
31011-2022,31011,2022,19,train,19,20
31013-2019,31013,2019,19,train,19,20
31013-2020,31013,2020,19,train,19,20
31013-2021,31013,2021,19,train,19,20
31015-2020,31015,2020,19,train,19,20
31015-2022,31015,2022,19,train,19,20
31017-2020,31017,2020,19,train,19,20
31017-2021,31017,2021,19,train,19,20
31019-2019,31019,2019,19,train,19,20
31019-2020,31019,2020,19,train,19,20
31019-2022,31019,2022,19,train,19,20
31021-2019,31021,2019,19,train,19,20
31021-2022,31021,2022,19,train,19,20
31023-2019,31023,2019,19,train,19,20
31023-2020,31023,2020,19,train,19,20
31023-2022,31023,2022,19,train,19,20
31025-2019,31025,2019,19,train,19,20
31025-2020,31025,2020,19,train,19,20
31025-2022,31025,2022,19,train,19,20
31027-2021,31027,2021,19,train,19,20
31027-2022,31027,2022,19,train,19,20
31029-2019,31029,2019,19,train,19,20
31029-2020,31029,2020,19,train,19,20
31029-2021,31029,2021,19,train,19,20
31031-2021,31031,2021,19,train,19,20
31033-2020,31033,2020,19,train,19,20
31035-2019,31035,2019,19,train,19,20
31035-2020,31035,2020,19,train,19,20
31035-2022,31035,2022,19,train,19,20
31037-2019,31037,2019,19,train,19,20
31037-2020,31037,2020,19,train,19,20
31037-2022,31037,2022,19,train,19,20
31039-2022,31039,2022,19,train,19,20
31041-2019,31041,2019,19,train,19,20
31041-2020,31041,2020,19,train,19,20
31043-2020,31043,2020,19,train,19,20
31043-2021,31043,2021,19,train,19,20
31043-2022,31043,2022,19,train,19,20
31045-2020,31045,2020,19,train,19,20
31047-2019,31047,2019,19,train,19,20
31047-2020,31047,2020,19,train,19,20
31047-2022,31047,2022,19,train,19,20
31049-2019,31049,2019,19,train,19,20
31049-2020,31049,2020,19,train,19,20
31051-2020,31051,2020,19,train,19,20
31053-2019,31053,2019,19,train,19,20
31053-2020,31053,2020,19,train,19,20
31053-2022,31053,2022,19,train,19,20
31055-2019,31055,2019,19,train,19,20
31055-2020,31055,2020,19,train,19,20
31055-2022,31055,2022,19,train,19,20
31057-2020,31057,2020,19,train,19,20
31057-2021,31057,2021,19,train,19,20
31059-2019,31059,2019,19,train,19,20
31059-2020,31059,2020,19,train,19,20
31059-2022,31059,2022,19,train,19,20
31061-2019,31061,2019,19,train,19,20
31061-2020,31061,2020,19,train,19,20
31061-2021,31061,2021,19,train,19,20
31061-2022,31061,2022,19,train,19,20
31063-2019,31063,2019,19,train,19,20
31063-2020,31063,2020,19,train,19,20
31063-2021,31063,2021,19,train,19,20
31063-2022,31063,2022,19,train,19,20
31065-2019,31065,2019,19,train,19,20
31065-2020,31065,2020,19,train,19,20
31065-2021,31065,2021,19,train,19,20
31065-2022,31065,2022,19,train,19,20
31067-2019,31067,2019,19,train,19,20
31067-2020,31067,2020,19,train,19,20
31067-2022,31067,2022,19,train,19,20
31069-2020,31069,2020,19,train,19,20
31071-2019,31071,2019,19,train,19,20
31071-2020,31071,2020,19,train,19,20
31071-2021,31071,2021,19,train,19,20
31071-2022,31071,2022,19,train,19,20
31073-2020,31073,2020,19,train,19,20
31073-2021,31073,2021,19,train,19,20
31073-2022,31073,2022,19,train,19,20
31077-2019,31077,2019,19,train,19,20
31077-2020,31077,2020,19,train,19,20
31077-2021,31077,2021,19,train,19,20
31077-2022,31077,2022,19,train,19,20
31079-2019,31079,2019,19,train,19,20
31079-2022,31079,2022,19,train,19,20
31081-2019,31081,2019,19,train,19,20
31081-2022,31081,2022,19,train,19,20
31083-2019,31083,2019,19,train,19,20
31083-2020,31083,2020,19,train,19,20
31083-2021,31083,2021,19,train,19,20
31083-2022,31083,2022,19,train,19,20
31085-2019,31085,2019,19,train,19,20
31085-2020,31085,2020,19,train,19,20
31085-2021,31085,2021,19,train,19,20
31087-2020,31087,2020,19,train,19,20
31089-2019,31089,2019,19,train,19,20
31089-2020,31089,2020,19,train,19,20
31089-2022,31089,2022,19,train,19,20
31093-2019,31093,2019,19,train,19,20
31093-2020,31093,2020,19,train,19,20
31093-2021,31093,2021,19,train,19,20
31093-2022,31093,2022,19,train,19,20
31095-2019,31095,2019,19,train,19,20
31095-2020,31095,2020,19,train,19,20
31095-2022,31095,2022,19,train,19,20
31097-2020,31097,2020,19,train,19,20
31097-2022,31097,2022,19,train,19,20
31099-2019,31099,2019,19,train,19,20
31099-2020,31099,2020,19,train,19,20
31099-2022,31099,2022,19,train,19,20
31101-2020,31101,2020,19,train,19,20
31101-2021,31101,2021,19,train,19,20
31103-2020,31103,2020,19,train,19,20
31107-2020,31107,2020,19,train,19,20
31107-2021,31107,2021,19,train,19,20
31107-2022,31107,2022,19,train,19,20
31109-2019,31109,2019,19,train,19,20
31109-2020,31109,2020,19,train,19,20
31109-2022,31109,2022,19,train,19,20
31111-2019,31111,2019,19,train,19,20
31111-2020,31111,2020,19,train,19,20
31111-2021,31111,2021,19,train,19,20
31111-2022,31111,2022,19,train,19,20
31113-2019,31113,2019,19,train,19,20
31113-2020,31113,2020,19,train,19,20
31115-2020,31115,2020,19,train,19,20
31119-2022,31119,2022,19,train,19,20
31121-2019,31121,2019,19,train,19,20
31123-2019,31123,2019,19,train,19,20
31123-2020,31123,2020,19,train,19,20
31123-2021,31123,2021,19,train,19,20
31125-2019,31125,2019,19,train,19,20
31125-2020,31125,2020,19,train,19,20
31125-2022,31125,2022,19,train,19,20
31127-2020,31127,2020,19,train,19,20
31127-2022,31127,2022,19,train,19,20
31129-2020,31129,2020,19,train,19,20
31129-2022,31129,2022,19,train,19,20
31131-2019,31131,2019,19,train,19,20
31131-2020,31131,2020,19,train,19,20
31131-2022,31131,2022,19,train,19,20
31135-2019,31135,2019,19,train,19,20
31135-2020,31135,2020,19,train,19,20
31135-2021,31135,2021,19,train,19,20
31137-2019,31137,2019,19,train,19,20
31137-2020,31137,2020,19,train,19,20
31137-2021,31137,2021,19,train,19,20
31137-2022,31137,2022,19,train,19,20
31139-2020,31139,2020,19,train,19,20
31139-2021,31139,2021,19,train,19,20
31139-2022,31139,2022,19,train,19,20
31141-2019,31141,2019,19,train,19,20
31141-2020,31141,2020,19,train,19,20
31141-2021,31141,2021,19,train,19,20
31141-2022,31141,2022,19,train,19,20
31143-2020,31143,2020,19,train,19,20
31143-2022,31143,2022,19,train,19,20
31145-2019,31145,2019,19,train,19,20
31145-2020,31145,2020,19,train,19,20
31145-2021,31145,2021,19,train,19,20
31147-2020,31147,2020,19,train,19,20
31147-2022,31147,2022,19,train,19,20
31149-2019,31149,2019,19,train,19,20
31149-2020,31149,2020,19,train,19,20
31149-2021,31149,2021,19,train,19,20
31151-2019,31151,2019,19,train,19,20
31151-2020,31151,2020,19,train,19,20
31151-2022,31151,2022,19,train,19,20
31153-2020,31153,2020,19,train,19,20
31153-2022,31153,2022,19,train,19,20
31155-2019,31155,2019,19,train,19,20
31155-2020,31155,2020,19,train,19,20
31155-2022,31155,2022,19,train,19,20
31157-2019,31157,2019,19,train,19,20
31157-2020,31157,2020,19,train,19,20
31157-2021,31157,2021,19,train,19,20
31159-2019,31159,2019,19,train,19,20
31159-2020,31159,2020,19,train,19,20
31159-2022,31159,2022,19,train,19,20
31161-2020,31161,2020,19,train,19,20
31161-2021,31161,2021,19,train,19,20
31163-2019,31163,2019,19,train,19,20
31163-2020,31163,2020,19,train,19,20
31163-2021,31163,2021,19,train,19,20
31163-2022,31163,2022,19,train,19,20
31165-2019,31165,2019,19,train,19,20
31165-2020,31165,2020,19,train,19,20
31165-2021,31165,2021,19,train,19,20
31167-2019,31167,2019,19,train,19,20
31167-2022,31167,2022,19,train,19,20
31169-2019,31169,2019,19,train,19,20
31169-2020,31169,2020,19,train,19,20
31169-2021,31169,2021,19,train,19,20
31169-2022,31169,2022,19,train,19,20
31173-2019,31173,2019,19,train,19,20
31173-2022,31173,2022,19,train,19,20
31175-2019,31175,2019,19,train,19,20
31175-2020,31175,2020,19,train,19,20
31175-2021,31175,2021,19,train,19,20
31175-2022,31175,2022,19,train,19,20
31177-2019,31177,2019,19,train,19,20
31177-2020,31177,2020,19,train,19,20
31177-2022,31177,2022,19,train,19,20
31179-2019,31179,2019,19,train,19,20
31179-2021,31179,2021,19,train,19,20
31179-2022,31179,2022,19,train,19,20
31181-2020,31181,2020,19,train,19,20
31181-2022,31181,2022,19,train,19,20
31183-2020,31183,2020,19,train,19,20
31185-2019,31185,2019,19,train,19,20
31185-2020,31185,2020,19,train,19,20
31185-2022,31185,2022,19,train,19,20
38001-2020,38001,2020,19,train,19,20
38001-2021,38001,2021,19,train,19,20
38003-2020,38003,2020,19,train,19,20
38003-2021,38003,2021,19,train,19,20
38005-2020,38005,2020,19,train,19,20
38005-2021,38005,2021,19,train,19,20
38007-2020,38007,2020,19,train,19,20
38007-2021,38007,2021,19,train,19,20
38009-2020,38009,2020,19,train,19,20
38009-2021,38009,2021,19,train,19,20
38011-2020,38011,2020,19,train,19,20
38015-2019,38015,2019,19,train,19,20
38015-2020,38015,2020,19,train,19,20
38017-2019,38017,2019,19,train,19,20
38017-2020,38017,2020,19,train,19,20
38017-2021,38017,2021,19,train,19,20
38021-2020,38021,2020,19,train,19,20
38021-2021,38021,2021,19,train,19,20
38025-2020,38025,2020,19,train,19,20
38025-2021,38025,2021,19,train,19,20
38027-2020,38027,2020,19,train,19,20
38027-2021,38027,2021,19,train,19,20
38029-2020,38029,2020,19,train,19,20
38029-2021,38029,2021,19,train,19,20
38031-2020,38031,2020,19,train,19,20
38031-2021,38031,2021,19,train,19,20
38033-2021,38033,2021,19,train,19,20
38035-2019,38035,2019,19,train,19,20
38035-2020,38035,2020,19,train,19,20
38035-2021,38035,2021,19,train,19,20
38037-2020,38037,2020,19,train,19,20
38037-2021,38037,2021,19,train,19,20
38041-2019,38041,2019,19,train,19,20
38041-2020,38041,2020,19,train,19,20
38041-2021,38041,2021,19,train,19,20
38043-2019,38043,2019,19,train,19,20
38043-2020,38043,2020,19,train,19,20
38043-2021,38043,2021,19,train,19,20
38047-2020,38047,2020,19,train,19,20
38047-2021,38047,2021,19,train,19,20
38057-2020,38057,2020,19,train,19,20
38057-2021,38057,2021,19,train,19,20
38059-2020,38059,2020,19,train,19,20
38061-2019,38061,2019,19,train,19,20
38061-2020,38061,2020,19,train,19,20
38063-2020,38063,2020,19,train,19,20
38065-2020,38065,2020,19,train,19,20
38067-2020,38067,2020,19,train,19,20
38067-2021,38067,2021,19,train,19,20
38069-2020,38069,2020,19,train,19,20
38069-2021,38069,2021,19,train,19,20
38071-2020,38071,2020,19,train,19,20
38071-2021,38071,2021,19,train,19,20
38073-2020,38073,2020,19,train,19,20
38073-2021,38073,2021,19,train,19,20
38075-2020,38075,2020,19,train,19,20
38075-2021,38075,2021,19,train,19,20
38077-2019,38077,2019,19,train,19,20
38077-2020,38077,2020,19,train,19,20
38077-2021,38077,2021,19,train,19,20
38079-2021,38079,2021,19,train,19,20
38081-2019,38081,2019,19,train,19,20
38081-2020,38081,2020,19,train,19,20
38081-2021,38081,2021,19,train,19,20
38083-2019,38083,2019,19,train,19,20
38083-2020,38083,2020,19,train,19,20
38087-2019,38087,2019,19,train,19,20
38087-2020,38087,2020,19,train,19,20
38087-2021,38087,2021,19,train,19,20
38089-2020,38089,2020,19,train,19,20
38089-2021,38089,2021,19,train,19,20
38091-2019,38091,2019,19,train,19,20
38091-2020,38091,2020,19,train,19,20
38091-2021,38091,2021,19,train,19,20
38093-2019,38093,2019,19,train,19,20
38093-2020,38093,2020,19,train,19,20
38093-2021,38093,2021,19,train,19,20
38095-2020,38095,2020,19,train,19,20
38095-2021,38095,2021,19,train,19,20
38097-2020,38097,2020,19,train,19,20
38099-2020,38099,2020,19,train,19,20
38099-2021,38099,2021,19,train,19,20
38101-2019,38101,2019,19,train,19,20
38101-2020,38101,2020,19,train,19,20
38101-2021,38101,2021,19,train,19,20
38103-2020,38103,2020,19,train,19,20
38103-2021,38103,2021,19,train,19,20
38105-2021,38105,2021,19,train,19,20
39001-2020,39001,2020,19,train,19,20
39001-2022,39001,2022,19,train,19,20
39003-2020,39003,2020,19,train,19,20
39003-2022,39003,2022,19,train,19,20
39005-2019,39005,2019,19,train,19,20
39005-2020,39005,2020,19,train,19,20
39005-2021,39005,2021,19,train,19,20
39007-2019,39007,2019,19,train,19,20
39007-2021,39007,2021,19,train,19,20
39011-2019,39011,2019,19,train,19,20
39011-2020,39011,2020,19,train,19,20
39011-2021,39011,2021,19,train,19,20
39011-2022,39011,2022,19,train,19,20
39015-2022,39015,2022,19,train,19,20
39017-2020,39017,2020,19,train,19,20
39017-2022,39017,2022,19,train,19,20
39021-2019,39021,2019,19,train,19,20
39021-2020,39021,2020,19,train,19,20
39021-2022,39021,2022,19,train,19,20
39023-2022,39023,2022,19,train,19,20
39025-2022,39025,2022,19,train,19,20
39027-2022,39027,2022,19,train,19,20
39029-2019,39029,2019,19,train,19,20
39031-2019,39031,2019,19,train,19,20
39031-2020,39031,2020,19,train,19,20
39031-2021,39031,2021,19,train,19,20
39031-2022,39031,2022,19,train,19,20
39033-2022,39033,2022,19,train,19,20
39037-2019,39037,2019,19,train,19,20
39037-2020,39037,2020,19,train,19,20
39037-2021,39037,2021,19,train,19,20
39037-2022,39037,2022,19,train,19,20
39039-2019,39039,2019,19,train,19,20
39039-2020,39039,2020,19,train,19,20
39039-2022,39039,2022,19,train,19,20
39041-2022,39041,2022,19,train,19,20
39043-2020,39043,2020,19,train,19,20
39043-2022,39043,2022,19,train,19,20
39045-2019,39045,2019,19,train,19,20
39045-2020,39045,2020,19,train,19,20
39045-2022,39045,2022,19,train,19,20
39047-2020,39047,2020,19,train,19,20
39047-2022,39047,2022,19,train,19,20
39049-2022,39049,2022,19,train,19,20
39051-2019,39051,2019,19,train,19,20
39051-2020,39051,2020,19,train,19,20
39051-2022,39051,2022,19,train,19,20
39053-2019,39053,2019,19,train,19,20
39053-2020,39053,2020,19,train,19,20
39053-2021,39053,2021,19,train,19,20
39057-2022,39057,2022,19,train,19,20
39061-2020,39061,2020,19,train,19,20
39063-2020,39063,2020,19,train,19,20
39063-2022,39063,2022,19,train,19,20
39065-2019,39065,2019,19,train,19,20
39065-2020,39065,2020,19,train,19,20
39065-2021,39065,2021,19,train,19,20
39065-2022,39065,2022,19,train,19,20
39069-2020,39069,2020,19,train,19,20
39069-2022,39069,2022,19,train,19,20
39071-2022,39071,2022,19,train,19,20
39075-2019,39075,2019,19,train,19,20
39075-2020,39075,2020,19,train,19,20
39075-2021,39075,2021,19,train,19,20
39075-2022,39075,2022,19,train,19,20
39077-2022,39077,2022,19,train,19,20
39079-2022,39079,2022,19,train,19,20
39083-2019,39083,2019,19,train,19,20
39083-2020,39083,2020,19,train,19,20
39083-2021,39083,2021,19,train,19,20
39083-2022,39083,2022,19,train,19,20
39089-2020,39089,2020,19,train,19,20
39089-2021,39089,2021,19,train,19,20
39089-2022,39089,2022,19,train,19,20
39091-2019,39091,2019,19,train,19,20
39091-2020,39091,2020,19,train,19,20
39091-2021,39091,2021,19,train,19,20
39091-2022,39091,2022,19,train,19,20
39093-2020,39093,2020,19,train,19,20
39093-2021,39093,2021,19,train,19,20
39093-2022,39093,2022,19,train,19,20
39095-2019,39095,2019,19,train,19,20
39095-2020,39095,2020,19,train,19,20
39095-2022,39095,2022,19,train,19,20
39097-2020,39097,2020,19,train,19,20
39097-2022,39097,2022,19,train,19,20
39099-2019,39099,2019,19,train,19,20
39101-2019,39101,2019,19,train,19,20
39101-2020,39101,2020,19,train,19,20
39101-2022,39101,2022,19,train,19,20
39103-2019,39103,2019,19,train,19,20
39103-2020,39103,2020,19,train,19,20
39103-2021,39103,2021,19,train,19,20
39103-2022,39103,2022,19,train,19,20
39107-2019,39107,2019,19,train,19,20
39107-2020,39107,2020,19,train,19,20
39107-2021,39107,2021,19,train,19,20
39107-2022,39107,2022,19,train,19,20
39109-2019,39109,2019,19,train,19,20
39109-2020,39109,2020,19,train,19,20
39109-2022,39109,2022,19,train,19,20
39113-2019,39113,2019,19,train,19,20
39117-2022,39117,2022,19,train,19,20
39119-2019,39119,2019,19,train,19,20
39119-2020,39119,2020,19,train,19,20
39119-2021,39119,2021,19,train,19,20
39119-2022,39119,2022,19,train,19,20
39123-2020,39123,2020,19,train,19,20
39123-2022,39123,2022,19,train,19,20
39125-2020,39125,2020,19,train,19,20
39125-2022,39125,2022,19,train,19,20
39127-2020,39127,2020,19,train,19,20
39127-2021,39127,2021,19,train,19,20
39129-2019,39129,2019,19,train,19,20
39129-2020,39129,2020,19,train,19,20
39129-2021,39129,2021,19,train,19,20
39129-2022,39129,2022,19,train,19,20
39131-2019,39131,2019,19,train,19,20
39131-2021,39131,2021,19,train,19,20
39131-2022,39131,2022,19,train,19,20
39133-2019,39133,2019,19,train,19,20
39133-2021,39133,2021,19,train,19,20
39135-2019,39135,2019,19,train,19,20
39135-2020,39135,2020,19,train,19,20
39135-2021,39135,2021,19,train,19,20
39135-2022,39135,2022,19,train,19,20
39137-2019,39137,2019,19,train,19,20
39137-2020,39137,2020,19,train,19,20
39137-2022,39137,2022,19,train,19,20
39139-2019,39139,2019,19,train,19,20
39139-2020,39139,2020,19,train,19,20
39139-2022,39139,2022,19,train,19,20
39141-2019,39141,2019,19,train,19,20
39141-2021,39141,2021,19,train,19,20
39141-2022,39141,2022,19,train,19,20
39143-2019,39143,2019,19,train,19,20
39143-2020,39143,2020,19,train,19,20
39143-2022,39143,2022,19,train,19,20
39145-2019,39145,2019,19,train,19,20
39145-2020,39145,2020,19,train,19,20
39145-2021,39145,2021,19,train,19,20
39147-2019,39147,2019,19,train,19,20
39147-2020,39147,2020,19,train,19,20
39147-2022,39147,2022,19,train,19,20
39149-2019,39149,2019,19,train,19,20
39149-2020,39149,2020,19,train,19,20
39149-2022,39149,2022,19,train,19,20
39151-2019,39151,2019,19,train,19,20
39151-2020,39151,2020,19,train,19,20
39151-2021,39151,2021,19,train,19,20
39155-2019,39155,2019,19,train,19,20
39157-2019,39157,2019,19,train,19,20
39157-2020,39157,2020,19,train,19,20
39157-2021,39157,2021,19,train,19,20
39159-2019,39159,2019,19,train,19,20
39159-2022,39159,2022,19,train,19,20
39161-2019,39161,2019,19,train,19,20
39161-2020,39161,2020,19,train,19,20
39161-2022,39161,2022,19,train,19,20
39165-2019,39165,2019,19,train,19,20
39165-2020,39165,2020,19,train,19,20
39165-2022,39165,2022,19,train,19,20
39167-2019,39167,2019,19,train,19,20
39167-2020,39167,2020,19,train,19,20
39167-2021,39167,2021,19,train,19,20
39169-2019,39169,2019,19,train,19,20
39169-2020,39169,2020,19,train,19,20
39169-2021,39169,2021,19,train,19,20
39169-2022,39169,2022,19,train,19,20
39171-2019,39171,2019,19,train,19,20
39171-2020,39171,2020,19,train,19,20
39171-2022,39171,2022,19,train,19,20
39173-2020,39173,2020,19,train,19,20
39173-2022,39173,2022,19,train,19,20
39175-2019,39175,2019,19,train,19,20
39175-2020,39175,2020,19,train,19,20
39175-2022,39175,2022,19,train,19,20
46003-2020,46003,2020,19,train,19,20
46003-2021,46003,2021,19,train,19,20
46005-2020,46005,2020,19,train,19,20
46005-2021,46005,2021,19,train,19,20
46007-2020,46007,2020,19,train,19,20
46007-2021,46007,2021,19,train,19,20
46009-2020,46009,2020,19,train,19,20
46009-2021,46009,2021,19,train,19,20
46009-2022,46009,2022,19,train,19,20
46011-2020,46011,2020,19,train,19,20
46011-2021,46011,2021,19,train,19,20
46013-2020,46013,2020,19,train,19,20
46013-2021,46013,2021,19,train,19,20
46015-2020,46015,2020,19,train,19,20
46015-2021,46015,2021,19,train,19,20
46017-2020,46017,2020,19,train,19,20
46017-2021,46017,2021,19,train,19,20
46019-2020,46019,2020,19,train,19,20
46019-2021,46019,2021,19,train,19,20
46021-2020,46021,2020,19,train,19,20
46021-2021,46021,2021,19,train,19,20
46023-2020,46023,2020,19,train,19,20
46023-2021,46023,2021,19,train,19,20
46023-2022,46023,2022,19,train,19,20
46025-2020,46025,2020,19,train,19,20
46025-2021,46025,2021,19,train,19,20
46027-2020,46027,2020,19,train,19,20
46027-2021,46027,2021,19,train,19,20
46027-2022,46027,2022,19,train,19,20
46029-2020,46029,2020,19,train,19,20
46029-2021,46029,2021,19,train,19,20
46031-2020,46031,2020,19,train,19,20
46031-2021,46031,2021,19,train,19,20
46035-2020,46035,2020,19,train,19,20
46037-2020,46037,2020,19,train,19,20
46037-2021,46037,2021,19,train,19,20
46039-2020,46039,2020,19,train,19,20
46041-2020,46041,2020,19,train,19,20
46043-2020,46043,2020,19,train,19,20
46043-2021,46043,2021,19,train,19,20
46045-2019,46045,2019,19,train,19,20
46045-2020,46045,2020,19,train,19,20
46049-2020,46049,2020,19,train,19,20
46049-2021,46049,2021,19,train,19,20
46051-2020,46051,2020,19,train,19,20
46051-2021,46051,2021,19,train,19,20
46053-2020,46053,2020,19,train,19,20
46053-2021,46053,2021,19,train,19,20
46057-2020,46057,2020,19,train,19,20
46057-2021,46057,2021,19,train,19,20
46059-2020,46059,2020,19,train,19,20
46059-2021,46059,2021,19,train,19,20
46061-2020,46061,2020,19,train,19,20
46061-2021,46061,2021,19,train,19,20
46063-2021,46063,2021,19,train,19,20
46065-2020,46065,2020,19,train,19,20
46065-2021,46065,2021,19,train,19,20
46067-2020,46067,2020,19,train,19,20
46067-2021,46067,2021,19,train,19,20
46069-2020,46069,2020,19,train,19,20
46073-2020,46073,2020,19,train,19,20
46073-2021,46073,2021,19,train,19,20
46075-2020,46075,2020,19,train,19,20
46077-2020,46077,2020,19,train,19,20
46077-2021,46077,2021,19,train,19,20
46079-2020,46079,2020,19,train,19,20
46079-2021,46079,2021,19,train,19,20
46083-2019,46083,2019,19,train,19,20
46083-2020,46083,2020,19,train,19,20
46083-2021,46083,2021,19,train,19,20
46083-2022,46083,2022,19,train,19,20
46085-2019,46085,2019,19,train,19,20
46085-2020,46085,2020,19,train,19,20
46085-2021,46085,2021,19,train,19,20
46091-2020,46091,2020,19,train,19,20
46091-2021,46091,2021,19,train,19,20
46093-2021,46093,2021,19,train,19,20
46095-2020,46095,2020,19,train,19,20
46097-2020,46097,2020,19,train,19,20
46097-2021,46097,2021,19,train,19,20
46099-2019,46099,2019,19,train,19,20
46099-2020,46099,2020,19,train,19,20
46099-2022,46099,2022,19,train,19,20
46101-2020,46101,2020,19,train,19,20
46102-2020,46102,2020,19,train,19,20
46102-2021,46102,2021,19,train,19,20
46103-2021,46103,2021,19,train,19,20
46107-2020,46107,2020,19,train,19,20
46107-2021,46107,2021,19,train,19,20
46109-2020,46109,2020,19,train,19,20
46111-2020,46111,2020,19,train,19,20
46111-2021,46111,2021,19,train,19,20
46115-2020,46115,2020,19,train,19,20
46119-2020,46119,2020,19,train,19,20
46119-2021,46119,2021,19,train,19,20
46121-2021,46121,2021,19,train,19,20
46123-2020,46123,2020,19,train,19,20
46123-2021,46123,2021,19,train,19,20
46125-2020,46125,2020,19,train,19,20
46125-2021,46125,2021,19,train,19,20
46125-2022,46125,2022,19,train,19,20
46127-2019,46127,2019,19,train,19,20
46127-2020,46127,2020,19,train,19,20
46127-2022,46127,2022,19,train,19,20
46129-2020,46129,2020,19,train,19,20
46129-2021,46129,2021,19,train,19,20
46135-2021,46135,2021,19,train,19,20
46135-2022,46135,2022,19,train,19,20
46137-2019,46137,2019,19,train,19,20
46137-2020,46137,2020,19,train,19,20
55001-2019,55001,2019,19,train,19,20
55001-2020,55001,2020,19,train,19,20
55005-2020,55005,2020,19,train,19,20
55009-2020,55009,2020,19,train,19,20
55011-2020,55011,2020,19,train,19,20
55013-2020,55013,2020,19,train,19,20
55015-2020,55015,2020,19,train,19,20
55017-2019,55017,2019,19,train,19,20
55017-2020,55017,2020,19,train,19,20
55017-2021,55017,2021,19,train,19,20
55019-2019,55019,2019,19,train,19,20
55019-2020,55019,2020,19,train,19,20
55019-2021,55019,2021,19,train,19,20
55021-2019,55021,2019,19,train,19,20
55021-2020,55021,2020,19,train,19,20
55021-2021,55021,2021,19,train,19,20
55023-2019,55023,2019,19,train,19,20
55023-2020,55023,2020,19,train,19,20
55023-2021,55023,2021,19,train,19,20
55023-2022,55023,2022,19,train,19,20
55025-2019,55025,2019,19,train,19,20
55025-2020,55025,2020,19,train,19,20
55025-2021,55025,2021,19,train,19,20
55025-2022,55025,2022,19,train,19,20
55027-2019,55027,2019,19,train,19,20
55027-2020,55027,2020,19,train,19,20
55029-2019,55029,2019,19,train,19,20
55029-2020,55029,2020,19,train,19,20
55029-2021,55029,2021,19,train,19,20
55033-2020,55033,2020,19,train,19,20
55035-2019,55035,2019,19,train,19,20
55035-2020,55035,2020,19,train,19,20
55035-2021,55035,2021,19,train,19,20
55043-2019,55043,2019,19,train,19,20
55043-2020,55043,2020,19,train,19,20
55043-2021,55043,2021,19,train,19,20
55043-2022,55043,2022,19,train,19,20
55045-2019,55045,2019,19,train,19,20
55045-2020,55045,2020,19,train,19,20
55045-2021,55045,2021,19,train,19,20
55045-2022,55045,2022,19,train,19,20
55047-2019,55047,2019,19,train,19,20
55047-2020,55047,2020,19,train,19,20
55047-2021,55047,2021,19,train,19,20
55049-2020,55049,2020,19,train,19,20
55049-2022,55049,2022,19,train,19,20
55053-2019,55053,2019,19,train,19,20
55053-2020,55053,2020,19,train,19,20
55053-2021,55053,2021,19,train,19,20
55055-2019,55055,2019,19,train,19,20
55055-2020,55055,2020,19,train,19,20
55055-2022,55055,2022,19,train,19,20
55057-2019,55057,2019,19,train,19,20
55057-2020,55057,2020,19,train,19,20
55057-2021,55057,2021,19,train,19,20
55059-2020,55059,2020,19,train,19,20
55059-2022,55059,2022,19,train,19,20
55061-2020,55061,2020,19,train,19,20
55063-2019,55063,2019,19,train,19,20
55063-2020,55063,2020,19,train,19,20
55063-2021,55063,2021,19,train,19,20
55065-2020,55065,2020,19,train,19,20
55065-2022,55065,2022,19,train,19,20
55067-2020,55067,2020,19,train,19,20
55067-2021,55067,2021,19,train,19,20
55069-2020,55069,2020,19,train,19,20
55069-2021,55069,2021,19,train,19,20
55071-2019,55071,2019,19,train,19,20
55071-2020,55071,2020,19,train,19,20
55073-2020,55073,2020,19,train,19,20
55073-2021,55073,2021,19,train,19,20
55075-2019,55075,2019,19,train,19,20
55075-2020,55075,2020,19,train,19,20
55075-2021,55075,2021,19,train,19,20
55077-2020,55077,2020,19,train,19,20
55079-2020,55079,2020,19,train,19,20
55081-2019,55081,2019,19,train,19,20
55081-2020,55081,2020,19,train,19,20
55081-2021,55081,2021,19,train,19,20
55083-2019,55083,2019,19,train,19,20
55083-2020,55083,2020,19,train,19,20
55083-2021,55083,2021,19,train,19,20
55087-2019,55087,2019,19,train,19,20
55087-2020,55087,2020,19,train,19,20
55089-2019,55089,2019,19,train,19,20
55089-2020,55089,2020,19,train,19,20
55091-2020,55091,2020,19,train,19,20
55093-2020,55093,2020,19,train,19,20
55095-2020,55095,2020,19,train,19,20
55097-2019,55097,2019,19,train,19,20
55097-2020,55097,2020,19,train,19,20
55101-2019,55101,2019,19,train,19,20
55101-2020,55101,2020,19,train,19,20
55101-2022,55101,2022,19,train,19,20
55103-2019,55103,2019,19,train,19,20
55103-2020,55103,2020,19,train,19,20
55103-2021,55103,2021,19,train,19,20
55103-2022,55103,2022,19,train,19,20
55105-2019,55105,2019,19,train,19,20
55105-2020,55105,2020,19,train,19,20
55105-2021,55105,2021,19,train,19,20
55105-2022,55105,2022,19,train,19,20
55107-2019,55107,2019,19,train,19,20
55107-2020,55107,2020,19,train,19,20
55107-2021,55107,2021,19,train,19,20
55111-2019,55111,2019,19,train,19,20
55111-2020,55111,2020,19,train,19,20
55111-2021,55111,2021,19,train,19,20
55113-2020,55113,2020,19,train,19,20
55113-2021,55113,2021,19,train,19,20
55115-2019,55115,2019,19,train,19,20
55115-2020,55115,2020,19,train,19,20
55115-2021,55115,2021,19,train,19,20
55117-2019,55117,2019,19,train,19,20
55117-2020,55117,2020,19,train,19,20
55119-2020,55119,2020,19,train,19,20
55119-2021,55119,2021,19,train,19,20
55121-2019,55121,2019,19,train,19,20
55121-2020,55121,2020,19,train,19,20
55121-2021,55121,2021,19,train,19,20
55123-2019,55123,2019,19,train,19,20
55123-2020,55123,2020,19,train,19,20
55123-2021,55123,2021,19,train,19,20
55123-2022,55123,2022,19,train,19,20
55127-2019,55127,2019,19,train,19,20
55127-2020,55127,2020,19,train,19,20
55127-2022,55127,2022,19,train,19,20
55129-2019,55129,2019,19,train,19,20
55129-2020,55129,2020,19,train,19,20
55131-2019,55131,2019,19,train,19,20
55131-2020,55131,2020,19,train,19,20
55133-2019,55133,2019,19,train,19,20
55133-2020,55133,2020,19,train,19,20
55133-2022,55133,2022,19,train,19,20
55135-2019,55135,2019,19,train,19,20
55135-2020,55135,2020,19,train,19,20
55137-2019,55137,2019,19,train,19,20
55137-2020,55137,2020,19,train,19,20
55137-2021,55137,2021,19,train,19,20
55139-2019,55139,2019,19,train,19,20
55139-2020,55139,2020,19,train,19,20
55141-2019,55141,2019,19,train,19,20
55141-2020,55141,2020,19,train,19,20
17001-2020,17001,2020,20,train,20,21
17001-2022,17001,2022,20,train,20,21
17003-2019,17003,2019,20,train,20,21
17003-2020,17003,2020,20,train,20,21
17005-2019,17005,2019,20,train,20,21
17005-2020,17005,2020,20,train,20,21
17005-2021,17005,2021,20,train,20,21
17005-2022,17005,2022,20,train,20,21
17007-2019,17007,2019,20,train,20,21
17007-2020,17007,2020,20,train,20,21
17007-2022,17007,2022,20,train,20,21
17009-2020,17009,2020,20,train,20,21
17009-2022,17009,2022,20,train,20,21
17011-2019,17011,2019,20,train,20,21
17011-2020,17011,2020,20,train,20,21
17011-2021,17011,2021,20,train,20,21
17011-2022,17011,2022,20,train,20,21
17013-2020,17013,2020,20,train,20,21
17013-2022,17013,2022,20,train,20,21
17015-2020,17015,2020,20,train,20,21
17015-2022,17015,2022,20,train,20,21
17017-2019,17017,2019,20,train,20,21
17017-2020,17017,2020,20,train,20,21
17017-2021,17017,2021,20,train,20,21
17017-2022,17017,2022,20,train,20,21
17019-2021,17019,2021,20,train,20,21
17019-2022,17019,2022,20,train,20,21
17021-2020,17021,2020,20,train,20,21
17021-2021,17021,2021,20,train,20,21
17021-2022,17021,2022,20,train,20,21
17023-2020,17023,2020,20,train,20,21
17023-2022,17023,2022,20,train,20,21
17025-2019,17025,2019,20,train,20,21
17025-2020,17025,2020,20,train,20,21
17025-2021,17025,2021,20,train,20,21
17025-2022,17025,2022,20,train,20,21
17027-2019,17027,2019,20,train,20,21
17027-2020,17027,2020,20,train,20,21
17027-2021,17027,2021,20,train,20,21
17027-2022,17027,2022,20,train,20,21
17029-2019,17029,2019,20,train,20,21
17029-2021,17029,2021,20,train,20,21
17031-2019,17031,2019,20,train,20,21
17033-2019,17033,2019,20,train,20,21
17033-2020,17033,2020,20,train,20,21
17033-2022,17033,2022,20,train,20,21
17035-2019,17035,2019,20,train,20,21
17035-2022,17035,2022,20,train,20,21
17039-2020,17039,2020,20,train,20,21
17039-2021,17039,2021,20,train,20,21
17039-2022,17039,2022,20,train,20,21
17041-2019,17041,2019,20,train,20,21
17041-2022,17041,2022,20,train,20,21
17045-2020,17045,2020,20,train,20,21
17045-2021,17045,2021,20,train,20,21
17045-2022,17045,2022,20,train,20,21
17047-2020,17047,2020,20,train,20,21
17047-2021,17047,2021,20,train,20,21
17047-2022,17047,2022,20,train,20,21
17049-2021,17049,2021,20,train,20,21
17049-2022,17049,2022,20,train,20,21
17051-2019,17051,2019,20,train,20,21
17051-2020,17051,2020,20,train,20,21
17051-2021,17051,2021,20,train,20,21
17053-2019,17053,2019,20,train,20,21
17053-2020,17053,2020,20,train,20,21
17053-2021,17053,2021,20,train,20,21
17053-2022,17053,2022,20,train,20,21
17055-2019,17055,2019,20,train,20,21
17055-2020,17055,2020,20,train,20,21
17055-2021,17055,2021,20,train,20,21
17055-2022,17055,2022,20,train,20,21
17057-2020,17057,2020,20,train,20,21
17057-2021,17057,2021,20,train,20,21
17057-2022,17057,2022,20,train,20,21
17059-2019,17059,2019,20,train,20,21
17059-2020,17059,2020,20,train,20,21
17059-2021,17059,2021,20,train,20,21
17059-2022,17059,2022,20,train,20,21
17061-2020,17061,2020,20,train,20,21
17061-2021,17061,2021,20,train,20,21
17061-2022,17061,2022,20,train,20,21
17063-2019,17063,2019,20,train,20,21
17063-2020,17063,2020,20,train,20,21
17063-2022,17063,2022,20,train,20,21
17065-2020,17065,2020,20,train,20,21
17065-2022,17065,2022,20,train,20,21
17067-2020,17067,2020,20,train,20,21
17067-2022,17067,2022,20,train,20,21
17071-2020,17071,2020,20,train,20,21
17071-2022,17071,2022,20,train,20,21
17073-2020,17073,2020,20,train,20,21
17073-2022,17073,2022,20,train,20,21
17075-2019,17075,2019,20,train,20,21
17075-2020,17075,2020,20,train,20,21
17075-2021,17075,2021,20,train,20,21
17075-2022,17075,2022,20,train,20,21
17077-2019,17077,2019,20,train,20,21
17077-2020,17077,2020,20,train,20,21
17077-2021,17077,2021,20,train,20,21
17077-2022,17077,2022,20,train,20,21
17079-2019,17079,2019,20,train,20,21
17079-2020,17079,2020,20,train,20,21
17079-2022,17079,2022,20,train,20,21
17081-2019,17081,2019,20,train,20,21
17081-2021,17081,2021,20,train,20,21
17081-2022,17081,2022,20,train,20,21
17083-2020,17083,2020,20,train,20,21
17083-2022,17083,2022,20,train,20,21
17085-2020,17085,2020,20,train,20,21
17085-2022,17085,2022,20,train,20,21
17087-2020,17087,2020,20,train,20,21
17089-2019,17089,2019,20,train,20,21
17089-2020,17089,2020,20,train,20,21
17089-2022,17089,2022,20,train,20,21
17091-2020,17091,2020,20,train,20,21
17091-2022,17091,2022,20,train,20,21
17093-2019,17093,2019,20,train,20,21
17093-2020,17093,2020,20,train,20,21
17093-2022,17093,2022,20,train,20,21
17095-2020,17095,2020,20,train,20,21
17095-2022,17095,2022,20,train,20,21
17097-2019,17097,2019,20,train,20,21
17097-2020,17097,2020,20,train,20,21
17101-2019,17101,2019,20,train,20,21
17101-2020,17101,2020,20,train,20,21
17101-2022,17101,2022,20,train,20,21
17103-2019,17103,2019,20,train,20,21
17103-2020,17103,2020,20,train,20,21
17103-2022,17103,2022,20,train,20,21
17105-2019,17105,2019,20,train,20,21
17105-2020,17105,2020,20,train,20,21
17105-2021,17105,2021,20,train,20,21
17105-2022,17105,2022,20,train,20,21
17107-2020,17107,2020,20,train,20,21
17107-2021,17107,2021,20,train,20,21
17107-2022,17107,2022,20,train,20,21
17115-2020,17115,2020,20,train,20,21
17115-2021,17115,2021,20,train,20,21
17115-2022,17115,2022,20,train,20,21
17117-2020,17117,2020,20,train,20,21
17117-2021,17117,2021,20,train,20,21
17117-2022,17117,2022,20,train,20,21
17119-2019,17119,2019,20,train,20,21
17119-2020,17119,2020,20,train,20,21
17119-2021,17119,2021,20,train,20,21
17119-2022,17119,2022,20,train,20,21
17121-2019,17121,2019,20,train,20,21
17121-2020,17121,2020,20,train,20,21
17121-2021,17121,2021,20,train,20,21
17121-2022,17121,2022,20,train,20,21
17123-2019,17123,2019,20,train,20,21
17123-2020,17123,2020,20,train,20,21
17123-2021,17123,2021,20,train,20,21
17123-2022,17123,2022,20,train,20,21
17125-2020,17125,2020,20,train,20,21
17125-2021,17125,2021,20,train,20,21
17125-2022,17125,2022,20,train,20,21
17127-2019,17127,2019,20,train,20,21
17127-2020,17127,2020,20,train,20,21
17129-2021,17129,2021,20,train,20,21
17131-2020,17131,2020,20,train,20,21
17131-2022,17131,2022,20,train,20,21
17133-2019,17133,2019,20,train,20,21
17133-2020,17133,2020,20,train,20,21
17133-2022,17133,2022,20,train,20,21
17135-2020,17135,2020,20,train,20,21
17135-2021,17135,2021,20,train,20,21
17135-2022,17135,2022,20,train,20,21
17137-2019,17137,2019,20,train,20,21
17137-2020,17137,2020,20,train,20,21
17137-2022,17137,2022,20,train,20,21
17139-2021,17139,2021,20,train,20,21
17139-2022,17139,2022,20,train,20,21
17141-2019,17141,2019,20,train,20,21
17141-2020,17141,2020,20,train,20,21
17141-2022,17141,2022,20,train,20,21
17143-2019,17143,2019,20,train,20,21
17143-2020,17143,2020,20,train,20,21
17143-2021,17143,2021,20,train,20,21
17143-2022,17143,2022,20,train,20,21
17145-2020,17145,2020,20,train,20,21
17145-2022,17145,2022,20,train,20,21
17147-2021,17147,2021,20,train,20,21
17147-2022,17147,2022,20,train,20,21
17149-2020,17149,2020,20,train,20,21
17151-2020,17151,2020,20,train,20,21
17153-2019,17153,2019,20,train,20,21
17153-2020,17153,2020,20,train,20,21
17153-2021,17153,2021,20,train,20,21
17155-2020,17155,2020,20,train,20,21
17155-2021,17155,2021,20,train,20,21
17155-2022,17155,2022,20,train,20,21
17157-2019,17157,2019,20,train,20,21
17157-2020,17157,2020,20,train,20,21
17157-2021,17157,2021,20,train,20,21
17157-2022,17157,2022,20,train,20,21
17159-2020,17159,2020,20,train,20,21
17161-2020,17161,2020,20,train,20,21
17161-2022,17161,2022,20,train,20,21
17165-2020,17165,2020,20,train,20,21
17165-2021,17165,2021,20,train,20,21
17165-2022,17165,2022,20,train,20,21
17167-2021,17167,2021,20,train,20,21
17169-2020,17169,2020,20,train,20,21
17169-2022,17169,2022,20,train,20,21
17171-2020,17171,2020,20,train,20,21
17171-2022,17171,2022,20,train,20,21
17173-2021,17173,2021,20,train,20,21
17173-2022,17173,2022,20,train,20,21
17175-2019,17175,2019,20,train,20,21
17175-2020,17175,2020,20,train,20,21
17175-2021,17175,2021,20,train,20,21
17175-2022,17175,2022,20,train,20,21
17177-2019,17177,2019,20,train,20,21
17177-2020,17177,2020,20,train,20,21
17177-2021,17177,2021,20,train,20,21
17177-2022,17177,2022,20,train,20,21
17179-2020,17179,2020,20,train,20,21
17179-2021,17179,2021,20,train,20,21
17179-2022,17179,2022,20,train,20,21
17181-2019,17181,2019,20,train,20,21
17181-2020,17181,2020,20,train,20,21
17181-2021,17181,2021,20,train,20,21
17183-2020,17183,2020,20,train,20,21
17183-2021,17183,2021,20,train,20,21
17183-2022,17183,2022,20,train,20,21
17185-2019,17185,2019,20,train,20,21
17185-2020,17185,2020,20,train,20,21
17185-2022,17185,2022,20,train,20,21
17187-2020,17187,2020,20,train,20,21
17187-2022,17187,2022,20,train,20,21
17189-2019,17189,2019,20,train,20,21
17189-2020,17189,2020,20,train,20,21
17189-2021,17189,2021,20,train,20,21
17189-2022,17189,2022,20,train,20,21
17191-2020,17191,2020,20,train,20,21
17191-2022,17191,2022,20,train,20,21
17193-2019,17193,2019,20,train,20,21
17193-2020,17193,2020,20,train,20,21
17193-2021,17193,2021,20,train,20,21
17193-2022,17193,2022,20,train,20,21
17195-2019,17195,2019,20,train,20,21
17195-2020,17195,2020,20,train,20,21
17195-2022,17195,2022,20,train,20,21
17197-2020,17197,2020,20,train,20,21
17197-2022,17197,2022,20,train,20,21
17199-2019,17199,2019,20,train,20,21
17199-2020,17199,2020,20,train,20,21
17199-2022,17199,2022,20,train,20,21
17201-2019,17201,2019,20,train,20,21
17201-2020,17201,2020,20,train,20,21
17201-2021,17201,2021,20,train,20,21
17201-2022,17201,2022,20,train,20,21
17203-2019,17203,2019,20,train,20,21
17203-2020,17203,2020,20,train,20,21
17203-2021,17203,2021,20,train,20,21
17203-2022,17203,2022,20,train,20,21
18001-2019,18001,2019,20,train,20,21
18001-2020,18001,2020,20,train,20,21
18001-2022,18001,2022,20,train,20,21
18003-2019,18003,2019,20,train,20,21
18003-2020,18003,2020,20,train,20,21
18003-2022,18003,2022,20,train,20,21
18005-2022,18005,2022,20,train,20,21
18007-2019,18007,2019,20,train,20,21
18007-2020,18007,2020,20,train,20,21
18007-2021,18007,2021,20,train,20,21
18007-2022,18007,2022,20,train,20,21
18009-2022,18009,2022,20,train,20,21
18011-2019,18011,2019,20,train,20,21
18011-2020,18011,2020,20,train,20,21
18011-2021,18011,2021,20,train,20,21
18011-2022,18011,2022,20,train,20,21
18015-2019,18015,2019,20,train,20,21
18015-2020,18015,2020,20,train,20,21
18015-2022,18015,2022,20,train,20,21
18017-2020,18017,2020,20,train,20,21
18017-2022,18017,2022,20,train,20,21
18019-2020,18019,2020,20,train,20,21
18021-2020,18021,2020,20,train,20,21
18021-2021,18021,2021,20,train,20,21
18021-2022,18021,2022,20,train,20,21
18023-2020,18023,2020,20,train,20,21
18023-2021,18023,2021,20,train,20,21
18023-2022,18023,2022,20,train,20,21
18027-2019,18027,2019,20,train,20,21
18027-2020,18027,2020,20,train,20,21
18027-2021,18027,2021,20,train,20,21
18027-2022,18027,2022,20,train,20,21
18029-2019,18029,2019,20,train,20,21
18029-2020,18029,2020,20,train,20,21
18029-2022,18029,2022,20,train,20,21
18031-2019,18031,2019,20,train,20,21
18031-2020,18031,2020,20,train,20,21
18031-2022,18031,2022,20,train,20,21
18035-2022,18035,2022,20,train,20,21
18037-2022,18037,2022,20,train,20,21
18039-2019,18039,2019,20,train,20,21
18039-2020,18039,2020,20,train,20,21
18039-2021,18039,2021,20,train,20,21
18039-2022,18039,2022,20,train,20,21
18041-2019,18041,2019,20,train,20,21
18041-2020,18041,2020,20,train,20,21
18041-2021,18041,2021,20,train,20,21
18041-2022,18041,2022,20,train,20,21
18045-2020,18045,2020,20,train,20,21
18045-2022,18045,2022,20,train,20,21
18047-2019,18047,2019,20,train,20,21
18047-2020,18047,2020,20,train,20,21
18047-2022,18047,2022,20,train,20,21
18049-2019,18049,2019,20,train,20,21
18049-2020,18049,2020,20,train,20,21
18049-2021,18049,2021,20,train,20,21
18051-2019,18051,2019,20,train,20,21
18051-2020,18051,2020,20,train,20,21
18051-2022,18051,2022,20,train,20,21
18053-2020,18053,2020,20,train,20,21
18053-2022,18053,2022,20,train,20,21
18055-2019,18055,2019,20,train,20,21
18055-2020,18055,2020,20,train,20,21
18055-2021,18055,2021,20,train,20,21
18057-2022,18057,2022,20,train,20,21
18059-2020,18059,2020,20,train,20,21
18059-2022,18059,2022,20,train,20,21
18063-2019,18063,2019,20,train,20,21
18063-2020,18063,2020,20,train,20,21
18063-2021,18063,2021,20,train,20,21
18063-2022,18063,2022,20,train,20,21
18065-2022,18065,2022,20,train,20,21
18067-2020,18067,2020,20,train,20,21
18067-2022,18067,2022,20,train,20,21
18069-2022,18069,2022,20,train,20,21
18071-2022,18071,2022,20,train,20,21
18073-2020,18073,2020,20,train,20,21
18073-2022,18073,2022,20,train,20,21
18075-2019,18075,2019,20,train,20,21
18075-2020,18075,2020,20,train,20,21
18075-2022,18075,2022,20,train,20,21
18077-2019,18077,2019,20,train,20,21
18077-2020,18077,2020,20,train,20,21
18077-2022,18077,2022,20,train,20,21
18079-2022,18079,2022,20,train,20,21
18081-2022,18081,2022,20,train,20,21
18083-2020,18083,2020,20,train,20,21
18083-2022,18083,2022,20,train,20,21
18085-2022,18085,2022,20,train,20,21
18089-2020,18089,2020,20,train,20,21
18089-2022,18089,2022,20,train,20,21
18093-2022,18093,2022,20,train,20,21
18095-2022,18095,2022,20,train,20,21
18097-2020,18097,2020,20,train,20,21
18099-2019,18099,2019,20,train,20,21
18099-2020,18099,2020,20,train,20,21
18099-2021,18099,2021,20,train,20,21
18099-2022,18099,2022,20,train,20,21
18101-2022,18101,2022,20,train,20,21
18103-2020,18103,2020,20,train,20,21
18103-2022,18103,2022,20,train,20,21
18105-2022,18105,2022,20,train,20,21
18107-2019,18107,2019,20,train,20,21
18107-2020,18107,2020,20,train,20,21
18107-2021,18107,2021,20,train,20,21
18109-2022,18109,2022,20,train,20,21
18111-2019,18111,2019,20,train,20,21
18111-2020,18111,2020,20,train,20,21
18111-2021,18111,2021,20,train,20,21
18111-2022,18111,2022,20,train,20,21
18113-2020,18113,2020,20,train,20,21
18113-2022,18113,2022,20,train,20,21
18115-2019,18115,2019,20,train,20,21
18115-2020,18115,2020,20,train,20,21
18119-2020,18119,2020,20,train,20,21
18119-2021,18119,2021,20,train,20,21
18119-2022,18119,2022,20,train,20,21
18121-2019,18121,2019,20,train,20,21
18121-2020,18121,2020,20,train,20,21
18121-2022,18121,2022,20,train,20,21
18123-2022,18123,2022,20,train,20,21
18125-2020,18125,2020,20,train,20,21
18125-2022,18125,2022,20,train,20,21
18127-2019,18127,2019,20,train,20,21
18127-2020,18127,2020,20,train,20,21
18127-2021,18127,2021,20,train,20,21
18127-2022,18127,2022,20,train,20,21
18129-2019,18129,2019,20,train,20,21
18129-2020,18129,2020,20,train,20,21
18129-2021,18129,2021,20,train,20,21
18129-2022,18129,2022,20,train,20,21
18131-2019,18131,2019,20,train,20,21
18131-2020,18131,2020,20,train,20,21
18131-2022,18131,2022,20,train,20,21
18133-2019,18133,2019,20,train,20,21
18133-2020,18133,2020,20,train,20,21
18133-2021,18133,2021,20,train,20,21
18133-2022,18133,2022,20,train,20,21
18135-2019,18135,2019,20,train,20,21
18135-2020,18135,2020,20,train,20,21
18135-2022,18135,2022,20,train,20,21
18137-2020,18137,2020,20,train,20,21
18137-2022,18137,2022,20,train,20,21
18139-2022,18139,2022,20,train,20,21
18141-2019,18141,2019,20,train,20,21
18141-2020,18141,2020,20,train,20,21
18141-2021,18141,2021,20,train,20,21
18141-2022,18141,2022,20,train,20,21
18143-2022,18143,2022,20,train,20,21
18145-2020,18145,2020,20,train,20,21
18145-2022,18145,2022,20,train,20,21
18147-2020,18147,2020,20,train,20,21
18149-2019,18149,2019,20,train,20,21
18149-2020,18149,2020,20,train,20,21
18149-2022,18149,2022,20,train,20,21
18151-2020,18151,2020,20,train,20,21
18151-2022,18151,2022,20,train,20,21
18153-2019,18153,2019,20,train,20,21
18153-2020,18153,2020,20,train,20,21
18153-2022,18153,2022,20,train,20,21
18155-2019,18155,2019,20,train,20,21
18155-2020,18155,2020,20,train,20,21
18157-2019,18157,2019,20,train,20,21
18157-2020,18157,2020,20,train,20,21
18157-2021,18157,2021,20,train,20,21
18157-2022,18157,2022,20,train,20,21
18159-2022,18159,2022,20,train,20,21
18161-2019,18161,2019,20,train,20,21
18161-2020,18161,2020,20,train,20,21
18161-2021,18161,2021,20,train,20,21
18161-2022,18161,2022,20,train,20,21
18163-2019,18163,2019,20,train,20,21
18163-2020,18163,2020,20,train,20,21
18163-2021,18163,2021,20,train,20,21
18163-2022,18163,2022,20,train,20,21
18165-2019,18165,2019,20,train,20,21
18165-2020,18165,2020,20,train,20,21
18165-2021,18165,2021,20,train,20,21
18165-2022,18165,2022,20,train,20,21
18167-2019,18167,2019,20,train,20,21
18167-2020,18167,2020,20,train,20,21
18167-2022,18167,2022,20,train,20,21
18169-2022,18169,2022,20,train,20,21
18171-2019,18171,2019,20,train,20,21
18171-2020,18171,2020,20,train,20,21
18171-2021,18171,2021,20,train,20,21
18173-2019,18173,2019,20,train,20,21
18173-2020,18173,2020,20,train,20,21
18173-2022,18173,2022,20,train,20,21
18177-2019,18177,2019,20,train,20,21
18177-2020,18177,2020,20,train,20,21
18177-2021,18177,2021,20,train,20,21
18177-2022,18177,2022,20,train,20,21
18179-2022,18179,2022,20,train,20,21
18181-2019,18181,2019,20,train,20,21
18181-2020,18181,2020,20,train,20,21
18181-2022,18181,2022,20,train,20,21
18183-2022,18183,2022,20,train,20,21
19001-2019,19001,2019,20,train,20,21
19001-2020,19001,2020,20,train,20,21
19001-2022,19001,2022,20,train,20,21
19003-2020,19003,2020,20,train,20,21
19005-2019,19005,2019,20,train,20,21
19005-2020,19005,2020,20,train,20,21
19005-2021,19005,2021,20,train,20,21
19005-2022,19005,2022,20,train,20,21
19007-2020,19007,2020,20,train,20,21
19007-2021,19007,2021,20,train,20,21
19007-2022,19007,2022,20,train,20,21
19009-2019,19009,2019,20,train,20,21
19009-2020,19009,2020,20,train,20,21
19009-2021,19009,2021,20,train,20,21
19009-2022,19009,2022,20,train,20,21
19011-2019,19011,2019,20,train,20,21
19011-2020,19011,2020,20,train,20,21
19011-2021,19011,2021,20,train,20,21
19011-2022,19011,2022,20,train,20,21
19013-2020,19013,2020,20,train,20,21
19013-2022,19013,2022,20,train,20,21
19015-2019,19015,2019,20,train,20,21
19015-2020,19015,2020,20,train,20,21
19015-2021,19015,2021,20,train,20,21
19015-2022,19015,2022,20,train,20,21
19017-2022,19017,2022,20,train,20,21
19019-2019,19019,2019,20,train,20,21
19019-2020,19019,2020,20,train,20,21
19019-2021,19019,2021,20,train,20,21
19019-2022,19019,2022,20,train,20,21
19021-2019,19021,2019,20,train,20,21
19021-2020,19021,2020,20,train,20,21
19021-2022,19021,2022,20,train,20,21
19023-2021,19023,2021,20,train,20,21
19023-2022,19023,2022,20,train,20,21
19025-2019,19025,2019,20,train,20,21
19025-2020,19025,2020,20,train,20,21
19025-2021,19025,2021,20,train,20,21
19025-2022,19025,2022,20,train,20,21
19027-2020,19027,2020,20,train,20,21
19027-2022,19027,2022,20,train,20,21
19029-2019,19029,2019,20,train,20,21
19029-2020,19029,2020,20,train,20,21
19029-2021,19029,2021,20,train,20,21
19029-2022,19029,2022,20,train,20,21
19031-2020,19031,2020,20,train,20,21
19031-2022,19031,2022,20,train,20,21
19033-2019,19033,2019,20,train,20,21
19033-2020,19033,2020,20,train,20,21
19033-2021,19033,2021,20,train,20,21
19033-2022,19033,2022,20,train,20,21
19035-2019,19035,2019,20,train,20,21
19035-2020,19035,2020,20,train,20,21
19035-2022,19035,2022,20,train,20,21
19037-2022,19037,2022,20,train,20,21
19039-2020,19039,2020,20,train,20,21
19041-2019,19041,2019,20,train,20,21
19041-2020,19041,2020,20,train,20,21
19041-2022,19041,2022,20,train,20,21
19043-2020,19043,2020,20,train,20,21
19043-2021,19043,2021,20,train,20,21
19043-2022,19043,2022,20,train,20,21
19045-2020,19045,2020,20,train,20,21
19045-2022,19045,2022,20,train,20,21
19047-2019,19047,2019,20,train,20,21
19047-2020,19047,2020,20,train,20,21
19047-2022,19047,2022,20,train,20,21
19049-2019,19049,2019,20,train,20,21
19049-2020,19049,2020,20,train,20,21
19049-2021,19049,2021,20,train,20,21
19049-2022,19049,2022,20,train,20,21
19051-2019,19051,2019,20,train,20,21
19051-2020,19051,2020,20,train,20,21
19051-2021,19051,2021,20,train,20,21
19051-2022,19051,2022,20,train,20,21
19053-2020,19053,2020,20,train,20,21
19053-2022,19053,2022,20,train,20,21
19055-2020,19055,2020,20,train,20,21
19055-2021,19055,2021,20,train,20,21
19055-2022,19055,2022,20,train,20,21
19057-2019,19057,2019,20,train,20,21
19057-2020,19057,2020,20,train,20,21
19057-2022,19057,2022,20,train,20,21
19059-2019,19059,2019,20,train,20,21
19059-2020,19059,2020,20,train,20,21
19059-2021,19059,2021,20,train,20,21
19059-2022,19059,2022,20,train,20,21
19061-2020,19061,2020,20,train,20,21
19061-2021,19061,2021,20,train,20,21
19061-2022,19061,2022,20,train,20,21
19063-2022,19063,2022,20,train,20,21
19065-2020,19065,2020,20,train,20,21
19065-2021,19065,2021,20,train,20,21
19065-2022,19065,2022,20,train,20,21
19067-2019,19067,2019,20,train,20,21
19067-2020,19067,2020,20,train,20,21
19067-2021,19067,2021,20,train,20,21
19067-2022,19067,2022,20,train,20,21
19069-2019,19069,2019,20,train,20,21
19069-2020,19069,2020,20,train,20,21
19069-2021,19069,2021,20,train,20,21
19069-2022,19069,2022,20,train,20,21
19071-2020,19071,2020,20,train,20,21
19071-2022,19071,2022,20,train,20,21
19073-2019,19073,2019,20,train,20,21
19073-2020,19073,2020,20,train,20,21
19073-2021,19073,2021,20,train,20,21
19073-2022,19073,2022,20,train,20,21
19075-2020,19075,2020,20,train,20,21
19075-2021,19075,2021,20,train,20,21
19075-2022,19075,2022,20,train,20,21
19077-2019,19077,2019,20,train,20,21
19077-2020,19077,2020,20,train,20,21
19077-2021,19077,2021,20,train,20,21
19077-2022,19077,2022,20,train,20,21
19079-2019,19079,2019,20,train,20,21
19079-2020,19079,2020,20,train,20,21
19079-2022,19079,2022,20,train,20,21
19081-2019,19081,2019,20,train,20,21
19081-2020,19081,2020,20,train,20,21
19081-2021,19081,2021,20,train,20,21
19081-2022,19081,2022,20,train,20,21
19083-2019,19083,2019,20,train,20,21
19083-2020,19083,2020,20,train,20,21
19083-2021,19083,2021,20,train,20,21
19083-2022,19083,2022,20,train,20,21
19085-2020,19085,2020,20,train,20,21
19085-2022,19085,2022,20,train,20,21
19087-2019,19087,2019,20,train,20,21
19087-2020,19087,2020,20,train,20,21
19087-2021,19087,2021,20,train,20,21
19087-2022,19087,2022,20,train,20,21
19089-2020,19089,2020,20,train,20,21
19089-2022,19089,2022,20,train,20,21
19091-2019,19091,2019,20,train,20,21
19091-2020,19091,2020,20,train,20,21
19091-2021,19091,2021,20,train,20,21
19091-2022,19091,2022,20,train,20,21
19093-2020,19093,2020,20,train,20,21
19093-2021,19093,2021,20,train,20,21
19093-2022,19093,2022,20,train,20,21
19095-2019,19095,2019,20,train,20,21
19095-2020,19095,2020,20,train,20,21
19095-2022,19095,2022,20,train,20,21
19097-2020,19097,2020,20,train,20,21
19097-2021,19097,2021,20,train,20,21
19097-2022,19097,2022,20,train,20,21
19099-2021,19099,2021,20,train,20,21
19099-2022,19099,2022,20,train,20,21
19101-2019,19101,2019,20,train,20,21
19101-2020,19101,2020,20,train,20,21
19101-2021,19101,2021,20,train,20,21
19101-2022,19101,2022,20,train,20,21
19103-2019,19103,2019,20,train,20,21
19103-2020,19103,2020,20,train,20,21
19103-2022,19103,2022,20,train,20,21
19105-2020,19105,2020,20,train,20,21
19105-2022,19105,2022,20,train,20,21
19107-2019,19107,2019,20,train,20,21
19107-2020,19107,2020,20,train,20,21
19107-2021,19107,2021,20,train,20,21
19107-2022,19107,2022,20,train,20,21
19109-2019,19109,2019,20,train,20,21
19109-2020,19109,2020,20,train,20,21
19109-2021,19109,2021,20,train,20,21
19109-2022,19109,2022,20,train,20,21
19111-2019,19111,2019,20,train,20,21
19111-2020,19111,2020,20,train,20,21
19111-2021,19111,2021,20,train,20,21
19111-2022,19111,2022,20,train,20,21
19113-2019,19113,2019,20,train,20,21
19113-2020,19113,2020,20,train,20,21
19113-2022,19113,2022,20,train,20,21
19115-2019,19115,2019,20,train,20,21
19115-2020,19115,2020,20,train,20,21
19115-2022,19115,2022,20,train,20,21
19117-2021,19117,2021,20,train,20,21
19117-2022,19117,2022,20,train,20,21
19119-2019,19119,2019,20,train,20,21
19119-2020,19119,2020,20,train,20,21
19119-2021,19119,2021,20,train,20,21
19119-2022,19119,2022,20,train,20,21
19121-2019,19121,2019,20,train,20,21
19121-2020,19121,2020,20,train,20,21
19121-2021,19121,2021,20,train,20,21
19121-2022,19121,2022,20,train,20,21
19123-2021,19123,2021,20,train,20,21
19123-2022,19123,2022,20,train,20,21
19125-2021,19125,2021,20,train,20,21
19125-2022,19125,2022,20,train,20,21
19127-2021,19127,2021,20,train,20,21
19127-2022,19127,2022,20,train,20,21
19129-2020,19129,2020,20,train,20,21
19129-2022,19129,2022,20,train,20,21
19131-2019,19131,2019,20,train,20,21
19131-2020,19131,2020,20,train,20,21
19131-2021,19131,2021,20,train,20,21
19131-2022,19131,2022,20,train,20,21
19133-2019,19133,2019,20,train,20,21
19133-2022,19133,2022,20,train,20,21
19135-2021,19135,2021,20,train,20,21
19135-2022,19135,2022,20,train,20,21
19137-2020,19137,2020,20,train,20,21
19137-2022,19137,2022,20,train,20,21
19139-2020,19139,2020,20,train,20,21
19139-2022,19139,2022,20,train,20,21
19143-2019,19143,2019,20,train,20,21
19143-2020,19143,2020,20,train,20,21
19143-2021,19143,2021,20,train,20,21
19143-2022,19143,2022,20,train,20,21
19145-2019,19145,2019,20,train,20,21
19145-2020,19145,2020,20,train,20,21
19145-2021,19145,2021,20,train,20,21
19145-2022,19145,2022,20,train,20,21
19147-2019,19147,2019,20,train,20,21
19147-2022,19147,2022,20,train,20,21
19149-2019,19149,2019,20,train,20,21
19149-2021,19149,2021,20,train,20,21
19149-2022,19149,2022,20,train,20,21
19151-2022,19151,2022,20,train,20,21
19153-2019,19153,2019,20,train,20,21
19153-2020,19153,2020,20,train,20,21
19153-2021,19153,2021,20,train,20,21
19153-2022,19153,2022,20,train,20,21
19155-2020,19155,2020,20,train,20,21
19155-2022,19155,2022,20,train,20,21
19157-2021,19157,2021,20,train,20,21
19157-2022,19157,2022,20,train,20,21
19159-2020,19159,2020,20,train,20,21
19159-2021,19159,2021,20,train,20,21
19159-2022,19159,2022,20,train,20,21
19161-2019,19161,2019,20,train,20,21
19161-2020,19161,2020,20,train,20,21
19161-2022,19161,2022,20,train,20,21
19163-2020,19163,2020,20,train,20,21
19163-2022,19163,2022,20,train,20,21
19165-2019,19165,2019,20,train,20,21
19165-2020,19165,2020,20,train,20,21
19165-2022,19165,2022,20,train,20,21
19167-2019,19167,2019,20,train,20,21
19167-2020,19167,2020,20,train,20,21
19167-2021,19167,2021,20,train,20,21
19167-2022,19167,2022,20,train,20,21
19169-2019,19169,2019,20,train,20,21
19169-2020,19169,2020,20,train,20,21
19169-2021,19169,2021,20,train,20,21
19169-2022,19169,2022,20,train,20,21
19171-2022,19171,2022,20,train,20,21
19173-2020,19173,2020,20,train,20,21
19173-2021,19173,2021,20,train,20,21
19173-2022,19173,2022,20,train,20,21
19175-2020,19175,2020,20,train,20,21
19175-2021,19175,2021,20,train,20,21
19175-2022,19175,2022,20,train,20,21
19177-2019,19177,2019,20,train,20,21
19177-2020,19177,2020,20,train,20,21
19177-2021,19177,2021,20,train,20,21
19177-2022,19177,2022,20,train,20,21
19179-2019,19179,2019,20,train,20,21
19179-2020,19179,2020,20,train,20,21
19179-2021,19179,2021,20,train,20,21
19179-2022,19179,2022,20,train,20,21
19181-2020,19181,2020,20,train,20,21
19181-2022,19181,2022,20,train,20,21
19183-2019,19183,2019,20,train,20,21
19183-2020,19183,2020,20,train,20,21
19183-2022,19183,2022,20,train,20,21
19185-2021,19185,2021,20,train,20,21
19187-2019,19187,2019,20,train,20,21
19187-2020,19187,2020,20,train,20,21
19187-2021,19187,2021,20,train,20,21
19187-2022,19187,2022,20,train,20,21
19189-2019,19189,2019,20,train,20,21
19189-2020,19189,2020,20,train,20,21
19189-2021,19189,2021,20,train,20,21
19189-2022,19189,2022,20,train,20,21
19191-2019,19191,2019,20,train,20,21
19191-2020,19191,2020,20,train,20,21
19191-2021,19191,2021,20,train,20,21
19191-2022,19191,2022,20,train,20,21
19193-2019,19193,2019,20,train,20,21
19193-2020,19193,2020,20,train,20,21
19193-2021,19193,2021,20,train,20,21
19193-2022,19193,2022,20,train,20,21
19195-2019,19195,2019,20,train,20,21
19195-2020,19195,2020,20,train,20,21
19195-2021,19195,2021,20,train,20,21
19195-2022,19195,2022,20,train,20,21
19197-2019,19197,2019,20,train,20,21
19197-2020,19197,2020,20,train,20,21
19197-2021,19197,2021,20,train,20,21
19197-2022,19197,2022,20,train,20,21
20001-2020,20001,2020,20,test,20,21
20001-2021,20001,2021,20,test,20,21
20003-2019,20003,2019,20,test,20,21
20003-2020,20003,2020,20,test,20,21
20003-2021,20003,2021,20,test,20,21
20005-2020,20005,2020,20,test,20,21
20005-2021,20005,2021,20,test,20,21
20005-2022,20005,2022,20,test,20,21
20009-2020,20009,2020,20,test,20,21
20011-2020,20011,2020,20,test,20,21
20011-2021,20011,2021,20,test,20,21
20013-2019,20013,2019,20,test,20,21
20013-2020,20013,2020,20,test,20,21
20013-2022,20013,2022,20,test,20,21
20015-2020,20015,2020,20,test,20,21
20015-2021,20015,2021,20,test,20,21
20017-2020,20017,2020,20,test,20,21
20017-2021,20017,2021,20,test,20,21
20021-2019,20021,2019,20,test,20,21
20023-2020,20023,2020,20,test,20,21
20023-2021,20023,2021,20,test,20,21
20027-2019,20027,2019,20,test,20,21
20027-2020,20027,2020,20,test,20,21
20027-2022,20027,2022,20,test,20,21
20029-2020,20029,2020,20,test,20,21
20029-2021,20029,2021,20,test,20,21
20029-2022,20029,2022,20,test,20,21
20031-2019,20031,2019,20,test,20,21
20031-2020,20031,2020,20,test,20,21
20035-2019,20035,2019,20,test,20,21
20035-2020,20035,2020,20,test,20,21
20035-2021,20035,2021,20,test,20,21
20037-2020,20037,2020,20,test,20,21
20037-2021,20037,2021,20,test,20,21
20039-2020,20039,2020,20,test,20,21
20041-2020,20041,2020,20,test,20,21
20041-2021,20041,2021,20,test,20,21
20043-2020,20043,2020,20,test,20,21
20043-2021,20043,2021,20,test,20,21
20043-2022,20043,2022,20,test,20,21
20045-2019,20045,2019,20,test,20,21
20045-2020,20045,2020,20,test,20,21
20045-2021,20045,2021,20,test,20,21
20047-2019,20047,2019,20,test,20,21
20047-2020,20047,2020,20,test,20,21
20049-2019,20049,2019,20,test,20,21
20053-2019,20053,2019,20,test,20,21
20053-2020,20053,2020,20,test,20,21
20053-2021,20053,2021,20,test,20,21
20055-2019,20055,2019,20,test,20,21
20055-2020,20055,2020,20,test,20,21
20057-2019,20057,2019,20,test,20,21
20057-2020,20057,2020,20,test,20,21
20057-2021,20057,2021,20,test,20,21
20059-2019,20059,2019,20,test,20,21
20059-2020,20059,2020,20,test,20,21
20061-2020,20061,2020,20,test,20,21
20063-2020,20063,2020,20,test,20,21
20063-2021,20063,2021,20,test,20,21
20065-2020,20065,2020,20,test,20,21
20065-2021,20065,2021,20,test,20,21
20067-2019,20067,2019,20,test,20,21
20067-2020,20067,2020,20,test,20,21
20067-2021,20067,2021,20,test,20,21
20069-2020,20069,2020,20,test,20,21
20069-2021,20069,2021,20,test,20,21
20071-2019,20071,2019,20,test,20,21
20071-2020,20071,2020,20,test,20,21
20071-2021,20071,2021,20,test,20,21
20075-2019,20075,2019,20,test,20,21
20079-2019,20079,2019,20,test,20,21
20079-2020,20079,2020,20,test,20,21
20079-2021,20079,2021,20,test,20,21
20081-2019,20081,2019,20,test,20,21
20081-2020,20081,2020,20,test,20,21
20081-2021,20081,2021,20,test,20,21
20083-2020,20083,2020,20,test,20,21
20085-2019,20085,2019,20,test,20,21
20085-2020,20085,2020,20,test,20,21
20087-2019,20087,2019,20,test,20,21
20087-2020,20087,2020,20,test,20,21
20087-2021,20087,2021,20,test,20,21
20089-2020,20089,2020,20,test,20,21
20095-2019,20095,2019,20,test,20,21
20095-2020,20095,2020,20,test,20,21
20095-2021,20095,2021,20,test,20,21
20097-2020,20097,2020,20,test,20,21
20099-2020,20099,2020,20,test,20,21
20099-2021,20099,2021,20,test,20,21
20101-2020,20101,2020,20,test,20,21
20101-2021,20101,2021,20,test,20,21
20103-2019,20103,2019,20,test,20,21
20103-2020,20103,2020,20,test,20,21
20103-2021,20103,2021,20,test,20,21
20105-2019,20105,2019,20,test,20,21
20107-2020,20107,2020,20,test,20,21
20109-2020,20109,2020,20,test,20,21
20109-2021,20109,2021,20,test,20,21
20111-2019,20111,2019,20,test,20,21
20115-2019,20115,2019,20,test,20,21
20115-2020,20115,2020,20,test,20,21
20115-2021,20115,2021,20,test,20,21
20117-2019,20117,2019,20,test,20,21
20117-2022,20117,2022,20,test,20,21
20119-2020,20119,2020,20,test,20,21
20119-2021,20119,2021,20,test,20,21
20121-2019,20121,2019,20,test,20,21
20121-2020,20121,2020,20,test,20,21
20123-2019,20123,2019,20,test,20,21
20123-2020,20123,2020,20,test,20,21
20123-2021,20123,2021,20,test,20,21
20125-2019,20125,2019,20,test,20,21
20125-2020,20125,2020,20,test,20,21
20127-2019,20127,2019,20,test,20,21
20127-2020,20127,2020,20,test,20,21
20127-2021,20127,2021,20,test,20,21
20129-2019,20129,2019,20,test,20,21
20129-2020,20129,2020,20,test,20,21
20129-2021,20129,2021,20,test,20,21
20131-2020,20131,2020,20,test,20,21
20133-2019,20133,2019,20,test,20,21
20133-2020,20133,2020,20,test,20,21
20133-2021,20133,2021,20,test,20,21
20135-2019,20135,2019,20,test,20,21
20135-2020,20135,2020,20,test,20,21
20135-2021,20135,2021,20,test,20,21
20137-2020,20137,2020,20,test,20,21
20137-2021,20137,2021,20,test,20,21
20137-2022,20137,2022,20,test,20,21
20139-2019,20139,2019,20,test,20,21
20139-2020,20139,2020,20,test,20,21
20141-2020,20141,2020,20,test,20,21
20143-2020,20143,2020,20,test,20,21
20145-2020,20145,2020,20,test,20,21
20147-2020,20147,2020,20,test,20,21
20147-2021,20147,2021,20,test,20,21
20147-2022,20147,2022,20,test,20,21
20149-2019,20149,2019,20,test,20,21
20151-2020,20151,2020,20,test,20,21
20153-2019,20153,2019,20,test,20,21
20153-2020,20153,2020,20,test,20,21
20153-2021,20153,2021,20,test,20,21
20155-2019,20155,2019,20,test,20,21
20155-2020,20155,2020,20,test,20,21
20155-2021,20155,2021,20,test,20,21
20157-2020,20157,2020,20,test,20,21
20157-2021,20157,2021,20,test,20,21
20157-2022,20157,2022,20,test,20,21
20159-2020,20159,2020,20,test,20,21
20161-2019,20161,2019,20,test,20,21
20161-2020,20161,2020,20,test,20,21
20161-2022,20161,2022,20,test,20,21
20163-2019,20163,2019,20,test,20,21
20163-2020,20163,2020,20,test,20,21
20169-2020,20169,2020,20,test,20,21
20169-2021,20169,2021,20,test,20,21
20171-2019,20171,2019,20,test,20,21
20171-2020,20171,2020,20,test,20,21
20173-2019,20173,2019,20,test,20,21
20173-2020,20173,2020,20,test,20,21
20175-2020,20175,2020,20,test,20,21
20175-2021,20175,2021,20,test,20,21
20177-2019,20177,2019,20,test,20,21
20177-2020,20177,2020,20,test,20,21
20177-2021,20177,2021,20,test,20,21
20179-2021,20179,2021,20,test,20,21
20181-2019,20181,2019,20,test,20,21
20181-2020,20181,2020,20,test,20,21
20181-2021,20181,2021,20,test,20,21
20183-2020,20183,2020,20,test,20,21
20183-2021,20183,2021,20,test,20,21
20183-2022,20183,2022,20,test,20,21
20185-2020,20185,2020,20,test,20,21
20187-2019,20187,2019,20,test,20,21
20187-2020,20187,2020,20,test,20,21
20189-2020,20189,2020,20,test,20,21
20189-2021,20189,2021,20,test,20,21
20191-2019,20191,2019,20,test,20,21
20191-2020,20191,2020,20,test,20,21
20191-2021,20191,2021,20,test,20,21
20193-2020,20193,2020,20,test,20,21
20195-2020,20195,2020,20,test,20,21
20195-2021,20195,2021,20,test,20,21
20197-2019,20197,2019,20,test,20,21
20201-2020,20201,2020,20,test,20,21
20201-2022,20201,2022,20,test,20,21
20203-2019,20203,2019,20,test,20,21
20203-2020,20203,2020,20,test,20,21
20203-2021,20203,2021,20,test,20,21
20205-2019,20205,2019,20,test,20,21
20205-2020,20205,2020,20,test,20,21
20207-2020,20207,2020,20,test,20,21
21001-2019,21001,2019,20,val,20,21
21001-2020,21001,2020,20,val,20,21
21007-2020,21007,2020,20,val,20,21
21007-2021,21007,2021,20,val,20,21
21009-2020,21009,2020,20,val,20,21
21031-2020,21031,2020,20,val,20,21
21033-2019,21033,2019,20,val,20,21
21033-2020,21033,2020,20,val,20,21
21033-2021,21033,2021,20,val,20,21
21035-2020,21035,2020,20,val,20,21
21035-2021,21035,2021,20,val,20,21
21039-2020,21039,2020,20,val,20,21
21039-2021,21039,2021,20,val,20,21
21047-2019,21047,2019,20,val,20,21
21047-2020,21047,2020,20,val,20,21
21047-2021,21047,2021,20,val,20,21
21055-2020,21055,2020,20,val,20,21
21055-2021,21055,2021,20,val,20,21
21059-2020,21059,2020,20,val,20,21
21059-2022,21059,2022,20,val,20,21
21075-2019,21075,2019,20,val,20,21
21075-2020,21075,2020,20,val,20,21
21075-2021,21075,2021,20,val,20,21
21083-2020,21083,2020,20,val,20,21
21091-2020,21091,2020,20,val,20,21
21093-2019,21093,2019,20,val,20,21
21093-2020,21093,2020,20,val,20,21
21099-2020,21099,2020,20,val,20,21
21101-2019,21101,2019,20,val,20,21
21101-2020,21101,2020,20,val,20,21
21101-2022,21101,2022,20,val,20,21
21103-2020,21103,2020,20,val,20,21
21105-2019,21105,2019,20,val,20,21
21105-2020,21105,2020,20,val,20,21
21105-2021,21105,2021,20,val,20,21
21107-2020,21107,2020,20,val,20,21
21123-2020,21123,2020,20,val,20,21
21139-2019,21139,2019,20,val,20,21
21139-2020,21139,2020,20,val,20,21
21139-2021,21139,2021,20,val,20,21
21141-2020,21141,2020,20,val,20,21
21143-2019,21143,2019,20,val,20,21
21157-2019,21157,2019,20,val,20,21
21157-2020,21157,2020,20,val,20,21
21157-2021,21157,2021,20,val,20,21
21167-2021,21167,2021,20,val,20,21
21169-2020,21169,2020,20,val,20,21
21177-2020,21177,2020,20,val,20,21
21183-2020,21183,2020,20,val,20,21
21211-2020,21211,2020,20,val,20,21
21213-2020,21213,2020,20,val,20,21
21215-2020,21215,2020,20,val,20,21
21219-2020,21219,2020,20,val,20,21
21221-2019,21221,2019,20,val,20,21
21221-2020,21221,2020,20,val,20,21
21221-2021,21221,2021,20,val,20,21
21223-2020,21223,2020,20,val,20,21
21225-2019,21225,2019,20,val,20,21
21225-2020,21225,2020,20,val,20,21
21225-2021,21225,2021,20,val,20,21
21225-2022,21225,2022,20,val,20,21
21227-2020,21227,2020,20,val,20,21
21229-2020,21229,2020,20,val,20,21
21233-2019,21233,2019,20,val,20,21
21233-2020,21233,2020,20,val,20,21
21233-2021,21233,2021,20,val,20,21
26005-2019,26005,2019,20,train,20,21
26005-2020,26005,2020,20,train,20,21
26007-2019,26007,2019,20,train,20,21
26007-2021,26007,2021,20,train,20,21
26011-2019,26011,2019,20,train,20,21
26011-2020,26011,2020,20,train,20,21
26015-2020,26015,2020,20,train,20,21
26021-2020,26021,2020,20,train,20,21
26021-2022,26021,2022,20,train,20,21
26023-2020,26023,2020,20,train,20,21
26023-2022,26023,2022,20,train,20,21
26025-2020,26025,2020,20,train,20,21
26027-2019,26027,2019,20,train,20,21
26027-2020,26027,2020,20,train,20,21
26027-2022,26027,2022,20,train,20,21
26037-2020,26037,2020,20,train,20,21
26045-2020,26045,2020,20,train,20,21
26049-2019,26049,2019,20,train,20,21
26049-2020,26049,2020,20,train,20,21
26051-2020,26051,2020,20,train,20,21
26059-2019,26059,2019,20,train,20,21
26059-2020,26059,2020,20,train,20,21
26059-2022,26059,2022,20,train,20,21
26063-2020,26063,2020,20,train,20,21
26065-2019,26065,2019,20,train,20,21
26065-2020,26065,2020,20,train,20,21
26067-2020,26067,2020,20,train,20,21
26069-2019,26069,2019,20,train,20,21
26069-2020,26069,2020,20,train,20,21
26069-2021,26069,2021,20,train,20,21
26075-2019,26075,2019,20,train,20,21
26075-2020,26075,2020,20,train,20,21
26077-2019,26077,2019,20,train,20,21
26077-2020,26077,2020,20,train,20,21
26081-2019,26081,2019,20,train,20,21
26081-2020,26081,2020,20,train,20,21
26087-2019,26087,2019,20,train,20,21
26087-2020,26087,2020,20,train,20,21
26091-2019,26091,2019,20,train,20,21
26091-2020,26091,2020,20,train,20,21
26099-2020,26099,2020,20,train,20,21
26105-2019,26105,2019,20,train,20,21
26105-2020,26105,2020,20,train,20,21
26107-2020,26107,2020,20,train,20,21
26109-2019,26109,2019,20,train,20,21
26109-2020,26109,2020,20,train,20,21
26115-2019,26115,2019,20,train,20,21
26115-2020,26115,2020,20,train,20,21
26117-2020,26117,2020,20,train,20,21
26121-2020,26121,2020,20,train,20,21
26123-2019,26123,2019,20,train,20,21
26123-2020,26123,2020,20,train,20,21
26127-2019,26127,2019,20,train,20,21
26127-2020,26127,2020,20,train,20,21
26129-2020,26129,2020,20,train,20,21
26139-2020,26139,2020,20,train,20,21
26141-2019,26141,2019,20,train,20,21
26141-2021,26141,2021,20,train,20,21
26151-2019,26151,2019,20,train,20,21
26151-2020,26151,2020,20,train,20,21
26157-2019,26157,2019,20,train,20,21
26157-2020,26157,2020,20,train,20,21
26159-2020,26159,2020,20,train,20,21
26161-2019,26161,2019,20,train,20,21
26161-2020,26161,2020,20,train,20,21
26165-2020,26165,2020,20,train,20,21
27001-2020,27001,2020,20,train,20,21
27005-2019,27005,2019,20,train,20,21
27005-2020,27005,2020,20,train,20,21
27005-2021,27005,2021,20,train,20,21
27007-2020,27007,2020,20,train,20,21
27007-2021,27007,2021,20,train,20,21
27011-2020,27011,2020,20,train,20,21
27011-2021,27011,2021,20,train,20,21
27013-2019,27013,2019,20,train,20,21
27013-2020,27013,2020,20,train,20,21
27013-2021,27013,2021,20,train,20,21
27015-2019,27015,2019,20,train,20,21
27015-2020,27015,2020,20,train,20,21
27015-2021,27015,2021,20,train,20,21
27019-2020,27019,2020,20,train,20,21
27023-2019,27023,2019,20,train,20,21
27023-2021,27023,2021,20,train,20,21
27025-2019,27025,2019,20,train,20,21
27025-2020,27025,2020,20,train,20,21
27027-2021,27027,2021,20,train,20,21
27029-2019,27029,2019,20,train,20,21
27029-2020,27029,2020,20,train,20,21
27029-2021,27029,2021,20,train,20,21
27033-2019,27033,2019,20,train,20,21
27033-2020,27033,2020,20,train,20,21
27033-2021,27033,2021,20,train,20,21
27035-2020,27035,2020,20,train,20,21
27035-2021,27035,2021,20,train,20,21
27037-2020,27037,2020,20,train,20,21
27039-2020,27039,2020,20,train,20,21
27041-2020,27041,2020,20,train,20,21
27041-2021,27041,2021,20,train,20,21
27043-2020,27043,2020,20,train,20,21
27043-2021,27043,2021,20,train,20,21
27043-2022,27043,2022,20,train,20,21
27045-2020,27045,2020,20,train,20,21
27045-2022,27045,2022,20,train,20,21
27047-2020,27047,2020,20,train,20,21
27047-2021,27047,2021,20,train,20,21
27047-2022,27047,2022,20,train,20,21
27049-2020,27049,2020,20,train,20,21
27049-2021,27049,2021,20,train,20,21
27051-2019,27051,2019,20,train,20,21
27051-2020,27051,2020,20,train,20,21
27051-2021,27051,2021,20,train,20,21
27053-2019,27053,2019,20,train,20,21
27053-2020,27053,2020,20,train,20,21
27055-2019,27055,2019,20,train,20,21
27055-2020,27055,2020,20,train,20,21
27055-2021,27055,2021,20,train,20,21
27055-2022,27055,2022,20,train,20,21
27057-2020,27057,2020,20,train,20,21
27057-2021,27057,2021,20,train,20,21
27059-2019,27059,2019,20,train,20,21
27059-2020,27059,2020,20,train,20,21
27063-2019,27063,2019,20,train,20,21
27063-2020,27063,2020,20,train,20,21
27063-2021,27063,2021,20,train,20,21
27063-2022,27063,2022,20,train,20,21
27067-2020,27067,2020,20,train,20,21
27069-2019,27069,2019,20,train,20,21
27069-2020,27069,2020,20,train,20,21
27079-2020,27079,2020,20,train,20,21
27079-2021,27079,2021,20,train,20,21
27081-2019,27081,2019,20,train,20,21
27081-2020,27081,2020,20,train,20,21
27081-2021,27081,2021,20,train,20,21
27083-2019,27083,2019,20,train,20,21
27083-2020,27083,2020,20,train,20,21
27083-2021,27083,2021,20,train,20,21
27087-2020,27087,2020,20,train,20,21
27087-2021,27087,2021,20,train,20,21
27089-2019,27089,2019,20,train,20,21
27089-2020,27089,2020,20,train,20,21
27089-2021,27089,2021,20,train,20,21
27091-2022,27091,2022,20,train,20,21
27093-2019,27093,2019,20,train,20,21
27093-2020,27093,2020,20,train,20,21
27093-2021,27093,2021,20,train,20,21
27097-2019,27097,2019,20,train,20,21
27097-2020,27097,2020,20,train,20,21
27097-2021,27097,2021,20,train,20,21
27099-2020,27099,2020,20,train,20,21
27099-2022,27099,2022,20,train,20,21
27101-2019,27101,2019,20,train,20,21
27101-2020,27101,2020,20,train,20,21
27101-2021,27101,2021,20,train,20,21
27103-2019,27103,2019,20,train,20,21
27105-2019,27105,2019,20,train,20,21
27105-2020,27105,2020,20,train,20,21
27105-2021,27105,2021,20,train,20,21
27105-2022,27105,2022,20,train,20,21
27107-2020,27107,2020,20,train,20,21
27109-2020,27109,2020,20,train,20,21
27111-2019,27111,2019,20,train,20,21
27111-2020,27111,2020,20,train,20,21
27111-2021,27111,2021,20,train,20,21
27115-2019,27115,2019,20,train,20,21
27115-2020,27115,2020,20,train,20,21
27117-2021,27117,2021,20,train,20,21
27119-2020,27119,2020,20,train,20,21
27119-2021,27119,2021,20,train,20,21
27121-2019,27121,2019,20,train,20,21
27121-2020,27121,2020,20,train,20,21
27121-2021,27121,2021,20,train,20,21
27125-2020,27125,2020,20,train,20,21
27125-2021,27125,2021,20,train,20,21
27127-2019,27127,2019,20,train,20,21
27127-2020,27127,2020,20,train,20,21
27127-2021,27127,2021,20,train,20,21
27129-2019,27129,2019,20,train,20,21
27129-2020,27129,2020,20,train,20,21
27129-2021,27129,2021,20,train,20,21
27131-2020,27131,2020,20,train,20,21
27131-2021,27131,2021,20,train,20,21
27133-2019,27133,2019,20,train,20,21
27133-2020,27133,2020,20,train,20,21
27133-2021,27133,2021,20,train,20,21
27133-2022,27133,2022,20,train,20,21
27135-2019,27135,2019,20,train,20,21
27135-2020,27135,2020,20,train,20,21
27135-2021,27135,2021,20,train,20,21
27139-2020,27139,2020,20,train,20,21
27143-2019,27143,2019,20,train,20,21
27145-2019,27145,2019,20,train,20,21
27145-2020,27145,2020,20,train,20,21
27145-2021,27145,2021,20,train,20,21
27147-2020,27147,2020,20,train,20,21
27147-2021,27147,2021,20,train,20,21
27149-2019,27149,2019,20,train,20,21
27149-2020,27149,2020,20,train,20,21
27149-2021,27149,2021,20,train,20,21
27151-2019,27151,2019,20,train,20,21
27151-2020,27151,2020,20,train,20,21
27153-2019,27153,2019,20,train,20,21
27153-2020,27153,2020,20,train,20,21
27153-2021,27153,2021,20,train,20,21
27155-2020,27155,2020,20,train,20,21
27155-2021,27155,2021,20,train,20,21
27157-2020,27157,2020,20,train,20,21
27159-2019,27159,2019,20,train,20,21
27159-2020,27159,2020,20,train,20,21
27159-2021,27159,2021,20,train,20,21
27161-2020,27161,2020,20,train,20,21
27161-2021,27161,2021,20,train,20,21
27163-2019,27163,2019,20,train,20,21
27163-2020,27163,2020,20,train,20,21
27167-2020,27167,2020,20,train,20,21
27167-2021,27167,2021,20,train,20,21
27169-2019,27169,2019,20,train,20,21
27169-2020,27169,2020,20,train,20,21
27169-2021,27169,2021,20,train,20,21
27173-2019,27173,2019,20,train,20,21
27173-2020,27173,2020,20,train,20,21
29001-2019,29001,2019,20,train,20,21
29001-2020,29001,2020,20,train,20,21
29001-2021,29001,2021,20,train,20,21
29003-2020,29003,2020,20,train,20,21
29005-2020,29005,2020,20,train,20,21
29005-2022,29005,2022,20,train,20,21
29007-2020,29007,2020,20,train,20,21
29011-2019,29011,2019,20,train,20,21
29013-2019,29013,2019,20,train,20,21
29015-2020,29015,2020,20,train,20,21
29017-2019,29017,2019,20,train,20,21
29017-2020,29017,2020,20,train,20,21
29017-2021,29017,2021,20,train,20,21
29019-2020,29019,2020,20,train,20,21
29021-2020,29021,2020,20,train,20,21
29021-2021,29021,2021,20,train,20,21
29021-2022,29021,2022,20,train,20,21
29023-2019,29023,2019,20,train,20,21
29023-2020,29023,2020,20,train,20,21
29023-2021,29023,2021,20,train,20,21
29025-2021,29025,2021,20,train,20,21
29027-2020,29027,2020,20,train,20,21
29031-2020,29031,2020,20,train,20,21
29031-2021,29031,2021,20,train,20,21
29037-2020,29037,2020,20,train,20,21
29037-2021,29037,2021,20,train,20,21
29039-2019,29039,2019,20,train,20,21
29039-2021,29039,2021,20,train,20,21
29041-2020,29041,2020,20,train,20,21
29045-2020,29045,2020,20,train,20,21
29047-2020,29047,2020,20,train,20,21
29047-2021,29047,2021,20,train,20,21
29049-2019,29049,2019,20,train,20,21
29049-2020,29049,2020,20,train,20,21
29049-2021,29049,2021,20,train,20,21
29051-2020,29051,2020,20,train,20,21
29053-2020,29053,2020,20,train,20,21
29053-2021,29053,2021,20,train,20,21
29057-2019,29057,2019,20,train,20,21
29061-2020,29061,2020,20,train,20,21
29061-2021,29061,2021,20,train,20,21
29069-2019,29069,2019,20,train,20,21
29069-2020,29069,2020,20,train,20,21
29069-2021,29069,2021,20,train,20,21
29071-2020,29071,2020,20,train,20,21
29073-2020,29073,2020,20,train,20,21
29075-2020,29075,2020,20,train,20,21
29081-2020,29081,2020,20,train,20,21
29081-2021,29081,2021,20,train,20,21
29083-2021,29083,2021,20,train,20,21
29087-2020,29087,2020,20,train,20,21
29089-2020,29089,2020,20,train,20,21
29089-2021,29089,2021,20,train,20,21
29095-2019,29095,2019,20,train,20,21
29095-2020,29095,2020,20,train,20,21
29101-2021,29101,2021,20,train,20,21
29103-2020,29103,2020,20,train,20,21
29109-2020,29109,2020,20,train,20,21
29109-2021,29109,2021,20,train,20,21
29111-2020,29111,2020,20,train,20,21
29111-2022,29111,2022,20,train,20,21
29113-2020,29113,2020,20,train,20,21
29113-2022,29113,2022,20,train,20,21
29115-2020,29115,2020,20,train,20,21
29115-2021,29115,2021,20,train,20,21
29121-2020,29121,2020,20,train,20,21
29127-2019,29127,2019,20,train,20,21
29127-2020,29127,2020,20,train,20,21
29127-2021,29127,2021,20,train,20,21
29127-2022,29127,2022,20,train,20,21
29133-2019,29133,2019,20,train,20,21
29133-2020,29133,2020,20,train,20,21
29133-2021,29133,2021,20,train,20,21
29135-2020,29135,2020,20,train,20,21
29137-2020,29137,2020,20,train,20,21
29137-2021,29137,2021,20,train,20,21
29139-2020,29139,2020,20,train,20,21
29141-2019,29141,2019,20,train,20,21
29141-2020,29141,2020,20,train,20,21
29143-2019,29143,2019,20,train,20,21
29145-2019,29145,2019,20,train,20,21
29145-2020,29145,2020,20,train,20,21
29145-2021,29145,2021,20,train,20,21
29151-2020,29151,2020,20,train,20,21
29155-2020,29155,2020,20,train,20,21
29155-2021,29155,2021,20,train,20,21
29157-2020,29157,2020,20,train,20,21
29157-2021,29157,2021,20,train,20,21
29157-2022,29157,2022,20,train,20,21
29159-2020,29159,2020,20,train,20,21
29163-2020,29163,2020,20,train,20,21
29163-2022,29163,2022,20,train,20,21
29165-2019,29165,2019,20,train,20,21
29165-2020,29165,2020,20,train,20,21
29165-2021,29165,2021,20,train,20,21
29173-2019,29173,2019,20,train,20,21
29173-2020,29173,2020,20,train,20,21
29173-2022,29173,2022,20,train,20,21
29175-2020,29175,2020,20,train,20,21
29195-2020,29195,2020,20,train,20,21
29197-2022,29197,2022,20,train,20,21
29199-2020,29199,2020,20,train,20,21
29199-2022,29199,2022,20,train,20,21
29201-2019,29201,2019,20,train,20,21
29201-2020,29201,2020,20,train,20,21
29201-2021,29201,2021,20,train,20,21
29205-2020,29205,2020,20,train,20,21
29205-2021,29205,2021,20,train,20,21
29207-2019,29207,2019,20,train,20,21
29207-2020,29207,2020,20,train,20,21
29207-2021,29207,2021,20,train,20,21
29211-2020,29211,2020,20,train,20,21
29219-2020,29219,2020,20,train,20,21
29227-2020,29227,2020,20,train,20,21
29227-2021,29227,2021,20,train,20,21
29227-2022,29227,2022,20,train,20,21
31001-2019,31001,2019,20,train,20,21
31001-2020,31001,2020,20,train,20,21
31001-2022,31001,2022,20,train,20,21
31011-2019,31011,2019,20,train,20,21
31011-2022,31011,2022,20,train,20,21
31013-2019,31013,2019,20,train,20,21
31013-2020,31013,2020,20,train,20,21
31013-2021,31013,2021,20,train,20,21
31015-2020,31015,2020,20,train,20,21
31015-2022,31015,2022,20,train,20,21
31017-2020,31017,2020,20,train,20,21
31017-2021,31017,2021,20,train,20,21
31019-2019,31019,2019,20,train,20,21
31019-2020,31019,2020,20,train,20,21
31019-2022,31019,2022,20,train,20,21
31021-2019,31021,2019,20,train,20,21
31021-2022,31021,2022,20,train,20,21
31023-2019,31023,2019,20,train,20,21
31023-2020,31023,2020,20,train,20,21
31023-2022,31023,2022,20,train,20,21
31025-2019,31025,2019,20,train,20,21
31025-2020,31025,2020,20,train,20,21
31025-2022,31025,2022,20,train,20,21
31027-2021,31027,2021,20,train,20,21
31027-2022,31027,2022,20,train,20,21
31029-2019,31029,2019,20,train,20,21
31029-2020,31029,2020,20,train,20,21
31029-2021,31029,2021,20,train,20,21
31031-2021,31031,2021,20,train,20,21
31033-2020,31033,2020,20,train,20,21
31035-2019,31035,2019,20,train,20,21
31035-2020,31035,2020,20,train,20,21
31035-2022,31035,2022,20,train,20,21
31037-2019,31037,2019,20,train,20,21
31037-2020,31037,2020,20,train,20,21
31037-2022,31037,2022,20,train,20,21
31039-2022,31039,2022,20,train,20,21
31041-2019,31041,2019,20,train,20,21
31041-2020,31041,2020,20,train,20,21
31043-2020,31043,2020,20,train,20,21
31043-2021,31043,2021,20,train,20,21
31043-2022,31043,2022,20,train,20,21
31045-2020,31045,2020,20,train,20,21
31047-2019,31047,2019,20,train,20,21
31047-2020,31047,2020,20,train,20,21
31047-2022,31047,2022,20,train,20,21
31049-2019,31049,2019,20,train,20,21
31049-2020,31049,2020,20,train,20,21
31051-2020,31051,2020,20,train,20,21
31053-2019,31053,2019,20,train,20,21
31053-2020,31053,2020,20,train,20,21
31053-2022,31053,2022,20,train,20,21
31055-2019,31055,2019,20,train,20,21
31055-2020,31055,2020,20,train,20,21
31055-2022,31055,2022,20,train,20,21
31057-2020,31057,2020,20,train,20,21
31057-2021,31057,2021,20,train,20,21
31059-2019,31059,2019,20,train,20,21
31059-2020,31059,2020,20,train,20,21
31059-2022,31059,2022,20,train,20,21
31061-2019,31061,2019,20,train,20,21
31061-2020,31061,2020,20,train,20,21
31061-2021,31061,2021,20,train,20,21
31061-2022,31061,2022,20,train,20,21
31063-2019,31063,2019,20,train,20,21
31063-2020,31063,2020,20,train,20,21
31063-2021,31063,2021,20,train,20,21
31063-2022,31063,2022,20,train,20,21
31065-2019,31065,2019,20,train,20,21
31065-2020,31065,2020,20,train,20,21
31065-2021,31065,2021,20,train,20,21
31065-2022,31065,2022,20,train,20,21
31067-2019,31067,2019,20,train,20,21
31067-2020,31067,2020,20,train,20,21
31067-2022,31067,2022,20,train,20,21
31069-2020,31069,2020,20,train,20,21
31071-2019,31071,2019,20,train,20,21
31071-2020,31071,2020,20,train,20,21
31071-2021,31071,2021,20,train,20,21
31071-2022,31071,2022,20,train,20,21
31073-2020,31073,2020,20,train,20,21
31073-2021,31073,2021,20,train,20,21
31073-2022,31073,2022,20,train,20,21
31077-2019,31077,2019,20,train,20,21
31077-2020,31077,2020,20,train,20,21
31077-2021,31077,2021,20,train,20,21
31077-2022,31077,2022,20,train,20,21
31079-2019,31079,2019,20,train,20,21
31079-2022,31079,2022,20,train,20,21
31081-2019,31081,2019,20,train,20,21
31081-2022,31081,2022,20,train,20,21
31083-2019,31083,2019,20,train,20,21
31083-2020,31083,2020,20,train,20,21
31083-2021,31083,2021,20,train,20,21
31083-2022,31083,2022,20,train,20,21
31085-2019,31085,2019,20,train,20,21
31085-2020,31085,2020,20,train,20,21
31085-2021,31085,2021,20,train,20,21
31087-2020,31087,2020,20,train,20,21
31089-2019,31089,2019,20,train,20,21
31089-2020,31089,2020,20,train,20,21
31089-2022,31089,2022,20,train,20,21
31093-2019,31093,2019,20,train,20,21
31093-2020,31093,2020,20,train,20,21
31093-2021,31093,2021,20,train,20,21
31093-2022,31093,2022,20,train,20,21
31095-2019,31095,2019,20,train,20,21
31095-2020,31095,2020,20,train,20,21
31095-2022,31095,2022,20,train,20,21
31097-2020,31097,2020,20,train,20,21
31097-2022,31097,2022,20,train,20,21
31099-2019,31099,2019,20,train,20,21
31099-2020,31099,2020,20,train,20,21
31099-2022,31099,2022,20,train,20,21
31101-2020,31101,2020,20,train,20,21
31101-2021,31101,2021,20,train,20,21
31103-2020,31103,2020,20,train,20,21
31107-2020,31107,2020,20,train,20,21
31107-2021,31107,2021,20,train,20,21
31107-2022,31107,2022,20,train,20,21
31109-2019,31109,2019,20,train,20,21
31109-2020,31109,2020,20,train,20,21
31109-2022,31109,2022,20,train,20,21
31111-2019,31111,2019,20,train,20,21
31111-2020,31111,2020,20,train,20,21
31111-2021,31111,2021,20,train,20,21
31111-2022,31111,2022,20,train,20,21
31113-2019,31113,2019,20,train,20,21
31113-2020,31113,2020,20,train,20,21
31115-2020,31115,2020,20,train,20,21
31119-2022,31119,2022,20,train,20,21
31121-2019,31121,2019,20,train,20,21
31123-2019,31123,2019,20,train,20,21
31123-2020,31123,2020,20,train,20,21
31123-2021,31123,2021,20,train,20,21
31125-2019,31125,2019,20,train,20,21
31125-2020,31125,2020,20,train,20,21
31125-2022,31125,2022,20,train,20,21
31127-2020,31127,2020,20,train,20,21
31127-2022,31127,2022,20,train,20,21
31129-2020,31129,2020,20,train,20,21
31129-2022,31129,2022,20,train,20,21
31131-2019,31131,2019,20,train,20,21
31131-2020,31131,2020,20,train,20,21
31131-2022,31131,2022,20,train,20,21
31135-2019,31135,2019,20,train,20,21
31135-2020,31135,2020,20,train,20,21
31135-2021,31135,2021,20,train,20,21
31137-2019,31137,2019,20,train,20,21
31137-2020,31137,2020,20,train,20,21
31137-2021,31137,2021,20,train,20,21
31137-2022,31137,2022,20,train,20,21
31139-2020,31139,2020,20,train,20,21
31139-2021,31139,2021,20,train,20,21
31139-2022,31139,2022,20,train,20,21
31141-2019,31141,2019,20,train,20,21
31141-2020,31141,2020,20,train,20,21
31141-2021,31141,2021,20,train,20,21
31141-2022,31141,2022,20,train,20,21
31143-2020,31143,2020,20,train,20,21
31143-2022,31143,2022,20,train,20,21
31145-2019,31145,2019,20,train,20,21
31145-2020,31145,2020,20,train,20,21
31145-2021,31145,2021,20,train,20,21
31147-2020,31147,2020,20,train,20,21
31147-2022,31147,2022,20,train,20,21
31149-2019,31149,2019,20,train,20,21
31149-2020,31149,2020,20,train,20,21
31149-2021,31149,2021,20,train,20,21
31151-2019,31151,2019,20,train,20,21
31151-2020,31151,2020,20,train,20,21
31151-2022,31151,2022,20,train,20,21
31153-2020,31153,2020,20,train,20,21
31153-2022,31153,2022,20,train,20,21
31155-2019,31155,2019,20,train,20,21
31155-2020,31155,2020,20,train,20,21
31155-2022,31155,2022,20,train,20,21
31157-2019,31157,2019,20,train,20,21
31157-2020,31157,2020,20,train,20,21
31157-2021,31157,2021,20,train,20,21
31159-2019,31159,2019,20,train,20,21
31159-2020,31159,2020,20,train,20,21
31159-2022,31159,2022,20,train,20,21
31161-2020,31161,2020,20,train,20,21
31161-2021,31161,2021,20,train,20,21
31163-2019,31163,2019,20,train,20,21
31163-2020,31163,2020,20,train,20,21
31163-2021,31163,2021,20,train,20,21
31163-2022,31163,2022,20,train,20,21
31165-2019,31165,2019,20,train,20,21
31165-2020,31165,2020,20,train,20,21
31165-2021,31165,2021,20,train,20,21
31167-2019,31167,2019,20,train,20,21
31167-2022,31167,2022,20,train,20,21
31169-2019,31169,2019,20,train,20,21
31169-2020,31169,2020,20,train,20,21
31169-2021,31169,2021,20,train,20,21
31169-2022,31169,2022,20,train,20,21
31173-2019,31173,2019,20,train,20,21
31173-2022,31173,2022,20,train,20,21
31175-2019,31175,2019,20,train,20,21
31175-2020,31175,2020,20,train,20,21
31175-2021,31175,2021,20,train,20,21
31175-2022,31175,2022,20,train,20,21
31177-2019,31177,2019,20,train,20,21
31177-2020,31177,2020,20,train,20,21
31177-2022,31177,2022,20,train,20,21
31179-2019,31179,2019,20,train,20,21
31179-2021,31179,2021,20,train,20,21
31179-2022,31179,2022,20,train,20,21
31181-2020,31181,2020,20,train,20,21
31181-2022,31181,2022,20,train,20,21
31183-2020,31183,2020,20,train,20,21
31185-2019,31185,2019,20,train,20,21
31185-2020,31185,2020,20,train,20,21
31185-2022,31185,2022,20,train,20,21
38001-2020,38001,2020,20,train,20,21
38001-2021,38001,2021,20,train,20,21
38003-2020,38003,2020,20,train,20,21
38003-2021,38003,2021,20,train,20,21
38005-2020,38005,2020,20,train,20,21
38005-2021,38005,2021,20,train,20,21
38007-2020,38007,2020,20,train,20,21
38007-2021,38007,2021,20,train,20,21
38009-2020,38009,2020,20,train,20,21
38009-2021,38009,2021,20,train,20,21
38011-2020,38011,2020,20,train,20,21
38015-2019,38015,2019,20,train,20,21
38015-2020,38015,2020,20,train,20,21
38017-2019,38017,2019,20,train,20,21
38017-2020,38017,2020,20,train,20,21
38017-2021,38017,2021,20,train,20,21
38021-2020,38021,2020,20,train,20,21
38021-2021,38021,2021,20,train,20,21
38025-2020,38025,2020,20,train,20,21
38025-2021,38025,2021,20,train,20,21
38027-2020,38027,2020,20,train,20,21
38027-2021,38027,2021,20,train,20,21
38029-2020,38029,2020,20,train,20,21
38029-2021,38029,2021,20,train,20,21
38031-2020,38031,2020,20,train,20,21
38031-2021,38031,2021,20,train,20,21
38033-2021,38033,2021,20,train,20,21
38035-2019,38035,2019,20,train,20,21
38035-2020,38035,2020,20,train,20,21
38035-2021,38035,2021,20,train,20,21
38037-2020,38037,2020,20,train,20,21
38037-2021,38037,2021,20,train,20,21
38041-2019,38041,2019,20,train,20,21
38041-2020,38041,2020,20,train,20,21
38041-2021,38041,2021,20,train,20,21
38043-2019,38043,2019,20,train,20,21
38043-2020,38043,2020,20,train,20,21
38043-2021,38043,2021,20,train,20,21
38047-2020,38047,2020,20,train,20,21
38047-2021,38047,2021,20,train,20,21
38057-2020,38057,2020,20,train,20,21
38057-2021,38057,2021,20,train,20,21
38059-2020,38059,2020,20,train,20,21
38061-2019,38061,2019,20,train,20,21
38061-2020,38061,2020,20,train,20,21
38063-2020,38063,2020,20,train,20,21
38065-2020,38065,2020,20,train,20,21
38067-2020,38067,2020,20,train,20,21
38067-2021,38067,2021,20,train,20,21
38069-2020,38069,2020,20,train,20,21
38069-2021,38069,2021,20,train,20,21
38071-2020,38071,2020,20,train,20,21
38071-2021,38071,2021,20,train,20,21
38073-2020,38073,2020,20,train,20,21
38073-2021,38073,2021,20,train,20,21
38075-2020,38075,2020,20,train,20,21
38075-2021,38075,2021,20,train,20,21
38077-2019,38077,2019,20,train,20,21
38077-2020,38077,2020,20,train,20,21
38077-2021,38077,2021,20,train,20,21
38079-2021,38079,2021,20,train,20,21
38081-2019,38081,2019,20,train,20,21
38081-2020,38081,2020,20,train,20,21
38081-2021,38081,2021,20,train,20,21
38083-2019,38083,2019,20,train,20,21
38083-2020,38083,2020,20,train,20,21
38087-2019,38087,2019,20,train,20,21
38087-2020,38087,2020,20,train,20,21
38087-2021,38087,2021,20,train,20,21
38089-2020,38089,2020,20,train,20,21
38089-2021,38089,2021,20,train,20,21
38091-2019,38091,2019,20,train,20,21
38091-2020,38091,2020,20,train,20,21
38091-2021,38091,2021,20,train,20,21
38093-2019,38093,2019,20,train,20,21
38093-2020,38093,2020,20,train,20,21
38093-2021,38093,2021,20,train,20,21
38095-2020,38095,2020,20,train,20,21
38095-2021,38095,2021,20,train,20,21
38097-2020,38097,2020,20,train,20,21
38099-2020,38099,2020,20,train,20,21
38099-2021,38099,2021,20,train,20,21
38101-2019,38101,2019,20,train,20,21
38101-2020,38101,2020,20,train,20,21
38101-2021,38101,2021,20,train,20,21
38103-2020,38103,2020,20,train,20,21
38103-2021,38103,2021,20,train,20,21
38105-2021,38105,2021,20,train,20,21
39001-2020,39001,2020,20,train,20,21
39001-2022,39001,2022,20,train,20,21
39003-2020,39003,2020,20,train,20,21
39003-2022,39003,2022,20,train,20,21
39005-2019,39005,2019,20,train,20,21
39005-2020,39005,2020,20,train,20,21
39005-2021,39005,2021,20,train,20,21
39007-2019,39007,2019,20,train,20,21
39007-2021,39007,2021,20,train,20,21
39011-2019,39011,2019,20,train,20,21
39011-2020,39011,2020,20,train,20,21
39011-2021,39011,2021,20,train,20,21
39011-2022,39011,2022,20,train,20,21
39015-2022,39015,2022,20,train,20,21
39017-2020,39017,2020,20,train,20,21
39017-2022,39017,2022,20,train,20,21
39021-2019,39021,2019,20,train,20,21
39021-2020,39021,2020,20,train,20,21
39021-2022,39021,2022,20,train,20,21
39023-2022,39023,2022,20,train,20,21
39025-2022,39025,2022,20,train,20,21
39027-2022,39027,2022,20,train,20,21
39029-2019,39029,2019,20,train,20,21
39031-2019,39031,2019,20,train,20,21
39031-2020,39031,2020,20,train,20,21
39031-2021,39031,2021,20,train,20,21
39031-2022,39031,2022,20,train,20,21
39033-2022,39033,2022,20,train,20,21
39037-2019,39037,2019,20,train,20,21
39037-2020,39037,2020,20,train,20,21
39037-2021,39037,2021,20,train,20,21
39037-2022,39037,2022,20,train,20,21
39039-2019,39039,2019,20,train,20,21
39039-2020,39039,2020,20,train,20,21
39039-2022,39039,2022,20,train,20,21
39041-2022,39041,2022,20,train,20,21
39043-2020,39043,2020,20,train,20,21
39043-2022,39043,2022,20,train,20,21
39045-2019,39045,2019,20,train,20,21
39045-2020,39045,2020,20,train,20,21
39045-2022,39045,2022,20,train,20,21
39047-2020,39047,2020,20,train,20,21
39047-2022,39047,2022,20,train,20,21
39049-2022,39049,2022,20,train,20,21
39051-2019,39051,2019,20,train,20,21
39051-2020,39051,2020,20,train,20,21
39051-2022,39051,2022,20,train,20,21
39053-2019,39053,2019,20,train,20,21
39053-2020,39053,2020,20,train,20,21
39053-2021,39053,2021,20,train,20,21
39057-2022,39057,2022,20,train,20,21
39061-2020,39061,2020,20,train,20,21
39063-2020,39063,2020,20,train,20,21
39063-2022,39063,2022,20,train,20,21
39065-2019,39065,2019,20,train,20,21
39065-2020,39065,2020,20,train,20,21
39065-2021,39065,2021,20,train,20,21
39065-2022,39065,2022,20,train,20,21
39069-2020,39069,2020,20,train,20,21
39069-2022,39069,2022,20,train,20,21
39071-2022,39071,2022,20,train,20,21
39075-2019,39075,2019,20,train,20,21
39075-2020,39075,2020,20,train,20,21
39075-2021,39075,2021,20,train,20,21
39075-2022,39075,2022,20,train,20,21
39077-2022,39077,2022,20,train,20,21
39079-2022,39079,2022,20,train,20,21
39083-2019,39083,2019,20,train,20,21
39083-2020,39083,2020,20,train,20,21
39083-2021,39083,2021,20,train,20,21
39083-2022,39083,2022,20,train,20,21
39089-2020,39089,2020,20,train,20,21
39089-2021,39089,2021,20,train,20,21
39089-2022,39089,2022,20,train,20,21
39091-2019,39091,2019,20,train,20,21
39091-2020,39091,2020,20,train,20,21
39091-2021,39091,2021,20,train,20,21
39091-2022,39091,2022,20,train,20,21
39093-2020,39093,2020,20,train,20,21
39093-2021,39093,2021,20,train,20,21
39093-2022,39093,2022,20,train,20,21
39095-2019,39095,2019,20,train,20,21
39095-2020,39095,2020,20,train,20,21
39095-2022,39095,2022,20,train,20,21
39097-2020,39097,2020,20,train,20,21
39097-2022,39097,2022,20,train,20,21
39099-2019,39099,2019,20,train,20,21
39101-2019,39101,2019,20,train,20,21
39101-2020,39101,2020,20,train,20,21
39101-2022,39101,2022,20,train,20,21
39103-2019,39103,2019,20,train,20,21
39103-2020,39103,2020,20,train,20,21
39103-2021,39103,2021,20,train,20,21
39103-2022,39103,2022,20,train,20,21
39107-2019,39107,2019,20,train,20,21
39107-2020,39107,2020,20,train,20,21
39107-2021,39107,2021,20,train,20,21
39107-2022,39107,2022,20,train,20,21
39109-2019,39109,2019,20,train,20,21
39109-2020,39109,2020,20,train,20,21
39109-2022,39109,2022,20,train,20,21
39113-2019,39113,2019,20,train,20,21
39117-2022,39117,2022,20,train,20,21
39119-2019,39119,2019,20,train,20,21
39119-2020,39119,2020,20,train,20,21
39119-2021,39119,2021,20,train,20,21
39119-2022,39119,2022,20,train,20,21
39123-2020,39123,2020,20,train,20,21
39123-2022,39123,2022,20,train,20,21
39125-2020,39125,2020,20,train,20,21
39125-2022,39125,2022,20,train,20,21
39127-2020,39127,2020,20,train,20,21
39127-2021,39127,2021,20,train,20,21
39129-2019,39129,2019,20,train,20,21
39129-2020,39129,2020,20,train,20,21
39129-2021,39129,2021,20,train,20,21
39129-2022,39129,2022,20,train,20,21
39131-2019,39131,2019,20,train,20,21
39131-2021,39131,2021,20,train,20,21
39131-2022,39131,2022,20,train,20,21
39133-2019,39133,2019,20,train,20,21
39133-2021,39133,2021,20,train,20,21
39135-2019,39135,2019,20,train,20,21
39135-2020,39135,2020,20,train,20,21
39135-2021,39135,2021,20,train,20,21
39135-2022,39135,2022,20,train,20,21
39137-2019,39137,2019,20,train,20,21
39137-2020,39137,2020,20,train,20,21
39137-2022,39137,2022,20,train,20,21
39139-2019,39139,2019,20,train,20,21
39139-2020,39139,2020,20,train,20,21
39139-2022,39139,2022,20,train,20,21
39141-2019,39141,2019,20,train,20,21
39141-2021,39141,2021,20,train,20,21
39141-2022,39141,2022,20,train,20,21
39143-2019,39143,2019,20,train,20,21
39143-2020,39143,2020,20,train,20,21
39143-2022,39143,2022,20,train,20,21
39145-2019,39145,2019,20,train,20,21
39145-2020,39145,2020,20,train,20,21
39145-2021,39145,2021,20,train,20,21
39147-2019,39147,2019,20,train,20,21
39147-2020,39147,2020,20,train,20,21
39147-2022,39147,2022,20,train,20,21
39149-2019,39149,2019,20,train,20,21
39149-2020,39149,2020,20,train,20,21
39149-2022,39149,2022,20,train,20,21
39151-2019,39151,2019,20,train,20,21
39151-2020,39151,2020,20,train,20,21
39151-2021,39151,2021,20,train,20,21
39155-2019,39155,2019,20,train,20,21
39157-2019,39157,2019,20,train,20,21
39157-2020,39157,2020,20,train,20,21
39157-2021,39157,2021,20,train,20,21
39159-2019,39159,2019,20,train,20,21
39159-2022,39159,2022,20,train,20,21
39161-2019,39161,2019,20,train,20,21
39161-2020,39161,2020,20,train,20,21
39161-2022,39161,2022,20,train,20,21
39165-2019,39165,2019,20,train,20,21
39165-2020,39165,2020,20,train,20,21
39165-2022,39165,2022,20,train,20,21
39167-2019,39167,2019,20,train,20,21
39167-2020,39167,2020,20,train,20,21
39167-2021,39167,2021,20,train,20,21
39169-2019,39169,2019,20,train,20,21
39169-2020,39169,2020,20,train,20,21
39169-2021,39169,2021,20,train,20,21
39169-2022,39169,2022,20,train,20,21
39171-2019,39171,2019,20,train,20,21
39171-2020,39171,2020,20,train,20,21
39171-2022,39171,2022,20,train,20,21
39173-2020,39173,2020,20,train,20,21
39173-2022,39173,2022,20,train,20,21
39175-2019,39175,2019,20,train,20,21
39175-2020,39175,2020,20,train,20,21
39175-2022,39175,2022,20,train,20,21
46003-2020,46003,2020,20,train,20,21
46003-2021,46003,2021,20,train,20,21
46005-2020,46005,2020,20,train,20,21
46005-2021,46005,2021,20,train,20,21
46007-2020,46007,2020,20,train,20,21
46007-2021,46007,2021,20,train,20,21
46009-2020,46009,2020,20,train,20,21
46009-2021,46009,2021,20,train,20,21
46009-2022,46009,2022,20,train,20,21
46011-2020,46011,2020,20,train,20,21
46011-2021,46011,2021,20,train,20,21
46013-2020,46013,2020,20,train,20,21
46013-2021,46013,2021,20,train,20,21
46015-2020,46015,2020,20,train,20,21
46015-2021,46015,2021,20,train,20,21
46017-2020,46017,2020,20,train,20,21
46017-2021,46017,2021,20,train,20,21
46019-2020,46019,2020,20,train,20,21
46019-2021,46019,2021,20,train,20,21
46021-2020,46021,2020,20,train,20,21
46021-2021,46021,2021,20,train,20,21
46023-2020,46023,2020,20,train,20,21
46023-2021,46023,2021,20,train,20,21
46023-2022,46023,2022,20,train,20,21
46025-2020,46025,2020,20,train,20,21
46025-2021,46025,2021,20,train,20,21
46027-2020,46027,2020,20,train,20,21
46027-2021,46027,2021,20,train,20,21
46027-2022,46027,2022,20,train,20,21
46029-2020,46029,2020,20,train,20,21
46029-2021,46029,2021,20,train,20,21
46031-2020,46031,2020,20,train,20,21
46031-2021,46031,2021,20,train,20,21
46035-2020,46035,2020,20,train,20,21
46037-2020,46037,2020,20,train,20,21
46037-2021,46037,2021,20,train,20,21
46039-2020,46039,2020,20,train,20,21
46041-2020,46041,2020,20,train,20,21
46043-2020,46043,2020,20,train,20,21
46043-2021,46043,2021,20,train,20,21
46045-2019,46045,2019,20,train,20,21
46045-2020,46045,2020,20,train,20,21
46049-2020,46049,2020,20,train,20,21
46049-2021,46049,2021,20,train,20,21
46051-2020,46051,2020,20,train,20,21
46051-2021,46051,2021,20,train,20,21
46053-2020,46053,2020,20,train,20,21
46053-2021,46053,2021,20,train,20,21
46057-2020,46057,2020,20,train,20,21
46057-2021,46057,2021,20,train,20,21
46059-2020,46059,2020,20,train,20,21
46059-2021,46059,2021,20,train,20,21
46061-2020,46061,2020,20,train,20,21
46061-2021,46061,2021,20,train,20,21
46063-2021,46063,2021,20,train,20,21
46065-2020,46065,2020,20,train,20,21
46065-2021,46065,2021,20,train,20,21
46067-2020,46067,2020,20,train,20,21
46067-2021,46067,2021,20,train,20,21
46069-2020,46069,2020,20,train,20,21
46073-2020,46073,2020,20,train,20,21
46073-2021,46073,2021,20,train,20,21
46075-2020,46075,2020,20,train,20,21
46077-2020,46077,2020,20,train,20,21
46077-2021,46077,2021,20,train,20,21
46079-2020,46079,2020,20,train,20,21
46079-2021,46079,2021,20,train,20,21
46083-2019,46083,2019,20,train,20,21
46083-2020,46083,2020,20,train,20,21
46083-2021,46083,2021,20,train,20,21
46083-2022,46083,2022,20,train,20,21
46085-2019,46085,2019,20,train,20,21
46085-2020,46085,2020,20,train,20,21
46085-2021,46085,2021,20,train,20,21
46091-2020,46091,2020,20,train,20,21
46091-2021,46091,2021,20,train,20,21
46093-2021,46093,2021,20,train,20,21
46095-2020,46095,2020,20,train,20,21
46097-2020,46097,2020,20,train,20,21
46097-2021,46097,2021,20,train,20,21
46099-2019,46099,2019,20,train,20,21
46099-2020,46099,2020,20,train,20,21
46099-2022,46099,2022,20,train,20,21
46101-2020,46101,2020,20,train,20,21
46102-2020,46102,2020,20,train,20,21
46102-2021,46102,2021,20,train,20,21
46103-2021,46103,2021,20,train,20,21
46107-2020,46107,2020,20,train,20,21
46107-2021,46107,2021,20,train,20,21
46109-2020,46109,2020,20,train,20,21
46111-2020,46111,2020,20,train,20,21
46111-2021,46111,2021,20,train,20,21
46115-2020,46115,2020,20,train,20,21
46119-2020,46119,2020,20,train,20,21
46119-2021,46119,2021,20,train,20,21
46121-2021,46121,2021,20,train,20,21
46123-2020,46123,2020,20,train,20,21
46123-2021,46123,2021,20,train,20,21
46125-2020,46125,2020,20,train,20,21
46125-2021,46125,2021,20,train,20,21
46125-2022,46125,2022,20,train,20,21
46127-2019,46127,2019,20,train,20,21
46127-2020,46127,2020,20,train,20,21
46127-2022,46127,2022,20,train,20,21
46129-2020,46129,2020,20,train,20,21
46129-2021,46129,2021,20,train,20,21
46135-2021,46135,2021,20,train,20,21
46135-2022,46135,2022,20,train,20,21
46137-2019,46137,2019,20,train,20,21
46137-2020,46137,2020,20,train,20,21
55001-2019,55001,2019,20,train,20,21
55001-2020,55001,2020,20,train,20,21
55005-2020,55005,2020,20,train,20,21
55009-2020,55009,2020,20,train,20,21
55011-2020,55011,2020,20,train,20,21
55013-2020,55013,2020,20,train,20,21
55015-2020,55015,2020,20,train,20,21
55017-2019,55017,2019,20,train,20,21
55017-2020,55017,2020,20,train,20,21
55017-2021,55017,2021,20,train,20,21
55019-2019,55019,2019,20,train,20,21
55019-2020,55019,2020,20,train,20,21
55019-2021,55019,2021,20,train,20,21
55021-2019,55021,2019,20,train,20,21
55021-2020,55021,2020,20,train,20,21
55021-2021,55021,2021,20,train,20,21
55023-2019,55023,2019,20,train,20,21
55023-2020,55023,2020,20,train,20,21
55023-2021,55023,2021,20,train,20,21
55023-2022,55023,2022,20,train,20,21
55025-2019,55025,2019,20,train,20,21
55025-2020,55025,2020,20,train,20,21
55025-2021,55025,2021,20,train,20,21
55025-2022,55025,2022,20,train,20,21
55027-2019,55027,2019,20,train,20,21
55027-2020,55027,2020,20,train,20,21
55029-2019,55029,2019,20,train,20,21
55029-2020,55029,2020,20,train,20,21
55029-2021,55029,2021,20,train,20,21
55033-2020,55033,2020,20,train,20,21
55035-2019,55035,2019,20,train,20,21
55035-2020,55035,2020,20,train,20,21
55035-2021,55035,2021,20,train,20,21
55043-2019,55043,2019,20,train,20,21
55043-2020,55043,2020,20,train,20,21
55043-2021,55043,2021,20,train,20,21
55043-2022,55043,2022,20,train,20,21
55045-2019,55045,2019,20,train,20,21
55045-2020,55045,2020,20,train,20,21
55045-2021,55045,2021,20,train,20,21
55045-2022,55045,2022,20,train,20,21
55047-2019,55047,2019,20,train,20,21
55047-2020,55047,2020,20,train,20,21
55047-2021,55047,2021,20,train,20,21
55049-2020,55049,2020,20,train,20,21
55049-2022,55049,2022,20,train,20,21
55053-2019,55053,2019,20,train,20,21
55053-2020,55053,2020,20,train,20,21
55053-2021,55053,2021,20,train,20,21
55055-2019,55055,2019,20,train,20,21
55055-2020,55055,2020,20,train,20,21
55055-2022,55055,2022,20,train,20,21
55057-2019,55057,2019,20,train,20,21
55057-2020,55057,2020,20,train,20,21
55057-2021,55057,2021,20,train,20,21
55059-2020,55059,2020,20,train,20,21
55059-2022,55059,2022,20,train,20,21
55061-2020,55061,2020,20,train,20,21
55063-2019,55063,2019,20,train,20,21
55063-2020,55063,2020,20,train,20,21
55063-2021,55063,2021,20,train,20,21
55065-2020,55065,2020,20,train,20,21
55065-2022,55065,2022,20,train,20,21
55067-2020,55067,2020,20,train,20,21
55067-2021,55067,2021,20,train,20,21
55069-2020,55069,2020,20,train,20,21
55069-2021,55069,2021,20,train,20,21
55071-2019,55071,2019,20,train,20,21
55071-2020,55071,2020,20,train,20,21
55073-2020,55073,2020,20,train,20,21
55073-2021,55073,2021,20,train,20,21
55075-2019,55075,2019,20,train,20,21
55075-2020,55075,2020,20,train,20,21
55075-2021,55075,2021,20,train,20,21
55077-2020,55077,2020,20,train,20,21
55079-2020,55079,2020,20,train,20,21
55081-2019,55081,2019,20,train,20,21
55081-2020,55081,2020,20,train,20,21
55081-2021,55081,2021,20,train,20,21
55083-2019,55083,2019,20,train,20,21
55083-2020,55083,2020,20,train,20,21
55083-2021,55083,2021,20,train,20,21
55087-2019,55087,2019,20,train,20,21
55087-2020,55087,2020,20,train,20,21
55089-2019,55089,2019,20,train,20,21
55089-2020,55089,2020,20,train,20,21
55091-2020,55091,2020,20,train,20,21
55093-2020,55093,2020,20,train,20,21
55095-2020,55095,2020,20,train,20,21
55097-2019,55097,2019,20,train,20,21
55097-2020,55097,2020,20,train,20,21
55101-2019,55101,2019,20,train,20,21
55101-2020,55101,2020,20,train,20,21
55101-2022,55101,2022,20,train,20,21
55103-2019,55103,2019,20,train,20,21
55103-2020,55103,2020,20,train,20,21
55103-2021,55103,2021,20,train,20,21
55103-2022,55103,2022,20,train,20,21
55105-2019,55105,2019,20,train,20,21
55105-2020,55105,2020,20,train,20,21
55105-2021,55105,2021,20,train,20,21
55105-2022,55105,2022,20,train,20,21
55107-2019,55107,2019,20,train,20,21
55107-2020,55107,2020,20,train,20,21
55107-2021,55107,2021,20,train,20,21
55111-2019,55111,2019,20,train,20,21
55111-2020,55111,2020,20,train,20,21
55111-2021,55111,2021,20,train,20,21
55113-2020,55113,2020,20,train,20,21
55113-2021,55113,2021,20,train,20,21
55115-2019,55115,2019,20,train,20,21
55115-2020,55115,2020,20,train,20,21
55115-2021,55115,2021,20,train,20,21
55117-2019,55117,2019,20,train,20,21
55117-2020,55117,2020,20,train,20,21
55119-2020,55119,2020,20,train,20,21
55119-2021,55119,2021,20,train,20,21
55121-2019,55121,2019,20,train,20,21
55121-2020,55121,2020,20,train,20,21
55121-2021,55121,2021,20,train,20,21
55123-2019,55123,2019,20,train,20,21
55123-2020,55123,2020,20,train,20,21
55123-2021,55123,2021,20,train,20,21
55123-2022,55123,2022,20,train,20,21
55127-2019,55127,2019,20,train,20,21
55127-2020,55127,2020,20,train,20,21
55127-2022,55127,2022,20,train,20,21
55129-2019,55129,2019,20,train,20,21
55129-2020,55129,2020,20,train,20,21
55131-2019,55131,2019,20,train,20,21
55131-2020,55131,2020,20,train,20,21
55133-2019,55133,2019,20,train,20,21
55133-2020,55133,2020,20,train,20,21
55133-2022,55133,2022,20,train,20,21
55135-2019,55135,2019,20,train,20,21
55135-2020,55135,2020,20,train,20,21
55137-2019,55137,2019,20,train,20,21
55137-2020,55137,2020,20,train,20,21
55137-2021,55137,2021,20,train,20,21
55139-2019,55139,2019,20,train,20,21
55139-2020,55139,2020,20,train,20,21
55141-2019,55141,2019,20,train,20,21
55141-2020,55141,2020,20,train,20,21
17001-2020,17001,2020,21,train,21,26
17001-2022,17001,2022,21,train,21,26
17003-2019,17003,2019,21,train,21,26
17003-2020,17003,2020,21,train,21,26
17005-2019,17005,2019,21,train,21,26
17005-2020,17005,2020,21,train,21,26
17005-2021,17005,2021,21,train,21,26
17005-2022,17005,2022,21,train,21,26
17007-2019,17007,2019,21,train,21,26
17007-2020,17007,2020,21,train,21,26
17007-2022,17007,2022,21,train,21,26
17009-2020,17009,2020,21,train,21,26
17009-2022,17009,2022,21,train,21,26
17011-2019,17011,2019,21,train,21,26
17011-2020,17011,2020,21,train,21,26
17011-2021,17011,2021,21,train,21,26
17011-2022,17011,2022,21,train,21,26
17013-2020,17013,2020,21,train,21,26
17013-2022,17013,2022,21,train,21,26
17015-2020,17015,2020,21,train,21,26
17015-2022,17015,2022,21,train,21,26
17017-2019,17017,2019,21,train,21,26
17017-2020,17017,2020,21,train,21,26
17017-2021,17017,2021,21,train,21,26
17017-2022,17017,2022,21,train,21,26
17019-2021,17019,2021,21,train,21,26
17019-2022,17019,2022,21,train,21,26
17021-2020,17021,2020,21,train,21,26
17021-2021,17021,2021,21,train,21,26
17021-2022,17021,2022,21,train,21,26
17023-2020,17023,2020,21,train,21,26
17023-2022,17023,2022,21,train,21,26
17025-2019,17025,2019,21,train,21,26
17025-2020,17025,2020,21,train,21,26
17025-2021,17025,2021,21,train,21,26
17025-2022,17025,2022,21,train,21,26
17027-2019,17027,2019,21,train,21,26
17027-2020,17027,2020,21,train,21,26
17027-2021,17027,2021,21,train,21,26
17027-2022,17027,2022,21,train,21,26
17029-2019,17029,2019,21,train,21,26
17029-2021,17029,2021,21,train,21,26
17031-2019,17031,2019,21,train,21,26
17033-2019,17033,2019,21,train,21,26
17033-2020,17033,2020,21,train,21,26
17033-2022,17033,2022,21,train,21,26
17035-2019,17035,2019,21,train,21,26
17035-2022,17035,2022,21,train,21,26
17039-2020,17039,2020,21,train,21,26
17039-2021,17039,2021,21,train,21,26
17039-2022,17039,2022,21,train,21,26
17041-2019,17041,2019,21,train,21,26
17041-2022,17041,2022,21,train,21,26
17045-2020,17045,2020,21,train,21,26
17045-2021,17045,2021,21,train,21,26
17045-2022,17045,2022,21,train,21,26
17047-2020,17047,2020,21,train,21,26
17047-2021,17047,2021,21,train,21,26
17047-2022,17047,2022,21,train,21,26
17049-2021,17049,2021,21,train,21,26
17049-2022,17049,2022,21,train,21,26
17051-2019,17051,2019,21,train,21,26
17051-2020,17051,2020,21,train,21,26
17051-2021,17051,2021,21,train,21,26
17053-2019,17053,2019,21,train,21,26
17053-2020,17053,2020,21,train,21,26
17053-2021,17053,2021,21,train,21,26
17053-2022,17053,2022,21,train,21,26
17055-2019,17055,2019,21,train,21,26
17055-2020,17055,2020,21,train,21,26
17055-2021,17055,2021,21,train,21,26
17055-2022,17055,2022,21,train,21,26
17057-2020,17057,2020,21,train,21,26
17057-2021,17057,2021,21,train,21,26
17057-2022,17057,2022,21,train,21,26
17059-2019,17059,2019,21,train,21,26
17059-2020,17059,2020,21,train,21,26
17059-2021,17059,2021,21,train,21,26
17059-2022,17059,2022,21,train,21,26
17061-2020,17061,2020,21,train,21,26
17061-2021,17061,2021,21,train,21,26
17061-2022,17061,2022,21,train,21,26
17063-2019,17063,2019,21,train,21,26
17063-2020,17063,2020,21,train,21,26
17063-2022,17063,2022,21,train,21,26
17065-2020,17065,2020,21,train,21,26
17065-2022,17065,2022,21,train,21,26
17067-2020,17067,2020,21,train,21,26
17067-2022,17067,2022,21,train,21,26
17071-2020,17071,2020,21,train,21,26
17071-2022,17071,2022,21,train,21,26
17073-2020,17073,2020,21,train,21,26
17073-2022,17073,2022,21,train,21,26
17075-2019,17075,2019,21,train,21,26
17075-2020,17075,2020,21,train,21,26
17075-2021,17075,2021,21,train,21,26
17075-2022,17075,2022,21,train,21,26
17077-2019,17077,2019,21,train,21,26
17077-2020,17077,2020,21,train,21,26
17077-2021,17077,2021,21,train,21,26
17077-2022,17077,2022,21,train,21,26
17079-2019,17079,2019,21,train,21,26
17079-2020,17079,2020,21,train,21,26
17079-2022,17079,2022,21,train,21,26
17081-2019,17081,2019,21,train,21,26
17081-2021,17081,2021,21,train,21,26
17081-2022,17081,2022,21,train,21,26
17083-2020,17083,2020,21,train,21,26
17083-2022,17083,2022,21,train,21,26
17085-2020,17085,2020,21,train,21,26
17085-2022,17085,2022,21,train,21,26
17087-2020,17087,2020,21,train,21,26
17089-2019,17089,2019,21,train,21,26
17089-2020,17089,2020,21,train,21,26
17089-2022,17089,2022,21,train,21,26
17091-2020,17091,2020,21,train,21,26
17091-2022,17091,2022,21,train,21,26
17093-2019,17093,2019,21,train,21,26
17093-2020,17093,2020,21,train,21,26
17093-2022,17093,2022,21,train,21,26
17095-2020,17095,2020,21,train,21,26
17095-2022,17095,2022,21,train,21,26
17097-2019,17097,2019,21,train,21,26
17097-2020,17097,2020,21,train,21,26
17101-2019,17101,2019,21,train,21,26
17101-2020,17101,2020,21,train,21,26
17101-2022,17101,2022,21,train,21,26
17103-2019,17103,2019,21,train,21,26
17103-2020,17103,2020,21,train,21,26
17103-2022,17103,2022,21,train,21,26
17105-2019,17105,2019,21,train,21,26
17105-2020,17105,2020,21,train,21,26
17105-2021,17105,2021,21,train,21,26
17105-2022,17105,2022,21,train,21,26
17107-2020,17107,2020,21,train,21,26
17107-2021,17107,2021,21,train,21,26
17107-2022,17107,2022,21,train,21,26
17115-2020,17115,2020,21,train,21,26
17115-2021,17115,2021,21,train,21,26
17115-2022,17115,2022,21,train,21,26
17117-2020,17117,2020,21,train,21,26
17117-2021,17117,2021,21,train,21,26
17117-2022,17117,2022,21,train,21,26
17119-2019,17119,2019,21,train,21,26
17119-2020,17119,2020,21,train,21,26
17119-2021,17119,2021,21,train,21,26
17119-2022,17119,2022,21,train,21,26
17121-2019,17121,2019,21,train,21,26
17121-2020,17121,2020,21,train,21,26
17121-2021,17121,2021,21,train,21,26
17121-2022,17121,2022,21,train,21,26
17123-2019,17123,2019,21,train,21,26
17123-2020,17123,2020,21,train,21,26
17123-2021,17123,2021,21,train,21,26
17123-2022,17123,2022,21,train,21,26
17125-2020,17125,2020,21,train,21,26
17125-2021,17125,2021,21,train,21,26
17125-2022,17125,2022,21,train,21,26
17127-2019,17127,2019,21,train,21,26
17127-2020,17127,2020,21,train,21,26
17129-2021,17129,2021,21,train,21,26
17131-2020,17131,2020,21,train,21,26
17131-2022,17131,2022,21,train,21,26
17133-2019,17133,2019,21,train,21,26
17133-2020,17133,2020,21,train,21,26
17133-2022,17133,2022,21,train,21,26
17135-2020,17135,2020,21,train,21,26
17135-2021,17135,2021,21,train,21,26
17135-2022,17135,2022,21,train,21,26
17137-2019,17137,2019,21,train,21,26
17137-2020,17137,2020,21,train,21,26
17137-2022,17137,2022,21,train,21,26
17139-2021,17139,2021,21,train,21,26
17139-2022,17139,2022,21,train,21,26
17141-2019,17141,2019,21,train,21,26
17141-2020,17141,2020,21,train,21,26
17141-2022,17141,2022,21,train,21,26
17143-2019,17143,2019,21,train,21,26
17143-2020,17143,2020,21,train,21,26
17143-2021,17143,2021,21,train,21,26
17143-2022,17143,2022,21,train,21,26
17145-2020,17145,2020,21,train,21,26
17145-2022,17145,2022,21,train,21,26
17147-2021,17147,2021,21,train,21,26
17147-2022,17147,2022,21,train,21,26
17149-2020,17149,2020,21,train,21,26
17151-2020,17151,2020,21,train,21,26
17153-2019,17153,2019,21,train,21,26
17153-2020,17153,2020,21,train,21,26
17153-2021,17153,2021,21,train,21,26
17155-2020,17155,2020,21,train,21,26
17155-2021,17155,2021,21,train,21,26
17155-2022,17155,2022,21,train,21,26
17157-2019,17157,2019,21,train,21,26
17157-2020,17157,2020,21,train,21,26
17157-2021,17157,2021,21,train,21,26
17157-2022,17157,2022,21,train,21,26
17159-2020,17159,2020,21,train,21,26
17161-2020,17161,2020,21,train,21,26
17161-2022,17161,2022,21,train,21,26
17165-2020,17165,2020,21,train,21,26
17165-2021,17165,2021,21,train,21,26
17165-2022,17165,2022,21,train,21,26
17167-2021,17167,2021,21,train,21,26
17169-2020,17169,2020,21,train,21,26
17169-2022,17169,2022,21,train,21,26
17171-2020,17171,2020,21,train,21,26
17171-2022,17171,2022,21,train,21,26
17173-2021,17173,2021,21,train,21,26
17173-2022,17173,2022,21,train,21,26
17175-2019,17175,2019,21,train,21,26
17175-2020,17175,2020,21,train,21,26
17175-2021,17175,2021,21,train,21,26
17175-2022,17175,2022,21,train,21,26
17177-2019,17177,2019,21,train,21,26
17177-2020,17177,2020,21,train,21,26
17177-2021,17177,2021,21,train,21,26
17177-2022,17177,2022,21,train,21,26
17179-2020,17179,2020,21,train,21,26
17179-2021,17179,2021,21,train,21,26
17179-2022,17179,2022,21,train,21,26
17181-2019,17181,2019,21,train,21,26
17181-2020,17181,2020,21,train,21,26
17181-2021,17181,2021,21,train,21,26
17183-2020,17183,2020,21,train,21,26
17183-2021,17183,2021,21,train,21,26
17183-2022,17183,2022,21,train,21,26
17185-2019,17185,2019,21,train,21,26
17185-2020,17185,2020,21,train,21,26
17185-2022,17185,2022,21,train,21,26
17187-2020,17187,2020,21,train,21,26
17187-2022,17187,2022,21,train,21,26
17189-2019,17189,2019,21,train,21,26
17189-2020,17189,2020,21,train,21,26
17189-2021,17189,2021,21,train,21,26
17189-2022,17189,2022,21,train,21,26
17191-2020,17191,2020,21,train,21,26
17191-2022,17191,2022,21,train,21,26
17193-2019,17193,2019,21,train,21,26
17193-2020,17193,2020,21,train,21,26
17193-2021,17193,2021,21,train,21,26
17193-2022,17193,2022,21,train,21,26
17195-2019,17195,2019,21,train,21,26
17195-2020,17195,2020,21,train,21,26
17195-2022,17195,2022,21,train,21,26
17197-2020,17197,2020,21,train,21,26
17197-2022,17197,2022,21,train,21,26
17199-2019,17199,2019,21,train,21,26
17199-2020,17199,2020,21,train,21,26
17199-2022,17199,2022,21,train,21,26
17201-2019,17201,2019,21,train,21,26
17201-2020,17201,2020,21,train,21,26
17201-2021,17201,2021,21,train,21,26
17201-2022,17201,2022,21,train,21,26
17203-2019,17203,2019,21,train,21,26
17203-2020,17203,2020,21,train,21,26
17203-2021,17203,2021,21,train,21,26
17203-2022,17203,2022,21,train,21,26
18001-2019,18001,2019,21,train,21,26
18001-2020,18001,2020,21,train,21,26
18001-2022,18001,2022,21,train,21,26
18003-2019,18003,2019,21,train,21,26
18003-2020,18003,2020,21,train,21,26
18003-2022,18003,2022,21,train,21,26
18005-2022,18005,2022,21,train,21,26
18007-2019,18007,2019,21,train,21,26
18007-2020,18007,2020,21,train,21,26
18007-2021,18007,2021,21,train,21,26
18007-2022,18007,2022,21,train,21,26
18009-2022,18009,2022,21,train,21,26
18011-2019,18011,2019,21,train,21,26
18011-2020,18011,2020,21,train,21,26
18011-2021,18011,2021,21,train,21,26
18011-2022,18011,2022,21,train,21,26
18015-2019,18015,2019,21,train,21,26
18015-2020,18015,2020,21,train,21,26
18015-2022,18015,2022,21,train,21,26
18017-2020,18017,2020,21,train,21,26
18017-2022,18017,2022,21,train,21,26
18019-2020,18019,2020,21,train,21,26
18021-2020,18021,2020,21,train,21,26
18021-2021,18021,2021,21,train,21,26
18021-2022,18021,2022,21,train,21,26
18023-2020,18023,2020,21,train,21,26
18023-2021,18023,2021,21,train,21,26
18023-2022,18023,2022,21,train,21,26
18027-2019,18027,2019,21,train,21,26
18027-2020,18027,2020,21,train,21,26
18027-2021,18027,2021,21,train,21,26
18027-2022,18027,2022,21,train,21,26
18029-2019,18029,2019,21,train,21,26
18029-2020,18029,2020,21,train,21,26
18029-2022,18029,2022,21,train,21,26
18031-2019,18031,2019,21,train,21,26
18031-2020,18031,2020,21,train,21,26
18031-2022,18031,2022,21,train,21,26
18035-2022,18035,2022,21,train,21,26
18037-2022,18037,2022,21,train,21,26
18039-2019,18039,2019,21,train,21,26
18039-2020,18039,2020,21,train,21,26
18039-2021,18039,2021,21,train,21,26
18039-2022,18039,2022,21,train,21,26
18041-2019,18041,2019,21,train,21,26
18041-2020,18041,2020,21,train,21,26
18041-2021,18041,2021,21,train,21,26
18041-2022,18041,2022,21,train,21,26
18045-2020,18045,2020,21,train,21,26
18045-2022,18045,2022,21,train,21,26
18047-2019,18047,2019,21,train,21,26
18047-2020,18047,2020,21,train,21,26
18047-2022,18047,2022,21,train,21,26
18049-2019,18049,2019,21,train,21,26
18049-2020,18049,2020,21,train,21,26
18049-2021,18049,2021,21,train,21,26
18051-2019,18051,2019,21,train,21,26
18051-2020,18051,2020,21,train,21,26
18051-2022,18051,2022,21,train,21,26
18053-2020,18053,2020,21,train,21,26
18053-2022,18053,2022,21,train,21,26
18055-2019,18055,2019,21,train,21,26
18055-2020,18055,2020,21,train,21,26
18055-2021,18055,2021,21,train,21,26
18057-2022,18057,2022,21,train,21,26
18059-2020,18059,2020,21,train,21,26
18059-2022,18059,2022,21,train,21,26
18063-2019,18063,2019,21,train,21,26
18063-2020,18063,2020,21,train,21,26
18063-2021,18063,2021,21,train,21,26
18063-2022,18063,2022,21,train,21,26
18065-2022,18065,2022,21,train,21,26
18067-2020,18067,2020,21,train,21,26
18067-2022,18067,2022,21,train,21,26
18069-2022,18069,2022,21,train,21,26
18071-2022,18071,2022,21,train,21,26
18073-2020,18073,2020,21,train,21,26
18073-2022,18073,2022,21,train,21,26
18075-2019,18075,2019,21,train,21,26
18075-2020,18075,2020,21,train,21,26
18075-2022,18075,2022,21,train,21,26
18077-2019,18077,2019,21,train,21,26
18077-2020,18077,2020,21,train,21,26
18077-2022,18077,2022,21,train,21,26
18079-2022,18079,2022,21,train,21,26
18081-2022,18081,2022,21,train,21,26
18083-2020,18083,2020,21,train,21,26
18083-2022,18083,2022,21,train,21,26
18085-2022,18085,2022,21,train,21,26
18089-2020,18089,2020,21,train,21,26
18089-2022,18089,2022,21,train,21,26
18093-2022,18093,2022,21,train,21,26
18095-2022,18095,2022,21,train,21,26
18097-2020,18097,2020,21,train,21,26
18099-2019,18099,2019,21,train,21,26
18099-2020,18099,2020,21,train,21,26
18099-2021,18099,2021,21,train,21,26
18099-2022,18099,2022,21,train,21,26
18101-2022,18101,2022,21,train,21,26
18103-2020,18103,2020,21,train,21,26
18103-2022,18103,2022,21,train,21,26
18105-2022,18105,2022,21,train,21,26
18107-2019,18107,2019,21,train,21,26
18107-2020,18107,2020,21,train,21,26
18107-2021,18107,2021,21,train,21,26
18109-2022,18109,2022,21,train,21,26
18111-2019,18111,2019,21,train,21,26
18111-2020,18111,2020,21,train,21,26
18111-2021,18111,2021,21,train,21,26
18111-2022,18111,2022,21,train,21,26
18113-2020,18113,2020,21,train,21,26
18113-2022,18113,2022,21,train,21,26
18115-2019,18115,2019,21,train,21,26
18115-2020,18115,2020,21,train,21,26
18119-2020,18119,2020,21,train,21,26
18119-2021,18119,2021,21,train,21,26
18119-2022,18119,2022,21,train,21,26
18121-2019,18121,2019,21,train,21,26
18121-2020,18121,2020,21,train,21,26
18121-2022,18121,2022,21,train,21,26
18123-2022,18123,2022,21,train,21,26
18125-2020,18125,2020,21,train,21,26
18125-2022,18125,2022,21,train,21,26
18127-2019,18127,2019,21,train,21,26
18127-2020,18127,2020,21,train,21,26
18127-2021,18127,2021,21,train,21,26
18127-2022,18127,2022,21,train,21,26
18129-2019,18129,2019,21,train,21,26
18129-2020,18129,2020,21,train,21,26
18129-2021,18129,2021,21,train,21,26
18129-2022,18129,2022,21,train,21,26
18131-2019,18131,2019,21,train,21,26
18131-2020,18131,2020,21,train,21,26
18131-2022,18131,2022,21,train,21,26
18133-2019,18133,2019,21,train,21,26
18133-2020,18133,2020,21,train,21,26
18133-2021,18133,2021,21,train,21,26
18133-2022,18133,2022,21,train,21,26
18135-2019,18135,2019,21,train,21,26
18135-2020,18135,2020,21,train,21,26
18135-2022,18135,2022,21,train,21,26
18137-2020,18137,2020,21,train,21,26
18137-2022,18137,2022,21,train,21,26
18139-2022,18139,2022,21,train,21,26
18141-2019,18141,2019,21,train,21,26
18141-2020,18141,2020,21,train,21,26
18141-2021,18141,2021,21,train,21,26
18141-2022,18141,2022,21,train,21,26
18143-2022,18143,2022,21,train,21,26
18145-2020,18145,2020,21,train,21,26
18145-2022,18145,2022,21,train,21,26
18147-2020,18147,2020,21,train,21,26
18149-2019,18149,2019,21,train,21,26
18149-2020,18149,2020,21,train,21,26
18149-2022,18149,2022,21,train,21,26
18151-2020,18151,2020,21,train,21,26
18151-2022,18151,2022,21,train,21,26
18153-2019,18153,2019,21,train,21,26
18153-2020,18153,2020,21,train,21,26
18153-2022,18153,2022,21,train,21,26
18155-2019,18155,2019,21,train,21,26
18155-2020,18155,2020,21,train,21,26
18157-2019,18157,2019,21,train,21,26
18157-2020,18157,2020,21,train,21,26
18157-2021,18157,2021,21,train,21,26
18157-2022,18157,2022,21,train,21,26
18159-2022,18159,2022,21,train,21,26
18161-2019,18161,2019,21,train,21,26
18161-2020,18161,2020,21,train,21,26
18161-2021,18161,2021,21,train,21,26
18161-2022,18161,2022,21,train,21,26
18163-2019,18163,2019,21,train,21,26
18163-2020,18163,2020,21,train,21,26
18163-2021,18163,2021,21,train,21,26
18163-2022,18163,2022,21,train,21,26
18165-2019,18165,2019,21,train,21,26
18165-2020,18165,2020,21,train,21,26
18165-2021,18165,2021,21,train,21,26
18165-2022,18165,2022,21,train,21,26
18167-2019,18167,2019,21,train,21,26
18167-2020,18167,2020,21,train,21,26
18167-2022,18167,2022,21,train,21,26
18169-2022,18169,2022,21,train,21,26
18171-2019,18171,2019,21,train,21,26
18171-2020,18171,2020,21,train,21,26
18171-2021,18171,2021,21,train,21,26
18173-2019,18173,2019,21,train,21,26
18173-2020,18173,2020,21,train,21,26
18173-2022,18173,2022,21,train,21,26
18177-2019,18177,2019,21,train,21,26
18177-2020,18177,2020,21,train,21,26
18177-2021,18177,2021,21,train,21,26
18177-2022,18177,2022,21,train,21,26
18179-2022,18179,2022,21,train,21,26
18181-2019,18181,2019,21,train,21,26
18181-2020,18181,2020,21,train,21,26
18181-2022,18181,2022,21,train,21,26
18183-2022,18183,2022,21,train,21,26
19001-2019,19001,2019,21,train,21,26
19001-2020,19001,2020,21,train,21,26
19001-2022,19001,2022,21,train,21,26
19003-2020,19003,2020,21,train,21,26
19005-2019,19005,2019,21,train,21,26
19005-2020,19005,2020,21,train,21,26
19005-2021,19005,2021,21,train,21,26
19005-2022,19005,2022,21,train,21,26
19007-2020,19007,2020,21,train,21,26
19007-2021,19007,2021,21,train,21,26
19007-2022,19007,2022,21,train,21,26
19009-2019,19009,2019,21,train,21,26
19009-2020,19009,2020,21,train,21,26
19009-2021,19009,2021,21,train,21,26
19009-2022,19009,2022,21,train,21,26
19011-2019,19011,2019,21,train,21,26
19011-2020,19011,2020,21,train,21,26
19011-2021,19011,2021,21,train,21,26
19011-2022,19011,2022,21,train,21,26
19013-2020,19013,2020,21,train,21,26
19013-2022,19013,2022,21,train,21,26
19015-2019,19015,2019,21,train,21,26
19015-2020,19015,2020,21,train,21,26
19015-2021,19015,2021,21,train,21,26
19015-2022,19015,2022,21,train,21,26
19017-2022,19017,2022,21,train,21,26
19019-2019,19019,2019,21,train,21,26
19019-2020,19019,2020,21,train,21,26
19019-2021,19019,2021,21,train,21,26
19019-2022,19019,2022,21,train,21,26
19021-2019,19021,2019,21,train,21,26
19021-2020,19021,2020,21,train,21,26
19021-2022,19021,2022,21,train,21,26
19023-2021,19023,2021,21,train,21,26
19023-2022,19023,2022,21,train,21,26
19025-2019,19025,2019,21,train,21,26
19025-2020,19025,2020,21,train,21,26
19025-2021,19025,2021,21,train,21,26
19025-2022,19025,2022,21,train,21,26
19027-2020,19027,2020,21,train,21,26
19027-2022,19027,2022,21,train,21,26
19029-2019,19029,2019,21,train,21,26
19029-2020,19029,2020,21,train,21,26
19029-2021,19029,2021,21,train,21,26
19029-2022,19029,2022,21,train,21,26
19031-2020,19031,2020,21,train,21,26
19031-2022,19031,2022,21,train,21,26
19033-2019,19033,2019,21,train,21,26
19033-2020,19033,2020,21,train,21,26
19033-2021,19033,2021,21,train,21,26
19033-2022,19033,2022,21,train,21,26
19035-2019,19035,2019,21,train,21,26
19035-2020,19035,2020,21,train,21,26
19035-2022,19035,2022,21,train,21,26
19037-2022,19037,2022,21,train,21,26
19039-2020,19039,2020,21,train,21,26
19041-2019,19041,2019,21,train,21,26
19041-2020,19041,2020,21,train,21,26
19041-2022,19041,2022,21,train,21,26
19043-2020,19043,2020,21,train,21,26
19043-2021,19043,2021,21,train,21,26
19043-2022,19043,2022,21,train,21,26
19045-2020,19045,2020,21,train,21,26
19045-2022,19045,2022,21,train,21,26
19047-2019,19047,2019,21,train,21,26
19047-2020,19047,2020,21,train,21,26
19047-2022,19047,2022,21,train,21,26
19049-2019,19049,2019,21,train,21,26
19049-2020,19049,2020,21,train,21,26
19049-2021,19049,2021,21,train,21,26
19049-2022,19049,2022,21,train,21,26
19051-2019,19051,2019,21,train,21,26
19051-2020,19051,2020,21,train,21,26
19051-2021,19051,2021,21,train,21,26
19051-2022,19051,2022,21,train,21,26
19053-2020,19053,2020,21,train,21,26
19053-2022,19053,2022,21,train,21,26
19055-2020,19055,2020,21,train,21,26
19055-2021,19055,2021,21,train,21,26
19055-2022,19055,2022,21,train,21,26
19057-2019,19057,2019,21,train,21,26
19057-2020,19057,2020,21,train,21,26
19057-2022,19057,2022,21,train,21,26
19059-2019,19059,2019,21,train,21,26
19059-2020,19059,2020,21,train,21,26
19059-2021,19059,2021,21,train,21,26
19059-2022,19059,2022,21,train,21,26
19061-2020,19061,2020,21,train,21,26
19061-2021,19061,2021,21,train,21,26
19061-2022,19061,2022,21,train,21,26
19063-2022,19063,2022,21,train,21,26
19065-2020,19065,2020,21,train,21,26
19065-2021,19065,2021,21,train,21,26
19065-2022,19065,2022,21,train,21,26
19067-2019,19067,2019,21,train,21,26
19067-2020,19067,2020,21,train,21,26
19067-2021,19067,2021,21,train,21,26
19067-2022,19067,2022,21,train,21,26
19069-2019,19069,2019,21,train,21,26
19069-2020,19069,2020,21,train,21,26
19069-2021,19069,2021,21,train,21,26
19069-2022,19069,2022,21,train,21,26
19071-2020,19071,2020,21,train,21,26
19071-2022,19071,2022,21,train,21,26
19073-2019,19073,2019,21,train,21,26
19073-2020,19073,2020,21,train,21,26
19073-2021,19073,2021,21,train,21,26
19073-2022,19073,2022,21,train,21,26
19075-2020,19075,2020,21,train,21,26
19075-2021,19075,2021,21,train,21,26
19075-2022,19075,2022,21,train,21,26
19077-2019,19077,2019,21,train,21,26
19077-2020,19077,2020,21,train,21,26
19077-2021,19077,2021,21,train,21,26
19077-2022,19077,2022,21,train,21,26
19079-2019,19079,2019,21,train,21,26
19079-2020,19079,2020,21,train,21,26
19079-2022,19079,2022,21,train,21,26
19081-2019,19081,2019,21,train,21,26
19081-2020,19081,2020,21,train,21,26
19081-2021,19081,2021,21,train,21,26
19081-2022,19081,2022,21,train,21,26
19083-2019,19083,2019,21,train,21,26
19083-2020,19083,2020,21,train,21,26
19083-2021,19083,2021,21,train,21,26
19083-2022,19083,2022,21,train,21,26
19085-2020,19085,2020,21,train,21,26
19085-2022,19085,2022,21,train,21,26
19087-2019,19087,2019,21,train,21,26
19087-2020,19087,2020,21,train,21,26
19087-2021,19087,2021,21,train,21,26
19087-2022,19087,2022,21,train,21,26
19089-2020,19089,2020,21,train,21,26
19089-2022,19089,2022,21,train,21,26
19091-2019,19091,2019,21,train,21,26
19091-2020,19091,2020,21,train,21,26
19091-2021,19091,2021,21,train,21,26
19091-2022,19091,2022,21,train,21,26
19093-2020,19093,2020,21,train,21,26
19093-2021,19093,2021,21,train,21,26
19093-2022,19093,2022,21,train,21,26
19095-2019,19095,2019,21,train,21,26
19095-2020,19095,2020,21,train,21,26
19095-2022,19095,2022,21,train,21,26
19097-2020,19097,2020,21,train,21,26
19097-2021,19097,2021,21,train,21,26
19097-2022,19097,2022,21,train,21,26
19099-2021,19099,2021,21,train,21,26
19099-2022,19099,2022,21,train,21,26
19101-2019,19101,2019,21,train,21,26
19101-2020,19101,2020,21,train,21,26
19101-2021,19101,2021,21,train,21,26
19101-2022,19101,2022,21,train,21,26
19103-2019,19103,2019,21,train,21,26
19103-2020,19103,2020,21,train,21,26
19103-2022,19103,2022,21,train,21,26
19105-2020,19105,2020,21,train,21,26
19105-2022,19105,2022,21,train,21,26
19107-2019,19107,2019,21,train,21,26
19107-2020,19107,2020,21,train,21,26
19107-2021,19107,2021,21,train,21,26
19107-2022,19107,2022,21,train,21,26
19109-2019,19109,2019,21,train,21,26
19109-2020,19109,2020,21,train,21,26
19109-2021,19109,2021,21,train,21,26
19109-2022,19109,2022,21,train,21,26
19111-2019,19111,2019,21,train,21,26
19111-2020,19111,2020,21,train,21,26
19111-2021,19111,2021,21,train,21,26
19111-2022,19111,2022,21,train,21,26
19113-2019,19113,2019,21,train,21,26
19113-2020,19113,2020,21,train,21,26
19113-2022,19113,2022,21,train,21,26
19115-2019,19115,2019,21,train,21,26
19115-2020,19115,2020,21,train,21,26
19115-2022,19115,2022,21,train,21,26
19117-2021,19117,2021,21,train,21,26
19117-2022,19117,2022,21,train,21,26
19119-2019,19119,2019,21,train,21,26
19119-2020,19119,2020,21,train,21,26
19119-2021,19119,2021,21,train,21,26
19119-2022,19119,2022,21,train,21,26
19121-2019,19121,2019,21,train,21,26
19121-2020,19121,2020,21,train,21,26
19121-2021,19121,2021,21,train,21,26
19121-2022,19121,2022,21,train,21,26
19123-2021,19123,2021,21,train,21,26
19123-2022,19123,2022,21,train,21,26
19125-2021,19125,2021,21,train,21,26
19125-2022,19125,2022,21,train,21,26
19127-2021,19127,2021,21,train,21,26
19127-2022,19127,2022,21,train,21,26
19129-2020,19129,2020,21,train,21,26
19129-2022,19129,2022,21,train,21,26
19131-2019,19131,2019,21,train,21,26
19131-2020,19131,2020,21,train,21,26
19131-2021,19131,2021,21,train,21,26
19131-2022,19131,2022,21,train,21,26
19133-2019,19133,2019,21,train,21,26
19133-2022,19133,2022,21,train,21,26
19135-2021,19135,2021,21,train,21,26
19135-2022,19135,2022,21,train,21,26
19137-2020,19137,2020,21,train,21,26
19137-2022,19137,2022,21,train,21,26
19139-2020,19139,2020,21,train,21,26
19139-2022,19139,2022,21,train,21,26
19143-2019,19143,2019,21,train,21,26
19143-2020,19143,2020,21,train,21,26
19143-2021,19143,2021,21,train,21,26
19143-2022,19143,2022,21,train,21,26
19145-2019,19145,2019,21,train,21,26
19145-2020,19145,2020,21,train,21,26
19145-2021,19145,2021,21,train,21,26
19145-2022,19145,2022,21,train,21,26
19147-2019,19147,2019,21,train,21,26
19147-2022,19147,2022,21,train,21,26
19149-2019,19149,2019,21,train,21,26
19149-2021,19149,2021,21,train,21,26
19149-2022,19149,2022,21,train,21,26
19151-2022,19151,2022,21,train,21,26
19153-2019,19153,2019,21,train,21,26
19153-2020,19153,2020,21,train,21,26
19153-2021,19153,2021,21,train,21,26
19153-2022,19153,2022,21,train,21,26
19155-2020,19155,2020,21,train,21,26
19155-2022,19155,2022,21,train,21,26
19157-2021,19157,2021,21,train,21,26
19157-2022,19157,2022,21,train,21,26
19159-2020,19159,2020,21,train,21,26
19159-2021,19159,2021,21,train,21,26
19159-2022,19159,2022,21,train,21,26
19161-2019,19161,2019,21,train,21,26
19161-2020,19161,2020,21,train,21,26
19161-2022,19161,2022,21,train,21,26
19163-2020,19163,2020,21,train,21,26
19163-2022,19163,2022,21,train,21,26
19165-2019,19165,2019,21,train,21,26
19165-2020,19165,2020,21,train,21,26
19165-2022,19165,2022,21,train,21,26
19167-2019,19167,2019,21,train,21,26
19167-2020,19167,2020,21,train,21,26
19167-2021,19167,2021,21,train,21,26
19167-2022,19167,2022,21,train,21,26
19169-2019,19169,2019,21,train,21,26
19169-2020,19169,2020,21,train,21,26
19169-2021,19169,2021,21,train,21,26
19169-2022,19169,2022,21,train,21,26
19171-2022,19171,2022,21,train,21,26
19173-2020,19173,2020,21,train,21,26
19173-2021,19173,2021,21,train,21,26
19173-2022,19173,2022,21,train,21,26
19175-2020,19175,2020,21,train,21,26
19175-2021,19175,2021,21,train,21,26
19175-2022,19175,2022,21,train,21,26
19177-2019,19177,2019,21,train,21,26
19177-2020,19177,2020,21,train,21,26
19177-2021,19177,2021,21,train,21,26
19177-2022,19177,2022,21,train,21,26
19179-2019,19179,2019,21,train,21,26
19179-2020,19179,2020,21,train,21,26
19179-2021,19179,2021,21,train,21,26
19179-2022,19179,2022,21,train,21,26
19181-2020,19181,2020,21,train,21,26
19181-2022,19181,2022,21,train,21,26
19183-2019,19183,2019,21,train,21,26
19183-2020,19183,2020,21,train,21,26
19183-2022,19183,2022,21,train,21,26
19185-2021,19185,2021,21,train,21,26
19187-2019,19187,2019,21,train,21,26
19187-2020,19187,2020,21,train,21,26
19187-2021,19187,2021,21,train,21,26
19187-2022,19187,2022,21,train,21,26
19189-2019,19189,2019,21,train,21,26
19189-2020,19189,2020,21,train,21,26
19189-2021,19189,2021,21,train,21,26
19189-2022,19189,2022,21,train,21,26
19191-2019,19191,2019,21,train,21,26
19191-2020,19191,2020,21,train,21,26
19191-2021,19191,2021,21,train,21,26
19191-2022,19191,2022,21,train,21,26
19193-2019,19193,2019,21,train,21,26
19193-2020,19193,2020,21,train,21,26
19193-2021,19193,2021,21,train,21,26
19193-2022,19193,2022,21,train,21,26
19195-2019,19195,2019,21,train,21,26
19195-2020,19195,2020,21,train,21,26
19195-2021,19195,2021,21,train,21,26
19195-2022,19195,2022,21,train,21,26
19197-2019,19197,2019,21,train,21,26
19197-2020,19197,2020,21,train,21,26
19197-2021,19197,2021,21,train,21,26
19197-2022,19197,2022,21,train,21,26
20001-2020,20001,2020,21,train,21,26
20001-2021,20001,2021,21,train,21,26
20003-2019,20003,2019,21,train,21,26
20003-2020,20003,2020,21,train,21,26
20003-2021,20003,2021,21,train,21,26
20005-2020,20005,2020,21,train,21,26
20005-2021,20005,2021,21,train,21,26
20005-2022,20005,2022,21,train,21,26
20009-2020,20009,2020,21,train,21,26
20011-2020,20011,2020,21,train,21,26
20011-2021,20011,2021,21,train,21,26
20013-2019,20013,2019,21,train,21,26
20013-2020,20013,2020,21,train,21,26
20013-2022,20013,2022,21,train,21,26
20015-2020,20015,2020,21,train,21,26
20015-2021,20015,2021,21,train,21,26
20017-2020,20017,2020,21,train,21,26
20017-2021,20017,2021,21,train,21,26
20021-2019,20021,2019,21,train,21,26
20023-2020,20023,2020,21,train,21,26
20023-2021,20023,2021,21,train,21,26
20027-2019,20027,2019,21,train,21,26
20027-2020,20027,2020,21,train,21,26
20027-2022,20027,2022,21,train,21,26
20029-2020,20029,2020,21,train,21,26
20029-2021,20029,2021,21,train,21,26
20029-2022,20029,2022,21,train,21,26
20031-2019,20031,2019,21,train,21,26
20031-2020,20031,2020,21,train,21,26
20035-2019,20035,2019,21,train,21,26
20035-2020,20035,2020,21,train,21,26
20035-2021,20035,2021,21,train,21,26
20037-2020,20037,2020,21,train,21,26
20037-2021,20037,2021,21,train,21,26
20039-2020,20039,2020,21,train,21,26
20041-2020,20041,2020,21,train,21,26
20041-2021,20041,2021,21,train,21,26
20043-2020,20043,2020,21,train,21,26
20043-2021,20043,2021,21,train,21,26
20043-2022,20043,2022,21,train,21,26
20045-2019,20045,2019,21,train,21,26
20045-2020,20045,2020,21,train,21,26
20045-2021,20045,2021,21,train,21,26
20047-2019,20047,2019,21,train,21,26
20047-2020,20047,2020,21,train,21,26
20049-2019,20049,2019,21,train,21,26
20053-2019,20053,2019,21,train,21,26
20053-2020,20053,2020,21,train,21,26
20053-2021,20053,2021,21,train,21,26
20055-2019,20055,2019,21,train,21,26
20055-2020,20055,2020,21,train,21,26
20057-2019,20057,2019,21,train,21,26
20057-2020,20057,2020,21,train,21,26
20057-2021,20057,2021,21,train,21,26
20059-2019,20059,2019,21,train,21,26
20059-2020,20059,2020,21,train,21,26
20061-2020,20061,2020,21,train,21,26
20063-2020,20063,2020,21,train,21,26
20063-2021,20063,2021,21,train,21,26
20065-2020,20065,2020,21,train,21,26
20065-2021,20065,2021,21,train,21,26
20067-2019,20067,2019,21,train,21,26
20067-2020,20067,2020,21,train,21,26
20067-2021,20067,2021,21,train,21,26
20069-2020,20069,2020,21,train,21,26
20069-2021,20069,2021,21,train,21,26
20071-2019,20071,2019,21,train,21,26
20071-2020,20071,2020,21,train,21,26
20071-2021,20071,2021,21,train,21,26
20075-2019,20075,2019,21,train,21,26
20079-2019,20079,2019,21,train,21,26
20079-2020,20079,2020,21,train,21,26
20079-2021,20079,2021,21,train,21,26
20081-2019,20081,2019,21,train,21,26
20081-2020,20081,2020,21,train,21,26
20081-2021,20081,2021,21,train,21,26
20083-2020,20083,2020,21,train,21,26
20085-2019,20085,2019,21,train,21,26
20085-2020,20085,2020,21,train,21,26
20087-2019,20087,2019,21,train,21,26
20087-2020,20087,2020,21,train,21,26
20087-2021,20087,2021,21,train,21,26
20089-2020,20089,2020,21,train,21,26
20095-2019,20095,2019,21,train,21,26
20095-2020,20095,2020,21,train,21,26
20095-2021,20095,2021,21,train,21,26
20097-2020,20097,2020,21,train,21,26
20099-2020,20099,2020,21,train,21,26
20099-2021,20099,2021,21,train,21,26
20101-2020,20101,2020,21,train,21,26
20101-2021,20101,2021,21,train,21,26
20103-2019,20103,2019,21,train,21,26
20103-2020,20103,2020,21,train,21,26
20103-2021,20103,2021,21,train,21,26
20105-2019,20105,2019,21,train,21,26
20107-2020,20107,2020,21,train,21,26
20109-2020,20109,2020,21,train,21,26
20109-2021,20109,2021,21,train,21,26
20111-2019,20111,2019,21,train,21,26
20115-2019,20115,2019,21,train,21,26
20115-2020,20115,2020,21,train,21,26
20115-2021,20115,2021,21,train,21,26
20117-2019,20117,2019,21,train,21,26
20117-2022,20117,2022,21,train,21,26
20119-2020,20119,2020,21,train,21,26
20119-2021,20119,2021,21,train,21,26
20121-2019,20121,2019,21,train,21,26
20121-2020,20121,2020,21,train,21,26
20123-2019,20123,2019,21,train,21,26
20123-2020,20123,2020,21,train,21,26
20123-2021,20123,2021,21,train,21,26
20125-2019,20125,2019,21,train,21,26
20125-2020,20125,2020,21,train,21,26
20127-2019,20127,2019,21,train,21,26
20127-2020,20127,2020,21,train,21,26
20127-2021,20127,2021,21,train,21,26
20129-2019,20129,2019,21,train,21,26
20129-2020,20129,2020,21,train,21,26
20129-2021,20129,2021,21,train,21,26
20131-2020,20131,2020,21,train,21,26
20133-2019,20133,2019,21,train,21,26
20133-2020,20133,2020,21,train,21,26
20133-2021,20133,2021,21,train,21,26
20135-2019,20135,2019,21,train,21,26
20135-2020,20135,2020,21,train,21,26
20135-2021,20135,2021,21,train,21,26
20137-2020,20137,2020,21,train,21,26
20137-2021,20137,2021,21,train,21,26
20137-2022,20137,2022,21,train,21,26
20139-2019,20139,2019,21,train,21,26
20139-2020,20139,2020,21,train,21,26
20141-2020,20141,2020,21,train,21,26
20143-2020,20143,2020,21,train,21,26
20145-2020,20145,2020,21,train,21,26
20147-2020,20147,2020,21,train,21,26
20147-2021,20147,2021,21,train,21,26
20147-2022,20147,2022,21,train,21,26
20149-2019,20149,2019,21,train,21,26
20151-2020,20151,2020,21,train,21,26
20153-2019,20153,2019,21,train,21,26
20153-2020,20153,2020,21,train,21,26
20153-2021,20153,2021,21,train,21,26
20155-2019,20155,2019,21,train,21,26
20155-2020,20155,2020,21,train,21,26
20155-2021,20155,2021,21,train,21,26
20157-2020,20157,2020,21,train,21,26
20157-2021,20157,2021,21,train,21,26
20157-2022,20157,2022,21,train,21,26
20159-2020,20159,2020,21,train,21,26
20161-2019,20161,2019,21,train,21,26
20161-2020,20161,2020,21,train,21,26
20161-2022,20161,2022,21,train,21,26
20163-2019,20163,2019,21,train,21,26
20163-2020,20163,2020,21,train,21,26
20169-2020,20169,2020,21,train,21,26
20169-2021,20169,2021,21,train,21,26
20171-2019,20171,2019,21,train,21,26
20171-2020,20171,2020,21,train,21,26
20173-2019,20173,2019,21,train,21,26
20173-2020,20173,2020,21,train,21,26
20175-2020,20175,2020,21,train,21,26
20175-2021,20175,2021,21,train,21,26
20177-2019,20177,2019,21,train,21,26
20177-2020,20177,2020,21,train,21,26
20177-2021,20177,2021,21,train,21,26
20179-2021,20179,2021,21,train,21,26
20181-2019,20181,2019,21,train,21,26
20181-2020,20181,2020,21,train,21,26
20181-2021,20181,2021,21,train,21,26
20183-2020,20183,2020,21,train,21,26
20183-2021,20183,2021,21,train,21,26
20183-2022,20183,2022,21,train,21,26
20185-2020,20185,2020,21,train,21,26
20187-2019,20187,2019,21,train,21,26
20187-2020,20187,2020,21,train,21,26
20189-2020,20189,2020,21,train,21,26
20189-2021,20189,2021,21,train,21,26
20191-2019,20191,2019,21,train,21,26
20191-2020,20191,2020,21,train,21,26
20191-2021,20191,2021,21,train,21,26
20193-2020,20193,2020,21,train,21,26
20195-2020,20195,2020,21,train,21,26
20195-2021,20195,2021,21,train,21,26
20197-2019,20197,2019,21,train,21,26
20201-2020,20201,2020,21,train,21,26
20201-2022,20201,2022,21,train,21,26
20203-2019,20203,2019,21,train,21,26
20203-2020,20203,2020,21,train,21,26
20203-2021,20203,2021,21,train,21,26
20205-2019,20205,2019,21,train,21,26
20205-2020,20205,2020,21,train,21,26
20207-2020,20207,2020,21,train,21,26
21001-2019,21001,2019,21,test,21,26
21001-2020,21001,2020,21,test,21,26
21007-2020,21007,2020,21,test,21,26
21007-2021,21007,2021,21,test,21,26
21009-2020,21009,2020,21,test,21,26
21031-2020,21031,2020,21,test,21,26
21033-2019,21033,2019,21,test,21,26
21033-2020,21033,2020,21,test,21,26
21033-2021,21033,2021,21,test,21,26
21035-2020,21035,2020,21,test,21,26
21035-2021,21035,2021,21,test,21,26
21039-2020,21039,2020,21,test,21,26
21039-2021,21039,2021,21,test,21,26
21047-2019,21047,2019,21,test,21,26
21047-2020,21047,2020,21,test,21,26
21047-2021,21047,2021,21,test,21,26
21055-2020,21055,2020,21,test,21,26
21055-2021,21055,2021,21,test,21,26
21059-2020,21059,2020,21,test,21,26
21059-2022,21059,2022,21,test,21,26
21075-2019,21075,2019,21,test,21,26
21075-2020,21075,2020,21,test,21,26
21075-2021,21075,2021,21,test,21,26
21083-2020,21083,2020,21,test,21,26
21091-2020,21091,2020,21,test,21,26
21093-2019,21093,2019,21,test,21,26
21093-2020,21093,2020,21,test,21,26
21099-2020,21099,2020,21,test,21,26
21101-2019,21101,2019,21,test,21,26
21101-2020,21101,2020,21,test,21,26
21101-2022,21101,2022,21,test,21,26
21103-2020,21103,2020,21,test,21,26
21105-2019,21105,2019,21,test,21,26
21105-2020,21105,2020,21,test,21,26
21105-2021,21105,2021,21,test,21,26
21107-2020,21107,2020,21,test,21,26
21123-2020,21123,2020,21,test,21,26
21139-2019,21139,2019,21,test,21,26
21139-2020,21139,2020,21,test,21,26
21139-2021,21139,2021,21,test,21,26
21141-2020,21141,2020,21,test,21,26
21143-2019,21143,2019,21,test,21,26
21157-2019,21157,2019,21,test,21,26
21157-2020,21157,2020,21,test,21,26
21157-2021,21157,2021,21,test,21,26
21167-2021,21167,2021,21,test,21,26
21169-2020,21169,2020,21,test,21,26
21177-2020,21177,2020,21,test,21,26
21183-2020,21183,2020,21,test,21,26
21211-2020,21211,2020,21,test,21,26
21213-2020,21213,2020,21,test,21,26
21215-2020,21215,2020,21,test,21,26
21219-2020,21219,2020,21,test,21,26
21221-2019,21221,2019,21,test,21,26
21221-2020,21221,2020,21,test,21,26
21221-2021,21221,2021,21,test,21,26
21223-2020,21223,2020,21,test,21,26
21225-2019,21225,2019,21,test,21,26
21225-2020,21225,2020,21,test,21,26
21225-2021,21225,2021,21,test,21,26
21225-2022,21225,2022,21,test,21,26
21227-2020,21227,2020,21,test,21,26
21229-2020,21229,2020,21,test,21,26
21233-2019,21233,2019,21,test,21,26
21233-2020,21233,2020,21,test,21,26
21233-2021,21233,2021,21,test,21,26
26005-2019,26005,2019,21,val,21,26
26005-2020,26005,2020,21,val,21,26
26007-2019,26007,2019,21,val,21,26
26007-2021,26007,2021,21,val,21,26
26011-2019,26011,2019,21,val,21,26
26011-2020,26011,2020,21,val,21,26
26015-2020,26015,2020,21,val,21,26
26021-2020,26021,2020,21,val,21,26
26021-2022,26021,2022,21,val,21,26
26023-2020,26023,2020,21,val,21,26
26023-2022,26023,2022,21,val,21,26
26025-2020,26025,2020,21,val,21,26
26027-2019,26027,2019,21,val,21,26
26027-2020,26027,2020,21,val,21,26
26027-2022,26027,2022,21,val,21,26
26037-2020,26037,2020,21,val,21,26
26045-2020,26045,2020,21,val,21,26
26049-2019,26049,2019,21,val,21,26
26049-2020,26049,2020,21,val,21,26
26051-2020,26051,2020,21,val,21,26
26059-2019,26059,2019,21,val,21,26
26059-2020,26059,2020,21,val,21,26
26059-2022,26059,2022,21,val,21,26
26063-2020,26063,2020,21,val,21,26
26065-2019,26065,2019,21,val,21,26
26065-2020,26065,2020,21,val,21,26
26067-2020,26067,2020,21,val,21,26
26069-2019,26069,2019,21,val,21,26
26069-2020,26069,2020,21,val,21,26
26069-2021,26069,2021,21,val,21,26
26075-2019,26075,2019,21,val,21,26
26075-2020,26075,2020,21,val,21,26
26077-2019,26077,2019,21,val,21,26
26077-2020,26077,2020,21,val,21,26
26081-2019,26081,2019,21,val,21,26
26081-2020,26081,2020,21,val,21,26
26087-2019,26087,2019,21,val,21,26
26087-2020,26087,2020,21,val,21,26
26091-2019,26091,2019,21,val,21,26
26091-2020,26091,2020,21,val,21,26
26099-2020,26099,2020,21,val,21,26
26105-2019,26105,2019,21,val,21,26
26105-2020,26105,2020,21,val,21,26
26107-2020,26107,2020,21,val,21,26
26109-2019,26109,2019,21,val,21,26
26109-2020,26109,2020,21,val,21,26
26115-2019,26115,2019,21,val,21,26
26115-2020,26115,2020,21,val,21,26
26117-2020,26117,2020,21,val,21,26
26121-2020,26121,2020,21,val,21,26
26123-2019,26123,2019,21,val,21,26
26123-2020,26123,2020,21,val,21,26
26127-2019,26127,2019,21,val,21,26
26127-2020,26127,2020,21,val,21,26
26129-2020,26129,2020,21,val,21,26
26139-2020,26139,2020,21,val,21,26
26141-2019,26141,2019,21,val,21,26
26141-2021,26141,2021,21,val,21,26
26151-2019,26151,2019,21,val,21,26
26151-2020,26151,2020,21,val,21,26
26157-2019,26157,2019,21,val,21,26
26157-2020,26157,2020,21,val,21,26
26159-2020,26159,2020,21,val,21,26
26161-2019,26161,2019,21,val,21,26
26161-2020,26161,2020,21,val,21,26
26165-2020,26165,2020,21,val,21,26
27001-2020,27001,2020,21,train,21,26
27005-2019,27005,2019,21,train,21,26
27005-2020,27005,2020,21,train,21,26
27005-2021,27005,2021,21,train,21,26
27007-2020,27007,2020,21,train,21,26
27007-2021,27007,2021,21,train,21,26
27011-2020,27011,2020,21,train,21,26
27011-2021,27011,2021,21,train,21,26
27013-2019,27013,2019,21,train,21,26
27013-2020,27013,2020,21,train,21,26
27013-2021,27013,2021,21,train,21,26
27015-2019,27015,2019,21,train,21,26
27015-2020,27015,2020,21,train,21,26
27015-2021,27015,2021,21,train,21,26
27019-2020,27019,2020,21,train,21,26
27023-2019,27023,2019,21,train,21,26
27023-2021,27023,2021,21,train,21,26
27025-2019,27025,2019,21,train,21,26
27025-2020,27025,2020,21,train,21,26
27027-2021,27027,2021,21,train,21,26
27029-2019,27029,2019,21,train,21,26
27029-2020,27029,2020,21,train,21,26
27029-2021,27029,2021,21,train,21,26
27033-2019,27033,2019,21,train,21,26
27033-2020,27033,2020,21,train,21,26
27033-2021,27033,2021,21,train,21,26
27035-2020,27035,2020,21,train,21,26
27035-2021,27035,2021,21,train,21,26
27037-2020,27037,2020,21,train,21,26
27039-2020,27039,2020,21,train,21,26
27041-2020,27041,2020,21,train,21,26
27041-2021,27041,2021,21,train,21,26
27043-2020,27043,2020,21,train,21,26
27043-2021,27043,2021,21,train,21,26
27043-2022,27043,2022,21,train,21,26
27045-2020,27045,2020,21,train,21,26
27045-2022,27045,2022,21,train,21,26
27047-2020,27047,2020,21,train,21,26
27047-2021,27047,2021,21,train,21,26
27047-2022,27047,2022,21,train,21,26
27049-2020,27049,2020,21,train,21,26
27049-2021,27049,2021,21,train,21,26
27051-2019,27051,2019,21,train,21,26
27051-2020,27051,2020,21,train,21,26
27051-2021,27051,2021,21,train,21,26
27053-2019,27053,2019,21,train,21,26
27053-2020,27053,2020,21,train,21,26
27055-2019,27055,2019,21,train,21,26
27055-2020,27055,2020,21,train,21,26
27055-2021,27055,2021,21,train,21,26
27055-2022,27055,2022,21,train,21,26
27057-2020,27057,2020,21,train,21,26
27057-2021,27057,2021,21,train,21,26
27059-2019,27059,2019,21,train,21,26
27059-2020,27059,2020,21,train,21,26
27063-2019,27063,2019,21,train,21,26
27063-2020,27063,2020,21,train,21,26
27063-2021,27063,2021,21,train,21,26
27063-2022,27063,2022,21,train,21,26
27067-2020,27067,2020,21,train,21,26
27069-2019,27069,2019,21,train,21,26
27069-2020,27069,2020,21,train,21,26
27079-2020,27079,2020,21,train,21,26
27079-2021,27079,2021,21,train,21,26
27081-2019,27081,2019,21,train,21,26
27081-2020,27081,2020,21,train,21,26
27081-2021,27081,2021,21,train,21,26
27083-2019,27083,2019,21,train,21,26
27083-2020,27083,2020,21,train,21,26
27083-2021,27083,2021,21,train,21,26
27087-2020,27087,2020,21,train,21,26
27087-2021,27087,2021,21,train,21,26
27089-2019,27089,2019,21,train,21,26
27089-2020,27089,2020,21,train,21,26
27089-2021,27089,2021,21,train,21,26
27091-2022,27091,2022,21,train,21,26
27093-2019,27093,2019,21,train,21,26
27093-2020,27093,2020,21,train,21,26
27093-2021,27093,2021,21,train,21,26
27097-2019,27097,2019,21,train,21,26
27097-2020,27097,2020,21,train,21,26
27097-2021,27097,2021,21,train,21,26
27099-2020,27099,2020,21,train,21,26
27099-2022,27099,2022,21,train,21,26
27101-2019,27101,2019,21,train,21,26
27101-2020,27101,2020,21,train,21,26
27101-2021,27101,2021,21,train,21,26
27103-2019,27103,2019,21,train,21,26
27105-2019,27105,2019,21,train,21,26
27105-2020,27105,2020,21,train,21,26
27105-2021,27105,2021,21,train,21,26
27105-2022,27105,2022,21,train,21,26
27107-2020,27107,2020,21,train,21,26
27109-2020,27109,2020,21,train,21,26
27111-2019,27111,2019,21,train,21,26
27111-2020,27111,2020,21,train,21,26
27111-2021,27111,2021,21,train,21,26
27115-2019,27115,2019,21,train,21,26
27115-2020,27115,2020,21,train,21,26
27117-2021,27117,2021,21,train,21,26
27119-2020,27119,2020,21,train,21,26
27119-2021,27119,2021,21,train,21,26
27121-2019,27121,2019,21,train,21,26
27121-2020,27121,2020,21,train,21,26
27121-2021,27121,2021,21,train,21,26
27125-2020,27125,2020,21,train,21,26
27125-2021,27125,2021,21,train,21,26
27127-2019,27127,2019,21,train,21,26
27127-2020,27127,2020,21,train,21,26
27127-2021,27127,2021,21,train,21,26
27129-2019,27129,2019,21,train,21,26
27129-2020,27129,2020,21,train,21,26
27129-2021,27129,2021,21,train,21,26
27131-2020,27131,2020,21,train,21,26
27131-2021,27131,2021,21,train,21,26
27133-2019,27133,2019,21,train,21,26
27133-2020,27133,2020,21,train,21,26
27133-2021,27133,2021,21,train,21,26
27133-2022,27133,2022,21,train,21,26
27135-2019,27135,2019,21,train,21,26
27135-2020,27135,2020,21,train,21,26
27135-2021,27135,2021,21,train,21,26
27139-2020,27139,2020,21,train,21,26
27143-2019,27143,2019,21,train,21,26
27145-2019,27145,2019,21,train,21,26
27145-2020,27145,2020,21,train,21,26
27145-2021,27145,2021,21,train,21,26
27147-2020,27147,2020,21,train,21,26
27147-2021,27147,2021,21,train,21,26
27149-2019,27149,2019,21,train,21,26
27149-2020,27149,2020,21,train,21,26
27149-2021,27149,2021,21,train,21,26
27151-2019,27151,2019,21,train,21,26
27151-2020,27151,2020,21,train,21,26
27153-2019,27153,2019,21,train,21,26
27153-2020,27153,2020,21,train,21,26
27153-2021,27153,2021,21,train,21,26
27155-2020,27155,2020,21,train,21,26
27155-2021,27155,2021,21,train,21,26
27157-2020,27157,2020,21,train,21,26
27159-2019,27159,2019,21,train,21,26
27159-2020,27159,2020,21,train,21,26
27159-2021,27159,2021,21,train,21,26
27161-2020,27161,2020,21,train,21,26
27161-2021,27161,2021,21,train,21,26
27163-2019,27163,2019,21,train,21,26
27163-2020,27163,2020,21,train,21,26
27167-2020,27167,2020,21,train,21,26
27167-2021,27167,2021,21,train,21,26
27169-2019,27169,2019,21,train,21,26
27169-2020,27169,2020,21,train,21,26
27169-2021,27169,2021,21,train,21,26
27173-2019,27173,2019,21,train,21,26
27173-2020,27173,2020,21,train,21,26
29001-2019,29001,2019,21,train,21,26
29001-2020,29001,2020,21,train,21,26
29001-2021,29001,2021,21,train,21,26
29003-2020,29003,2020,21,train,21,26
29005-2020,29005,2020,21,train,21,26
29005-2022,29005,2022,21,train,21,26
29007-2020,29007,2020,21,train,21,26
29011-2019,29011,2019,21,train,21,26
29013-2019,29013,2019,21,train,21,26
29015-2020,29015,2020,21,train,21,26
29017-2019,29017,2019,21,train,21,26
29017-2020,29017,2020,21,train,21,26
29017-2021,29017,2021,21,train,21,26
29019-2020,29019,2020,21,train,21,26
29021-2020,29021,2020,21,train,21,26
29021-2021,29021,2021,21,train,21,26
29021-2022,29021,2022,21,train,21,26
29023-2019,29023,2019,21,train,21,26
29023-2020,29023,2020,21,train,21,26
29023-2021,29023,2021,21,train,21,26
29025-2021,29025,2021,21,train,21,26
29027-2020,29027,2020,21,train,21,26
29031-2020,29031,2020,21,train,21,26
29031-2021,29031,2021,21,train,21,26
29037-2020,29037,2020,21,train,21,26
29037-2021,29037,2021,21,train,21,26
29039-2019,29039,2019,21,train,21,26
29039-2021,29039,2021,21,train,21,26
29041-2020,29041,2020,21,train,21,26
29045-2020,29045,2020,21,train,21,26
29047-2020,29047,2020,21,train,21,26
29047-2021,29047,2021,21,train,21,26
29049-2019,29049,2019,21,train,21,26
29049-2020,29049,2020,21,train,21,26
29049-2021,29049,2021,21,train,21,26
29051-2020,29051,2020,21,train,21,26
29053-2020,29053,2020,21,train,21,26
29053-2021,29053,2021,21,train,21,26
29057-2019,29057,2019,21,train,21,26
29061-2020,29061,2020,21,train,21,26
29061-2021,29061,2021,21,train,21,26
29069-2019,29069,2019,21,train,21,26
29069-2020,29069,2020,21,train,21,26
29069-2021,29069,2021,21,train,21,26
29071-2020,29071,2020,21,train,21,26
29073-2020,29073,2020,21,train,21,26
29075-2020,29075,2020,21,train,21,26
29081-2020,29081,2020,21,train,21,26
29081-2021,29081,2021,21,train,21,26
29083-2021,29083,2021,21,train,21,26
29087-2020,29087,2020,21,train,21,26
29089-2020,29089,2020,21,train,21,26
29089-2021,29089,2021,21,train,21,26
29095-2019,29095,2019,21,train,21,26
29095-2020,29095,2020,21,train,21,26
29101-2021,29101,2021,21,train,21,26
29103-2020,29103,2020,21,train,21,26
29109-2020,29109,2020,21,train,21,26
29109-2021,29109,2021,21,train,21,26
29111-2020,29111,2020,21,train,21,26
29111-2022,29111,2022,21,train,21,26
29113-2020,29113,2020,21,train,21,26
29113-2022,29113,2022,21,train,21,26
29115-2020,29115,2020,21,train,21,26
29115-2021,29115,2021,21,train,21,26
29121-2020,29121,2020,21,train,21,26
29127-2019,29127,2019,21,train,21,26
29127-2020,29127,2020,21,train,21,26
29127-2021,29127,2021,21,train,21,26
29127-2022,29127,2022,21,train,21,26
29133-2019,29133,2019,21,train,21,26
29133-2020,29133,2020,21,train,21,26
29133-2021,29133,2021,21,train,21,26
29135-2020,29135,2020,21,train,21,26
29137-2020,29137,2020,21,train,21,26
29137-2021,29137,2021,21,train,21,26
29139-2020,29139,2020,21,train,21,26
29141-2019,29141,2019,21,train,21,26
29141-2020,29141,2020,21,train,21,26
29143-2019,29143,2019,21,train,21,26
29145-2019,29145,2019,21,train,21,26
29145-2020,29145,2020,21,train,21,26
29145-2021,29145,2021,21,train,21,26
29151-2020,29151,2020,21,train,21,26
29155-2020,29155,2020,21,train,21,26
29155-2021,29155,2021,21,train,21,26
29157-2020,29157,2020,21,train,21,26
29157-2021,29157,2021,21,train,21,26
29157-2022,29157,2022,21,train,21,26
29159-2020,29159,2020,21,train,21,26
29163-2020,29163,2020,21,train,21,26
29163-2022,29163,2022,21,train,21,26
29165-2019,29165,2019,21,train,21,26
29165-2020,29165,2020,21,train,21,26
29165-2021,29165,2021,21,train,21,26
29173-2019,29173,2019,21,train,21,26
29173-2020,29173,2020,21,train,21,26
29173-2022,29173,2022,21,train,21,26
29175-2020,29175,2020,21,train,21,26
29195-2020,29195,2020,21,train,21,26
29197-2022,29197,2022,21,train,21,26
29199-2020,29199,2020,21,train,21,26
29199-2022,29199,2022,21,train,21,26
29201-2019,29201,2019,21,train,21,26
29201-2020,29201,2020,21,train,21,26
29201-2021,29201,2021,21,train,21,26
29205-2020,29205,2020,21,train,21,26
29205-2021,29205,2021,21,train,21,26
29207-2019,29207,2019,21,train,21,26
29207-2020,29207,2020,21,train,21,26
29207-2021,29207,2021,21,train,21,26
29211-2020,29211,2020,21,train,21,26
29219-2020,29219,2020,21,train,21,26
29227-2020,29227,2020,21,train,21,26
29227-2021,29227,2021,21,train,21,26
29227-2022,29227,2022,21,train,21,26
31001-2019,31001,2019,21,train,21,26
31001-2020,31001,2020,21,train,21,26
31001-2022,31001,2022,21,train,21,26
31011-2019,31011,2019,21,train,21,26
31011-2022,31011,2022,21,train,21,26
31013-2019,31013,2019,21,train,21,26
31013-2020,31013,2020,21,train,21,26
31013-2021,31013,2021,21,train,21,26
31015-2020,31015,2020,21,train,21,26
31015-2022,31015,2022,21,train,21,26
31017-2020,31017,2020,21,train,21,26
31017-2021,31017,2021,21,train,21,26
31019-2019,31019,2019,21,train,21,26
31019-2020,31019,2020,21,train,21,26
31019-2022,31019,2022,21,train,21,26
31021-2019,31021,2019,21,train,21,26
31021-2022,31021,2022,21,train,21,26
31023-2019,31023,2019,21,train,21,26
31023-2020,31023,2020,21,train,21,26
31023-2022,31023,2022,21,train,21,26
31025-2019,31025,2019,21,train,21,26
31025-2020,31025,2020,21,train,21,26
31025-2022,31025,2022,21,train,21,26
31027-2021,31027,2021,21,train,21,26
31027-2022,31027,2022,21,train,21,26
31029-2019,31029,2019,21,train,21,26
31029-2020,31029,2020,21,train,21,26
31029-2021,31029,2021,21,train,21,26
31031-2021,31031,2021,21,train,21,26
31033-2020,31033,2020,21,train,21,26
31035-2019,31035,2019,21,train,21,26
31035-2020,31035,2020,21,train,21,26
31035-2022,31035,2022,21,train,21,26
31037-2019,31037,2019,21,train,21,26
31037-2020,31037,2020,21,train,21,26
31037-2022,31037,2022,21,train,21,26
31039-2022,31039,2022,21,train,21,26
31041-2019,31041,2019,21,train,21,26
31041-2020,31041,2020,21,train,21,26
31043-2020,31043,2020,21,train,21,26
31043-2021,31043,2021,21,train,21,26
31043-2022,31043,2022,21,train,21,26
31045-2020,31045,2020,21,train,21,26
31047-2019,31047,2019,21,train,21,26
31047-2020,31047,2020,21,train,21,26
31047-2022,31047,2022,21,train,21,26
31049-2019,31049,2019,21,train,21,26
31049-2020,31049,2020,21,train,21,26
31051-2020,31051,2020,21,train,21,26
31053-2019,31053,2019,21,train,21,26
31053-2020,31053,2020,21,train,21,26
31053-2022,31053,2022,21,train,21,26
31055-2019,31055,2019,21,train,21,26
31055-2020,31055,2020,21,train,21,26
31055-2022,31055,2022,21,train,21,26
31057-2020,31057,2020,21,train,21,26
31057-2021,31057,2021,21,train,21,26
31059-2019,31059,2019,21,train,21,26
31059-2020,31059,2020,21,train,21,26
31059-2022,31059,2022,21,train,21,26
31061-2019,31061,2019,21,train,21,26
31061-2020,31061,2020,21,train,21,26
31061-2021,31061,2021,21,train,21,26
31061-2022,31061,2022,21,train,21,26
31063-2019,31063,2019,21,train,21,26
31063-2020,31063,2020,21,train,21,26
31063-2021,31063,2021,21,train,21,26
31063-2022,31063,2022,21,train,21,26
31065-2019,31065,2019,21,train,21,26
31065-2020,31065,2020,21,train,21,26
31065-2021,31065,2021,21,train,21,26
31065-2022,31065,2022,21,train,21,26
31067-2019,31067,2019,21,train,21,26
31067-2020,31067,2020,21,train,21,26
31067-2022,31067,2022,21,train,21,26
31069-2020,31069,2020,21,train,21,26
31071-2019,31071,2019,21,train,21,26
31071-2020,31071,2020,21,train,21,26
31071-2021,31071,2021,21,train,21,26
31071-2022,31071,2022,21,train,21,26
31073-2020,31073,2020,21,train,21,26
31073-2021,31073,2021,21,train,21,26
31073-2022,31073,2022,21,train,21,26
31077-2019,31077,2019,21,train,21,26
31077-2020,31077,2020,21,train,21,26
31077-2021,31077,2021,21,train,21,26
31077-2022,31077,2022,21,train,21,26
31079-2019,31079,2019,21,train,21,26
31079-2022,31079,2022,21,train,21,26
31081-2019,31081,2019,21,train,21,26
31081-2022,31081,2022,21,train,21,26
31083-2019,31083,2019,21,train,21,26
31083-2020,31083,2020,21,train,21,26
31083-2021,31083,2021,21,train,21,26
31083-2022,31083,2022,21,train,21,26
31085-2019,31085,2019,21,train,21,26
31085-2020,31085,2020,21,train,21,26
31085-2021,31085,2021,21,train,21,26
31087-2020,31087,2020,21,train,21,26
31089-2019,31089,2019,21,train,21,26
31089-2020,31089,2020,21,train,21,26
31089-2022,31089,2022,21,train,21,26
31093-2019,31093,2019,21,train,21,26
31093-2020,31093,2020,21,train,21,26
31093-2021,31093,2021,21,train,21,26
31093-2022,31093,2022,21,train,21,26
31095-2019,31095,2019,21,train,21,26
31095-2020,31095,2020,21,train,21,26
31095-2022,31095,2022,21,train,21,26
31097-2020,31097,2020,21,train,21,26
31097-2022,31097,2022,21,train,21,26
31099-2019,31099,2019,21,train,21,26
31099-2020,31099,2020,21,train,21,26
31099-2022,31099,2022,21,train,21,26
31101-2020,31101,2020,21,train,21,26
31101-2021,31101,2021,21,train,21,26
31103-2020,31103,2020,21,train,21,26
31107-2020,31107,2020,21,train,21,26
31107-2021,31107,2021,21,train,21,26
31107-2022,31107,2022,21,train,21,26
31109-2019,31109,2019,21,train,21,26
31109-2020,31109,2020,21,train,21,26
31109-2022,31109,2022,21,train,21,26
31111-2019,31111,2019,21,train,21,26
31111-2020,31111,2020,21,train,21,26
31111-2021,31111,2021,21,train,21,26
31111-2022,31111,2022,21,train,21,26
31113-2019,31113,2019,21,train,21,26
31113-2020,31113,2020,21,train,21,26
31115-2020,31115,2020,21,train,21,26
31119-2022,31119,2022,21,train,21,26
31121-2019,31121,2019,21,train,21,26
31123-2019,31123,2019,21,train,21,26
31123-2020,31123,2020,21,train,21,26
31123-2021,31123,2021,21,train,21,26
31125-2019,31125,2019,21,train,21,26
31125-2020,31125,2020,21,train,21,26
31125-2022,31125,2022,21,train,21,26
31127-2020,31127,2020,21,train,21,26
31127-2022,31127,2022,21,train,21,26
31129-2020,31129,2020,21,train,21,26
31129-2022,31129,2022,21,train,21,26
31131-2019,31131,2019,21,train,21,26
31131-2020,31131,2020,21,train,21,26
31131-2022,31131,2022,21,train,21,26
31135-2019,31135,2019,21,train,21,26
31135-2020,31135,2020,21,train,21,26
31135-2021,31135,2021,21,train,21,26
31137-2019,31137,2019,21,train,21,26
31137-2020,31137,2020,21,train,21,26
31137-2021,31137,2021,21,train,21,26
31137-2022,31137,2022,21,train,21,26
31139-2020,31139,2020,21,train,21,26
31139-2021,31139,2021,21,train,21,26
31139-2022,31139,2022,21,train,21,26
31141-2019,31141,2019,21,train,21,26
31141-2020,31141,2020,21,train,21,26
31141-2021,31141,2021,21,train,21,26
31141-2022,31141,2022,21,train,21,26
31143-2020,31143,2020,21,train,21,26
31143-2022,31143,2022,21,train,21,26
31145-2019,31145,2019,21,train,21,26
31145-2020,31145,2020,21,train,21,26
31145-2021,31145,2021,21,train,21,26
31147-2020,31147,2020,21,train,21,26
31147-2022,31147,2022,21,train,21,26
31149-2019,31149,2019,21,train,21,26
31149-2020,31149,2020,21,train,21,26
31149-2021,31149,2021,21,train,21,26
31151-2019,31151,2019,21,train,21,26
31151-2020,31151,2020,21,train,21,26
31151-2022,31151,2022,21,train,21,26
31153-2020,31153,2020,21,train,21,26
31153-2022,31153,2022,21,train,21,26
31155-2019,31155,2019,21,train,21,26
31155-2020,31155,2020,21,train,21,26
31155-2022,31155,2022,21,train,21,26
31157-2019,31157,2019,21,train,21,26
31157-2020,31157,2020,21,train,21,26
31157-2021,31157,2021,21,train,21,26
31159-2019,31159,2019,21,train,21,26
31159-2020,31159,2020,21,train,21,26
31159-2022,31159,2022,21,train,21,26
31161-2020,31161,2020,21,train,21,26
31161-2021,31161,2021,21,train,21,26
31163-2019,31163,2019,21,train,21,26
31163-2020,31163,2020,21,train,21,26
31163-2021,31163,2021,21,train,21,26
31163-2022,31163,2022,21,train,21,26
31165-2019,31165,2019,21,train,21,26
31165-2020,31165,2020,21,train,21,26
31165-2021,31165,2021,21,train,21,26
31167-2019,31167,2019,21,train,21,26
31167-2022,31167,2022,21,train,21,26
31169-2019,31169,2019,21,train,21,26
31169-2020,31169,2020,21,train,21,26
31169-2021,31169,2021,21,train,21,26
31169-2022,31169,2022,21,train,21,26
31173-2019,31173,2019,21,train,21,26
31173-2022,31173,2022,21,train,21,26
31175-2019,31175,2019,21,train,21,26
31175-2020,31175,2020,21,train,21,26
31175-2021,31175,2021,21,train,21,26
31175-2022,31175,2022,21,train,21,26
31177-2019,31177,2019,21,train,21,26
31177-2020,31177,2020,21,train,21,26
31177-2022,31177,2022,21,train,21,26
31179-2019,31179,2019,21,train,21,26
31179-2021,31179,2021,21,train,21,26
31179-2022,31179,2022,21,train,21,26
31181-2020,31181,2020,21,train,21,26
31181-2022,31181,2022,21,train,21,26
31183-2020,31183,2020,21,train,21,26
31185-2019,31185,2019,21,train,21,26
31185-2020,31185,2020,21,train,21,26
31185-2022,31185,2022,21,train,21,26
38001-2020,38001,2020,21,train,21,26
38001-2021,38001,2021,21,train,21,26
38003-2020,38003,2020,21,train,21,26
38003-2021,38003,2021,21,train,21,26
38005-2020,38005,2020,21,train,21,26
38005-2021,38005,2021,21,train,21,26
38007-2020,38007,2020,21,train,21,26
38007-2021,38007,2021,21,train,21,26
38009-2020,38009,2020,21,train,21,26
38009-2021,38009,2021,21,train,21,26
38011-2020,38011,2020,21,train,21,26
38015-2019,38015,2019,21,train,21,26
38015-2020,38015,2020,21,train,21,26
38017-2019,38017,2019,21,train,21,26
38017-2020,38017,2020,21,train,21,26
38017-2021,38017,2021,21,train,21,26
38021-2020,38021,2020,21,train,21,26
38021-2021,38021,2021,21,train,21,26
38025-2020,38025,2020,21,train,21,26
38025-2021,38025,2021,21,train,21,26
38027-2020,38027,2020,21,train,21,26
38027-2021,38027,2021,21,train,21,26
38029-2020,38029,2020,21,train,21,26
38029-2021,38029,2021,21,train,21,26
38031-2020,38031,2020,21,train,21,26
38031-2021,38031,2021,21,train,21,26
38033-2021,38033,2021,21,train,21,26
38035-2019,38035,2019,21,train,21,26
38035-2020,38035,2020,21,train,21,26
38035-2021,38035,2021,21,train,21,26
38037-2020,38037,2020,21,train,21,26
38037-2021,38037,2021,21,train,21,26
38041-2019,38041,2019,21,train,21,26
38041-2020,38041,2020,21,train,21,26
38041-2021,38041,2021,21,train,21,26
38043-2019,38043,2019,21,train,21,26
38043-2020,38043,2020,21,train,21,26
38043-2021,38043,2021,21,train,21,26
38047-2020,38047,2020,21,train,21,26
38047-2021,38047,2021,21,train,21,26
38057-2020,38057,2020,21,train,21,26
38057-2021,38057,2021,21,train,21,26
38059-2020,38059,2020,21,train,21,26
38061-2019,38061,2019,21,train,21,26
38061-2020,38061,2020,21,train,21,26
38063-2020,38063,2020,21,train,21,26
38065-2020,38065,2020,21,train,21,26
38067-2020,38067,2020,21,train,21,26
38067-2021,38067,2021,21,train,21,26
38069-2020,38069,2020,21,train,21,26
38069-2021,38069,2021,21,train,21,26
38071-2020,38071,2020,21,train,21,26
38071-2021,38071,2021,21,train,21,26
38073-2020,38073,2020,21,train,21,26
38073-2021,38073,2021,21,train,21,26
38075-2020,38075,2020,21,train,21,26
38075-2021,38075,2021,21,train,21,26
38077-2019,38077,2019,21,train,21,26
38077-2020,38077,2020,21,train,21,26
38077-2021,38077,2021,21,train,21,26
38079-2021,38079,2021,21,train,21,26
38081-2019,38081,2019,21,train,21,26
38081-2020,38081,2020,21,train,21,26
38081-2021,38081,2021,21,train,21,26
38083-2019,38083,2019,21,train,21,26
38083-2020,38083,2020,21,train,21,26
38087-2019,38087,2019,21,train,21,26
38087-2020,38087,2020,21,train,21,26
38087-2021,38087,2021,21,train,21,26
38089-2020,38089,2020,21,train,21,26
38089-2021,38089,2021,21,train,21,26
38091-2019,38091,2019,21,train,21,26
38091-2020,38091,2020,21,train,21,26
38091-2021,38091,2021,21,train,21,26
38093-2019,38093,2019,21,train,21,26
38093-2020,38093,2020,21,train,21,26
38093-2021,38093,2021,21,train,21,26
38095-2020,38095,2020,21,train,21,26
38095-2021,38095,2021,21,train,21,26
38097-2020,38097,2020,21,train,21,26
38099-2020,38099,2020,21,train,21,26
38099-2021,38099,2021,21,train,21,26
38101-2019,38101,2019,21,train,21,26
38101-2020,38101,2020,21,train,21,26
38101-2021,38101,2021,21,train,21,26
38103-2020,38103,2020,21,train,21,26
38103-2021,38103,2021,21,train,21,26
38105-2021,38105,2021,21,train,21,26
39001-2020,39001,2020,21,train,21,26
39001-2022,39001,2022,21,train,21,26
39003-2020,39003,2020,21,train,21,26
39003-2022,39003,2022,21,train,21,26
39005-2019,39005,2019,21,train,21,26
39005-2020,39005,2020,21,train,21,26
39005-2021,39005,2021,21,train,21,26
39007-2019,39007,2019,21,train,21,26
39007-2021,39007,2021,21,train,21,26
39011-2019,39011,2019,21,train,21,26
39011-2020,39011,2020,21,train,21,26
39011-2021,39011,2021,21,train,21,26
39011-2022,39011,2022,21,train,21,26
39015-2022,39015,2022,21,train,21,26
39017-2020,39017,2020,21,train,21,26
39017-2022,39017,2022,21,train,21,26
39021-2019,39021,2019,21,train,21,26
39021-2020,39021,2020,21,train,21,26
39021-2022,39021,2022,21,train,21,26
39023-2022,39023,2022,21,train,21,26
39025-2022,39025,2022,21,train,21,26
39027-2022,39027,2022,21,train,21,26
39029-2019,39029,2019,21,train,21,26
39031-2019,39031,2019,21,train,21,26
39031-2020,39031,2020,21,train,21,26
39031-2021,39031,2021,21,train,21,26
39031-2022,39031,2022,21,train,21,26
39033-2022,39033,2022,21,train,21,26
39037-2019,39037,2019,21,train,21,26
39037-2020,39037,2020,21,train,21,26
39037-2021,39037,2021,21,train,21,26
39037-2022,39037,2022,21,train,21,26
39039-2019,39039,2019,21,train,21,26
39039-2020,39039,2020,21,train,21,26
39039-2022,39039,2022,21,train,21,26
39041-2022,39041,2022,21,train,21,26
39043-2020,39043,2020,21,train,21,26
39043-2022,39043,2022,21,train,21,26
39045-2019,39045,2019,21,train,21,26
39045-2020,39045,2020,21,train,21,26
39045-2022,39045,2022,21,train,21,26
39047-2020,39047,2020,21,train,21,26
39047-2022,39047,2022,21,train,21,26
39049-2022,39049,2022,21,train,21,26
39051-2019,39051,2019,21,train,21,26
39051-2020,39051,2020,21,train,21,26
39051-2022,39051,2022,21,train,21,26
39053-2019,39053,2019,21,train,21,26
39053-2020,39053,2020,21,train,21,26
39053-2021,39053,2021,21,train,21,26
39057-2022,39057,2022,21,train,21,26
39061-2020,39061,2020,21,train,21,26
39063-2020,39063,2020,21,train,21,26
39063-2022,39063,2022,21,train,21,26
39065-2019,39065,2019,21,train,21,26
39065-2020,39065,2020,21,train,21,26
39065-2021,39065,2021,21,train,21,26
39065-2022,39065,2022,21,train,21,26
39069-2020,39069,2020,21,train,21,26
39069-2022,39069,2022,21,train,21,26
39071-2022,39071,2022,21,train,21,26
39075-2019,39075,2019,21,train,21,26
39075-2020,39075,2020,21,train,21,26
39075-2021,39075,2021,21,train,21,26
39075-2022,39075,2022,21,train,21,26
39077-2022,39077,2022,21,train,21,26
39079-2022,39079,2022,21,train,21,26
39083-2019,39083,2019,21,train,21,26
39083-2020,39083,2020,21,train,21,26
39083-2021,39083,2021,21,train,21,26
39083-2022,39083,2022,21,train,21,26
39089-2020,39089,2020,21,train,21,26
39089-2021,39089,2021,21,train,21,26
39089-2022,39089,2022,21,train,21,26
39091-2019,39091,2019,21,train,21,26
39091-2020,39091,2020,21,train,21,26
39091-2021,39091,2021,21,train,21,26
39091-2022,39091,2022,21,train,21,26
39093-2020,39093,2020,21,train,21,26
39093-2021,39093,2021,21,train,21,26
39093-2022,39093,2022,21,train,21,26
39095-2019,39095,2019,21,train,21,26
39095-2020,39095,2020,21,train,21,26
39095-2022,39095,2022,21,train,21,26
39097-2020,39097,2020,21,train,21,26
39097-2022,39097,2022,21,train,21,26
39099-2019,39099,2019,21,train,21,26
39101-2019,39101,2019,21,train,21,26
39101-2020,39101,2020,21,train,21,26
39101-2022,39101,2022,21,train,21,26
39103-2019,39103,2019,21,train,21,26
39103-2020,39103,2020,21,train,21,26
39103-2021,39103,2021,21,train,21,26
39103-2022,39103,2022,21,train,21,26
39107-2019,39107,2019,21,train,21,26
39107-2020,39107,2020,21,train,21,26
39107-2021,39107,2021,21,train,21,26
39107-2022,39107,2022,21,train,21,26
39109-2019,39109,2019,21,train,21,26
39109-2020,39109,2020,21,train,21,26
39109-2022,39109,2022,21,train,21,26
39113-2019,39113,2019,21,train,21,26
39117-2022,39117,2022,21,train,21,26
39119-2019,39119,2019,21,train,21,26
39119-2020,39119,2020,21,train,21,26
39119-2021,39119,2021,21,train,21,26
39119-2022,39119,2022,21,train,21,26
39123-2020,39123,2020,21,train,21,26
39123-2022,39123,2022,21,train,21,26
39125-2020,39125,2020,21,train,21,26
39125-2022,39125,2022,21,train,21,26
39127-2020,39127,2020,21,train,21,26
39127-2021,39127,2021,21,train,21,26
39129-2019,39129,2019,21,train,21,26
39129-2020,39129,2020,21,train,21,26
39129-2021,39129,2021,21,train,21,26
39129-2022,39129,2022,21,train,21,26
39131-2019,39131,2019,21,train,21,26
39131-2021,39131,2021,21,train,21,26
39131-2022,39131,2022,21,train,21,26
39133-2019,39133,2019,21,train,21,26
39133-2021,39133,2021,21,train,21,26
39135-2019,39135,2019,21,train,21,26
39135-2020,39135,2020,21,train,21,26
39135-2021,39135,2021,21,train,21,26
39135-2022,39135,2022,21,train,21,26
39137-2019,39137,2019,21,train,21,26
39137-2020,39137,2020,21,train,21,26
39137-2022,39137,2022,21,train,21,26
39139-2019,39139,2019,21,train,21,26
39139-2020,39139,2020,21,train,21,26
39139-2022,39139,2022,21,train,21,26
39141-2019,39141,2019,21,train,21,26
39141-2021,39141,2021,21,train,21,26
39141-2022,39141,2022,21,train,21,26
39143-2019,39143,2019,21,train,21,26
39143-2020,39143,2020,21,train,21,26
39143-2022,39143,2022,21,train,21,26
39145-2019,39145,2019,21,train,21,26
39145-2020,39145,2020,21,train,21,26
39145-2021,39145,2021,21,train,21,26
39147-2019,39147,2019,21,train,21,26
39147-2020,39147,2020,21,train,21,26
39147-2022,39147,2022,21,train,21,26
39149-2019,39149,2019,21,train,21,26
39149-2020,39149,2020,21,train,21,26
39149-2022,39149,2022,21,train,21,26
39151-2019,39151,2019,21,train,21,26
39151-2020,39151,2020,21,train,21,26
39151-2021,39151,2021,21,train,21,26
39155-2019,39155,2019,21,train,21,26
39157-2019,39157,2019,21,train,21,26
39157-2020,39157,2020,21,train,21,26
39157-2021,39157,2021,21,train,21,26
39159-2019,39159,2019,21,train,21,26
39159-2022,39159,2022,21,train,21,26
39161-2019,39161,2019,21,train,21,26
39161-2020,39161,2020,21,train,21,26
39161-2022,39161,2022,21,train,21,26
39165-2019,39165,2019,21,train,21,26
39165-2020,39165,2020,21,train,21,26
39165-2022,39165,2022,21,train,21,26
39167-2019,39167,2019,21,train,21,26
39167-2020,39167,2020,21,train,21,26
39167-2021,39167,2021,21,train,21,26
39169-2019,39169,2019,21,train,21,26
39169-2020,39169,2020,21,train,21,26
39169-2021,39169,2021,21,train,21,26
39169-2022,39169,2022,21,train,21,26
39171-2019,39171,2019,21,train,21,26
39171-2020,39171,2020,21,train,21,26
39171-2022,39171,2022,21,train,21,26
39173-2020,39173,2020,21,train,21,26
39173-2022,39173,2022,21,train,21,26
39175-2019,39175,2019,21,train,21,26
39175-2020,39175,2020,21,train,21,26
39175-2022,39175,2022,21,train,21,26
46003-2020,46003,2020,21,train,21,26
46003-2021,46003,2021,21,train,21,26
46005-2020,46005,2020,21,train,21,26
46005-2021,46005,2021,21,train,21,26
46007-2020,46007,2020,21,train,21,26
46007-2021,46007,2021,21,train,21,26
46009-2020,46009,2020,21,train,21,26
46009-2021,46009,2021,21,train,21,26
46009-2022,46009,2022,21,train,21,26
46011-2020,46011,2020,21,train,21,26
46011-2021,46011,2021,21,train,21,26
46013-2020,46013,2020,21,train,21,26
46013-2021,46013,2021,21,train,21,26
46015-2020,46015,2020,21,train,21,26
46015-2021,46015,2021,21,train,21,26
46017-2020,46017,2020,21,train,21,26
46017-2021,46017,2021,21,train,21,26
46019-2020,46019,2020,21,train,21,26
46019-2021,46019,2021,21,train,21,26
46021-2020,46021,2020,21,train,21,26
46021-2021,46021,2021,21,train,21,26
46023-2020,46023,2020,21,train,21,26
46023-2021,46023,2021,21,train,21,26
46023-2022,46023,2022,21,train,21,26
46025-2020,46025,2020,21,train,21,26
46025-2021,46025,2021,21,train,21,26
46027-2020,46027,2020,21,train,21,26
46027-2021,46027,2021,21,train,21,26
46027-2022,46027,2022,21,train,21,26
46029-2020,46029,2020,21,train,21,26
46029-2021,46029,2021,21,train,21,26
46031-2020,46031,2020,21,train,21,26
46031-2021,46031,2021,21,train,21,26
46035-2020,46035,2020,21,train,21,26
46037-2020,46037,2020,21,train,21,26
46037-2021,46037,2021,21,train,21,26
46039-2020,46039,2020,21,train,21,26
46041-2020,46041,2020,21,train,21,26
46043-2020,46043,2020,21,train,21,26
46043-2021,46043,2021,21,train,21,26
46045-2019,46045,2019,21,train,21,26
46045-2020,46045,2020,21,train,21,26
46049-2020,46049,2020,21,train,21,26
46049-2021,46049,2021,21,train,21,26
46051-2020,46051,2020,21,train,21,26
46051-2021,46051,2021,21,train,21,26
46053-2020,46053,2020,21,train,21,26
46053-2021,46053,2021,21,train,21,26
46057-2020,46057,2020,21,train,21,26
46057-2021,46057,2021,21,train,21,26
46059-2020,46059,2020,21,train,21,26
46059-2021,46059,2021,21,train,21,26
46061-2020,46061,2020,21,train,21,26
46061-2021,46061,2021,21,train,21,26
46063-2021,46063,2021,21,train,21,26
46065-2020,46065,2020,21,train,21,26
46065-2021,46065,2021,21,train,21,26
46067-2020,46067,2020,21,train,21,26
46067-2021,46067,2021,21,train,21,26
46069-2020,46069,2020,21,train,21,26
46073-2020,46073,2020,21,train,21,26
46073-2021,46073,2021,21,train,21,26
46075-2020,46075,2020,21,train,21,26
46077-2020,46077,2020,21,train,21,26
46077-2021,46077,2021,21,train,21,26
46079-2020,46079,2020,21,train,21,26
46079-2021,46079,2021,21,train,21,26
46083-2019,46083,2019,21,train,21,26
46083-2020,46083,2020,21,train,21,26
46083-2021,46083,2021,21,train,21,26
46083-2022,46083,2022,21,train,21,26
46085-2019,46085,2019,21,train,21,26
46085-2020,46085,2020,21,train,21,26
46085-2021,46085,2021,21,train,21,26
46091-2020,46091,2020,21,train,21,26
46091-2021,46091,2021,21,train,21,26
46093-2021,46093,2021,21,train,21,26
46095-2020,46095,2020,21,train,21,26
46097-2020,46097,2020,21,train,21,26
46097-2021,46097,2021,21,train,21,26
46099-2019,46099,2019,21,train,21,26
46099-2020,46099,2020,21,train,21,26
46099-2022,46099,2022,21,train,21,26
46101-2020,46101,2020,21,train,21,26
46102-2020,46102,2020,21,train,21,26
46102-2021,46102,2021,21,train,21,26
46103-2021,46103,2021,21,train,21,26
46107-2020,46107,2020,21,train,21,26
46107-2021,46107,2021,21,train,21,26
46109-2020,46109,2020,21,train,21,26
46111-2020,46111,2020,21,train,21,26
46111-2021,46111,2021,21,train,21,26
46115-2020,46115,2020,21,train,21,26
46119-2020,46119,2020,21,train,21,26
46119-2021,46119,2021,21,train,21,26
46121-2021,46121,2021,21,train,21,26
46123-2020,46123,2020,21,train,21,26
46123-2021,46123,2021,21,train,21,26
46125-2020,46125,2020,21,train,21,26
46125-2021,46125,2021,21,train,21,26
46125-2022,46125,2022,21,train,21,26
46127-2019,46127,2019,21,train,21,26
46127-2020,46127,2020,21,train,21,26
46127-2022,46127,2022,21,train,21,26
46129-2020,46129,2020,21,train,21,26
46129-2021,46129,2021,21,train,21,26
46135-2021,46135,2021,21,train,21,26
46135-2022,46135,2022,21,train,21,26
46137-2019,46137,2019,21,train,21,26
46137-2020,46137,2020,21,train,21,26
55001-2019,55001,2019,21,train,21,26
55001-2020,55001,2020,21,train,21,26
55005-2020,55005,2020,21,train,21,26
55009-2020,55009,2020,21,train,21,26
55011-2020,55011,2020,21,train,21,26
55013-2020,55013,2020,21,train,21,26
55015-2020,55015,2020,21,train,21,26
55017-2019,55017,2019,21,train,21,26
55017-2020,55017,2020,21,train,21,26
55017-2021,55017,2021,21,train,21,26
55019-2019,55019,2019,21,train,21,26
55019-2020,55019,2020,21,train,21,26
55019-2021,55019,2021,21,train,21,26
55021-2019,55021,2019,21,train,21,26
55021-2020,55021,2020,21,train,21,26
55021-2021,55021,2021,21,train,21,26
55023-2019,55023,2019,21,train,21,26
55023-2020,55023,2020,21,train,21,26
55023-2021,55023,2021,21,train,21,26
55023-2022,55023,2022,21,train,21,26
55025-2019,55025,2019,21,train,21,26
55025-2020,55025,2020,21,train,21,26
55025-2021,55025,2021,21,train,21,26
55025-2022,55025,2022,21,train,21,26
55027-2019,55027,2019,21,train,21,26
55027-2020,55027,2020,21,train,21,26
55029-2019,55029,2019,21,train,21,26
55029-2020,55029,2020,21,train,21,26
55029-2021,55029,2021,21,train,21,26
55033-2020,55033,2020,21,train,21,26
55035-2019,55035,2019,21,train,21,26
55035-2020,55035,2020,21,train,21,26
55035-2021,55035,2021,21,train,21,26
55043-2019,55043,2019,21,train,21,26
55043-2020,55043,2020,21,train,21,26
55043-2021,55043,2021,21,train,21,26
55043-2022,55043,2022,21,train,21,26
55045-2019,55045,2019,21,train,21,26
55045-2020,55045,2020,21,train,21,26
55045-2021,55045,2021,21,train,21,26
55045-2022,55045,2022,21,train,21,26
55047-2019,55047,2019,21,train,21,26
55047-2020,55047,2020,21,train,21,26
55047-2021,55047,2021,21,train,21,26
55049-2020,55049,2020,21,train,21,26
55049-2022,55049,2022,21,train,21,26
55053-2019,55053,2019,21,train,21,26
55053-2020,55053,2020,21,train,21,26
55053-2021,55053,2021,21,train,21,26
55055-2019,55055,2019,21,train,21,26
55055-2020,55055,2020,21,train,21,26
55055-2022,55055,2022,21,train,21,26
55057-2019,55057,2019,21,train,21,26
55057-2020,55057,2020,21,train,21,26
55057-2021,55057,2021,21,train,21,26
55059-2020,55059,2020,21,train,21,26
55059-2022,55059,2022,21,train,21,26
55061-2020,55061,2020,21,train,21,26
55063-2019,55063,2019,21,train,21,26
55063-2020,55063,2020,21,train,21,26
55063-2021,55063,2021,21,train,21,26
55065-2020,55065,2020,21,train,21,26
55065-2022,55065,2022,21,train,21,26
55067-2020,55067,2020,21,train,21,26
55067-2021,55067,2021,21,train,21,26
55069-2020,55069,2020,21,train,21,26
55069-2021,55069,2021,21,train,21,26
55071-2019,55071,2019,21,train,21,26
55071-2020,55071,2020,21,train,21,26
55073-2020,55073,2020,21,train,21,26
55073-2021,55073,2021,21,train,21,26
55075-2019,55075,2019,21,train,21,26
55075-2020,55075,2020,21,train,21,26
55075-2021,55075,2021,21,train,21,26
55077-2020,55077,2020,21,train,21,26
55079-2020,55079,2020,21,train,21,26
55081-2019,55081,2019,21,train,21,26
55081-2020,55081,2020,21,train,21,26
55081-2021,55081,2021,21,train,21,26
55083-2019,55083,2019,21,train,21,26
55083-2020,55083,2020,21,train,21,26
55083-2021,55083,2021,21,train,21,26
55087-2019,55087,2019,21,train,21,26
55087-2020,55087,2020,21,train,21,26
55089-2019,55089,2019,21,train,21,26
55089-2020,55089,2020,21,train,21,26
55091-2020,55091,2020,21,train,21,26
55093-2020,55093,2020,21,train,21,26
55095-2020,55095,2020,21,train,21,26
55097-2019,55097,2019,21,train,21,26
55097-2020,55097,2020,21,train,21,26
55101-2019,55101,2019,21,train,21,26
55101-2020,55101,2020,21,train,21,26
55101-2022,55101,2022,21,train,21,26
55103-2019,55103,2019,21,train,21,26
55103-2020,55103,2020,21,train,21,26
55103-2021,55103,2021,21,train,21,26
55103-2022,55103,2022,21,train,21,26
55105-2019,55105,2019,21,train,21,26
55105-2020,55105,2020,21,train,21,26
55105-2021,55105,2021,21,train,21,26
55105-2022,55105,2022,21,train,21,26
55107-2019,55107,2019,21,train,21,26
55107-2020,55107,2020,21,train,21,26
55107-2021,55107,2021,21,train,21,26
55111-2019,55111,2019,21,train,21,26
55111-2020,55111,2020,21,train,21,26
55111-2021,55111,2021,21,train,21,26
55113-2020,55113,2020,21,train,21,26
55113-2021,55113,2021,21,train,21,26
55115-2019,55115,2019,21,train,21,26
55115-2020,55115,2020,21,train,21,26
55115-2021,55115,2021,21,train,21,26
55117-2019,55117,2019,21,train,21,26
55117-2020,55117,2020,21,train,21,26
55119-2020,55119,2020,21,train,21,26
55119-2021,55119,2021,21,train,21,26
55121-2019,55121,2019,21,train,21,26
55121-2020,55121,2020,21,train,21,26
55121-2021,55121,2021,21,train,21,26
55123-2019,55123,2019,21,train,21,26
55123-2020,55123,2020,21,train,21,26
55123-2021,55123,2021,21,train,21,26
55123-2022,55123,2022,21,train,21,26
55127-2019,55127,2019,21,train,21,26
55127-2020,55127,2020,21,train,21,26
55127-2022,55127,2022,21,train,21,26
55129-2019,55129,2019,21,train,21,26
55129-2020,55129,2020,21,train,21,26
55131-2019,55131,2019,21,train,21,26
55131-2020,55131,2020,21,train,21,26
55133-2019,55133,2019,21,train,21,26
55133-2020,55133,2020,21,train,21,26
55133-2022,55133,2022,21,train,21,26
55135-2019,55135,2019,21,train,21,26
55135-2020,55135,2020,21,train,21,26
55137-2019,55137,2019,21,train,21,26
55137-2020,55137,2020,21,train,21,26
55137-2021,55137,2021,21,train,21,26
55139-2019,55139,2019,21,train,21,26
55139-2020,55139,2020,21,train,21,26
55141-2019,55141,2019,21,train,21,26
55141-2020,55141,2020,21,train,21,26
17001-2020,17001,2020,26,train,26,27
17001-2022,17001,2022,26,train,26,27
17003-2019,17003,2019,26,train,26,27
17003-2020,17003,2020,26,train,26,27
17005-2019,17005,2019,26,train,26,27
17005-2020,17005,2020,26,train,26,27
17005-2021,17005,2021,26,train,26,27
17005-2022,17005,2022,26,train,26,27
17007-2019,17007,2019,26,train,26,27
17007-2020,17007,2020,26,train,26,27
17007-2022,17007,2022,26,train,26,27
17009-2020,17009,2020,26,train,26,27
17009-2022,17009,2022,26,train,26,27
17011-2019,17011,2019,26,train,26,27
17011-2020,17011,2020,26,train,26,27
17011-2021,17011,2021,26,train,26,27
17011-2022,17011,2022,26,train,26,27
17013-2020,17013,2020,26,train,26,27
17013-2022,17013,2022,26,train,26,27
17015-2020,17015,2020,26,train,26,27
17015-2022,17015,2022,26,train,26,27
17017-2019,17017,2019,26,train,26,27
17017-2020,17017,2020,26,train,26,27
17017-2021,17017,2021,26,train,26,27
17017-2022,17017,2022,26,train,26,27
17019-2021,17019,2021,26,train,26,27
17019-2022,17019,2022,26,train,26,27
17021-2020,17021,2020,26,train,26,27
17021-2021,17021,2021,26,train,26,27
17021-2022,17021,2022,26,train,26,27
17023-2020,17023,2020,26,train,26,27
17023-2022,17023,2022,26,train,26,27
17025-2019,17025,2019,26,train,26,27
17025-2020,17025,2020,26,train,26,27
17025-2021,17025,2021,26,train,26,27
17025-2022,17025,2022,26,train,26,27
17027-2019,17027,2019,26,train,26,27
17027-2020,17027,2020,26,train,26,27
17027-2021,17027,2021,26,train,26,27
17027-2022,17027,2022,26,train,26,27
17029-2019,17029,2019,26,train,26,27
17029-2021,17029,2021,26,train,26,27
17031-2019,17031,2019,26,train,26,27
17033-2019,17033,2019,26,train,26,27
17033-2020,17033,2020,26,train,26,27
17033-2022,17033,2022,26,train,26,27
17035-2019,17035,2019,26,train,26,27
17035-2022,17035,2022,26,train,26,27
17039-2020,17039,2020,26,train,26,27
17039-2021,17039,2021,26,train,26,27
17039-2022,17039,2022,26,train,26,27
17041-2019,17041,2019,26,train,26,27
17041-2022,17041,2022,26,train,26,27
17045-2020,17045,2020,26,train,26,27
17045-2021,17045,2021,26,train,26,27
17045-2022,17045,2022,26,train,26,27
17047-2020,17047,2020,26,train,26,27
17047-2021,17047,2021,26,train,26,27
17047-2022,17047,2022,26,train,26,27
17049-2021,17049,2021,26,train,26,27
17049-2022,17049,2022,26,train,26,27
17051-2019,17051,2019,26,train,26,27
17051-2020,17051,2020,26,train,26,27
17051-2021,17051,2021,26,train,26,27
17053-2019,17053,2019,26,train,26,27
17053-2020,17053,2020,26,train,26,27
17053-2021,17053,2021,26,train,26,27
17053-2022,17053,2022,26,train,26,27
17055-2019,17055,2019,26,train,26,27
17055-2020,17055,2020,26,train,26,27
17055-2021,17055,2021,26,train,26,27
17055-2022,17055,2022,26,train,26,27
17057-2020,17057,2020,26,train,26,27
17057-2021,17057,2021,26,train,26,27
17057-2022,17057,2022,26,train,26,27
17059-2019,17059,2019,26,train,26,27
17059-2020,17059,2020,26,train,26,27
17059-2021,17059,2021,26,train,26,27
17059-2022,17059,2022,26,train,26,27
17061-2020,17061,2020,26,train,26,27
17061-2021,17061,2021,26,train,26,27
17061-2022,17061,2022,26,train,26,27
17063-2019,17063,2019,26,train,26,27
17063-2020,17063,2020,26,train,26,27
17063-2022,17063,2022,26,train,26,27
17065-2020,17065,2020,26,train,26,27
17065-2022,17065,2022,26,train,26,27
17067-2020,17067,2020,26,train,26,27
17067-2022,17067,2022,26,train,26,27
17071-2020,17071,2020,26,train,26,27
17071-2022,17071,2022,26,train,26,27
17073-2020,17073,2020,26,train,26,27
17073-2022,17073,2022,26,train,26,27
17075-2019,17075,2019,26,train,26,27
17075-2020,17075,2020,26,train,26,27
17075-2021,17075,2021,26,train,26,27
17075-2022,17075,2022,26,train,26,27
17077-2019,17077,2019,26,train,26,27
17077-2020,17077,2020,26,train,26,27
17077-2021,17077,2021,26,train,26,27
17077-2022,17077,2022,26,train,26,27
17079-2019,17079,2019,26,train,26,27
17079-2020,17079,2020,26,train,26,27
17079-2022,17079,2022,26,train,26,27
17081-2019,17081,2019,26,train,26,27
17081-2021,17081,2021,26,train,26,27
17081-2022,17081,2022,26,train,26,27
17083-2020,17083,2020,26,train,26,27
17083-2022,17083,2022,26,train,26,27
17085-2020,17085,2020,26,train,26,27
17085-2022,17085,2022,26,train,26,27
17087-2020,17087,2020,26,train,26,27
17089-2019,17089,2019,26,train,26,27
17089-2020,17089,2020,26,train,26,27
17089-2022,17089,2022,26,train,26,27
17091-2020,17091,2020,26,train,26,27
17091-2022,17091,2022,26,train,26,27
17093-2019,17093,2019,26,train,26,27
17093-2020,17093,2020,26,train,26,27
17093-2022,17093,2022,26,train,26,27
17095-2020,17095,2020,26,train,26,27
17095-2022,17095,2022,26,train,26,27
17097-2019,17097,2019,26,train,26,27
17097-2020,17097,2020,26,train,26,27
17101-2019,17101,2019,26,train,26,27
17101-2020,17101,2020,26,train,26,27
17101-2022,17101,2022,26,train,26,27
17103-2019,17103,2019,26,train,26,27
17103-2020,17103,2020,26,train,26,27
17103-2022,17103,2022,26,train,26,27
17105-2019,17105,2019,26,train,26,27
17105-2020,17105,2020,26,train,26,27
17105-2021,17105,2021,26,train,26,27
17105-2022,17105,2022,26,train,26,27
17107-2020,17107,2020,26,train,26,27
17107-2021,17107,2021,26,train,26,27
17107-2022,17107,2022,26,train,26,27
17115-2020,17115,2020,26,train,26,27
17115-2021,17115,2021,26,train,26,27
17115-2022,17115,2022,26,train,26,27
17117-2020,17117,2020,26,train,26,27
17117-2021,17117,2021,26,train,26,27
17117-2022,17117,2022,26,train,26,27
17119-2019,17119,2019,26,train,26,27
17119-2020,17119,2020,26,train,26,27
17119-2021,17119,2021,26,train,26,27
17119-2022,17119,2022,26,train,26,27
17121-2019,17121,2019,26,train,26,27
17121-2020,17121,2020,26,train,26,27
17121-2021,17121,2021,26,train,26,27
17121-2022,17121,2022,26,train,26,27
17123-2019,17123,2019,26,train,26,27
17123-2020,17123,2020,26,train,26,27
17123-2021,17123,2021,26,train,26,27
17123-2022,17123,2022,26,train,26,27
17125-2020,17125,2020,26,train,26,27
17125-2021,17125,2021,26,train,26,27
17125-2022,17125,2022,26,train,26,27
17127-2019,17127,2019,26,train,26,27
17127-2020,17127,2020,26,train,26,27
17129-2021,17129,2021,26,train,26,27
17131-2020,17131,2020,26,train,26,27
17131-2022,17131,2022,26,train,26,27
17133-2019,17133,2019,26,train,26,27
17133-2020,17133,2020,26,train,26,27
17133-2022,17133,2022,26,train,26,27
17135-2020,17135,2020,26,train,26,27
17135-2021,17135,2021,26,train,26,27
17135-2022,17135,2022,26,train,26,27
17137-2019,17137,2019,26,train,26,27
17137-2020,17137,2020,26,train,26,27
17137-2022,17137,2022,26,train,26,27
17139-2021,17139,2021,26,train,26,27
17139-2022,17139,2022,26,train,26,27
17141-2019,17141,2019,26,train,26,27
17141-2020,17141,2020,26,train,26,27
17141-2022,17141,2022,26,train,26,27
17143-2019,17143,2019,26,train,26,27
17143-2020,17143,2020,26,train,26,27
17143-2021,17143,2021,26,train,26,27
17143-2022,17143,2022,26,train,26,27
17145-2020,17145,2020,26,train,26,27
17145-2022,17145,2022,26,train,26,27
17147-2021,17147,2021,26,train,26,27
17147-2022,17147,2022,26,train,26,27
17149-2020,17149,2020,26,train,26,27
17151-2020,17151,2020,26,train,26,27
17153-2019,17153,2019,26,train,26,27
17153-2020,17153,2020,26,train,26,27
17153-2021,17153,2021,26,train,26,27
17155-2020,17155,2020,26,train,26,27
17155-2021,17155,2021,26,train,26,27
17155-2022,17155,2022,26,train,26,27
17157-2019,17157,2019,26,train,26,27
17157-2020,17157,2020,26,train,26,27
17157-2021,17157,2021,26,train,26,27
17157-2022,17157,2022,26,train,26,27
17159-2020,17159,2020,26,train,26,27
17161-2020,17161,2020,26,train,26,27
17161-2022,17161,2022,26,train,26,27
17165-2020,17165,2020,26,train,26,27
17165-2021,17165,2021,26,train,26,27
17165-2022,17165,2022,26,train,26,27
17167-2021,17167,2021,26,train,26,27
17169-2020,17169,2020,26,train,26,27
17169-2022,17169,2022,26,train,26,27
17171-2020,17171,2020,26,train,26,27
17171-2022,17171,2022,26,train,26,27
17173-2021,17173,2021,26,train,26,27
17173-2022,17173,2022,26,train,26,27
17175-2019,17175,2019,26,train,26,27
17175-2020,17175,2020,26,train,26,27
17175-2021,17175,2021,26,train,26,27
17175-2022,17175,2022,26,train,26,27
17177-2019,17177,2019,26,train,26,27
17177-2020,17177,2020,26,train,26,27
17177-2021,17177,2021,26,train,26,27
17177-2022,17177,2022,26,train,26,27
17179-2020,17179,2020,26,train,26,27
17179-2021,17179,2021,26,train,26,27
17179-2022,17179,2022,26,train,26,27
17181-2019,17181,2019,26,train,26,27
17181-2020,17181,2020,26,train,26,27
17181-2021,17181,2021,26,train,26,27
17183-2020,17183,2020,26,train,26,27
17183-2021,17183,2021,26,train,26,27
17183-2022,17183,2022,26,train,26,27
17185-2019,17185,2019,26,train,26,27
17185-2020,17185,2020,26,train,26,27
17185-2022,17185,2022,26,train,26,27
17187-2020,17187,2020,26,train,26,27
17187-2022,17187,2022,26,train,26,27
17189-2019,17189,2019,26,train,26,27
17189-2020,17189,2020,26,train,26,27
17189-2021,17189,2021,26,train,26,27
17189-2022,17189,2022,26,train,26,27
17191-2020,17191,2020,26,train,26,27
17191-2022,17191,2022,26,train,26,27
17193-2019,17193,2019,26,train,26,27
17193-2020,17193,2020,26,train,26,27
17193-2021,17193,2021,26,train,26,27
17193-2022,17193,2022,26,train,26,27
17195-2019,17195,2019,26,train,26,27
17195-2020,17195,2020,26,train,26,27
17195-2022,17195,2022,26,train,26,27
17197-2020,17197,2020,26,train,26,27
17197-2022,17197,2022,26,train,26,27
17199-2019,17199,2019,26,train,26,27
17199-2020,17199,2020,26,train,26,27
17199-2022,17199,2022,26,train,26,27
17201-2019,17201,2019,26,train,26,27
17201-2020,17201,2020,26,train,26,27
17201-2021,17201,2021,26,train,26,27
17201-2022,17201,2022,26,train,26,27
17203-2019,17203,2019,26,train,26,27
17203-2020,17203,2020,26,train,26,27
17203-2021,17203,2021,26,train,26,27
17203-2022,17203,2022,26,train,26,27
18001-2019,18001,2019,26,train,26,27
18001-2020,18001,2020,26,train,26,27
18001-2022,18001,2022,26,train,26,27
18003-2019,18003,2019,26,train,26,27
18003-2020,18003,2020,26,train,26,27
18003-2022,18003,2022,26,train,26,27
18005-2022,18005,2022,26,train,26,27
18007-2019,18007,2019,26,train,26,27
18007-2020,18007,2020,26,train,26,27
18007-2021,18007,2021,26,train,26,27
18007-2022,18007,2022,26,train,26,27
18009-2022,18009,2022,26,train,26,27
18011-2019,18011,2019,26,train,26,27
18011-2020,18011,2020,26,train,26,27
18011-2021,18011,2021,26,train,26,27
18011-2022,18011,2022,26,train,26,27
18015-2019,18015,2019,26,train,26,27
18015-2020,18015,2020,26,train,26,27
18015-2022,18015,2022,26,train,26,27
18017-2020,18017,2020,26,train,26,27
18017-2022,18017,2022,26,train,26,27
18019-2020,18019,2020,26,train,26,27
18021-2020,18021,2020,26,train,26,27
18021-2021,18021,2021,26,train,26,27
18021-2022,18021,2022,26,train,26,27
18023-2020,18023,2020,26,train,26,27
18023-2021,18023,2021,26,train,26,27
18023-2022,18023,2022,26,train,26,27
18027-2019,18027,2019,26,train,26,27
18027-2020,18027,2020,26,train,26,27
18027-2021,18027,2021,26,train,26,27
18027-2022,18027,2022,26,train,26,27
18029-2019,18029,2019,26,train,26,27
18029-2020,18029,2020,26,train,26,27
18029-2022,18029,2022,26,train,26,27
18031-2019,18031,2019,26,train,26,27
18031-2020,18031,2020,26,train,26,27
18031-2022,18031,2022,26,train,26,27
18035-2022,18035,2022,26,train,26,27
18037-2022,18037,2022,26,train,26,27
18039-2019,18039,2019,26,train,26,27
18039-2020,18039,2020,26,train,26,27
18039-2021,18039,2021,26,train,26,27
18039-2022,18039,2022,26,train,26,27
18041-2019,18041,2019,26,train,26,27
18041-2020,18041,2020,26,train,26,27
18041-2021,18041,2021,26,train,26,27
18041-2022,18041,2022,26,train,26,27
18045-2020,18045,2020,26,train,26,27
18045-2022,18045,2022,26,train,26,27
18047-2019,18047,2019,26,train,26,27
18047-2020,18047,2020,26,train,26,27
18047-2022,18047,2022,26,train,26,27
18049-2019,18049,2019,26,train,26,27
18049-2020,18049,2020,26,train,26,27
18049-2021,18049,2021,26,train,26,27
18051-2019,18051,2019,26,train,26,27
18051-2020,18051,2020,26,train,26,27
18051-2022,18051,2022,26,train,26,27
18053-2020,18053,2020,26,train,26,27
18053-2022,18053,2022,26,train,26,27
18055-2019,18055,2019,26,train,26,27
18055-2020,18055,2020,26,train,26,27
18055-2021,18055,2021,26,train,26,27
18057-2022,18057,2022,26,train,26,27
18059-2020,18059,2020,26,train,26,27
18059-2022,18059,2022,26,train,26,27
18063-2019,18063,2019,26,train,26,27
18063-2020,18063,2020,26,train,26,27
18063-2021,18063,2021,26,train,26,27
18063-2022,18063,2022,26,train,26,27
18065-2022,18065,2022,26,train,26,27
18067-2020,18067,2020,26,train,26,27
18067-2022,18067,2022,26,train,26,27
18069-2022,18069,2022,26,train,26,27
18071-2022,18071,2022,26,train,26,27
18073-2020,18073,2020,26,train,26,27
18073-2022,18073,2022,26,train,26,27
18075-2019,18075,2019,26,train,26,27
18075-2020,18075,2020,26,train,26,27
18075-2022,18075,2022,26,train,26,27
18077-2019,18077,2019,26,train,26,27
18077-2020,18077,2020,26,train,26,27
18077-2022,18077,2022,26,train,26,27
18079-2022,18079,2022,26,train,26,27
18081-2022,18081,2022,26,train,26,27
18083-2020,18083,2020,26,train,26,27
18083-2022,18083,2022,26,train,26,27
18085-2022,18085,2022,26,train,26,27
18089-2020,18089,2020,26,train,26,27
18089-2022,18089,2022,26,train,26,27
18093-2022,18093,2022,26,train,26,27
18095-2022,18095,2022,26,train,26,27
18097-2020,18097,2020,26,train,26,27
18099-2019,18099,2019,26,train,26,27
18099-2020,18099,2020,26,train,26,27
18099-2021,18099,2021,26,train,26,27
18099-2022,18099,2022,26,train,26,27
18101-2022,18101,2022,26,train,26,27
18103-2020,18103,2020,26,train,26,27
18103-2022,18103,2022,26,train,26,27
18105-2022,18105,2022,26,train,26,27
18107-2019,18107,2019,26,train,26,27
18107-2020,18107,2020,26,train,26,27
18107-2021,18107,2021,26,train,26,27
18109-2022,18109,2022,26,train,26,27
18111-2019,18111,2019,26,train,26,27
18111-2020,18111,2020,26,train,26,27
18111-2021,18111,2021,26,train,26,27
18111-2022,18111,2022,26,train,26,27
18113-2020,18113,2020,26,train,26,27
18113-2022,18113,2022,26,train,26,27
18115-2019,18115,2019,26,train,26,27
18115-2020,18115,2020,26,train,26,27
18119-2020,18119,2020,26,train,26,27
18119-2021,18119,2021,26,train,26,27
18119-2022,18119,2022,26,train,26,27
18121-2019,18121,2019,26,train,26,27
18121-2020,18121,2020,26,train,26,27
18121-2022,18121,2022,26,train,26,27
18123-2022,18123,2022,26,train,26,27
18125-2020,18125,2020,26,train,26,27
18125-2022,18125,2022,26,train,26,27
18127-2019,18127,2019,26,train,26,27
18127-2020,18127,2020,26,train,26,27
18127-2021,18127,2021,26,train,26,27
18127-2022,18127,2022,26,train,26,27
18129-2019,18129,2019,26,train,26,27
18129-2020,18129,2020,26,train,26,27
18129-2021,18129,2021,26,train,26,27
18129-2022,18129,2022,26,train,26,27
18131-2019,18131,2019,26,train,26,27
18131-2020,18131,2020,26,train,26,27
18131-2022,18131,2022,26,train,26,27
18133-2019,18133,2019,26,train,26,27
18133-2020,18133,2020,26,train,26,27
18133-2021,18133,2021,26,train,26,27
18133-2022,18133,2022,26,train,26,27
18135-2019,18135,2019,26,train,26,27
18135-2020,18135,2020,26,train,26,27
18135-2022,18135,2022,26,train,26,27
18137-2020,18137,2020,26,train,26,27
18137-2022,18137,2022,26,train,26,27
18139-2022,18139,2022,26,train,26,27
18141-2019,18141,2019,26,train,26,27
18141-2020,18141,2020,26,train,26,27
18141-2021,18141,2021,26,train,26,27
18141-2022,18141,2022,26,train,26,27
18143-2022,18143,2022,26,train,26,27
18145-2020,18145,2020,26,train,26,27
18145-2022,18145,2022,26,train,26,27
18147-2020,18147,2020,26,train,26,27
18149-2019,18149,2019,26,train,26,27
18149-2020,18149,2020,26,train,26,27
18149-2022,18149,2022,26,train,26,27
18151-2020,18151,2020,26,train,26,27
18151-2022,18151,2022,26,train,26,27
18153-2019,18153,2019,26,train,26,27
18153-2020,18153,2020,26,train,26,27
18153-2022,18153,2022,26,train,26,27
18155-2019,18155,2019,26,train,26,27
18155-2020,18155,2020,26,train,26,27
18157-2019,18157,2019,26,train,26,27
18157-2020,18157,2020,26,train,26,27
18157-2021,18157,2021,26,train,26,27
18157-2022,18157,2022,26,train,26,27
18159-2022,18159,2022,26,train,26,27
18161-2019,18161,2019,26,train,26,27
18161-2020,18161,2020,26,train,26,27
18161-2021,18161,2021,26,train,26,27
18161-2022,18161,2022,26,train,26,27
18163-2019,18163,2019,26,train,26,27
18163-2020,18163,2020,26,train,26,27
18163-2021,18163,2021,26,train,26,27
18163-2022,18163,2022,26,train,26,27
18165-2019,18165,2019,26,train,26,27
18165-2020,18165,2020,26,train,26,27
18165-2021,18165,2021,26,train,26,27
18165-2022,18165,2022,26,train,26,27
18167-2019,18167,2019,26,train,26,27
18167-2020,18167,2020,26,train,26,27
18167-2022,18167,2022,26,train,26,27
18169-2022,18169,2022,26,train,26,27
18171-2019,18171,2019,26,train,26,27
18171-2020,18171,2020,26,train,26,27
18171-2021,18171,2021,26,train,26,27
18173-2019,18173,2019,26,train,26,27
18173-2020,18173,2020,26,train,26,27
18173-2022,18173,2022,26,train,26,27
18177-2019,18177,2019,26,train,26,27
18177-2020,18177,2020,26,train,26,27
18177-2021,18177,2021,26,train,26,27
18177-2022,18177,2022,26,train,26,27
18179-2022,18179,2022,26,train,26,27
18181-2019,18181,2019,26,train,26,27
18181-2020,18181,2020,26,train,26,27
18181-2022,18181,2022,26,train,26,27
18183-2022,18183,2022,26,train,26,27
19001-2019,19001,2019,26,train,26,27
19001-2020,19001,2020,26,train,26,27
19001-2022,19001,2022,26,train,26,27
19003-2020,19003,2020,26,train,26,27
19005-2019,19005,2019,26,train,26,27
19005-2020,19005,2020,26,train,26,27
19005-2021,19005,2021,26,train,26,27
19005-2022,19005,2022,26,train,26,27
19007-2020,19007,2020,26,train,26,27
19007-2021,19007,2021,26,train,26,27
19007-2022,19007,2022,26,train,26,27
19009-2019,19009,2019,26,train,26,27
19009-2020,19009,2020,26,train,26,27
19009-2021,19009,2021,26,train,26,27
19009-2022,19009,2022,26,train,26,27
19011-2019,19011,2019,26,train,26,27
19011-2020,19011,2020,26,train,26,27
19011-2021,19011,2021,26,train,26,27
19011-2022,19011,2022,26,train,26,27
19013-2020,19013,2020,26,train,26,27
19013-2022,19013,2022,26,train,26,27
19015-2019,19015,2019,26,train,26,27
19015-2020,19015,2020,26,train,26,27
19015-2021,19015,2021,26,train,26,27
19015-2022,19015,2022,26,train,26,27
19017-2022,19017,2022,26,train,26,27
19019-2019,19019,2019,26,train,26,27
19019-2020,19019,2020,26,train,26,27
19019-2021,19019,2021,26,train,26,27
19019-2022,19019,2022,26,train,26,27
19021-2019,19021,2019,26,train,26,27
19021-2020,19021,2020,26,train,26,27
19021-2022,19021,2022,26,train,26,27
19023-2021,19023,2021,26,train,26,27
19023-2022,19023,2022,26,train,26,27
19025-2019,19025,2019,26,train,26,27
19025-2020,19025,2020,26,train,26,27
19025-2021,19025,2021,26,train,26,27
19025-2022,19025,2022,26,train,26,27
19027-2020,19027,2020,26,train,26,27
19027-2022,19027,2022,26,train,26,27
19029-2019,19029,2019,26,train,26,27
19029-2020,19029,2020,26,train,26,27
19029-2021,19029,2021,26,train,26,27
19029-2022,19029,2022,26,train,26,27
19031-2020,19031,2020,26,train,26,27
19031-2022,19031,2022,26,train,26,27
19033-2019,19033,2019,26,train,26,27
19033-2020,19033,2020,26,train,26,27
19033-2021,19033,2021,26,train,26,27
19033-2022,19033,2022,26,train,26,27
19035-2019,19035,2019,26,train,26,27
19035-2020,19035,2020,26,train,26,27
19035-2022,19035,2022,26,train,26,27
19037-2022,19037,2022,26,train,26,27
19039-2020,19039,2020,26,train,26,27
19041-2019,19041,2019,26,train,26,27
19041-2020,19041,2020,26,train,26,27
19041-2022,19041,2022,26,train,26,27
19043-2020,19043,2020,26,train,26,27
19043-2021,19043,2021,26,train,26,27
19043-2022,19043,2022,26,train,26,27
19045-2020,19045,2020,26,train,26,27
19045-2022,19045,2022,26,train,26,27
19047-2019,19047,2019,26,train,26,27
19047-2020,19047,2020,26,train,26,27
19047-2022,19047,2022,26,train,26,27
19049-2019,19049,2019,26,train,26,27
19049-2020,19049,2020,26,train,26,27
19049-2021,19049,2021,26,train,26,27
19049-2022,19049,2022,26,train,26,27
19051-2019,19051,2019,26,train,26,27
19051-2020,19051,2020,26,train,26,27
19051-2021,19051,2021,26,train,26,27
19051-2022,19051,2022,26,train,26,27
19053-2020,19053,2020,26,train,26,27
19053-2022,19053,2022,26,train,26,27
19055-2020,19055,2020,26,train,26,27
19055-2021,19055,2021,26,train,26,27
19055-2022,19055,2022,26,train,26,27
19057-2019,19057,2019,26,train,26,27
19057-2020,19057,2020,26,train,26,27
19057-2022,19057,2022,26,train,26,27
19059-2019,19059,2019,26,train,26,27
19059-2020,19059,2020,26,train,26,27
19059-2021,19059,2021,26,train,26,27
19059-2022,19059,2022,26,train,26,27
19061-2020,19061,2020,26,train,26,27
19061-2021,19061,2021,26,train,26,27
19061-2022,19061,2022,26,train,26,27
19063-2022,19063,2022,26,train,26,27
19065-2020,19065,2020,26,train,26,27
19065-2021,19065,2021,26,train,26,27
19065-2022,19065,2022,26,train,26,27
19067-2019,19067,2019,26,train,26,27
19067-2020,19067,2020,26,train,26,27
19067-2021,19067,2021,26,train,26,27
19067-2022,19067,2022,26,train,26,27
19069-2019,19069,2019,26,train,26,27
19069-2020,19069,2020,26,train,26,27
19069-2021,19069,2021,26,train,26,27
19069-2022,19069,2022,26,train,26,27
19071-2020,19071,2020,26,train,26,27
19071-2022,19071,2022,26,train,26,27
19073-2019,19073,2019,26,train,26,27
19073-2020,19073,2020,26,train,26,27
19073-2021,19073,2021,26,train,26,27
19073-2022,19073,2022,26,train,26,27
19075-2020,19075,2020,26,train,26,27
19075-2021,19075,2021,26,train,26,27
19075-2022,19075,2022,26,train,26,27
19077-2019,19077,2019,26,train,26,27
19077-2020,19077,2020,26,train,26,27
19077-2021,19077,2021,26,train,26,27
19077-2022,19077,2022,26,train,26,27
19079-2019,19079,2019,26,train,26,27
19079-2020,19079,2020,26,train,26,27
19079-2022,19079,2022,26,train,26,27
19081-2019,19081,2019,26,train,26,27
19081-2020,19081,2020,26,train,26,27
19081-2021,19081,2021,26,train,26,27
19081-2022,19081,2022,26,train,26,27
19083-2019,19083,2019,26,train,26,27
19083-2020,19083,2020,26,train,26,27
19083-2021,19083,2021,26,train,26,27
19083-2022,19083,2022,26,train,26,27
19085-2020,19085,2020,26,train,26,27
19085-2022,19085,2022,26,train,26,27
19087-2019,19087,2019,26,train,26,27
19087-2020,19087,2020,26,train,26,27
19087-2021,19087,2021,26,train,26,27
19087-2022,19087,2022,26,train,26,27
19089-2020,19089,2020,26,train,26,27
19089-2022,19089,2022,26,train,26,27
19091-2019,19091,2019,26,train,26,27
19091-2020,19091,2020,26,train,26,27
19091-2021,19091,2021,26,train,26,27
19091-2022,19091,2022,26,train,26,27
19093-2020,19093,2020,26,train,26,27
19093-2021,19093,2021,26,train,26,27
19093-2022,19093,2022,26,train,26,27
19095-2019,19095,2019,26,train,26,27
19095-2020,19095,2020,26,train,26,27
19095-2022,19095,2022,26,train,26,27
19097-2020,19097,2020,26,train,26,27
19097-2021,19097,2021,26,train,26,27
19097-2022,19097,2022,26,train,26,27
19099-2021,19099,2021,26,train,26,27
19099-2022,19099,2022,26,train,26,27
19101-2019,19101,2019,26,train,26,27
19101-2020,19101,2020,26,train,26,27
19101-2021,19101,2021,26,train,26,27
19101-2022,19101,2022,26,train,26,27
19103-2019,19103,2019,26,train,26,27
19103-2020,19103,2020,26,train,26,27
19103-2022,19103,2022,26,train,26,27
19105-2020,19105,2020,26,train,26,27
19105-2022,19105,2022,26,train,26,27
19107-2019,19107,2019,26,train,26,27
19107-2020,19107,2020,26,train,26,27
19107-2021,19107,2021,26,train,26,27
19107-2022,19107,2022,26,train,26,27
19109-2019,19109,2019,26,train,26,27
19109-2020,19109,2020,26,train,26,27
19109-2021,19109,2021,26,train,26,27
19109-2022,19109,2022,26,train,26,27
19111-2019,19111,2019,26,train,26,27
19111-2020,19111,2020,26,train,26,27
19111-2021,19111,2021,26,train,26,27
19111-2022,19111,2022,26,train,26,27
19113-2019,19113,2019,26,train,26,27
19113-2020,19113,2020,26,train,26,27
19113-2022,19113,2022,26,train,26,27
19115-2019,19115,2019,26,train,26,27
19115-2020,19115,2020,26,train,26,27
19115-2022,19115,2022,26,train,26,27
19117-2021,19117,2021,26,train,26,27
19117-2022,19117,2022,26,train,26,27
19119-2019,19119,2019,26,train,26,27
19119-2020,19119,2020,26,train,26,27
19119-2021,19119,2021,26,train,26,27
19119-2022,19119,2022,26,train,26,27
19121-2019,19121,2019,26,train,26,27
19121-2020,19121,2020,26,train,26,27
19121-2021,19121,2021,26,train,26,27
19121-2022,19121,2022,26,train,26,27
19123-2021,19123,2021,26,train,26,27
19123-2022,19123,2022,26,train,26,27
19125-2021,19125,2021,26,train,26,27
19125-2022,19125,2022,26,train,26,27
19127-2021,19127,2021,26,train,26,27
19127-2022,19127,2022,26,train,26,27
19129-2020,19129,2020,26,train,26,27
19129-2022,19129,2022,26,train,26,27
19131-2019,19131,2019,26,train,26,27
19131-2020,19131,2020,26,train,26,27
19131-2021,19131,2021,26,train,26,27
19131-2022,19131,2022,26,train,26,27
19133-2019,19133,2019,26,train,26,27
19133-2022,19133,2022,26,train,26,27
19135-2021,19135,2021,26,train,26,27
19135-2022,19135,2022,26,train,26,27
19137-2020,19137,2020,26,train,26,27
19137-2022,19137,2022,26,train,26,27
19139-2020,19139,2020,26,train,26,27
19139-2022,19139,2022,26,train,26,27
19143-2019,19143,2019,26,train,26,27
19143-2020,19143,2020,26,train,26,27
19143-2021,19143,2021,26,train,26,27
19143-2022,19143,2022,26,train,26,27
19145-2019,19145,2019,26,train,26,27
19145-2020,19145,2020,26,train,26,27
19145-2021,19145,2021,26,train,26,27
19145-2022,19145,2022,26,train,26,27
19147-2019,19147,2019,26,train,26,27
19147-2022,19147,2022,26,train,26,27
19149-2019,19149,2019,26,train,26,27
19149-2021,19149,2021,26,train,26,27
19149-2022,19149,2022,26,train,26,27
19151-2022,19151,2022,26,train,26,27
19153-2019,19153,2019,26,train,26,27
19153-2020,19153,2020,26,train,26,27
19153-2021,19153,2021,26,train,26,27
19153-2022,19153,2022,26,train,26,27
19155-2020,19155,2020,26,train,26,27
19155-2022,19155,2022,26,train,26,27
19157-2021,19157,2021,26,train,26,27
19157-2022,19157,2022,26,train,26,27
19159-2020,19159,2020,26,train,26,27
19159-2021,19159,2021,26,train,26,27
19159-2022,19159,2022,26,train,26,27
19161-2019,19161,2019,26,train,26,27
19161-2020,19161,2020,26,train,26,27
19161-2022,19161,2022,26,train,26,27
19163-2020,19163,2020,26,train,26,27
19163-2022,19163,2022,26,train,26,27
19165-2019,19165,2019,26,train,26,27
19165-2020,19165,2020,26,train,26,27
19165-2022,19165,2022,26,train,26,27
19167-2019,19167,2019,26,train,26,27
19167-2020,19167,2020,26,train,26,27
19167-2021,19167,2021,26,train,26,27
19167-2022,19167,2022,26,train,26,27
19169-2019,19169,2019,26,train,26,27
19169-2020,19169,2020,26,train,26,27
19169-2021,19169,2021,26,train,26,27
19169-2022,19169,2022,26,train,26,27
19171-2022,19171,2022,26,train,26,27
19173-2020,19173,2020,26,train,26,27
19173-2021,19173,2021,26,train,26,27
19173-2022,19173,2022,26,train,26,27
19175-2020,19175,2020,26,train,26,27
19175-2021,19175,2021,26,train,26,27
19175-2022,19175,2022,26,train,26,27
19177-2019,19177,2019,26,train,26,27
19177-2020,19177,2020,26,train,26,27
19177-2021,19177,2021,26,train,26,27
19177-2022,19177,2022,26,train,26,27
19179-2019,19179,2019,26,train,26,27
19179-2020,19179,2020,26,train,26,27
19179-2021,19179,2021,26,train,26,27
19179-2022,19179,2022,26,train,26,27
19181-2020,19181,2020,26,train,26,27
19181-2022,19181,2022,26,train,26,27
19183-2019,19183,2019,26,train,26,27
19183-2020,19183,2020,26,train,26,27
19183-2022,19183,2022,26,train,26,27
19185-2021,19185,2021,26,train,26,27
19187-2019,19187,2019,26,train,26,27
19187-2020,19187,2020,26,train,26,27
19187-2021,19187,2021,26,train,26,27
19187-2022,19187,2022,26,train,26,27
19189-2019,19189,2019,26,train,26,27
19189-2020,19189,2020,26,train,26,27
19189-2021,19189,2021,26,train,26,27
19189-2022,19189,2022,26,train,26,27
19191-2019,19191,2019,26,train,26,27
19191-2020,19191,2020,26,train,26,27
19191-2021,19191,2021,26,train,26,27
19191-2022,19191,2022,26,train,26,27
19193-2019,19193,2019,26,train,26,27
19193-2020,19193,2020,26,train,26,27
19193-2021,19193,2021,26,train,26,27
19193-2022,19193,2022,26,train,26,27
19195-2019,19195,2019,26,train,26,27
19195-2020,19195,2020,26,train,26,27
19195-2021,19195,2021,26,train,26,27
19195-2022,19195,2022,26,train,26,27
19197-2019,19197,2019,26,train,26,27
19197-2020,19197,2020,26,train,26,27
19197-2021,19197,2021,26,train,26,27
19197-2022,19197,2022,26,train,26,27
20001-2020,20001,2020,26,train,26,27
20001-2021,20001,2021,26,train,26,27
20003-2019,20003,2019,26,train,26,27
20003-2020,20003,2020,26,train,26,27
20003-2021,20003,2021,26,train,26,27
20005-2020,20005,2020,26,train,26,27
20005-2021,20005,2021,26,train,26,27
20005-2022,20005,2022,26,train,26,27
20009-2020,20009,2020,26,train,26,27
20011-2020,20011,2020,26,train,26,27
20011-2021,20011,2021,26,train,26,27
20013-2019,20013,2019,26,train,26,27
20013-2020,20013,2020,26,train,26,27
20013-2022,20013,2022,26,train,26,27
20015-2020,20015,2020,26,train,26,27
20015-2021,20015,2021,26,train,26,27
20017-2020,20017,2020,26,train,26,27
20017-2021,20017,2021,26,train,26,27
20021-2019,20021,2019,26,train,26,27
20023-2020,20023,2020,26,train,26,27
20023-2021,20023,2021,26,train,26,27
20027-2019,20027,2019,26,train,26,27
20027-2020,20027,2020,26,train,26,27
20027-2022,20027,2022,26,train,26,27
20029-2020,20029,2020,26,train,26,27
20029-2021,20029,2021,26,train,26,27
20029-2022,20029,2022,26,train,26,27
20031-2019,20031,2019,26,train,26,27
20031-2020,20031,2020,26,train,26,27
20035-2019,20035,2019,26,train,26,27
20035-2020,20035,2020,26,train,26,27
20035-2021,20035,2021,26,train,26,27
20037-2020,20037,2020,26,train,26,27
20037-2021,20037,2021,26,train,26,27
20039-2020,20039,2020,26,train,26,27
20041-2020,20041,2020,26,train,26,27
20041-2021,20041,2021,26,train,26,27
20043-2020,20043,2020,26,train,26,27
20043-2021,20043,2021,26,train,26,27
20043-2022,20043,2022,26,train,26,27
20045-2019,20045,2019,26,train,26,27
20045-2020,20045,2020,26,train,26,27
20045-2021,20045,2021,26,train,26,27
20047-2019,20047,2019,26,train,26,27
20047-2020,20047,2020,26,train,26,27
20049-2019,20049,2019,26,train,26,27
20053-2019,20053,2019,26,train,26,27
20053-2020,20053,2020,26,train,26,27
20053-2021,20053,2021,26,train,26,27
20055-2019,20055,2019,26,train,26,27
20055-2020,20055,2020,26,train,26,27
20057-2019,20057,2019,26,train,26,27
20057-2020,20057,2020,26,train,26,27
20057-2021,20057,2021,26,train,26,27
20059-2019,20059,2019,26,train,26,27
20059-2020,20059,2020,26,train,26,27
20061-2020,20061,2020,26,train,26,27
20063-2020,20063,2020,26,train,26,27
20063-2021,20063,2021,26,train,26,27
20065-2020,20065,2020,26,train,26,27
20065-2021,20065,2021,26,train,26,27
20067-2019,20067,2019,26,train,26,27
20067-2020,20067,2020,26,train,26,27
20067-2021,20067,2021,26,train,26,27
20069-2020,20069,2020,26,train,26,27
20069-2021,20069,2021,26,train,26,27
20071-2019,20071,2019,26,train,26,27
20071-2020,20071,2020,26,train,26,27
20071-2021,20071,2021,26,train,26,27
20075-2019,20075,2019,26,train,26,27
20079-2019,20079,2019,26,train,26,27
20079-2020,20079,2020,26,train,26,27
20079-2021,20079,2021,26,train,26,27
20081-2019,20081,2019,26,train,26,27
20081-2020,20081,2020,26,train,26,27
20081-2021,20081,2021,26,train,26,27
20083-2020,20083,2020,26,train,26,27
20085-2019,20085,2019,26,train,26,27
20085-2020,20085,2020,26,train,26,27
20087-2019,20087,2019,26,train,26,27
20087-2020,20087,2020,26,train,26,27
20087-2021,20087,2021,26,train,26,27
20089-2020,20089,2020,26,train,26,27
20095-2019,20095,2019,26,train,26,27
20095-2020,20095,2020,26,train,26,27
20095-2021,20095,2021,26,train,26,27
20097-2020,20097,2020,26,train,26,27
20099-2020,20099,2020,26,train,26,27
20099-2021,20099,2021,26,train,26,27
20101-2020,20101,2020,26,train,26,27
20101-2021,20101,2021,26,train,26,27
20103-2019,20103,2019,26,train,26,27
20103-2020,20103,2020,26,train,26,27
20103-2021,20103,2021,26,train,26,27
20105-2019,20105,2019,26,train,26,27
20107-2020,20107,2020,26,train,26,27
20109-2020,20109,2020,26,train,26,27
20109-2021,20109,2021,26,train,26,27
20111-2019,20111,2019,26,train,26,27
20115-2019,20115,2019,26,train,26,27
20115-2020,20115,2020,26,train,26,27
20115-2021,20115,2021,26,train,26,27
20117-2019,20117,2019,26,train,26,27
20117-2022,20117,2022,26,train,26,27
20119-2020,20119,2020,26,train,26,27
20119-2021,20119,2021,26,train,26,27
20121-2019,20121,2019,26,train,26,27
20121-2020,20121,2020,26,train,26,27
20123-2019,20123,2019,26,train,26,27
20123-2020,20123,2020,26,train,26,27
20123-2021,20123,2021,26,train,26,27
20125-2019,20125,2019,26,train,26,27
20125-2020,20125,2020,26,train,26,27
20127-2019,20127,2019,26,train,26,27
20127-2020,20127,2020,26,train,26,27
20127-2021,20127,2021,26,train,26,27
20129-2019,20129,2019,26,train,26,27
20129-2020,20129,2020,26,train,26,27
20129-2021,20129,2021,26,train,26,27
20131-2020,20131,2020,26,train,26,27
20133-2019,20133,2019,26,train,26,27
20133-2020,20133,2020,26,train,26,27
20133-2021,20133,2021,26,train,26,27
20135-2019,20135,2019,26,train,26,27
20135-2020,20135,2020,26,train,26,27
20135-2021,20135,2021,26,train,26,27
20137-2020,20137,2020,26,train,26,27
20137-2021,20137,2021,26,train,26,27
20137-2022,20137,2022,26,train,26,27
20139-2019,20139,2019,26,train,26,27
20139-2020,20139,2020,26,train,26,27
20141-2020,20141,2020,26,train,26,27
20143-2020,20143,2020,26,train,26,27
20145-2020,20145,2020,26,train,26,27
20147-2020,20147,2020,26,train,26,27
20147-2021,20147,2021,26,train,26,27
20147-2022,20147,2022,26,train,26,27
20149-2019,20149,2019,26,train,26,27
20151-2020,20151,2020,26,train,26,27
20153-2019,20153,2019,26,train,26,27
20153-2020,20153,2020,26,train,26,27
20153-2021,20153,2021,26,train,26,27
20155-2019,20155,2019,26,train,26,27
20155-2020,20155,2020,26,train,26,27
20155-2021,20155,2021,26,train,26,27
20157-2020,20157,2020,26,train,26,27
20157-2021,20157,2021,26,train,26,27
20157-2022,20157,2022,26,train,26,27
20159-2020,20159,2020,26,train,26,27
20161-2019,20161,2019,26,train,26,27
20161-2020,20161,2020,26,train,26,27
20161-2022,20161,2022,26,train,26,27
20163-2019,20163,2019,26,train,26,27
20163-2020,20163,2020,26,train,26,27
20169-2020,20169,2020,26,train,26,27
20169-2021,20169,2021,26,train,26,27
20171-2019,20171,2019,26,train,26,27
20171-2020,20171,2020,26,train,26,27
20173-2019,20173,2019,26,train,26,27
20173-2020,20173,2020,26,train,26,27
20175-2020,20175,2020,26,train,26,27
20175-2021,20175,2021,26,train,26,27
20177-2019,20177,2019,26,train,26,27
20177-2020,20177,2020,26,train,26,27
20177-2021,20177,2021,26,train,26,27
20179-2021,20179,2021,26,train,26,27
20181-2019,20181,2019,26,train,26,27
20181-2020,20181,2020,26,train,26,27
20181-2021,20181,2021,26,train,26,27
20183-2020,20183,2020,26,train,26,27
20183-2021,20183,2021,26,train,26,27
20183-2022,20183,2022,26,train,26,27
20185-2020,20185,2020,26,train,26,27
20187-2019,20187,2019,26,train,26,27
20187-2020,20187,2020,26,train,26,27
20189-2020,20189,2020,26,train,26,27
20189-2021,20189,2021,26,train,26,27
20191-2019,20191,2019,26,train,26,27
20191-2020,20191,2020,26,train,26,27
20191-2021,20191,2021,26,train,26,27
20193-2020,20193,2020,26,train,26,27
20195-2020,20195,2020,26,train,26,27
20195-2021,20195,2021,26,train,26,27
20197-2019,20197,2019,26,train,26,27
20201-2020,20201,2020,26,train,26,27
20201-2022,20201,2022,26,train,26,27
20203-2019,20203,2019,26,train,26,27
20203-2020,20203,2020,26,train,26,27
20203-2021,20203,2021,26,train,26,27
20205-2019,20205,2019,26,train,26,27
20205-2020,20205,2020,26,train,26,27
20207-2020,20207,2020,26,train,26,27
21001-2019,21001,2019,26,train,26,27
21001-2020,21001,2020,26,train,26,27
21007-2020,21007,2020,26,train,26,27
21007-2021,21007,2021,26,train,26,27
21009-2020,21009,2020,26,train,26,27
21031-2020,21031,2020,26,train,26,27
21033-2019,21033,2019,26,train,26,27
21033-2020,21033,2020,26,train,26,27
21033-2021,21033,2021,26,train,26,27
21035-2020,21035,2020,26,train,26,27
21035-2021,21035,2021,26,train,26,27
21039-2020,21039,2020,26,train,26,27
21039-2021,21039,2021,26,train,26,27
21047-2019,21047,2019,26,train,26,27
21047-2020,21047,2020,26,train,26,27
21047-2021,21047,2021,26,train,26,27
21055-2020,21055,2020,26,train,26,27
21055-2021,21055,2021,26,train,26,27
21059-2020,21059,2020,26,train,26,27
21059-2022,21059,2022,26,train,26,27
21075-2019,21075,2019,26,train,26,27
21075-2020,21075,2020,26,train,26,27
21075-2021,21075,2021,26,train,26,27
21083-2020,21083,2020,26,train,26,27
21091-2020,21091,2020,26,train,26,27
21093-2019,21093,2019,26,train,26,27
21093-2020,21093,2020,26,train,26,27
21099-2020,21099,2020,26,train,26,27
21101-2019,21101,2019,26,train,26,27
21101-2020,21101,2020,26,train,26,27
21101-2022,21101,2022,26,train,26,27
21103-2020,21103,2020,26,train,26,27
21105-2019,21105,2019,26,train,26,27
21105-2020,21105,2020,26,train,26,27
21105-2021,21105,2021,26,train,26,27
21107-2020,21107,2020,26,train,26,27
21123-2020,21123,2020,26,train,26,27
21139-2019,21139,2019,26,train,26,27
21139-2020,21139,2020,26,train,26,27
21139-2021,21139,2021,26,train,26,27
21141-2020,21141,2020,26,train,26,27
21143-2019,21143,2019,26,train,26,27
21157-2019,21157,2019,26,train,26,27
21157-2020,21157,2020,26,train,26,27
21157-2021,21157,2021,26,train,26,27
21167-2021,21167,2021,26,train,26,27
21169-2020,21169,2020,26,train,26,27
21177-2020,21177,2020,26,train,26,27
21183-2020,21183,2020,26,train,26,27
21211-2020,21211,2020,26,train,26,27
21213-2020,21213,2020,26,train,26,27
21215-2020,21215,2020,26,train,26,27
21219-2020,21219,2020,26,train,26,27
21221-2019,21221,2019,26,train,26,27
21221-2020,21221,2020,26,train,26,27
21221-2021,21221,2021,26,train,26,27
21223-2020,21223,2020,26,train,26,27
21225-2019,21225,2019,26,train,26,27
21225-2020,21225,2020,26,train,26,27
21225-2021,21225,2021,26,train,26,27
21225-2022,21225,2022,26,train,26,27
21227-2020,21227,2020,26,train,26,27
21229-2020,21229,2020,26,train,26,27
21233-2019,21233,2019,26,train,26,27
21233-2020,21233,2020,26,train,26,27
21233-2021,21233,2021,26,train,26,27
26005-2019,26005,2019,26,test,26,27
26005-2020,26005,2020,26,test,26,27
26007-2019,26007,2019,26,test,26,27
26007-2021,26007,2021,26,test,26,27
26011-2019,26011,2019,26,test,26,27
26011-2020,26011,2020,26,test,26,27
26015-2020,26015,2020,26,test,26,27
26021-2020,26021,2020,26,test,26,27
26021-2022,26021,2022,26,test,26,27
26023-2020,26023,2020,26,test,26,27
26023-2022,26023,2022,26,test,26,27
26025-2020,26025,2020,26,test,26,27
26027-2019,26027,2019,26,test,26,27
26027-2020,26027,2020,26,test,26,27
26027-2022,26027,2022,26,test,26,27
26037-2020,26037,2020,26,test,26,27
26045-2020,26045,2020,26,test,26,27
26049-2019,26049,2019,26,test,26,27
26049-2020,26049,2020,26,test,26,27
26051-2020,26051,2020,26,test,26,27
26059-2019,26059,2019,26,test,26,27
26059-2020,26059,2020,26,test,26,27
26059-2022,26059,2022,26,test,26,27
26063-2020,26063,2020,26,test,26,27
26065-2019,26065,2019,26,test,26,27
26065-2020,26065,2020,26,test,26,27
26067-2020,26067,2020,26,test,26,27
26069-2019,26069,2019,26,test,26,27
26069-2020,26069,2020,26,test,26,27
26069-2021,26069,2021,26,test,26,27
26075-2019,26075,2019,26,test,26,27
26075-2020,26075,2020,26,test,26,27
26077-2019,26077,2019,26,test,26,27
26077-2020,26077,2020,26,test,26,27
26081-2019,26081,2019,26,test,26,27
26081-2020,26081,2020,26,test,26,27
26087-2019,26087,2019,26,test,26,27
26087-2020,26087,2020,26,test,26,27
26091-2019,26091,2019,26,test,26,27
26091-2020,26091,2020,26,test,26,27
26099-2020,26099,2020,26,test,26,27
26105-2019,26105,2019,26,test,26,27
26105-2020,26105,2020,26,test,26,27
26107-2020,26107,2020,26,test,26,27
26109-2019,26109,2019,26,test,26,27
26109-2020,26109,2020,26,test,26,27
26115-2019,26115,2019,26,test,26,27
26115-2020,26115,2020,26,test,26,27
26117-2020,26117,2020,26,test,26,27
26121-2020,26121,2020,26,test,26,27
26123-2019,26123,2019,26,test,26,27
26123-2020,26123,2020,26,test,26,27
26127-2019,26127,2019,26,test,26,27
26127-2020,26127,2020,26,test,26,27
26129-2020,26129,2020,26,test,26,27
26139-2020,26139,2020,26,test,26,27
26141-2019,26141,2019,26,test,26,27
26141-2021,26141,2021,26,test,26,27
26151-2019,26151,2019,26,test,26,27
26151-2020,26151,2020,26,test,26,27
26157-2019,26157,2019,26,test,26,27
26157-2020,26157,2020,26,test,26,27
26159-2020,26159,2020,26,test,26,27
26161-2019,26161,2019,26,test,26,27
26161-2020,26161,2020,26,test,26,27
26165-2020,26165,2020,26,test,26,27
27001-2020,27001,2020,26,val,26,27
27005-2019,27005,2019,26,val,26,27
27005-2020,27005,2020,26,val,26,27
27005-2021,27005,2021,26,val,26,27
27007-2020,27007,2020,26,val,26,27
27007-2021,27007,2021,26,val,26,27
27011-2020,27011,2020,26,val,26,27
27011-2021,27011,2021,26,val,26,27
27013-2019,27013,2019,26,val,26,27
27013-2020,27013,2020,26,val,26,27
27013-2021,27013,2021,26,val,26,27
27015-2019,27015,2019,26,val,26,27
27015-2020,27015,2020,26,val,26,27
27015-2021,27015,2021,26,val,26,27
27019-2020,27019,2020,26,val,26,27
27023-2019,27023,2019,26,val,26,27
27023-2021,27023,2021,26,val,26,27
27025-2019,27025,2019,26,val,26,27
27025-2020,27025,2020,26,val,26,27
27027-2021,27027,2021,26,val,26,27
27029-2019,27029,2019,26,val,26,27
27029-2020,27029,2020,26,val,26,27
27029-2021,27029,2021,26,val,26,27
27033-2019,27033,2019,26,val,26,27
27033-2020,27033,2020,26,val,26,27
27033-2021,27033,2021,26,val,26,27
27035-2020,27035,2020,26,val,26,27
27035-2021,27035,2021,26,val,26,27
27037-2020,27037,2020,26,val,26,27
27039-2020,27039,2020,26,val,26,27
27041-2020,27041,2020,26,val,26,27
27041-2021,27041,2021,26,val,26,27
27043-2020,27043,2020,26,val,26,27
27043-2021,27043,2021,26,val,26,27
27043-2022,27043,2022,26,val,26,27
27045-2020,27045,2020,26,val,26,27
27045-2022,27045,2022,26,val,26,27
27047-2020,27047,2020,26,val,26,27
27047-2021,27047,2021,26,val,26,27
27047-2022,27047,2022,26,val,26,27
27049-2020,27049,2020,26,val,26,27
27049-2021,27049,2021,26,val,26,27
27051-2019,27051,2019,26,val,26,27
27051-2020,27051,2020,26,val,26,27
27051-2021,27051,2021,26,val,26,27
27053-2019,27053,2019,26,val,26,27
27053-2020,27053,2020,26,val,26,27
27055-2019,27055,2019,26,val,26,27
27055-2020,27055,2020,26,val,26,27
27055-2021,27055,2021,26,val,26,27
27055-2022,27055,2022,26,val,26,27
27057-2020,27057,2020,26,val,26,27
27057-2021,27057,2021,26,val,26,27
27059-2019,27059,2019,26,val,26,27
27059-2020,27059,2020,26,val,26,27
27063-2019,27063,2019,26,val,26,27
27063-2020,27063,2020,26,val,26,27
27063-2021,27063,2021,26,val,26,27
27063-2022,27063,2022,26,val,26,27
27067-2020,27067,2020,26,val,26,27
27069-2019,27069,2019,26,val,26,27
27069-2020,27069,2020,26,val,26,27
27079-2020,27079,2020,26,val,26,27
27079-2021,27079,2021,26,val,26,27
27081-2019,27081,2019,26,val,26,27
27081-2020,27081,2020,26,val,26,27
27081-2021,27081,2021,26,val,26,27
27083-2019,27083,2019,26,val,26,27
27083-2020,27083,2020,26,val,26,27
27083-2021,27083,2021,26,val,26,27
27087-2020,27087,2020,26,val,26,27
27087-2021,27087,2021,26,val,26,27
27089-2019,27089,2019,26,val,26,27
27089-2020,27089,2020,26,val,26,27
27089-2021,27089,2021,26,val,26,27
27091-2022,27091,2022,26,val,26,27
27093-2019,27093,2019,26,val,26,27
27093-2020,27093,2020,26,val,26,27
27093-2021,27093,2021,26,val,26,27
27097-2019,27097,2019,26,val,26,27
27097-2020,27097,2020,26,val,26,27
27097-2021,27097,2021,26,val,26,27
27099-2020,27099,2020,26,val,26,27
27099-2022,27099,2022,26,val,26,27
27101-2019,27101,2019,26,val,26,27
27101-2020,27101,2020,26,val,26,27
27101-2021,27101,2021,26,val,26,27
27103-2019,27103,2019,26,val,26,27
27105-2019,27105,2019,26,val,26,27
27105-2020,27105,2020,26,val,26,27
27105-2021,27105,2021,26,val,26,27
27105-2022,27105,2022,26,val,26,27
27107-2020,27107,2020,26,val,26,27
27109-2020,27109,2020,26,val,26,27
27111-2019,27111,2019,26,val,26,27
27111-2020,27111,2020,26,val,26,27
27111-2021,27111,2021,26,val,26,27
27115-2019,27115,2019,26,val,26,27
27115-2020,27115,2020,26,val,26,27
27117-2021,27117,2021,26,val,26,27
27119-2020,27119,2020,26,val,26,27
27119-2021,27119,2021,26,val,26,27
27121-2019,27121,2019,26,val,26,27
27121-2020,27121,2020,26,val,26,27
27121-2021,27121,2021,26,val,26,27
27125-2020,27125,2020,26,val,26,27
27125-2021,27125,2021,26,val,26,27
27127-2019,27127,2019,26,val,26,27
27127-2020,27127,2020,26,val,26,27
27127-2021,27127,2021,26,val,26,27
27129-2019,27129,2019,26,val,26,27
27129-2020,27129,2020,26,val,26,27
27129-2021,27129,2021,26,val,26,27
27131-2020,27131,2020,26,val,26,27
27131-2021,27131,2021,26,val,26,27
27133-2019,27133,2019,26,val,26,27
27133-2020,27133,2020,26,val,26,27
27133-2021,27133,2021,26,val,26,27
27133-2022,27133,2022,26,val,26,27
27135-2019,27135,2019,26,val,26,27
27135-2020,27135,2020,26,val,26,27
27135-2021,27135,2021,26,val,26,27
27139-2020,27139,2020,26,val,26,27
27143-2019,27143,2019,26,val,26,27
27145-2019,27145,2019,26,val,26,27
27145-2020,27145,2020,26,val,26,27
27145-2021,27145,2021,26,val,26,27
27147-2020,27147,2020,26,val,26,27
27147-2021,27147,2021,26,val,26,27
27149-2019,27149,2019,26,val,26,27
27149-2020,27149,2020,26,val,26,27
27149-2021,27149,2021,26,val,26,27
27151-2019,27151,2019,26,val,26,27
27151-2020,27151,2020,26,val,26,27
27153-2019,27153,2019,26,val,26,27
27153-2020,27153,2020,26,val,26,27
27153-2021,27153,2021,26,val,26,27
27155-2020,27155,2020,26,val,26,27
27155-2021,27155,2021,26,val,26,27
27157-2020,27157,2020,26,val,26,27
27159-2019,27159,2019,26,val,26,27
27159-2020,27159,2020,26,val,26,27
27159-2021,27159,2021,26,val,26,27
27161-2020,27161,2020,26,val,26,27
27161-2021,27161,2021,26,val,26,27
27163-2019,27163,2019,26,val,26,27
27163-2020,27163,2020,26,val,26,27
27167-2020,27167,2020,26,val,26,27
27167-2021,27167,2021,26,val,26,27
27169-2019,27169,2019,26,val,26,27
27169-2020,27169,2020,26,val,26,27
27169-2021,27169,2021,26,val,26,27
27173-2019,27173,2019,26,val,26,27
27173-2020,27173,2020,26,val,26,27
29001-2019,29001,2019,26,train,26,27
29001-2020,29001,2020,26,train,26,27
29001-2021,29001,2021,26,train,26,27
29003-2020,29003,2020,26,train,26,27
29005-2020,29005,2020,26,train,26,27
29005-2022,29005,2022,26,train,26,27
29007-2020,29007,2020,26,train,26,27
29011-2019,29011,2019,26,train,26,27
29013-2019,29013,2019,26,train,26,27
29015-2020,29015,2020,26,train,26,27
29017-2019,29017,2019,26,train,26,27
29017-2020,29017,2020,26,train,26,27
29017-2021,29017,2021,26,train,26,27
29019-2020,29019,2020,26,train,26,27
29021-2020,29021,2020,26,train,26,27
29021-2021,29021,2021,26,train,26,27
29021-2022,29021,2022,26,train,26,27
29023-2019,29023,2019,26,train,26,27
29023-2020,29023,2020,26,train,26,27
29023-2021,29023,2021,26,train,26,27
29025-2021,29025,2021,26,train,26,27
29027-2020,29027,2020,26,train,26,27
29031-2020,29031,2020,26,train,26,27
29031-2021,29031,2021,26,train,26,27
29037-2020,29037,2020,26,train,26,27
29037-2021,29037,2021,26,train,26,27
29039-2019,29039,2019,26,train,26,27
29039-2021,29039,2021,26,train,26,27
29041-2020,29041,2020,26,train,26,27
29045-2020,29045,2020,26,train,26,27
29047-2020,29047,2020,26,train,26,27
29047-2021,29047,2021,26,train,26,27
29049-2019,29049,2019,26,train,26,27
29049-2020,29049,2020,26,train,26,27
29049-2021,29049,2021,26,train,26,27
29051-2020,29051,2020,26,train,26,27
29053-2020,29053,2020,26,train,26,27
29053-2021,29053,2021,26,train,26,27
29057-2019,29057,2019,26,train,26,27
29061-2020,29061,2020,26,train,26,27
29061-2021,29061,2021,26,train,26,27
29069-2019,29069,2019,26,train,26,27
29069-2020,29069,2020,26,train,26,27
29069-2021,29069,2021,26,train,26,27
29071-2020,29071,2020,26,train,26,27
29073-2020,29073,2020,26,train,26,27
29075-2020,29075,2020,26,train,26,27
29081-2020,29081,2020,26,train,26,27
29081-2021,29081,2021,26,train,26,27
29083-2021,29083,2021,26,train,26,27
29087-2020,29087,2020,26,train,26,27
29089-2020,29089,2020,26,train,26,27
29089-2021,29089,2021,26,train,26,27
29095-2019,29095,2019,26,train,26,27
29095-2020,29095,2020,26,train,26,27
29101-2021,29101,2021,26,train,26,27
29103-2020,29103,2020,26,train,26,27
29109-2020,29109,2020,26,train,26,27
29109-2021,29109,2021,26,train,26,27
29111-2020,29111,2020,26,train,26,27
29111-2022,29111,2022,26,train,26,27
29113-2020,29113,2020,26,train,26,27
29113-2022,29113,2022,26,train,26,27
29115-2020,29115,2020,26,train,26,27
29115-2021,29115,2021,26,train,26,27
29121-2020,29121,2020,26,train,26,27
29127-2019,29127,2019,26,train,26,27
29127-2020,29127,2020,26,train,26,27
29127-2021,29127,2021,26,train,26,27
29127-2022,29127,2022,26,train,26,27
29133-2019,29133,2019,26,train,26,27
29133-2020,29133,2020,26,train,26,27
29133-2021,29133,2021,26,train,26,27
29135-2020,29135,2020,26,train,26,27
29137-2020,29137,2020,26,train,26,27
29137-2021,29137,2021,26,train,26,27
29139-2020,29139,2020,26,train,26,27
29141-2019,29141,2019,26,train,26,27
29141-2020,29141,2020,26,train,26,27
29143-2019,29143,2019,26,train,26,27
29145-2019,29145,2019,26,train,26,27
29145-2020,29145,2020,26,train,26,27
29145-2021,29145,2021,26,train,26,27
29151-2020,29151,2020,26,train,26,27
29155-2020,29155,2020,26,train,26,27
29155-2021,29155,2021,26,train,26,27
29157-2020,29157,2020,26,train,26,27
29157-2021,29157,2021,26,train,26,27
29157-2022,29157,2022,26,train,26,27
29159-2020,29159,2020,26,train,26,27
29163-2020,29163,2020,26,train,26,27
29163-2022,29163,2022,26,train,26,27
29165-2019,29165,2019,26,train,26,27
29165-2020,29165,2020,26,train,26,27
29165-2021,29165,2021,26,train,26,27
29173-2019,29173,2019,26,train,26,27
29173-2020,29173,2020,26,train,26,27
29173-2022,29173,2022,26,train,26,27
29175-2020,29175,2020,26,train,26,27
29195-2020,29195,2020,26,train,26,27
29197-2022,29197,2022,26,train,26,27
29199-2020,29199,2020,26,train,26,27
29199-2022,29199,2022,26,train,26,27
29201-2019,29201,2019,26,train,26,27
29201-2020,29201,2020,26,train,26,27
29201-2021,29201,2021,26,train,26,27
29205-2020,29205,2020,26,train,26,27
29205-2021,29205,2021,26,train,26,27
29207-2019,29207,2019,26,train,26,27
29207-2020,29207,2020,26,train,26,27
29207-2021,29207,2021,26,train,26,27
29211-2020,29211,2020,26,train,26,27
29219-2020,29219,2020,26,train,26,27
29227-2020,29227,2020,26,train,26,27
29227-2021,29227,2021,26,train,26,27
29227-2022,29227,2022,26,train,26,27
31001-2019,31001,2019,26,train,26,27
31001-2020,31001,2020,26,train,26,27
31001-2022,31001,2022,26,train,26,27
31011-2019,31011,2019,26,train,26,27
31011-2022,31011,2022,26,train,26,27
31013-2019,31013,2019,26,train,26,27
31013-2020,31013,2020,26,train,26,27
31013-2021,31013,2021,26,train,26,27
31015-2020,31015,2020,26,train,26,27
31015-2022,31015,2022,26,train,26,27
31017-2020,31017,2020,26,train,26,27
31017-2021,31017,2021,26,train,26,27
31019-2019,31019,2019,26,train,26,27
31019-2020,31019,2020,26,train,26,27
31019-2022,31019,2022,26,train,26,27
31021-2019,31021,2019,26,train,26,27
31021-2022,31021,2022,26,train,26,27
31023-2019,31023,2019,26,train,26,27
31023-2020,31023,2020,26,train,26,27
31023-2022,31023,2022,26,train,26,27
31025-2019,31025,2019,26,train,26,27
31025-2020,31025,2020,26,train,26,27
31025-2022,31025,2022,26,train,26,27
31027-2021,31027,2021,26,train,26,27
31027-2022,31027,2022,26,train,26,27
31029-2019,31029,2019,26,train,26,27
31029-2020,31029,2020,26,train,26,27
31029-2021,31029,2021,26,train,26,27
31031-2021,31031,2021,26,train,26,27
31033-2020,31033,2020,26,train,26,27
31035-2019,31035,2019,26,train,26,27
31035-2020,31035,2020,26,train,26,27
31035-2022,31035,2022,26,train,26,27
31037-2019,31037,2019,26,train,26,27
31037-2020,31037,2020,26,train,26,27
31037-2022,31037,2022,26,train,26,27
31039-2022,31039,2022,26,train,26,27
31041-2019,31041,2019,26,train,26,27
31041-2020,31041,2020,26,train,26,27
31043-2020,31043,2020,26,train,26,27
31043-2021,31043,2021,26,train,26,27
31043-2022,31043,2022,26,train,26,27
31045-2020,31045,2020,26,train,26,27
31047-2019,31047,2019,26,train,26,27
31047-2020,31047,2020,26,train,26,27
31047-2022,31047,2022,26,train,26,27
31049-2019,31049,2019,26,train,26,27
31049-2020,31049,2020,26,train,26,27
31051-2020,31051,2020,26,train,26,27
31053-2019,31053,2019,26,train,26,27
31053-2020,31053,2020,26,train,26,27
31053-2022,31053,2022,26,train,26,27
31055-2019,31055,2019,26,train,26,27
31055-2020,31055,2020,26,train,26,27
31055-2022,31055,2022,26,train,26,27
31057-2020,31057,2020,26,train,26,27
31057-2021,31057,2021,26,train,26,27
31059-2019,31059,2019,26,train,26,27
31059-2020,31059,2020,26,train,26,27
31059-2022,31059,2022,26,train,26,27
31061-2019,31061,2019,26,train,26,27
31061-2020,31061,2020,26,train,26,27
31061-2021,31061,2021,26,train,26,27
31061-2022,31061,2022,26,train,26,27
31063-2019,31063,2019,26,train,26,27
31063-2020,31063,2020,26,train,26,27
31063-2021,31063,2021,26,train,26,27
31063-2022,31063,2022,26,train,26,27
31065-2019,31065,2019,26,train,26,27
31065-2020,31065,2020,26,train,26,27
31065-2021,31065,2021,26,train,26,27
31065-2022,31065,2022,26,train,26,27
31067-2019,31067,2019,26,train,26,27
31067-2020,31067,2020,26,train,26,27
31067-2022,31067,2022,26,train,26,27
31069-2020,31069,2020,26,train,26,27
31071-2019,31071,2019,26,train,26,27
31071-2020,31071,2020,26,train,26,27
31071-2021,31071,2021,26,train,26,27
31071-2022,31071,2022,26,train,26,27
31073-2020,31073,2020,26,train,26,27
31073-2021,31073,2021,26,train,26,27
31073-2022,31073,2022,26,train,26,27
31077-2019,31077,2019,26,train,26,27
31077-2020,31077,2020,26,train,26,27
31077-2021,31077,2021,26,train,26,27
31077-2022,31077,2022,26,train,26,27
31079-2019,31079,2019,26,train,26,27
31079-2022,31079,2022,26,train,26,27
31081-2019,31081,2019,26,train,26,27
31081-2022,31081,2022,26,train,26,27
31083-2019,31083,2019,26,train,26,27
31083-2020,31083,2020,26,train,26,27
31083-2021,31083,2021,26,train,26,27
31083-2022,31083,2022,26,train,26,27
31085-2019,31085,2019,26,train,26,27
31085-2020,31085,2020,26,train,26,27
31085-2021,31085,2021,26,train,26,27
31087-2020,31087,2020,26,train,26,27
31089-2019,31089,2019,26,train,26,27
31089-2020,31089,2020,26,train,26,27
31089-2022,31089,2022,26,train,26,27
31093-2019,31093,2019,26,train,26,27
31093-2020,31093,2020,26,train,26,27
31093-2021,31093,2021,26,train,26,27
31093-2022,31093,2022,26,train,26,27
31095-2019,31095,2019,26,train,26,27
31095-2020,31095,2020,26,train,26,27
31095-2022,31095,2022,26,train,26,27
31097-2020,31097,2020,26,train,26,27
31097-2022,31097,2022,26,train,26,27
31099-2019,31099,2019,26,train,26,27
31099-2020,31099,2020,26,train,26,27
31099-2022,31099,2022,26,train,26,27
31101-2020,31101,2020,26,train,26,27
31101-2021,31101,2021,26,train,26,27
31103-2020,31103,2020,26,train,26,27
31107-2020,31107,2020,26,train,26,27
31107-2021,31107,2021,26,train,26,27
31107-2022,31107,2022,26,train,26,27
31109-2019,31109,2019,26,train,26,27
31109-2020,31109,2020,26,train,26,27
31109-2022,31109,2022,26,train,26,27
31111-2019,31111,2019,26,train,26,27
31111-2020,31111,2020,26,train,26,27
31111-2021,31111,2021,26,train,26,27
31111-2022,31111,2022,26,train,26,27
31113-2019,31113,2019,26,train,26,27
31113-2020,31113,2020,26,train,26,27
31115-2020,31115,2020,26,train,26,27
31119-2022,31119,2022,26,train,26,27
31121-2019,31121,2019,26,train,26,27
31123-2019,31123,2019,26,train,26,27
31123-2020,31123,2020,26,train,26,27
31123-2021,31123,2021,26,train,26,27
31125-2019,31125,2019,26,train,26,27
31125-2020,31125,2020,26,train,26,27
31125-2022,31125,2022,26,train,26,27
31127-2020,31127,2020,26,train,26,27
31127-2022,31127,2022,26,train,26,27
31129-2020,31129,2020,26,train,26,27
31129-2022,31129,2022,26,train,26,27
31131-2019,31131,2019,26,train,26,27
31131-2020,31131,2020,26,train,26,27
31131-2022,31131,2022,26,train,26,27
31135-2019,31135,2019,26,train,26,27
31135-2020,31135,2020,26,train,26,27
31135-2021,31135,2021,26,train,26,27
31137-2019,31137,2019,26,train,26,27
31137-2020,31137,2020,26,train,26,27
31137-2021,31137,2021,26,train,26,27
31137-2022,31137,2022,26,train,26,27
31139-2020,31139,2020,26,train,26,27
31139-2021,31139,2021,26,train,26,27
31139-2022,31139,2022,26,train,26,27
31141-2019,31141,2019,26,train,26,27
31141-2020,31141,2020,26,train,26,27
31141-2021,31141,2021,26,train,26,27
31141-2022,31141,2022,26,train,26,27
31143-2020,31143,2020,26,train,26,27
31143-2022,31143,2022,26,train,26,27
31145-2019,31145,2019,26,train,26,27
31145-2020,31145,2020,26,train,26,27
31145-2021,31145,2021,26,train,26,27
31147-2020,31147,2020,26,train,26,27
31147-2022,31147,2022,26,train,26,27
31149-2019,31149,2019,26,train,26,27
31149-2020,31149,2020,26,train,26,27
31149-2021,31149,2021,26,train,26,27
31151-2019,31151,2019,26,train,26,27
31151-2020,31151,2020,26,train,26,27
31151-2022,31151,2022,26,train,26,27
31153-2020,31153,2020,26,train,26,27
31153-2022,31153,2022,26,train,26,27
31155-2019,31155,2019,26,train,26,27
31155-2020,31155,2020,26,train,26,27
31155-2022,31155,2022,26,train,26,27
31157-2019,31157,2019,26,train,26,27
31157-2020,31157,2020,26,train,26,27
31157-2021,31157,2021,26,train,26,27
31159-2019,31159,2019,26,train,26,27
31159-2020,31159,2020,26,train,26,27
31159-2022,31159,2022,26,train,26,27
31161-2020,31161,2020,26,train,26,27
31161-2021,31161,2021,26,train,26,27
31163-2019,31163,2019,26,train,26,27
31163-2020,31163,2020,26,train,26,27
31163-2021,31163,2021,26,train,26,27
31163-2022,31163,2022,26,train,26,27
31165-2019,31165,2019,26,train,26,27
31165-2020,31165,2020,26,train,26,27
31165-2021,31165,2021,26,train,26,27
31167-2019,31167,2019,26,train,26,27
31167-2022,31167,2022,26,train,26,27
31169-2019,31169,2019,26,train,26,27
31169-2020,31169,2020,26,train,26,27
31169-2021,31169,2021,26,train,26,27
31169-2022,31169,2022,26,train,26,27
31173-2019,31173,2019,26,train,26,27
31173-2022,31173,2022,26,train,26,27
31175-2019,31175,2019,26,train,26,27
31175-2020,31175,2020,26,train,26,27
31175-2021,31175,2021,26,train,26,27
31175-2022,31175,2022,26,train,26,27
31177-2019,31177,2019,26,train,26,27
31177-2020,31177,2020,26,train,26,27
31177-2022,31177,2022,26,train,26,27
31179-2019,31179,2019,26,train,26,27
31179-2021,31179,2021,26,train,26,27
31179-2022,31179,2022,26,train,26,27
31181-2020,31181,2020,26,train,26,27
31181-2022,31181,2022,26,train,26,27
31183-2020,31183,2020,26,train,26,27
31185-2019,31185,2019,26,train,26,27
31185-2020,31185,2020,26,train,26,27
31185-2022,31185,2022,26,train,26,27
38001-2020,38001,2020,26,train,26,27
38001-2021,38001,2021,26,train,26,27
38003-2020,38003,2020,26,train,26,27
38003-2021,38003,2021,26,train,26,27
38005-2020,38005,2020,26,train,26,27
38005-2021,38005,2021,26,train,26,27
38007-2020,38007,2020,26,train,26,27
38007-2021,38007,2021,26,train,26,27
38009-2020,38009,2020,26,train,26,27
38009-2021,38009,2021,26,train,26,27
38011-2020,38011,2020,26,train,26,27
38015-2019,38015,2019,26,train,26,27
38015-2020,38015,2020,26,train,26,27
38017-2019,38017,2019,26,train,26,27
38017-2020,38017,2020,26,train,26,27
38017-2021,38017,2021,26,train,26,27
38021-2020,38021,2020,26,train,26,27
38021-2021,38021,2021,26,train,26,27
38025-2020,38025,2020,26,train,26,27
38025-2021,38025,2021,26,train,26,27
38027-2020,38027,2020,26,train,26,27
38027-2021,38027,2021,26,train,26,27
38029-2020,38029,2020,26,train,26,27
38029-2021,38029,2021,26,train,26,27
38031-2020,38031,2020,26,train,26,27
38031-2021,38031,2021,26,train,26,27
38033-2021,38033,2021,26,train,26,27
38035-2019,38035,2019,26,train,26,27
38035-2020,38035,2020,26,train,26,27
38035-2021,38035,2021,26,train,26,27
38037-2020,38037,2020,26,train,26,27
38037-2021,38037,2021,26,train,26,27
38041-2019,38041,2019,26,train,26,27
38041-2020,38041,2020,26,train,26,27
38041-2021,38041,2021,26,train,26,27
38043-2019,38043,2019,26,train,26,27
38043-2020,38043,2020,26,train,26,27
38043-2021,38043,2021,26,train,26,27
38047-2020,38047,2020,26,train,26,27
38047-2021,38047,2021,26,train,26,27
38057-2020,38057,2020,26,train,26,27
38057-2021,38057,2021,26,train,26,27
38059-2020,38059,2020,26,train,26,27
38061-2019,38061,2019,26,train,26,27
38061-2020,38061,2020,26,train,26,27
38063-2020,38063,2020,26,train,26,27
38065-2020,38065,2020,26,train,26,27
38067-2020,38067,2020,26,train,26,27
38067-2021,38067,2021,26,train,26,27
38069-2020,38069,2020,26,train,26,27
38069-2021,38069,2021,26,train,26,27
38071-2020,38071,2020,26,train,26,27
38071-2021,38071,2021,26,train,26,27
38073-2020,38073,2020,26,train,26,27
38073-2021,38073,2021,26,train,26,27
38075-2020,38075,2020,26,train,26,27
38075-2021,38075,2021,26,train,26,27
38077-2019,38077,2019,26,train,26,27
38077-2020,38077,2020,26,train,26,27
38077-2021,38077,2021,26,train,26,27
38079-2021,38079,2021,26,train,26,27
38081-2019,38081,2019,26,train,26,27
38081-2020,38081,2020,26,train,26,27
38081-2021,38081,2021,26,train,26,27
38083-2019,38083,2019,26,train,26,27
38083-2020,38083,2020,26,train,26,27
38087-2019,38087,2019,26,train,26,27
38087-2020,38087,2020,26,train,26,27
38087-2021,38087,2021,26,train,26,27
38089-2020,38089,2020,26,train,26,27
38089-2021,38089,2021,26,train,26,27
38091-2019,38091,2019,26,train,26,27
38091-2020,38091,2020,26,train,26,27
38091-2021,38091,2021,26,train,26,27
38093-2019,38093,2019,26,train,26,27
38093-2020,38093,2020,26,train,26,27
38093-2021,38093,2021,26,train,26,27
38095-2020,38095,2020,26,train,26,27
38095-2021,38095,2021,26,train,26,27
38097-2020,38097,2020,26,train,26,27
38099-2020,38099,2020,26,train,26,27
38099-2021,38099,2021,26,train,26,27
38101-2019,38101,2019,26,train,26,27
38101-2020,38101,2020,26,train,26,27
38101-2021,38101,2021,26,train,26,27
38103-2020,38103,2020,26,train,26,27
38103-2021,38103,2021,26,train,26,27
38105-2021,38105,2021,26,train,26,27
39001-2020,39001,2020,26,train,26,27
39001-2022,39001,2022,26,train,26,27
39003-2020,39003,2020,26,train,26,27
39003-2022,39003,2022,26,train,26,27
39005-2019,39005,2019,26,train,26,27
39005-2020,39005,2020,26,train,26,27
39005-2021,39005,2021,26,train,26,27
39007-2019,39007,2019,26,train,26,27
39007-2021,39007,2021,26,train,26,27
39011-2019,39011,2019,26,train,26,27
39011-2020,39011,2020,26,train,26,27
39011-2021,39011,2021,26,train,26,27
39011-2022,39011,2022,26,train,26,27
39015-2022,39015,2022,26,train,26,27
39017-2020,39017,2020,26,train,26,27
39017-2022,39017,2022,26,train,26,27
39021-2019,39021,2019,26,train,26,27
39021-2020,39021,2020,26,train,26,27
39021-2022,39021,2022,26,train,26,27
39023-2022,39023,2022,26,train,26,27
39025-2022,39025,2022,26,train,26,27
39027-2022,39027,2022,26,train,26,27
39029-2019,39029,2019,26,train,26,27
39031-2019,39031,2019,26,train,26,27
39031-2020,39031,2020,26,train,26,27
39031-2021,39031,2021,26,train,26,27
39031-2022,39031,2022,26,train,26,27
39033-2022,39033,2022,26,train,26,27
39037-2019,39037,2019,26,train,26,27
39037-2020,39037,2020,26,train,26,27
39037-2021,39037,2021,26,train,26,27
39037-2022,39037,2022,26,train,26,27
39039-2019,39039,2019,26,train,26,27
39039-2020,39039,2020,26,train,26,27
39039-2022,39039,2022,26,train,26,27
39041-2022,39041,2022,26,train,26,27
39043-2020,39043,2020,26,train,26,27
39043-2022,39043,2022,26,train,26,27
39045-2019,39045,2019,26,train,26,27
39045-2020,39045,2020,26,train,26,27
39045-2022,39045,2022,26,train,26,27
39047-2020,39047,2020,26,train,26,27
39047-2022,39047,2022,26,train,26,27
39049-2022,39049,2022,26,train,26,27
39051-2019,39051,2019,26,train,26,27
39051-2020,39051,2020,26,train,26,27
39051-2022,39051,2022,26,train,26,27
39053-2019,39053,2019,26,train,26,27
39053-2020,39053,2020,26,train,26,27
39053-2021,39053,2021,26,train,26,27
39057-2022,39057,2022,26,train,26,27
39061-2020,39061,2020,26,train,26,27
39063-2020,39063,2020,26,train,26,27
39063-2022,39063,2022,26,train,26,27
39065-2019,39065,2019,26,train,26,27
39065-2020,39065,2020,26,train,26,27
39065-2021,39065,2021,26,train,26,27
39065-2022,39065,2022,26,train,26,27
39069-2020,39069,2020,26,train,26,27
39069-2022,39069,2022,26,train,26,27
39071-2022,39071,2022,26,train,26,27
39075-2019,39075,2019,26,train,26,27
39075-2020,39075,2020,26,train,26,27
39075-2021,39075,2021,26,train,26,27
39075-2022,39075,2022,26,train,26,27
39077-2022,39077,2022,26,train,26,27
39079-2022,39079,2022,26,train,26,27
39083-2019,39083,2019,26,train,26,27
39083-2020,39083,2020,26,train,26,27
39083-2021,39083,2021,26,train,26,27
39083-2022,39083,2022,26,train,26,27
39089-2020,39089,2020,26,train,26,27
39089-2021,39089,2021,26,train,26,27
39089-2022,39089,2022,26,train,26,27
39091-2019,39091,2019,26,train,26,27
39091-2020,39091,2020,26,train,26,27
39091-2021,39091,2021,26,train,26,27
39091-2022,39091,2022,26,train,26,27
39093-2020,39093,2020,26,train,26,27
39093-2021,39093,2021,26,train,26,27
39093-2022,39093,2022,26,train,26,27
39095-2019,39095,2019,26,train,26,27
39095-2020,39095,2020,26,train,26,27
39095-2022,39095,2022,26,train,26,27
39097-2020,39097,2020,26,train,26,27
39097-2022,39097,2022,26,train,26,27
39099-2019,39099,2019,26,train,26,27
39101-2019,39101,2019,26,train,26,27
39101-2020,39101,2020,26,train,26,27
39101-2022,39101,2022,26,train,26,27
39103-2019,39103,2019,26,train,26,27
39103-2020,39103,2020,26,train,26,27
39103-2021,39103,2021,26,train,26,27
39103-2022,39103,2022,26,train,26,27
39107-2019,39107,2019,26,train,26,27
39107-2020,39107,2020,26,train,26,27
39107-2021,39107,2021,26,train,26,27
39107-2022,39107,2022,26,train,26,27
39109-2019,39109,2019,26,train,26,27
39109-2020,39109,2020,26,train,26,27
39109-2022,39109,2022,26,train,26,27
39113-2019,39113,2019,26,train,26,27
39117-2022,39117,2022,26,train,26,27
39119-2019,39119,2019,26,train,26,27
39119-2020,39119,2020,26,train,26,27
39119-2021,39119,2021,26,train,26,27
39119-2022,39119,2022,26,train,26,27
39123-2020,39123,2020,26,train,26,27
39123-2022,39123,2022,26,train,26,27
39125-2020,39125,2020,26,train,26,27
39125-2022,39125,2022,26,train,26,27
39127-2020,39127,2020,26,train,26,27
39127-2021,39127,2021,26,train,26,27
39129-2019,39129,2019,26,train,26,27
39129-2020,39129,2020,26,train,26,27
39129-2021,39129,2021,26,train,26,27
39129-2022,39129,2022,26,train,26,27
39131-2019,39131,2019,26,train,26,27
39131-2021,39131,2021,26,train,26,27
39131-2022,39131,2022,26,train,26,27
39133-2019,39133,2019,26,train,26,27
39133-2021,39133,2021,26,train,26,27
39135-2019,39135,2019,26,train,26,27
39135-2020,39135,2020,26,train,26,27
39135-2021,39135,2021,26,train,26,27
39135-2022,39135,2022,26,train,26,27
39137-2019,39137,2019,26,train,26,27
39137-2020,39137,2020,26,train,26,27
39137-2022,39137,2022,26,train,26,27
39139-2019,39139,2019,26,train,26,27
39139-2020,39139,2020,26,train,26,27
39139-2022,39139,2022,26,train,26,27
39141-2019,39141,2019,26,train,26,27
39141-2021,39141,2021,26,train,26,27
39141-2022,39141,2022,26,train,26,27
39143-2019,39143,2019,26,train,26,27
39143-2020,39143,2020,26,train,26,27
39143-2022,39143,2022,26,train,26,27
39145-2019,39145,2019,26,train,26,27
39145-2020,39145,2020,26,train,26,27
39145-2021,39145,2021,26,train,26,27
39147-2019,39147,2019,26,train,26,27
39147-2020,39147,2020,26,train,26,27
39147-2022,39147,2022,26,train,26,27
39149-2019,39149,2019,26,train,26,27
39149-2020,39149,2020,26,train,26,27
39149-2022,39149,2022,26,train,26,27
39151-2019,39151,2019,26,train,26,27
39151-2020,39151,2020,26,train,26,27
39151-2021,39151,2021,26,train,26,27
39155-2019,39155,2019,26,train,26,27
39157-2019,39157,2019,26,train,26,27
39157-2020,39157,2020,26,train,26,27
39157-2021,39157,2021,26,train,26,27
39159-2019,39159,2019,26,train,26,27
39159-2022,39159,2022,26,train,26,27
39161-2019,39161,2019,26,train,26,27
39161-2020,39161,2020,26,train,26,27
39161-2022,39161,2022,26,train,26,27
39165-2019,39165,2019,26,train,26,27
39165-2020,39165,2020,26,train,26,27
39165-2022,39165,2022,26,train,26,27
39167-2019,39167,2019,26,train,26,27
39167-2020,39167,2020,26,train,26,27
39167-2021,39167,2021,26,train,26,27
39169-2019,39169,2019,26,train,26,27
39169-2020,39169,2020,26,train,26,27
39169-2021,39169,2021,26,train,26,27
39169-2022,39169,2022,26,train,26,27
39171-2019,39171,2019,26,train,26,27
39171-2020,39171,2020,26,train,26,27
39171-2022,39171,2022,26,train,26,27
39173-2020,39173,2020,26,train,26,27
39173-2022,39173,2022,26,train,26,27
39175-2019,39175,2019,26,train,26,27
39175-2020,39175,2020,26,train,26,27
39175-2022,39175,2022,26,train,26,27
46003-2020,46003,2020,26,train,26,27
46003-2021,46003,2021,26,train,26,27
46005-2020,46005,2020,26,train,26,27
46005-2021,46005,2021,26,train,26,27
46007-2020,46007,2020,26,train,26,27
46007-2021,46007,2021,26,train,26,27
46009-2020,46009,2020,26,train,26,27
46009-2021,46009,2021,26,train,26,27
46009-2022,46009,2022,26,train,26,27
46011-2020,46011,2020,26,train,26,27
46011-2021,46011,2021,26,train,26,27
46013-2020,46013,2020,26,train,26,27
46013-2021,46013,2021,26,train,26,27
46015-2020,46015,2020,26,train,26,27
46015-2021,46015,2021,26,train,26,27
46017-2020,46017,2020,26,train,26,27
46017-2021,46017,2021,26,train,26,27
46019-2020,46019,2020,26,train,26,27
46019-2021,46019,2021,26,train,26,27
46021-2020,46021,2020,26,train,26,27
46021-2021,46021,2021,26,train,26,27
46023-2020,46023,2020,26,train,26,27
46023-2021,46023,2021,26,train,26,27
46023-2022,46023,2022,26,train,26,27
46025-2020,46025,2020,26,train,26,27
46025-2021,46025,2021,26,train,26,27
46027-2020,46027,2020,26,train,26,27
46027-2021,46027,2021,26,train,26,27
46027-2022,46027,2022,26,train,26,27
46029-2020,46029,2020,26,train,26,27
46029-2021,46029,2021,26,train,26,27
46031-2020,46031,2020,26,train,26,27
46031-2021,46031,2021,26,train,26,27
46035-2020,46035,2020,26,train,26,27
46037-2020,46037,2020,26,train,26,27
46037-2021,46037,2021,26,train,26,27
46039-2020,46039,2020,26,train,26,27
46041-2020,46041,2020,26,train,26,27
46043-2020,46043,2020,26,train,26,27
46043-2021,46043,2021,26,train,26,27
46045-2019,46045,2019,26,train,26,27
46045-2020,46045,2020,26,train,26,27
46049-2020,46049,2020,26,train,26,27
46049-2021,46049,2021,26,train,26,27
46051-2020,46051,2020,26,train,26,27
46051-2021,46051,2021,26,train,26,27
46053-2020,46053,2020,26,train,26,27
46053-2021,46053,2021,26,train,26,27
46057-2020,46057,2020,26,train,26,27
46057-2021,46057,2021,26,train,26,27
46059-2020,46059,2020,26,train,26,27
46059-2021,46059,2021,26,train,26,27
46061-2020,46061,2020,26,train,26,27
46061-2021,46061,2021,26,train,26,27
46063-2021,46063,2021,26,train,26,27
46065-2020,46065,2020,26,train,26,27
46065-2021,46065,2021,26,train,26,27
46067-2020,46067,2020,26,train,26,27
46067-2021,46067,2021,26,train,26,27
46069-2020,46069,2020,26,train,26,27
46073-2020,46073,2020,26,train,26,27
46073-2021,46073,2021,26,train,26,27
46075-2020,46075,2020,26,train,26,27
46077-2020,46077,2020,26,train,26,27
46077-2021,46077,2021,26,train,26,27
46079-2020,46079,2020,26,train,26,27
46079-2021,46079,2021,26,train,26,27
46083-2019,46083,2019,26,train,26,27
46083-2020,46083,2020,26,train,26,27
46083-2021,46083,2021,26,train,26,27
46083-2022,46083,2022,26,train,26,27
46085-2019,46085,2019,26,train,26,27
46085-2020,46085,2020,26,train,26,27
46085-2021,46085,2021,26,train,26,27
46091-2020,46091,2020,26,train,26,27
46091-2021,46091,2021,26,train,26,27
46093-2021,46093,2021,26,train,26,27
46095-2020,46095,2020,26,train,26,27
46097-2020,46097,2020,26,train,26,27
46097-2021,46097,2021,26,train,26,27
46099-2019,46099,2019,26,train,26,27
46099-2020,46099,2020,26,train,26,27
46099-2022,46099,2022,26,train,26,27
46101-2020,46101,2020,26,train,26,27
46102-2020,46102,2020,26,train,26,27
46102-2021,46102,2021,26,train,26,27
46103-2021,46103,2021,26,train,26,27
46107-2020,46107,2020,26,train,26,27
46107-2021,46107,2021,26,train,26,27
46109-2020,46109,2020,26,train,26,27
46111-2020,46111,2020,26,train,26,27
46111-2021,46111,2021,26,train,26,27
46115-2020,46115,2020,26,train,26,27
46119-2020,46119,2020,26,train,26,27
46119-2021,46119,2021,26,train,26,27
46121-2021,46121,2021,26,train,26,27
46123-2020,46123,2020,26,train,26,27
46123-2021,46123,2021,26,train,26,27
46125-2020,46125,2020,26,train,26,27
46125-2021,46125,2021,26,train,26,27
46125-2022,46125,2022,26,train,26,27
46127-2019,46127,2019,26,train,26,27
46127-2020,46127,2020,26,train,26,27
46127-2022,46127,2022,26,train,26,27
46129-2020,46129,2020,26,train,26,27
46129-2021,46129,2021,26,train,26,27
46135-2021,46135,2021,26,train,26,27
46135-2022,46135,2022,26,train,26,27
46137-2019,46137,2019,26,train,26,27
46137-2020,46137,2020,26,train,26,27
55001-2019,55001,2019,26,train,26,27
55001-2020,55001,2020,26,train,26,27
55005-2020,55005,2020,26,train,26,27
55009-2020,55009,2020,26,train,26,27
55011-2020,55011,2020,26,train,26,27
55013-2020,55013,2020,26,train,26,27
55015-2020,55015,2020,26,train,26,27
55017-2019,55017,2019,26,train,26,27
55017-2020,55017,2020,26,train,26,27
55017-2021,55017,2021,26,train,26,27
55019-2019,55019,2019,26,train,26,27
55019-2020,55019,2020,26,train,26,27
55019-2021,55019,2021,26,train,26,27
55021-2019,55021,2019,26,train,26,27
55021-2020,55021,2020,26,train,26,27
55021-2021,55021,2021,26,train,26,27
55023-2019,55023,2019,26,train,26,27
55023-2020,55023,2020,26,train,26,27
55023-2021,55023,2021,26,train,26,27
55023-2022,55023,2022,26,train,26,27
55025-2019,55025,2019,26,train,26,27
55025-2020,55025,2020,26,train,26,27
55025-2021,55025,2021,26,train,26,27
55025-2022,55025,2022,26,train,26,27
55027-2019,55027,2019,26,train,26,27
55027-2020,55027,2020,26,train,26,27
55029-2019,55029,2019,26,train,26,27
55029-2020,55029,2020,26,train,26,27
55029-2021,55029,2021,26,train,26,27
55033-2020,55033,2020,26,train,26,27
55035-2019,55035,2019,26,train,26,27
55035-2020,55035,2020,26,train,26,27
55035-2021,55035,2021,26,train,26,27
55043-2019,55043,2019,26,train,26,27
55043-2020,55043,2020,26,train,26,27
55043-2021,55043,2021,26,train,26,27
55043-2022,55043,2022,26,train,26,27
55045-2019,55045,2019,26,train,26,27
55045-2020,55045,2020,26,train,26,27
55045-2021,55045,2021,26,train,26,27
55045-2022,55045,2022,26,train,26,27
55047-2019,55047,2019,26,train,26,27
55047-2020,55047,2020,26,train,26,27
55047-2021,55047,2021,26,train,26,27
55049-2020,55049,2020,26,train,26,27
55049-2022,55049,2022,26,train,26,27
55053-2019,55053,2019,26,train,26,27
55053-2020,55053,2020,26,train,26,27
55053-2021,55053,2021,26,train,26,27
55055-2019,55055,2019,26,train,26,27
55055-2020,55055,2020,26,train,26,27
55055-2022,55055,2022,26,train,26,27
55057-2019,55057,2019,26,train,26,27
55057-2020,55057,2020,26,train,26,27
55057-2021,55057,2021,26,train,26,27
55059-2020,55059,2020,26,train,26,27
55059-2022,55059,2022,26,train,26,27
55061-2020,55061,2020,26,train,26,27
55063-2019,55063,2019,26,train,26,27
55063-2020,55063,2020,26,train,26,27
55063-2021,55063,2021,26,train,26,27
55065-2020,55065,2020,26,train,26,27
55065-2022,55065,2022,26,train,26,27
55067-2020,55067,2020,26,train,26,27
55067-2021,55067,2021,26,train,26,27
55069-2020,55069,2020,26,train,26,27
55069-2021,55069,2021,26,train,26,27
55071-2019,55071,2019,26,train,26,27
55071-2020,55071,2020,26,train,26,27
55073-2020,55073,2020,26,train,26,27
55073-2021,55073,2021,26,train,26,27
55075-2019,55075,2019,26,train,26,27
55075-2020,55075,2020,26,train,26,27
55075-2021,55075,2021,26,train,26,27
55077-2020,55077,2020,26,train,26,27
55079-2020,55079,2020,26,train,26,27
55081-2019,55081,2019,26,train,26,27
55081-2020,55081,2020,26,train,26,27
55081-2021,55081,2021,26,train,26,27
55083-2019,55083,2019,26,train,26,27
55083-2020,55083,2020,26,train,26,27
55083-2021,55083,2021,26,train,26,27
55087-2019,55087,2019,26,train,26,27
55087-2020,55087,2020,26,train,26,27
55089-2019,55089,2019,26,train,26,27
55089-2020,55089,2020,26,train,26,27
55091-2020,55091,2020,26,train,26,27
55093-2020,55093,2020,26,train,26,27
55095-2020,55095,2020,26,train,26,27
55097-2019,55097,2019,26,train,26,27
55097-2020,55097,2020,26,train,26,27
55101-2019,55101,2019,26,train,26,27
55101-2020,55101,2020,26,train,26,27
55101-2022,55101,2022,26,train,26,27
55103-2019,55103,2019,26,train,26,27
55103-2020,55103,2020,26,train,26,27
55103-2021,55103,2021,26,train,26,27
55103-2022,55103,2022,26,train,26,27
55105-2019,55105,2019,26,train,26,27
55105-2020,55105,2020,26,train,26,27
55105-2021,55105,2021,26,train,26,27
55105-2022,55105,2022,26,train,26,27
55107-2019,55107,2019,26,train,26,27
55107-2020,55107,2020,26,train,26,27
55107-2021,55107,2021,26,train,26,27
55111-2019,55111,2019,26,train,26,27
55111-2020,55111,2020,26,train,26,27
55111-2021,55111,2021,26,train,26,27
55113-2020,55113,2020,26,train,26,27
55113-2021,55113,2021,26,train,26,27
55115-2019,55115,2019,26,train,26,27
55115-2020,55115,2020,26,train,26,27
55115-2021,55115,2021,26,train,26,27
55117-2019,55117,2019,26,train,26,27
55117-2020,55117,2020,26,train,26,27
55119-2020,55119,2020,26,train,26,27
55119-2021,55119,2021,26,train,26,27
55121-2019,55121,2019,26,train,26,27
55121-2020,55121,2020,26,train,26,27
55121-2021,55121,2021,26,train,26,27
55123-2019,55123,2019,26,train,26,27
55123-2020,55123,2020,26,train,26,27
55123-2021,55123,2021,26,train,26,27
55123-2022,55123,2022,26,train,26,27
55127-2019,55127,2019,26,train,26,27
55127-2020,55127,2020,26,train,26,27
55127-2022,55127,2022,26,train,26,27
55129-2019,55129,2019,26,train,26,27
55129-2020,55129,2020,26,train,26,27
55131-2019,55131,2019,26,train,26,27
55131-2020,55131,2020,26,train,26,27
55133-2019,55133,2019,26,train,26,27
55133-2020,55133,2020,26,train,26,27
55133-2022,55133,2022,26,train,26,27
55135-2019,55135,2019,26,train,26,27
55135-2020,55135,2020,26,train,26,27
55137-2019,55137,2019,26,train,26,27
55137-2020,55137,2020,26,train,26,27
55137-2021,55137,2021,26,train,26,27
55139-2019,55139,2019,26,train,26,27
55139-2020,55139,2020,26,train,26,27
55141-2019,55141,2019,26,train,26,27
55141-2020,55141,2020,26,train,26,27
17001-2020,17001,2020,27,train,27,29
17001-2022,17001,2022,27,train,27,29
17003-2019,17003,2019,27,train,27,29
17003-2020,17003,2020,27,train,27,29
17005-2019,17005,2019,27,train,27,29
17005-2020,17005,2020,27,train,27,29
17005-2021,17005,2021,27,train,27,29
17005-2022,17005,2022,27,train,27,29
17007-2019,17007,2019,27,train,27,29
17007-2020,17007,2020,27,train,27,29
17007-2022,17007,2022,27,train,27,29
17009-2020,17009,2020,27,train,27,29
17009-2022,17009,2022,27,train,27,29
17011-2019,17011,2019,27,train,27,29
17011-2020,17011,2020,27,train,27,29
17011-2021,17011,2021,27,train,27,29
17011-2022,17011,2022,27,train,27,29
17013-2020,17013,2020,27,train,27,29
17013-2022,17013,2022,27,train,27,29
17015-2020,17015,2020,27,train,27,29
17015-2022,17015,2022,27,train,27,29
17017-2019,17017,2019,27,train,27,29
17017-2020,17017,2020,27,train,27,29
17017-2021,17017,2021,27,train,27,29
17017-2022,17017,2022,27,train,27,29
17019-2021,17019,2021,27,train,27,29
17019-2022,17019,2022,27,train,27,29
17021-2020,17021,2020,27,train,27,29
17021-2021,17021,2021,27,train,27,29
17021-2022,17021,2022,27,train,27,29
17023-2020,17023,2020,27,train,27,29
17023-2022,17023,2022,27,train,27,29
17025-2019,17025,2019,27,train,27,29
17025-2020,17025,2020,27,train,27,29
17025-2021,17025,2021,27,train,27,29
17025-2022,17025,2022,27,train,27,29
17027-2019,17027,2019,27,train,27,29
17027-2020,17027,2020,27,train,27,29
17027-2021,17027,2021,27,train,27,29
17027-2022,17027,2022,27,train,27,29
17029-2019,17029,2019,27,train,27,29
17029-2021,17029,2021,27,train,27,29
17031-2019,17031,2019,27,train,27,29
17033-2019,17033,2019,27,train,27,29
17033-2020,17033,2020,27,train,27,29
17033-2022,17033,2022,27,train,27,29
17035-2019,17035,2019,27,train,27,29
17035-2022,17035,2022,27,train,27,29
17039-2020,17039,2020,27,train,27,29
17039-2021,17039,2021,27,train,27,29
17039-2022,17039,2022,27,train,27,29
17041-2019,17041,2019,27,train,27,29
17041-2022,17041,2022,27,train,27,29
17045-2020,17045,2020,27,train,27,29
17045-2021,17045,2021,27,train,27,29
17045-2022,17045,2022,27,train,27,29
17047-2020,17047,2020,27,train,27,29
17047-2021,17047,2021,27,train,27,29
17047-2022,17047,2022,27,train,27,29
17049-2021,17049,2021,27,train,27,29
17049-2022,17049,2022,27,train,27,29
17051-2019,17051,2019,27,train,27,29
17051-2020,17051,2020,27,train,27,29
17051-2021,17051,2021,27,train,27,29
17053-2019,17053,2019,27,train,27,29
17053-2020,17053,2020,27,train,27,29
17053-2021,17053,2021,27,train,27,29
17053-2022,17053,2022,27,train,27,29
17055-2019,17055,2019,27,train,27,29
17055-2020,17055,2020,27,train,27,29
17055-2021,17055,2021,27,train,27,29
17055-2022,17055,2022,27,train,27,29
17057-2020,17057,2020,27,train,27,29
17057-2021,17057,2021,27,train,27,29
17057-2022,17057,2022,27,train,27,29
17059-2019,17059,2019,27,train,27,29
17059-2020,17059,2020,27,train,27,29
17059-2021,17059,2021,27,train,27,29
17059-2022,17059,2022,27,train,27,29
17061-2020,17061,2020,27,train,27,29
17061-2021,17061,2021,27,train,27,29
17061-2022,17061,2022,27,train,27,29
17063-2019,17063,2019,27,train,27,29
17063-2020,17063,2020,27,train,27,29
17063-2022,17063,2022,27,train,27,29
17065-2020,17065,2020,27,train,27,29
17065-2022,17065,2022,27,train,27,29
17067-2020,17067,2020,27,train,27,29
17067-2022,17067,2022,27,train,27,29
17071-2020,17071,2020,27,train,27,29
17071-2022,17071,2022,27,train,27,29
17073-2020,17073,2020,27,train,27,29
17073-2022,17073,2022,27,train,27,29
17075-2019,17075,2019,27,train,27,29
17075-2020,17075,2020,27,train,27,29
17075-2021,17075,2021,27,train,27,29
17075-2022,17075,2022,27,train,27,29
17077-2019,17077,2019,27,train,27,29
17077-2020,17077,2020,27,train,27,29
17077-2021,17077,2021,27,train,27,29
17077-2022,17077,2022,27,train,27,29
17079-2019,17079,2019,27,train,27,29
17079-2020,17079,2020,27,train,27,29
17079-2022,17079,2022,27,train,27,29
17081-2019,17081,2019,27,train,27,29
17081-2021,17081,2021,27,train,27,29
17081-2022,17081,2022,27,train,27,29
17083-2020,17083,2020,27,train,27,29
17083-2022,17083,2022,27,train,27,29
17085-2020,17085,2020,27,train,27,29
17085-2022,17085,2022,27,train,27,29
17087-2020,17087,2020,27,train,27,29
17089-2019,17089,2019,27,train,27,29
17089-2020,17089,2020,27,train,27,29
17089-2022,17089,2022,27,train,27,29
17091-2020,17091,2020,27,train,27,29
17091-2022,17091,2022,27,train,27,29
17093-2019,17093,2019,27,train,27,29
17093-2020,17093,2020,27,train,27,29
17093-2022,17093,2022,27,train,27,29
17095-2020,17095,2020,27,train,27,29
17095-2022,17095,2022,27,train,27,29
17097-2019,17097,2019,27,train,27,29
17097-2020,17097,2020,27,train,27,29
17101-2019,17101,2019,27,train,27,29
17101-2020,17101,2020,27,train,27,29
17101-2022,17101,2022,27,train,27,29
17103-2019,17103,2019,27,train,27,29
17103-2020,17103,2020,27,train,27,29
17103-2022,17103,2022,27,train,27,29
17105-2019,17105,2019,27,train,27,29
17105-2020,17105,2020,27,train,27,29
17105-2021,17105,2021,27,train,27,29
17105-2022,17105,2022,27,train,27,29
17107-2020,17107,2020,27,train,27,29
17107-2021,17107,2021,27,train,27,29
17107-2022,17107,2022,27,train,27,29
17115-2020,17115,2020,27,train,27,29
17115-2021,17115,2021,27,train,27,29
17115-2022,17115,2022,27,train,27,29
17117-2020,17117,2020,27,train,27,29
17117-2021,17117,2021,27,train,27,29
17117-2022,17117,2022,27,train,27,29
17119-2019,17119,2019,27,train,27,29
17119-2020,17119,2020,27,train,27,29
17119-2021,17119,2021,27,train,27,29
17119-2022,17119,2022,27,train,27,29
17121-2019,17121,2019,27,train,27,29
17121-2020,17121,2020,27,train,27,29
17121-2021,17121,2021,27,train,27,29
17121-2022,17121,2022,27,train,27,29
17123-2019,17123,2019,27,train,27,29
17123-2020,17123,2020,27,train,27,29
17123-2021,17123,2021,27,train,27,29
17123-2022,17123,2022,27,train,27,29
17125-2020,17125,2020,27,train,27,29
17125-2021,17125,2021,27,train,27,29
17125-2022,17125,2022,27,train,27,29
17127-2019,17127,2019,27,train,27,29
17127-2020,17127,2020,27,train,27,29
17129-2021,17129,2021,27,train,27,29
17131-2020,17131,2020,27,train,27,29
17131-2022,17131,2022,27,train,27,29
17133-2019,17133,2019,27,train,27,29
17133-2020,17133,2020,27,train,27,29
17133-2022,17133,2022,27,train,27,29
17135-2020,17135,2020,27,train,27,29
17135-2021,17135,2021,27,train,27,29
17135-2022,17135,2022,27,train,27,29
17137-2019,17137,2019,27,train,27,29
17137-2020,17137,2020,27,train,27,29
17137-2022,17137,2022,27,train,27,29
17139-2021,17139,2021,27,train,27,29
17139-2022,17139,2022,27,train,27,29
17141-2019,17141,2019,27,train,27,29
17141-2020,17141,2020,27,train,27,29
17141-2022,17141,2022,27,train,27,29
17143-2019,17143,2019,27,train,27,29
17143-2020,17143,2020,27,train,27,29
17143-2021,17143,2021,27,train,27,29
17143-2022,17143,2022,27,train,27,29
17145-2020,17145,2020,27,train,27,29
17145-2022,17145,2022,27,train,27,29
17147-2021,17147,2021,27,train,27,29
17147-2022,17147,2022,27,train,27,29
17149-2020,17149,2020,27,train,27,29
17151-2020,17151,2020,27,train,27,29
17153-2019,17153,2019,27,train,27,29
17153-2020,17153,2020,27,train,27,29
17153-2021,17153,2021,27,train,27,29
17155-2020,17155,2020,27,train,27,29
17155-2021,17155,2021,27,train,27,29
17155-2022,17155,2022,27,train,27,29
17157-2019,17157,2019,27,train,27,29
17157-2020,17157,2020,27,train,27,29
17157-2021,17157,2021,27,train,27,29
17157-2022,17157,2022,27,train,27,29
17159-2020,17159,2020,27,train,27,29
17161-2020,17161,2020,27,train,27,29
17161-2022,17161,2022,27,train,27,29
17165-2020,17165,2020,27,train,27,29
17165-2021,17165,2021,27,train,27,29
17165-2022,17165,2022,27,train,27,29
17167-2021,17167,2021,27,train,27,29
17169-2020,17169,2020,27,train,27,29
17169-2022,17169,2022,27,train,27,29
17171-2020,17171,2020,27,train,27,29
17171-2022,17171,2022,27,train,27,29
17173-2021,17173,2021,27,train,27,29
17173-2022,17173,2022,27,train,27,29
17175-2019,17175,2019,27,train,27,29
17175-2020,17175,2020,27,train,27,29
17175-2021,17175,2021,27,train,27,29
17175-2022,17175,2022,27,train,27,29
17177-2019,17177,2019,27,train,27,29
17177-2020,17177,2020,27,train,27,29
17177-2021,17177,2021,27,train,27,29
17177-2022,17177,2022,27,train,27,29
17179-2020,17179,2020,27,train,27,29
17179-2021,17179,2021,27,train,27,29
17179-2022,17179,2022,27,train,27,29
17181-2019,17181,2019,27,train,27,29
17181-2020,17181,2020,27,train,27,29
17181-2021,17181,2021,27,train,27,29
17183-2020,17183,2020,27,train,27,29
17183-2021,17183,2021,27,train,27,29
17183-2022,17183,2022,27,train,27,29
17185-2019,17185,2019,27,train,27,29
17185-2020,17185,2020,27,train,27,29
17185-2022,17185,2022,27,train,27,29
17187-2020,17187,2020,27,train,27,29
17187-2022,17187,2022,27,train,27,29
17189-2019,17189,2019,27,train,27,29
17189-2020,17189,2020,27,train,27,29
17189-2021,17189,2021,27,train,27,29
17189-2022,17189,2022,27,train,27,29
17191-2020,17191,2020,27,train,27,29
17191-2022,17191,2022,27,train,27,29
17193-2019,17193,2019,27,train,27,29
17193-2020,17193,2020,27,train,27,29
17193-2021,17193,2021,27,train,27,29
17193-2022,17193,2022,27,train,27,29
17195-2019,17195,2019,27,train,27,29
17195-2020,17195,2020,27,train,27,29
17195-2022,17195,2022,27,train,27,29
17197-2020,17197,2020,27,train,27,29
17197-2022,17197,2022,27,train,27,29
17199-2019,17199,2019,27,train,27,29
17199-2020,17199,2020,27,train,27,29
17199-2022,17199,2022,27,train,27,29
17201-2019,17201,2019,27,train,27,29
17201-2020,17201,2020,27,train,27,29
17201-2021,17201,2021,27,train,27,29
17201-2022,17201,2022,27,train,27,29
17203-2019,17203,2019,27,train,27,29
17203-2020,17203,2020,27,train,27,29
17203-2021,17203,2021,27,train,27,29
17203-2022,17203,2022,27,train,27,29
18001-2019,18001,2019,27,train,27,29
18001-2020,18001,2020,27,train,27,29
18001-2022,18001,2022,27,train,27,29
18003-2019,18003,2019,27,train,27,29
18003-2020,18003,2020,27,train,27,29
18003-2022,18003,2022,27,train,27,29
18005-2022,18005,2022,27,train,27,29
18007-2019,18007,2019,27,train,27,29
18007-2020,18007,2020,27,train,27,29
18007-2021,18007,2021,27,train,27,29
18007-2022,18007,2022,27,train,27,29
18009-2022,18009,2022,27,train,27,29
18011-2019,18011,2019,27,train,27,29
18011-2020,18011,2020,27,train,27,29
18011-2021,18011,2021,27,train,27,29
18011-2022,18011,2022,27,train,27,29
18015-2019,18015,2019,27,train,27,29
18015-2020,18015,2020,27,train,27,29
18015-2022,18015,2022,27,train,27,29
18017-2020,18017,2020,27,train,27,29
18017-2022,18017,2022,27,train,27,29
18019-2020,18019,2020,27,train,27,29
18021-2020,18021,2020,27,train,27,29
18021-2021,18021,2021,27,train,27,29
18021-2022,18021,2022,27,train,27,29
18023-2020,18023,2020,27,train,27,29
18023-2021,18023,2021,27,train,27,29
18023-2022,18023,2022,27,train,27,29
18027-2019,18027,2019,27,train,27,29
18027-2020,18027,2020,27,train,27,29
18027-2021,18027,2021,27,train,27,29
18027-2022,18027,2022,27,train,27,29
18029-2019,18029,2019,27,train,27,29
18029-2020,18029,2020,27,train,27,29
18029-2022,18029,2022,27,train,27,29
18031-2019,18031,2019,27,train,27,29
18031-2020,18031,2020,27,train,27,29
18031-2022,18031,2022,27,train,27,29
18035-2022,18035,2022,27,train,27,29
18037-2022,18037,2022,27,train,27,29
18039-2019,18039,2019,27,train,27,29
18039-2020,18039,2020,27,train,27,29
18039-2021,18039,2021,27,train,27,29
18039-2022,18039,2022,27,train,27,29
18041-2019,18041,2019,27,train,27,29
18041-2020,18041,2020,27,train,27,29
18041-2021,18041,2021,27,train,27,29
18041-2022,18041,2022,27,train,27,29
18045-2020,18045,2020,27,train,27,29
18045-2022,18045,2022,27,train,27,29
18047-2019,18047,2019,27,train,27,29
18047-2020,18047,2020,27,train,27,29
18047-2022,18047,2022,27,train,27,29
18049-2019,18049,2019,27,train,27,29
18049-2020,18049,2020,27,train,27,29
18049-2021,18049,2021,27,train,27,29
18051-2019,18051,2019,27,train,27,29
18051-2020,18051,2020,27,train,27,29
18051-2022,18051,2022,27,train,27,29
18053-2020,18053,2020,27,train,27,29
18053-2022,18053,2022,27,train,27,29
18055-2019,18055,2019,27,train,27,29
18055-2020,18055,2020,27,train,27,29
18055-2021,18055,2021,27,train,27,29
18057-2022,18057,2022,27,train,27,29
18059-2020,18059,2020,27,train,27,29
18059-2022,18059,2022,27,train,27,29
18063-2019,18063,2019,27,train,27,29
18063-2020,18063,2020,27,train,27,29
18063-2021,18063,2021,27,train,27,29
18063-2022,18063,2022,27,train,27,29
18065-2022,18065,2022,27,train,27,29
18067-2020,18067,2020,27,train,27,29
18067-2022,18067,2022,27,train,27,29
18069-2022,18069,2022,27,train,27,29
18071-2022,18071,2022,27,train,27,29
18073-2020,18073,2020,27,train,27,29
18073-2022,18073,2022,27,train,27,29
18075-2019,18075,2019,27,train,27,29
18075-2020,18075,2020,27,train,27,29
18075-2022,18075,2022,27,train,27,29
18077-2019,18077,2019,27,train,27,29
18077-2020,18077,2020,27,train,27,29
18077-2022,18077,2022,27,train,27,29
18079-2022,18079,2022,27,train,27,29
18081-2022,18081,2022,27,train,27,29
18083-2020,18083,2020,27,train,27,29
18083-2022,18083,2022,27,train,27,29
18085-2022,18085,2022,27,train,27,29
18089-2020,18089,2020,27,train,27,29
18089-2022,18089,2022,27,train,27,29
18093-2022,18093,2022,27,train,27,29
18095-2022,18095,2022,27,train,27,29
18097-2020,18097,2020,27,train,27,29
18099-2019,18099,2019,27,train,27,29
18099-2020,18099,2020,27,train,27,29
18099-2021,18099,2021,27,train,27,29
18099-2022,18099,2022,27,train,27,29
18101-2022,18101,2022,27,train,27,29
18103-2020,18103,2020,27,train,27,29
18103-2022,18103,2022,27,train,27,29
18105-2022,18105,2022,27,train,27,29
18107-2019,18107,2019,27,train,27,29
18107-2020,18107,2020,27,train,27,29
18107-2021,18107,2021,27,train,27,29
18109-2022,18109,2022,27,train,27,29
18111-2019,18111,2019,27,train,27,29
18111-2020,18111,2020,27,train,27,29
18111-2021,18111,2021,27,train,27,29
18111-2022,18111,2022,27,train,27,29
18113-2020,18113,2020,27,train,27,29
18113-2022,18113,2022,27,train,27,29
18115-2019,18115,2019,27,train,27,29
18115-2020,18115,2020,27,train,27,29
18119-2020,18119,2020,27,train,27,29
18119-2021,18119,2021,27,train,27,29
18119-2022,18119,2022,27,train,27,29
18121-2019,18121,2019,27,train,27,29
18121-2020,18121,2020,27,train,27,29
18121-2022,18121,2022,27,train,27,29
18123-2022,18123,2022,27,train,27,29
18125-2020,18125,2020,27,train,27,29
18125-2022,18125,2022,27,train,27,29
18127-2019,18127,2019,27,train,27,29
18127-2020,18127,2020,27,train,27,29
18127-2021,18127,2021,27,train,27,29
18127-2022,18127,2022,27,train,27,29
18129-2019,18129,2019,27,train,27,29
18129-2020,18129,2020,27,train,27,29
18129-2021,18129,2021,27,train,27,29
18129-2022,18129,2022,27,train,27,29
18131-2019,18131,2019,27,train,27,29
18131-2020,18131,2020,27,train,27,29
18131-2022,18131,2022,27,train,27,29
18133-2019,18133,2019,27,train,27,29
18133-2020,18133,2020,27,train,27,29
18133-2021,18133,2021,27,train,27,29
18133-2022,18133,2022,27,train,27,29
18135-2019,18135,2019,27,train,27,29
18135-2020,18135,2020,27,train,27,29
18135-2022,18135,2022,27,train,27,29
18137-2020,18137,2020,27,train,27,29
18137-2022,18137,2022,27,train,27,29
18139-2022,18139,2022,27,train,27,29
18141-2019,18141,2019,27,train,27,29
18141-2020,18141,2020,27,train,27,29
18141-2021,18141,2021,27,train,27,29
18141-2022,18141,2022,27,train,27,29
18143-2022,18143,2022,27,train,27,29
18145-2020,18145,2020,27,train,27,29
18145-2022,18145,2022,27,train,27,29
18147-2020,18147,2020,27,train,27,29
18149-2019,18149,2019,27,train,27,29
18149-2020,18149,2020,27,train,27,29
18149-2022,18149,2022,27,train,27,29
18151-2020,18151,2020,27,train,27,29
18151-2022,18151,2022,27,train,27,29
18153-2019,18153,2019,27,train,27,29
18153-2020,18153,2020,27,train,27,29
18153-2022,18153,2022,27,train,27,29
18155-2019,18155,2019,27,train,27,29
18155-2020,18155,2020,27,train,27,29
18157-2019,18157,2019,27,train,27,29
18157-2020,18157,2020,27,train,27,29
18157-2021,18157,2021,27,train,27,29
18157-2022,18157,2022,27,train,27,29
18159-2022,18159,2022,27,train,27,29
18161-2019,18161,2019,27,train,27,29
18161-2020,18161,2020,27,train,27,29
18161-2021,18161,2021,27,train,27,29
18161-2022,18161,2022,27,train,27,29
18163-2019,18163,2019,27,train,27,29
18163-2020,18163,2020,27,train,27,29
18163-2021,18163,2021,27,train,27,29
18163-2022,18163,2022,27,train,27,29
18165-2019,18165,2019,27,train,27,29
18165-2020,18165,2020,27,train,27,29
18165-2021,18165,2021,27,train,27,29
18165-2022,18165,2022,27,train,27,29
18167-2019,18167,2019,27,train,27,29
18167-2020,18167,2020,27,train,27,29
18167-2022,18167,2022,27,train,27,29
18169-2022,18169,2022,27,train,27,29
18171-2019,18171,2019,27,train,27,29
18171-2020,18171,2020,27,train,27,29
18171-2021,18171,2021,27,train,27,29
18173-2019,18173,2019,27,train,27,29
18173-2020,18173,2020,27,train,27,29
18173-2022,18173,2022,27,train,27,29
18177-2019,18177,2019,27,train,27,29
18177-2020,18177,2020,27,train,27,29
18177-2021,18177,2021,27,train,27,29
18177-2022,18177,2022,27,train,27,29
18179-2022,18179,2022,27,train,27,29
18181-2019,18181,2019,27,train,27,29
18181-2020,18181,2020,27,train,27,29
18181-2022,18181,2022,27,train,27,29
18183-2022,18183,2022,27,train,27,29
19001-2019,19001,2019,27,train,27,29
19001-2020,19001,2020,27,train,27,29
19001-2022,19001,2022,27,train,27,29
19003-2020,19003,2020,27,train,27,29
19005-2019,19005,2019,27,train,27,29
19005-2020,19005,2020,27,train,27,29
19005-2021,19005,2021,27,train,27,29
19005-2022,19005,2022,27,train,27,29
19007-2020,19007,2020,27,train,27,29
19007-2021,19007,2021,27,train,27,29
19007-2022,19007,2022,27,train,27,29
19009-2019,19009,2019,27,train,27,29
19009-2020,19009,2020,27,train,27,29
19009-2021,19009,2021,27,train,27,29
19009-2022,19009,2022,27,train,27,29
19011-2019,19011,2019,27,train,27,29
19011-2020,19011,2020,27,train,27,29
19011-2021,19011,2021,27,train,27,29
19011-2022,19011,2022,27,train,27,29
19013-2020,19013,2020,27,train,27,29
19013-2022,19013,2022,27,train,27,29
19015-2019,19015,2019,27,train,27,29
19015-2020,19015,2020,27,train,27,29
19015-2021,19015,2021,27,train,27,29
19015-2022,19015,2022,27,train,27,29
19017-2022,19017,2022,27,train,27,29
19019-2019,19019,2019,27,train,27,29
19019-2020,19019,2020,27,train,27,29
19019-2021,19019,2021,27,train,27,29
19019-2022,19019,2022,27,train,27,29
19021-2019,19021,2019,27,train,27,29
19021-2020,19021,2020,27,train,27,29
19021-2022,19021,2022,27,train,27,29
19023-2021,19023,2021,27,train,27,29
19023-2022,19023,2022,27,train,27,29
19025-2019,19025,2019,27,train,27,29
19025-2020,19025,2020,27,train,27,29
19025-2021,19025,2021,27,train,27,29
19025-2022,19025,2022,27,train,27,29
19027-2020,19027,2020,27,train,27,29
19027-2022,19027,2022,27,train,27,29
19029-2019,19029,2019,27,train,27,29
19029-2020,19029,2020,27,train,27,29
19029-2021,19029,2021,27,train,27,29
19029-2022,19029,2022,27,train,27,29
19031-2020,19031,2020,27,train,27,29
19031-2022,19031,2022,27,train,27,29
19033-2019,19033,2019,27,train,27,29
19033-2020,19033,2020,27,train,27,29
19033-2021,19033,2021,27,train,27,29
19033-2022,19033,2022,27,train,27,29
19035-2019,19035,2019,27,train,27,29
19035-2020,19035,2020,27,train,27,29
19035-2022,19035,2022,27,train,27,29
19037-2022,19037,2022,27,train,27,29
19039-2020,19039,2020,27,train,27,29
19041-2019,19041,2019,27,train,27,29
19041-2020,19041,2020,27,train,27,29
19041-2022,19041,2022,27,train,27,29
19043-2020,19043,2020,27,train,27,29
19043-2021,19043,2021,27,train,27,29
19043-2022,19043,2022,27,train,27,29
19045-2020,19045,2020,27,train,27,29
19045-2022,19045,2022,27,train,27,29
19047-2019,19047,2019,27,train,27,29
19047-2020,19047,2020,27,train,27,29
19047-2022,19047,2022,27,train,27,29
19049-2019,19049,2019,27,train,27,29
19049-2020,19049,2020,27,train,27,29
19049-2021,19049,2021,27,train,27,29
19049-2022,19049,2022,27,train,27,29
19051-2019,19051,2019,27,train,27,29
19051-2020,19051,2020,27,train,27,29
19051-2021,19051,2021,27,train,27,29
19051-2022,19051,2022,27,train,27,29
19053-2020,19053,2020,27,train,27,29
19053-2022,19053,2022,27,train,27,29
19055-2020,19055,2020,27,train,27,29
19055-2021,19055,2021,27,train,27,29
19055-2022,19055,2022,27,train,27,29
19057-2019,19057,2019,27,train,27,29
19057-2020,19057,2020,27,train,27,29
19057-2022,19057,2022,27,train,27,29
19059-2019,19059,2019,27,train,27,29
19059-2020,19059,2020,27,train,27,29
19059-2021,19059,2021,27,train,27,29
19059-2022,19059,2022,27,train,27,29
19061-2020,19061,2020,27,train,27,29
19061-2021,19061,2021,27,train,27,29
19061-2022,19061,2022,27,train,27,29
19063-2022,19063,2022,27,train,27,29
19065-2020,19065,2020,27,train,27,29
19065-2021,19065,2021,27,train,27,29
19065-2022,19065,2022,27,train,27,29
19067-2019,19067,2019,27,train,27,29
19067-2020,19067,2020,27,train,27,29
19067-2021,19067,2021,27,train,27,29
19067-2022,19067,2022,27,train,27,29
19069-2019,19069,2019,27,train,27,29
19069-2020,19069,2020,27,train,27,29
19069-2021,19069,2021,27,train,27,29
19069-2022,19069,2022,27,train,27,29
19071-2020,19071,2020,27,train,27,29
19071-2022,19071,2022,27,train,27,29
19073-2019,19073,2019,27,train,27,29
19073-2020,19073,2020,27,train,27,29
19073-2021,19073,2021,27,train,27,29
19073-2022,19073,2022,27,train,27,29
19075-2020,19075,2020,27,train,27,29
19075-2021,19075,2021,27,train,27,29
19075-2022,19075,2022,27,train,27,29
19077-2019,19077,2019,27,train,27,29
19077-2020,19077,2020,27,train,27,29
19077-2021,19077,2021,27,train,27,29
19077-2022,19077,2022,27,train,27,29
19079-2019,19079,2019,27,train,27,29
19079-2020,19079,2020,27,train,27,29
19079-2022,19079,2022,27,train,27,29
19081-2019,19081,2019,27,train,27,29
19081-2020,19081,2020,27,train,27,29
19081-2021,19081,2021,27,train,27,29
19081-2022,19081,2022,27,train,27,29
19083-2019,19083,2019,27,train,27,29
19083-2020,19083,2020,27,train,27,29
19083-2021,19083,2021,27,train,27,29
19083-2022,19083,2022,27,train,27,29
19085-2020,19085,2020,27,train,27,29
19085-2022,19085,2022,27,train,27,29
19087-2019,19087,2019,27,train,27,29
19087-2020,19087,2020,27,train,27,29
19087-2021,19087,2021,27,train,27,29
19087-2022,19087,2022,27,train,27,29
19089-2020,19089,2020,27,train,27,29
19089-2022,19089,2022,27,train,27,29
19091-2019,19091,2019,27,train,27,29
19091-2020,19091,2020,27,train,27,29
19091-2021,19091,2021,27,train,27,29
19091-2022,19091,2022,27,train,27,29
19093-2020,19093,2020,27,train,27,29
19093-2021,19093,2021,27,train,27,29
19093-2022,19093,2022,27,train,27,29
19095-2019,19095,2019,27,train,27,29
19095-2020,19095,2020,27,train,27,29
19095-2022,19095,2022,27,train,27,29
19097-2020,19097,2020,27,train,27,29
19097-2021,19097,2021,27,train,27,29
19097-2022,19097,2022,27,train,27,29
19099-2021,19099,2021,27,train,27,29
19099-2022,19099,2022,27,train,27,29
19101-2019,19101,2019,27,train,27,29
19101-2020,19101,2020,27,train,27,29
19101-2021,19101,2021,27,train,27,29
19101-2022,19101,2022,27,train,27,29
19103-2019,19103,2019,27,train,27,29
19103-2020,19103,2020,27,train,27,29
19103-2022,19103,2022,27,train,27,29
19105-2020,19105,2020,27,train,27,29
19105-2022,19105,2022,27,train,27,29
19107-2019,19107,2019,27,train,27,29
19107-2020,19107,2020,27,train,27,29
19107-2021,19107,2021,27,train,27,29
19107-2022,19107,2022,27,train,27,29
19109-2019,19109,2019,27,train,27,29
19109-2020,19109,2020,27,train,27,29
19109-2021,19109,2021,27,train,27,29
19109-2022,19109,2022,27,train,27,29
19111-2019,19111,2019,27,train,27,29
19111-2020,19111,2020,27,train,27,29
19111-2021,19111,2021,27,train,27,29
19111-2022,19111,2022,27,train,27,29
19113-2019,19113,2019,27,train,27,29
19113-2020,19113,2020,27,train,27,29
19113-2022,19113,2022,27,train,27,29
19115-2019,19115,2019,27,train,27,29
19115-2020,19115,2020,27,train,27,29
19115-2022,19115,2022,27,train,27,29
19117-2021,19117,2021,27,train,27,29
19117-2022,19117,2022,27,train,27,29
19119-2019,19119,2019,27,train,27,29
19119-2020,19119,2020,27,train,27,29
19119-2021,19119,2021,27,train,27,29
19119-2022,19119,2022,27,train,27,29
19121-2019,19121,2019,27,train,27,29
19121-2020,19121,2020,27,train,27,29
19121-2021,19121,2021,27,train,27,29
19121-2022,19121,2022,27,train,27,29
19123-2021,19123,2021,27,train,27,29
19123-2022,19123,2022,27,train,27,29
19125-2021,19125,2021,27,train,27,29
19125-2022,19125,2022,27,train,27,29
19127-2021,19127,2021,27,train,27,29
19127-2022,19127,2022,27,train,27,29
19129-2020,19129,2020,27,train,27,29
19129-2022,19129,2022,27,train,27,29
19131-2019,19131,2019,27,train,27,29
19131-2020,19131,2020,27,train,27,29
19131-2021,19131,2021,27,train,27,29
19131-2022,19131,2022,27,train,27,29
19133-2019,19133,2019,27,train,27,29
19133-2022,19133,2022,27,train,27,29
19135-2021,19135,2021,27,train,27,29
19135-2022,19135,2022,27,train,27,29
19137-2020,19137,2020,27,train,27,29
19137-2022,19137,2022,27,train,27,29
19139-2020,19139,2020,27,train,27,29
19139-2022,19139,2022,27,train,27,29
19143-2019,19143,2019,27,train,27,29
19143-2020,19143,2020,27,train,27,29
19143-2021,19143,2021,27,train,27,29
19143-2022,19143,2022,27,train,27,29
19145-2019,19145,2019,27,train,27,29
19145-2020,19145,2020,27,train,27,29
19145-2021,19145,2021,27,train,27,29
19145-2022,19145,2022,27,train,27,29
19147-2019,19147,2019,27,train,27,29
19147-2022,19147,2022,27,train,27,29
19149-2019,19149,2019,27,train,27,29
19149-2021,19149,2021,27,train,27,29
19149-2022,19149,2022,27,train,27,29
19151-2022,19151,2022,27,train,27,29
19153-2019,19153,2019,27,train,27,29
19153-2020,19153,2020,27,train,27,29
19153-2021,19153,2021,27,train,27,29
19153-2022,19153,2022,27,train,27,29
19155-2020,19155,2020,27,train,27,29
19155-2022,19155,2022,27,train,27,29
19157-2021,19157,2021,27,train,27,29
19157-2022,19157,2022,27,train,27,29
19159-2020,19159,2020,27,train,27,29
19159-2021,19159,2021,27,train,27,29
19159-2022,19159,2022,27,train,27,29
19161-2019,19161,2019,27,train,27,29
19161-2020,19161,2020,27,train,27,29
19161-2022,19161,2022,27,train,27,29
19163-2020,19163,2020,27,train,27,29
19163-2022,19163,2022,27,train,27,29
19165-2019,19165,2019,27,train,27,29
19165-2020,19165,2020,27,train,27,29
19165-2022,19165,2022,27,train,27,29
19167-2019,19167,2019,27,train,27,29
19167-2020,19167,2020,27,train,27,29
19167-2021,19167,2021,27,train,27,29
19167-2022,19167,2022,27,train,27,29
19169-2019,19169,2019,27,train,27,29
19169-2020,19169,2020,27,train,27,29
19169-2021,19169,2021,27,train,27,29
19169-2022,19169,2022,27,train,27,29
19171-2022,19171,2022,27,train,27,29
19173-2020,19173,2020,27,train,27,29
19173-2021,19173,2021,27,train,27,29
19173-2022,19173,2022,27,train,27,29
19175-2020,19175,2020,27,train,27,29
19175-2021,19175,2021,27,train,27,29
19175-2022,19175,2022,27,train,27,29
19177-2019,19177,2019,27,train,27,29
19177-2020,19177,2020,27,train,27,29
19177-2021,19177,2021,27,train,27,29
19177-2022,19177,2022,27,train,27,29
19179-2019,19179,2019,27,train,27,29
19179-2020,19179,2020,27,train,27,29
19179-2021,19179,2021,27,train,27,29
19179-2022,19179,2022,27,train,27,29
19181-2020,19181,2020,27,train,27,29
19181-2022,19181,2022,27,train,27,29
19183-2019,19183,2019,27,train,27,29
19183-2020,19183,2020,27,train,27,29
19183-2022,19183,2022,27,train,27,29
19185-2021,19185,2021,27,train,27,29
19187-2019,19187,2019,27,train,27,29
19187-2020,19187,2020,27,train,27,29
19187-2021,19187,2021,27,train,27,29
19187-2022,19187,2022,27,train,27,29
19189-2019,19189,2019,27,train,27,29
19189-2020,19189,2020,27,train,27,29
19189-2021,19189,2021,27,train,27,29
19189-2022,19189,2022,27,train,27,29
19191-2019,19191,2019,27,train,27,29
19191-2020,19191,2020,27,train,27,29
19191-2021,19191,2021,27,train,27,29
19191-2022,19191,2022,27,train,27,29
19193-2019,19193,2019,27,train,27,29
19193-2020,19193,2020,27,train,27,29
19193-2021,19193,2021,27,train,27,29
19193-2022,19193,2022,27,train,27,29
19195-2019,19195,2019,27,train,27,29
19195-2020,19195,2020,27,train,27,29
19195-2021,19195,2021,27,train,27,29
19195-2022,19195,2022,27,train,27,29
19197-2019,19197,2019,27,train,27,29
19197-2020,19197,2020,27,train,27,29
19197-2021,19197,2021,27,train,27,29
19197-2022,19197,2022,27,train,27,29
20001-2020,20001,2020,27,train,27,29
20001-2021,20001,2021,27,train,27,29
20003-2019,20003,2019,27,train,27,29
20003-2020,20003,2020,27,train,27,29
20003-2021,20003,2021,27,train,27,29
20005-2020,20005,2020,27,train,27,29
20005-2021,20005,2021,27,train,27,29
20005-2022,20005,2022,27,train,27,29
20009-2020,20009,2020,27,train,27,29
20011-2020,20011,2020,27,train,27,29
20011-2021,20011,2021,27,train,27,29
20013-2019,20013,2019,27,train,27,29
20013-2020,20013,2020,27,train,27,29
20013-2022,20013,2022,27,train,27,29
20015-2020,20015,2020,27,train,27,29
20015-2021,20015,2021,27,train,27,29
20017-2020,20017,2020,27,train,27,29
20017-2021,20017,2021,27,train,27,29
20021-2019,20021,2019,27,train,27,29
20023-2020,20023,2020,27,train,27,29
20023-2021,20023,2021,27,train,27,29
20027-2019,20027,2019,27,train,27,29
20027-2020,20027,2020,27,train,27,29
20027-2022,20027,2022,27,train,27,29
20029-2020,20029,2020,27,train,27,29
20029-2021,20029,2021,27,train,27,29
20029-2022,20029,2022,27,train,27,29
20031-2019,20031,2019,27,train,27,29
20031-2020,20031,2020,27,train,27,29
20035-2019,20035,2019,27,train,27,29
20035-2020,20035,2020,27,train,27,29
20035-2021,20035,2021,27,train,27,29
20037-2020,20037,2020,27,train,27,29
20037-2021,20037,2021,27,train,27,29
20039-2020,20039,2020,27,train,27,29
20041-2020,20041,2020,27,train,27,29
20041-2021,20041,2021,27,train,27,29
20043-2020,20043,2020,27,train,27,29
20043-2021,20043,2021,27,train,27,29
20043-2022,20043,2022,27,train,27,29
20045-2019,20045,2019,27,train,27,29
20045-2020,20045,2020,27,train,27,29
20045-2021,20045,2021,27,train,27,29
20047-2019,20047,2019,27,train,27,29
20047-2020,20047,2020,27,train,27,29
20049-2019,20049,2019,27,train,27,29
20053-2019,20053,2019,27,train,27,29
20053-2020,20053,2020,27,train,27,29
20053-2021,20053,2021,27,train,27,29
20055-2019,20055,2019,27,train,27,29
20055-2020,20055,2020,27,train,27,29
20057-2019,20057,2019,27,train,27,29
20057-2020,20057,2020,27,train,27,29
20057-2021,20057,2021,27,train,27,29
20059-2019,20059,2019,27,train,27,29
20059-2020,20059,2020,27,train,27,29
20061-2020,20061,2020,27,train,27,29
20063-2020,20063,2020,27,train,27,29
20063-2021,20063,2021,27,train,27,29
20065-2020,20065,2020,27,train,27,29
20065-2021,20065,2021,27,train,27,29
20067-2019,20067,2019,27,train,27,29
20067-2020,20067,2020,27,train,27,29
20067-2021,20067,2021,27,train,27,29
20069-2020,20069,2020,27,train,27,29
20069-2021,20069,2021,27,train,27,29
20071-2019,20071,2019,27,train,27,29
20071-2020,20071,2020,27,train,27,29
20071-2021,20071,2021,27,train,27,29
20075-2019,20075,2019,27,train,27,29
20079-2019,20079,2019,27,train,27,29
20079-2020,20079,2020,27,train,27,29
20079-2021,20079,2021,27,train,27,29
20081-2019,20081,2019,27,train,27,29
20081-2020,20081,2020,27,train,27,29
20081-2021,20081,2021,27,train,27,29
20083-2020,20083,2020,27,train,27,29
20085-2019,20085,2019,27,train,27,29
20085-2020,20085,2020,27,train,27,29
20087-2019,20087,2019,27,train,27,29
20087-2020,20087,2020,27,train,27,29
20087-2021,20087,2021,27,train,27,29
20089-2020,20089,2020,27,train,27,29
20095-2019,20095,2019,27,train,27,29
20095-2020,20095,2020,27,train,27,29
20095-2021,20095,2021,27,train,27,29
20097-2020,20097,2020,27,train,27,29
20099-2020,20099,2020,27,train,27,29
20099-2021,20099,2021,27,train,27,29
20101-2020,20101,2020,27,train,27,29
20101-2021,20101,2021,27,train,27,29
20103-2019,20103,2019,27,train,27,29
20103-2020,20103,2020,27,train,27,29
20103-2021,20103,2021,27,train,27,29
20105-2019,20105,2019,27,train,27,29
20107-2020,20107,2020,27,train,27,29
20109-2020,20109,2020,27,train,27,29
20109-2021,20109,2021,27,train,27,29
20111-2019,20111,2019,27,train,27,29
20115-2019,20115,2019,27,train,27,29
20115-2020,20115,2020,27,train,27,29
20115-2021,20115,2021,27,train,27,29
20117-2019,20117,2019,27,train,27,29
20117-2022,20117,2022,27,train,27,29
20119-2020,20119,2020,27,train,27,29
20119-2021,20119,2021,27,train,27,29
20121-2019,20121,2019,27,train,27,29
20121-2020,20121,2020,27,train,27,29
20123-2019,20123,2019,27,train,27,29
20123-2020,20123,2020,27,train,27,29
20123-2021,20123,2021,27,train,27,29
20125-2019,20125,2019,27,train,27,29
20125-2020,20125,2020,27,train,27,29
20127-2019,20127,2019,27,train,27,29
20127-2020,20127,2020,27,train,27,29
20127-2021,20127,2021,27,train,27,29
20129-2019,20129,2019,27,train,27,29
20129-2020,20129,2020,27,train,27,29
20129-2021,20129,2021,27,train,27,29
20131-2020,20131,2020,27,train,27,29
20133-2019,20133,2019,27,train,27,29
20133-2020,20133,2020,27,train,27,29
20133-2021,20133,2021,27,train,27,29
20135-2019,20135,2019,27,train,27,29
20135-2020,20135,2020,27,train,27,29
20135-2021,20135,2021,27,train,27,29
20137-2020,20137,2020,27,train,27,29
20137-2021,20137,2021,27,train,27,29
20137-2022,20137,2022,27,train,27,29
20139-2019,20139,2019,27,train,27,29
20139-2020,20139,2020,27,train,27,29
20141-2020,20141,2020,27,train,27,29
20143-2020,20143,2020,27,train,27,29
20145-2020,20145,2020,27,train,27,29
20147-2020,20147,2020,27,train,27,29
20147-2021,20147,2021,27,train,27,29
20147-2022,20147,2022,27,train,27,29
20149-2019,20149,2019,27,train,27,29
20151-2020,20151,2020,27,train,27,29
20153-2019,20153,2019,27,train,27,29
20153-2020,20153,2020,27,train,27,29
20153-2021,20153,2021,27,train,27,29
20155-2019,20155,2019,27,train,27,29
20155-2020,20155,2020,27,train,27,29
20155-2021,20155,2021,27,train,27,29
20157-2020,20157,2020,27,train,27,29
20157-2021,20157,2021,27,train,27,29
20157-2022,20157,2022,27,train,27,29
20159-2020,20159,2020,27,train,27,29
20161-2019,20161,2019,27,train,27,29
20161-2020,20161,2020,27,train,27,29
20161-2022,20161,2022,27,train,27,29
20163-2019,20163,2019,27,train,27,29
20163-2020,20163,2020,27,train,27,29
20169-2020,20169,2020,27,train,27,29
20169-2021,20169,2021,27,train,27,29
20171-2019,20171,2019,27,train,27,29
20171-2020,20171,2020,27,train,27,29
20173-2019,20173,2019,27,train,27,29
20173-2020,20173,2020,27,train,27,29
20175-2020,20175,2020,27,train,27,29
20175-2021,20175,2021,27,train,27,29
20177-2019,20177,2019,27,train,27,29
20177-2020,20177,2020,27,train,27,29
20177-2021,20177,2021,27,train,27,29
20179-2021,20179,2021,27,train,27,29
20181-2019,20181,2019,27,train,27,29
20181-2020,20181,2020,27,train,27,29
20181-2021,20181,2021,27,train,27,29
20183-2020,20183,2020,27,train,27,29
20183-2021,20183,2021,27,train,27,29
20183-2022,20183,2022,27,train,27,29
20185-2020,20185,2020,27,train,27,29
20187-2019,20187,2019,27,train,27,29
20187-2020,20187,2020,27,train,27,29
20189-2020,20189,2020,27,train,27,29
20189-2021,20189,2021,27,train,27,29
20191-2019,20191,2019,27,train,27,29
20191-2020,20191,2020,27,train,27,29
20191-2021,20191,2021,27,train,27,29
20193-2020,20193,2020,27,train,27,29
20195-2020,20195,2020,27,train,27,29
20195-2021,20195,2021,27,train,27,29
20197-2019,20197,2019,27,train,27,29
20201-2020,20201,2020,27,train,27,29
20201-2022,20201,2022,27,train,27,29
20203-2019,20203,2019,27,train,27,29
20203-2020,20203,2020,27,train,27,29
20203-2021,20203,2021,27,train,27,29
20205-2019,20205,2019,27,train,27,29
20205-2020,20205,2020,27,train,27,29
20207-2020,20207,2020,27,train,27,29
21001-2019,21001,2019,27,train,27,29
21001-2020,21001,2020,27,train,27,29
21007-2020,21007,2020,27,train,27,29
21007-2021,21007,2021,27,train,27,29
21009-2020,21009,2020,27,train,27,29
21031-2020,21031,2020,27,train,27,29
21033-2019,21033,2019,27,train,27,29
21033-2020,21033,2020,27,train,27,29
21033-2021,21033,2021,27,train,27,29
21035-2020,21035,2020,27,train,27,29
21035-2021,21035,2021,27,train,27,29
21039-2020,21039,2020,27,train,27,29
21039-2021,21039,2021,27,train,27,29
21047-2019,21047,2019,27,train,27,29
21047-2020,21047,2020,27,train,27,29
21047-2021,21047,2021,27,train,27,29
21055-2020,21055,2020,27,train,27,29
21055-2021,21055,2021,27,train,27,29
21059-2020,21059,2020,27,train,27,29
21059-2022,21059,2022,27,train,27,29
21075-2019,21075,2019,27,train,27,29
21075-2020,21075,2020,27,train,27,29
21075-2021,21075,2021,27,train,27,29
21083-2020,21083,2020,27,train,27,29
21091-2020,21091,2020,27,train,27,29
21093-2019,21093,2019,27,train,27,29
21093-2020,21093,2020,27,train,27,29
21099-2020,21099,2020,27,train,27,29
21101-2019,21101,2019,27,train,27,29
21101-2020,21101,2020,27,train,27,29
21101-2022,21101,2022,27,train,27,29
21103-2020,21103,2020,27,train,27,29
21105-2019,21105,2019,27,train,27,29
21105-2020,21105,2020,27,train,27,29
21105-2021,21105,2021,27,train,27,29
21107-2020,21107,2020,27,train,27,29
21123-2020,21123,2020,27,train,27,29
21139-2019,21139,2019,27,train,27,29
21139-2020,21139,2020,27,train,27,29
21139-2021,21139,2021,27,train,27,29
21141-2020,21141,2020,27,train,27,29
21143-2019,21143,2019,27,train,27,29
21157-2019,21157,2019,27,train,27,29
21157-2020,21157,2020,27,train,27,29
21157-2021,21157,2021,27,train,27,29
21167-2021,21167,2021,27,train,27,29
21169-2020,21169,2020,27,train,27,29
21177-2020,21177,2020,27,train,27,29
21183-2020,21183,2020,27,train,27,29
21211-2020,21211,2020,27,train,27,29
21213-2020,21213,2020,27,train,27,29
21215-2020,21215,2020,27,train,27,29
21219-2020,21219,2020,27,train,27,29
21221-2019,21221,2019,27,train,27,29
21221-2020,21221,2020,27,train,27,29
21221-2021,21221,2021,27,train,27,29
21223-2020,21223,2020,27,train,27,29
21225-2019,21225,2019,27,train,27,29
21225-2020,21225,2020,27,train,27,29
21225-2021,21225,2021,27,train,27,29
21225-2022,21225,2022,27,train,27,29
21227-2020,21227,2020,27,train,27,29
21229-2020,21229,2020,27,train,27,29
21233-2019,21233,2019,27,train,27,29
21233-2020,21233,2020,27,train,27,29
21233-2021,21233,2021,27,train,27,29
26005-2019,26005,2019,27,train,27,29
26005-2020,26005,2020,27,train,27,29
26007-2019,26007,2019,27,train,27,29
26007-2021,26007,2021,27,train,27,29
26011-2019,26011,2019,27,train,27,29
26011-2020,26011,2020,27,train,27,29
26015-2020,26015,2020,27,train,27,29
26021-2020,26021,2020,27,train,27,29
26021-2022,26021,2022,27,train,27,29
26023-2020,26023,2020,27,train,27,29
26023-2022,26023,2022,27,train,27,29
26025-2020,26025,2020,27,train,27,29
26027-2019,26027,2019,27,train,27,29
26027-2020,26027,2020,27,train,27,29
26027-2022,26027,2022,27,train,27,29
26037-2020,26037,2020,27,train,27,29
26045-2020,26045,2020,27,train,27,29
26049-2019,26049,2019,27,train,27,29
26049-2020,26049,2020,27,train,27,29
26051-2020,26051,2020,27,train,27,29
26059-2019,26059,2019,27,train,27,29
26059-2020,26059,2020,27,train,27,29
26059-2022,26059,2022,27,train,27,29
26063-2020,26063,2020,27,train,27,29
26065-2019,26065,2019,27,train,27,29
26065-2020,26065,2020,27,train,27,29
26067-2020,26067,2020,27,train,27,29
26069-2019,26069,2019,27,train,27,29
26069-2020,26069,2020,27,train,27,29
26069-2021,26069,2021,27,train,27,29
26075-2019,26075,2019,27,train,27,29
26075-2020,26075,2020,27,train,27,29
26077-2019,26077,2019,27,train,27,29
26077-2020,26077,2020,27,train,27,29
26081-2019,26081,2019,27,train,27,29
26081-2020,26081,2020,27,train,27,29
26087-2019,26087,2019,27,train,27,29
26087-2020,26087,2020,27,train,27,29
26091-2019,26091,2019,27,train,27,29
26091-2020,26091,2020,27,train,27,29
26099-2020,26099,2020,27,train,27,29
26105-2019,26105,2019,27,train,27,29
26105-2020,26105,2020,27,train,27,29
26107-2020,26107,2020,27,train,27,29
26109-2019,26109,2019,27,train,27,29
26109-2020,26109,2020,27,train,27,29
26115-2019,26115,2019,27,train,27,29
26115-2020,26115,2020,27,train,27,29
26117-2020,26117,2020,27,train,27,29
26121-2020,26121,2020,27,train,27,29
26123-2019,26123,2019,27,train,27,29
26123-2020,26123,2020,27,train,27,29
26127-2019,26127,2019,27,train,27,29
26127-2020,26127,2020,27,train,27,29
26129-2020,26129,2020,27,train,27,29
26139-2020,26139,2020,27,train,27,29
26141-2019,26141,2019,27,train,27,29
26141-2021,26141,2021,27,train,27,29
26151-2019,26151,2019,27,train,27,29
26151-2020,26151,2020,27,train,27,29
26157-2019,26157,2019,27,train,27,29
26157-2020,26157,2020,27,train,27,29
26159-2020,26159,2020,27,train,27,29
26161-2019,26161,2019,27,train,27,29
26161-2020,26161,2020,27,train,27,29
26165-2020,26165,2020,27,train,27,29
27001-2020,27001,2020,27,test,27,29
27005-2019,27005,2019,27,test,27,29
27005-2020,27005,2020,27,test,27,29
27005-2021,27005,2021,27,test,27,29
27007-2020,27007,2020,27,test,27,29
27007-2021,27007,2021,27,test,27,29
27011-2020,27011,2020,27,test,27,29
27011-2021,27011,2021,27,test,27,29
27013-2019,27013,2019,27,test,27,29
27013-2020,27013,2020,27,test,27,29
27013-2021,27013,2021,27,test,27,29
27015-2019,27015,2019,27,test,27,29
27015-2020,27015,2020,27,test,27,29
27015-2021,27015,2021,27,test,27,29
27019-2020,27019,2020,27,test,27,29
27023-2019,27023,2019,27,test,27,29
27023-2021,27023,2021,27,test,27,29
27025-2019,27025,2019,27,test,27,29
27025-2020,27025,2020,27,test,27,29
27027-2021,27027,2021,27,test,27,29
27029-2019,27029,2019,27,test,27,29
27029-2020,27029,2020,27,test,27,29
27029-2021,27029,2021,27,test,27,29
27033-2019,27033,2019,27,test,27,29
27033-2020,27033,2020,27,test,27,29
27033-2021,27033,2021,27,test,27,29
27035-2020,27035,2020,27,test,27,29
27035-2021,27035,2021,27,test,27,29
27037-2020,27037,2020,27,test,27,29
27039-2020,27039,2020,27,test,27,29
27041-2020,27041,2020,27,test,27,29
27041-2021,27041,2021,27,test,27,29
27043-2020,27043,2020,27,test,27,29
27043-2021,27043,2021,27,test,27,29
27043-2022,27043,2022,27,test,27,29
27045-2020,27045,2020,27,test,27,29
27045-2022,27045,2022,27,test,27,29
27047-2020,27047,2020,27,test,27,29
27047-2021,27047,2021,27,test,27,29
27047-2022,27047,2022,27,test,27,29
27049-2020,27049,2020,27,test,27,29
27049-2021,27049,2021,27,test,27,29
27051-2019,27051,2019,27,test,27,29
27051-2020,27051,2020,27,test,27,29
27051-2021,27051,2021,27,test,27,29
27053-2019,27053,2019,27,test,27,29
27053-2020,27053,2020,27,test,27,29
27055-2019,27055,2019,27,test,27,29
27055-2020,27055,2020,27,test,27,29
27055-2021,27055,2021,27,test,27,29
27055-2022,27055,2022,27,test,27,29
27057-2020,27057,2020,27,test,27,29
27057-2021,27057,2021,27,test,27,29
27059-2019,27059,2019,27,test,27,29
27059-2020,27059,2020,27,test,27,29
27063-2019,27063,2019,27,test,27,29
27063-2020,27063,2020,27,test,27,29
27063-2021,27063,2021,27,test,27,29
27063-2022,27063,2022,27,test,27,29
27067-2020,27067,2020,27,test,27,29
27069-2019,27069,2019,27,test,27,29
27069-2020,27069,2020,27,test,27,29
27079-2020,27079,2020,27,test,27,29
27079-2021,27079,2021,27,test,27,29
27081-2019,27081,2019,27,test,27,29
27081-2020,27081,2020,27,test,27,29
27081-2021,27081,2021,27,test,27,29
27083-2019,27083,2019,27,test,27,29
27083-2020,27083,2020,27,test,27,29
27083-2021,27083,2021,27,test,27,29
27087-2020,27087,2020,27,test,27,29
27087-2021,27087,2021,27,test,27,29
27089-2019,27089,2019,27,test,27,29
27089-2020,27089,2020,27,test,27,29
27089-2021,27089,2021,27,test,27,29
27091-2022,27091,2022,27,test,27,29
27093-2019,27093,2019,27,test,27,29
27093-2020,27093,2020,27,test,27,29
27093-2021,27093,2021,27,test,27,29
27097-2019,27097,2019,27,test,27,29
27097-2020,27097,2020,27,test,27,29
27097-2021,27097,2021,27,test,27,29
27099-2020,27099,2020,27,test,27,29
27099-2022,27099,2022,27,test,27,29
27101-2019,27101,2019,27,test,27,29
27101-2020,27101,2020,27,test,27,29
27101-2021,27101,2021,27,test,27,29
27103-2019,27103,2019,27,test,27,29
27105-2019,27105,2019,27,test,27,29
27105-2020,27105,2020,27,test,27,29
27105-2021,27105,2021,27,test,27,29
27105-2022,27105,2022,27,test,27,29
27107-2020,27107,2020,27,test,27,29
27109-2020,27109,2020,27,test,27,29
27111-2019,27111,2019,27,test,27,29
27111-2020,27111,2020,27,test,27,29
27111-2021,27111,2021,27,test,27,29
27115-2019,27115,2019,27,test,27,29
27115-2020,27115,2020,27,test,27,29
27117-2021,27117,2021,27,test,27,29
27119-2020,27119,2020,27,test,27,29
27119-2021,27119,2021,27,test,27,29
27121-2019,27121,2019,27,test,27,29
27121-2020,27121,2020,27,test,27,29
27121-2021,27121,2021,27,test,27,29
27125-2020,27125,2020,27,test,27,29
27125-2021,27125,2021,27,test,27,29
27127-2019,27127,2019,27,test,27,29
27127-2020,27127,2020,27,test,27,29
27127-2021,27127,2021,27,test,27,29
27129-2019,27129,2019,27,test,27,29
27129-2020,27129,2020,27,test,27,29
27129-2021,27129,2021,27,test,27,29
27131-2020,27131,2020,27,test,27,29
27131-2021,27131,2021,27,test,27,29
27133-2019,27133,2019,27,test,27,29
27133-2020,27133,2020,27,test,27,29
27133-2021,27133,2021,27,test,27,29
27133-2022,27133,2022,27,test,27,29
27135-2019,27135,2019,27,test,27,29
27135-2020,27135,2020,27,test,27,29
27135-2021,27135,2021,27,test,27,29
27139-2020,27139,2020,27,test,27,29
27143-2019,27143,2019,27,test,27,29
27145-2019,27145,2019,27,test,27,29
27145-2020,27145,2020,27,test,27,29
27145-2021,27145,2021,27,test,27,29
27147-2020,27147,2020,27,test,27,29
27147-2021,27147,2021,27,test,27,29
27149-2019,27149,2019,27,test,27,29
27149-2020,27149,2020,27,test,27,29
27149-2021,27149,2021,27,test,27,29
27151-2019,27151,2019,27,test,27,29
27151-2020,27151,2020,27,test,27,29
27153-2019,27153,2019,27,test,27,29
27153-2020,27153,2020,27,test,27,29
27153-2021,27153,2021,27,test,27,29
27155-2020,27155,2020,27,test,27,29
27155-2021,27155,2021,27,test,27,29
27157-2020,27157,2020,27,test,27,29
27159-2019,27159,2019,27,test,27,29
27159-2020,27159,2020,27,test,27,29
27159-2021,27159,2021,27,test,27,29
27161-2020,27161,2020,27,test,27,29
27161-2021,27161,2021,27,test,27,29
27163-2019,27163,2019,27,test,27,29
27163-2020,27163,2020,27,test,27,29
27167-2020,27167,2020,27,test,27,29
27167-2021,27167,2021,27,test,27,29
27169-2019,27169,2019,27,test,27,29
27169-2020,27169,2020,27,test,27,29
27169-2021,27169,2021,27,test,27,29
27173-2019,27173,2019,27,test,27,29
27173-2020,27173,2020,27,test,27,29
29001-2019,29001,2019,27,val,27,29
29001-2020,29001,2020,27,val,27,29
29001-2021,29001,2021,27,val,27,29
29003-2020,29003,2020,27,val,27,29
29005-2020,29005,2020,27,val,27,29
29005-2022,29005,2022,27,val,27,29
29007-2020,29007,2020,27,val,27,29
29011-2019,29011,2019,27,val,27,29
29013-2019,29013,2019,27,val,27,29
29015-2020,29015,2020,27,val,27,29
29017-2019,29017,2019,27,val,27,29
29017-2020,29017,2020,27,val,27,29
29017-2021,29017,2021,27,val,27,29
29019-2020,29019,2020,27,val,27,29
29021-2020,29021,2020,27,val,27,29
29021-2021,29021,2021,27,val,27,29
29021-2022,29021,2022,27,val,27,29
29023-2019,29023,2019,27,val,27,29
29023-2020,29023,2020,27,val,27,29
29023-2021,29023,2021,27,val,27,29
29025-2021,29025,2021,27,val,27,29
29027-2020,29027,2020,27,val,27,29
29031-2020,29031,2020,27,val,27,29
29031-2021,29031,2021,27,val,27,29
29037-2020,29037,2020,27,val,27,29
29037-2021,29037,2021,27,val,27,29
29039-2019,29039,2019,27,val,27,29
29039-2021,29039,2021,27,val,27,29
29041-2020,29041,2020,27,val,27,29
29045-2020,29045,2020,27,val,27,29
29047-2020,29047,2020,27,val,27,29
29047-2021,29047,2021,27,val,27,29
29049-2019,29049,2019,27,val,27,29
29049-2020,29049,2020,27,val,27,29
29049-2021,29049,2021,27,val,27,29
29051-2020,29051,2020,27,val,27,29
29053-2020,29053,2020,27,val,27,29
29053-2021,29053,2021,27,val,27,29
29057-2019,29057,2019,27,val,27,29
29061-2020,29061,2020,27,val,27,29
29061-2021,29061,2021,27,val,27,29
29069-2019,29069,2019,27,val,27,29
29069-2020,29069,2020,27,val,27,29
29069-2021,29069,2021,27,val,27,29
29071-2020,29071,2020,27,val,27,29
29073-2020,29073,2020,27,val,27,29
29075-2020,29075,2020,27,val,27,29
29081-2020,29081,2020,27,val,27,29
29081-2021,29081,2021,27,val,27,29
29083-2021,29083,2021,27,val,27,29
29087-2020,29087,2020,27,val,27,29
29089-2020,29089,2020,27,val,27,29
29089-2021,29089,2021,27,val,27,29
29095-2019,29095,2019,27,val,27,29
29095-2020,29095,2020,27,val,27,29
29101-2021,29101,2021,27,val,27,29
29103-2020,29103,2020,27,val,27,29
29109-2020,29109,2020,27,val,27,29
29109-2021,29109,2021,27,val,27,29
29111-2020,29111,2020,27,val,27,29
29111-2022,29111,2022,27,val,27,29
29113-2020,29113,2020,27,val,27,29
29113-2022,29113,2022,27,val,27,29
29115-2020,29115,2020,27,val,27,29
29115-2021,29115,2021,27,val,27,29
29121-2020,29121,2020,27,val,27,29
29127-2019,29127,2019,27,val,27,29
29127-2020,29127,2020,27,val,27,29
29127-2021,29127,2021,27,val,27,29
29127-2022,29127,2022,27,val,27,29
29133-2019,29133,2019,27,val,27,29
29133-2020,29133,2020,27,val,27,29
29133-2021,29133,2021,27,val,27,29
29135-2020,29135,2020,27,val,27,29
29137-2020,29137,2020,27,val,27,29
29137-2021,29137,2021,27,val,27,29
29139-2020,29139,2020,27,val,27,29
29141-2019,29141,2019,27,val,27,29
29141-2020,29141,2020,27,val,27,29
29143-2019,29143,2019,27,val,27,29
29145-2019,29145,2019,27,val,27,29
29145-2020,29145,2020,27,val,27,29
29145-2021,29145,2021,27,val,27,29
29151-2020,29151,2020,27,val,27,29
29155-2020,29155,2020,27,val,27,29
29155-2021,29155,2021,27,val,27,29
29157-2020,29157,2020,27,val,27,29
29157-2021,29157,2021,27,val,27,29
29157-2022,29157,2022,27,val,27,29
29159-2020,29159,2020,27,val,27,29
29163-2020,29163,2020,27,val,27,29
29163-2022,29163,2022,27,val,27,29
29165-2019,29165,2019,27,val,27,29
29165-2020,29165,2020,27,val,27,29
29165-2021,29165,2021,27,val,27,29
29173-2019,29173,2019,27,val,27,29
29173-2020,29173,2020,27,val,27,29
29173-2022,29173,2022,27,val,27,29
29175-2020,29175,2020,27,val,27,29
29195-2020,29195,2020,27,val,27,29
29197-2022,29197,2022,27,val,27,29
29199-2020,29199,2020,27,val,27,29
29199-2022,29199,2022,27,val,27,29
29201-2019,29201,2019,27,val,27,29
29201-2020,29201,2020,27,val,27,29
29201-2021,29201,2021,27,val,27,29
29205-2020,29205,2020,27,val,27,29
29205-2021,29205,2021,27,val,27,29
29207-2019,29207,2019,27,val,27,29
29207-2020,29207,2020,27,val,27,29
29207-2021,29207,2021,27,val,27,29
29211-2020,29211,2020,27,val,27,29
29219-2020,29219,2020,27,val,27,29
29227-2020,29227,2020,27,val,27,29
29227-2021,29227,2021,27,val,27,29
29227-2022,29227,2022,27,val,27,29
31001-2019,31001,2019,27,train,27,29
31001-2020,31001,2020,27,train,27,29
31001-2022,31001,2022,27,train,27,29
31011-2019,31011,2019,27,train,27,29
31011-2022,31011,2022,27,train,27,29
31013-2019,31013,2019,27,train,27,29
31013-2020,31013,2020,27,train,27,29
31013-2021,31013,2021,27,train,27,29
31015-2020,31015,2020,27,train,27,29
31015-2022,31015,2022,27,train,27,29
31017-2020,31017,2020,27,train,27,29
31017-2021,31017,2021,27,train,27,29
31019-2019,31019,2019,27,train,27,29
31019-2020,31019,2020,27,train,27,29
31019-2022,31019,2022,27,train,27,29
31021-2019,31021,2019,27,train,27,29
31021-2022,31021,2022,27,train,27,29
31023-2019,31023,2019,27,train,27,29
31023-2020,31023,2020,27,train,27,29
31023-2022,31023,2022,27,train,27,29
31025-2019,31025,2019,27,train,27,29
31025-2020,31025,2020,27,train,27,29
31025-2022,31025,2022,27,train,27,29
31027-2021,31027,2021,27,train,27,29
31027-2022,31027,2022,27,train,27,29
31029-2019,31029,2019,27,train,27,29
31029-2020,31029,2020,27,train,27,29
31029-2021,31029,2021,27,train,27,29
31031-2021,31031,2021,27,train,27,29
31033-2020,31033,2020,27,train,27,29
31035-2019,31035,2019,27,train,27,29
31035-2020,31035,2020,27,train,27,29
31035-2022,31035,2022,27,train,27,29
31037-2019,31037,2019,27,train,27,29
31037-2020,31037,2020,27,train,27,29
31037-2022,31037,2022,27,train,27,29
31039-2022,31039,2022,27,train,27,29
31041-2019,31041,2019,27,train,27,29
31041-2020,31041,2020,27,train,27,29
31043-2020,31043,2020,27,train,27,29
31043-2021,31043,2021,27,train,27,29
31043-2022,31043,2022,27,train,27,29
31045-2020,31045,2020,27,train,27,29
31047-2019,31047,2019,27,train,27,29
31047-2020,31047,2020,27,train,27,29
31047-2022,31047,2022,27,train,27,29
31049-2019,31049,2019,27,train,27,29
31049-2020,31049,2020,27,train,27,29
31051-2020,31051,2020,27,train,27,29
31053-2019,31053,2019,27,train,27,29
31053-2020,31053,2020,27,train,27,29
31053-2022,31053,2022,27,train,27,29
31055-2019,31055,2019,27,train,27,29
31055-2020,31055,2020,27,train,27,29
31055-2022,31055,2022,27,train,27,29
31057-2020,31057,2020,27,train,27,29
31057-2021,31057,2021,27,train,27,29
31059-2019,31059,2019,27,train,27,29
31059-2020,31059,2020,27,train,27,29
31059-2022,31059,2022,27,train,27,29
31061-2019,31061,2019,27,train,27,29
31061-2020,31061,2020,27,train,27,29
31061-2021,31061,2021,27,train,27,29
31061-2022,31061,2022,27,train,27,29
31063-2019,31063,2019,27,train,27,29
31063-2020,31063,2020,27,train,27,29
31063-2021,31063,2021,27,train,27,29
31063-2022,31063,2022,27,train,27,29
31065-2019,31065,2019,27,train,27,29
31065-2020,31065,2020,27,train,27,29
31065-2021,31065,2021,27,train,27,29
31065-2022,31065,2022,27,train,27,29
31067-2019,31067,2019,27,train,27,29
31067-2020,31067,2020,27,train,27,29
31067-2022,31067,2022,27,train,27,29
31069-2020,31069,2020,27,train,27,29
31071-2019,31071,2019,27,train,27,29
31071-2020,31071,2020,27,train,27,29
31071-2021,31071,2021,27,train,27,29
31071-2022,31071,2022,27,train,27,29
31073-2020,31073,2020,27,train,27,29
31073-2021,31073,2021,27,train,27,29
31073-2022,31073,2022,27,train,27,29
31077-2019,31077,2019,27,train,27,29
31077-2020,31077,2020,27,train,27,29
31077-2021,31077,2021,27,train,27,29
31077-2022,31077,2022,27,train,27,29
31079-2019,31079,2019,27,train,27,29
31079-2022,31079,2022,27,train,27,29
31081-2019,31081,2019,27,train,27,29
31081-2022,31081,2022,27,train,27,29
31083-2019,31083,2019,27,train,27,29
31083-2020,31083,2020,27,train,27,29
31083-2021,31083,2021,27,train,27,29
31083-2022,31083,2022,27,train,27,29
31085-2019,31085,2019,27,train,27,29
31085-2020,31085,2020,27,train,27,29
31085-2021,31085,2021,27,train,27,29
31087-2020,31087,2020,27,train,27,29
31089-2019,31089,2019,27,train,27,29
31089-2020,31089,2020,27,train,27,29
31089-2022,31089,2022,27,train,27,29
31093-2019,31093,2019,27,train,27,29
31093-2020,31093,2020,27,train,27,29
31093-2021,31093,2021,27,train,27,29
31093-2022,31093,2022,27,train,27,29
31095-2019,31095,2019,27,train,27,29
31095-2020,31095,2020,27,train,27,29
31095-2022,31095,2022,27,train,27,29
31097-2020,31097,2020,27,train,27,29
31097-2022,31097,2022,27,train,27,29
31099-2019,31099,2019,27,train,27,29
31099-2020,31099,2020,27,train,27,29
31099-2022,31099,2022,27,train,27,29
31101-2020,31101,2020,27,train,27,29
31101-2021,31101,2021,27,train,27,29
31103-2020,31103,2020,27,train,27,29
31107-2020,31107,2020,27,train,27,29
31107-2021,31107,2021,27,train,27,29
31107-2022,31107,2022,27,train,27,29
31109-2019,31109,2019,27,train,27,29
31109-2020,31109,2020,27,train,27,29
31109-2022,31109,2022,27,train,27,29
31111-2019,31111,2019,27,train,27,29
31111-2020,31111,2020,27,train,27,29
31111-2021,31111,2021,27,train,27,29
31111-2022,31111,2022,27,train,27,29
31113-2019,31113,2019,27,train,27,29
31113-2020,31113,2020,27,train,27,29
31115-2020,31115,2020,27,train,27,29
31119-2022,31119,2022,27,train,27,29
31121-2019,31121,2019,27,train,27,29
31123-2019,31123,2019,27,train,27,29
31123-2020,31123,2020,27,train,27,29
31123-2021,31123,2021,27,train,27,29
31125-2019,31125,2019,27,train,27,29
31125-2020,31125,2020,27,train,27,29
31125-2022,31125,2022,27,train,27,29
31127-2020,31127,2020,27,train,27,29
31127-2022,31127,2022,27,train,27,29
31129-2020,31129,2020,27,train,27,29
31129-2022,31129,2022,27,train,27,29
31131-2019,31131,2019,27,train,27,29
31131-2020,31131,2020,27,train,27,29
31131-2022,31131,2022,27,train,27,29
31135-2019,31135,2019,27,train,27,29
31135-2020,31135,2020,27,train,27,29
31135-2021,31135,2021,27,train,27,29
31137-2019,31137,2019,27,train,27,29
31137-2020,31137,2020,27,train,27,29
31137-2021,31137,2021,27,train,27,29
31137-2022,31137,2022,27,train,27,29
31139-2020,31139,2020,27,train,27,29
31139-2021,31139,2021,27,train,27,29
31139-2022,31139,2022,27,train,27,29
31141-2019,31141,2019,27,train,27,29
31141-2020,31141,2020,27,train,27,29
31141-2021,31141,2021,27,train,27,29
31141-2022,31141,2022,27,train,27,29
31143-2020,31143,2020,27,train,27,29
31143-2022,31143,2022,27,train,27,29
31145-2019,31145,2019,27,train,27,29
31145-2020,31145,2020,27,train,27,29
31145-2021,31145,2021,27,train,27,29
31147-2020,31147,2020,27,train,27,29
31147-2022,31147,2022,27,train,27,29
31149-2019,31149,2019,27,train,27,29
31149-2020,31149,2020,27,train,27,29
31149-2021,31149,2021,27,train,27,29
31151-2019,31151,2019,27,train,27,29
31151-2020,31151,2020,27,train,27,29
31151-2022,31151,2022,27,train,27,29
31153-2020,31153,2020,27,train,27,29
31153-2022,31153,2022,27,train,27,29
31155-2019,31155,2019,27,train,27,29
31155-2020,31155,2020,27,train,27,29
31155-2022,31155,2022,27,train,27,29
31157-2019,31157,2019,27,train,27,29
31157-2020,31157,2020,27,train,27,29
31157-2021,31157,2021,27,train,27,29
31159-2019,31159,2019,27,train,27,29
31159-2020,31159,2020,27,train,27,29
31159-2022,31159,2022,27,train,27,29
31161-2020,31161,2020,27,train,27,29
31161-2021,31161,2021,27,train,27,29
31163-2019,31163,2019,27,train,27,29
31163-2020,31163,2020,27,train,27,29
31163-2021,31163,2021,27,train,27,29
31163-2022,31163,2022,27,train,27,29
31165-2019,31165,2019,27,train,27,29
31165-2020,31165,2020,27,train,27,29
31165-2021,31165,2021,27,train,27,29
31167-2019,31167,2019,27,train,27,29
31167-2022,31167,2022,27,train,27,29
31169-2019,31169,2019,27,train,27,29
31169-2020,31169,2020,27,train,27,29
31169-2021,31169,2021,27,train,27,29
31169-2022,31169,2022,27,train,27,29
31173-2019,31173,2019,27,train,27,29
31173-2022,31173,2022,27,train,27,29
31175-2019,31175,2019,27,train,27,29
31175-2020,31175,2020,27,train,27,29
31175-2021,31175,2021,27,train,27,29
31175-2022,31175,2022,27,train,27,29
31177-2019,31177,2019,27,train,27,29
31177-2020,31177,2020,27,train,27,29
31177-2022,31177,2022,27,train,27,29
31179-2019,31179,2019,27,train,27,29
31179-2021,31179,2021,27,train,27,29
31179-2022,31179,2022,27,train,27,29
31181-2020,31181,2020,27,train,27,29
31181-2022,31181,2022,27,train,27,29
31183-2020,31183,2020,27,train,27,29
31185-2019,31185,2019,27,train,27,29
31185-2020,31185,2020,27,train,27,29
31185-2022,31185,2022,27,train,27,29
38001-2020,38001,2020,27,train,27,29
38001-2021,38001,2021,27,train,27,29
38003-2020,38003,2020,27,train,27,29
38003-2021,38003,2021,27,train,27,29
38005-2020,38005,2020,27,train,27,29
38005-2021,38005,2021,27,train,27,29
38007-2020,38007,2020,27,train,27,29
38007-2021,38007,2021,27,train,27,29
38009-2020,38009,2020,27,train,27,29
38009-2021,38009,2021,27,train,27,29
38011-2020,38011,2020,27,train,27,29
38015-2019,38015,2019,27,train,27,29
38015-2020,38015,2020,27,train,27,29
38017-2019,38017,2019,27,train,27,29
38017-2020,38017,2020,27,train,27,29
38017-2021,38017,2021,27,train,27,29
38021-2020,38021,2020,27,train,27,29
38021-2021,38021,2021,27,train,27,29
38025-2020,38025,2020,27,train,27,29
38025-2021,38025,2021,27,train,27,29
38027-2020,38027,2020,27,train,27,29
38027-2021,38027,2021,27,train,27,29
38029-2020,38029,2020,27,train,27,29
38029-2021,38029,2021,27,train,27,29
38031-2020,38031,2020,27,train,27,29
38031-2021,38031,2021,27,train,27,29
38033-2021,38033,2021,27,train,27,29
38035-2019,38035,2019,27,train,27,29
38035-2020,38035,2020,27,train,27,29
38035-2021,38035,2021,27,train,27,29
38037-2020,38037,2020,27,train,27,29
38037-2021,38037,2021,27,train,27,29
38041-2019,38041,2019,27,train,27,29
38041-2020,38041,2020,27,train,27,29
38041-2021,38041,2021,27,train,27,29
38043-2019,38043,2019,27,train,27,29
38043-2020,38043,2020,27,train,27,29
38043-2021,38043,2021,27,train,27,29
38047-2020,38047,2020,27,train,27,29
38047-2021,38047,2021,27,train,27,29
38057-2020,38057,2020,27,train,27,29
38057-2021,38057,2021,27,train,27,29
38059-2020,38059,2020,27,train,27,29
38061-2019,38061,2019,27,train,27,29
38061-2020,38061,2020,27,train,27,29
38063-2020,38063,2020,27,train,27,29
38065-2020,38065,2020,27,train,27,29
38067-2020,38067,2020,27,train,27,29
38067-2021,38067,2021,27,train,27,29
38069-2020,38069,2020,27,train,27,29
38069-2021,38069,2021,27,train,27,29
38071-2020,38071,2020,27,train,27,29
38071-2021,38071,2021,27,train,27,29
38073-2020,38073,2020,27,train,27,29
38073-2021,38073,2021,27,train,27,29
38075-2020,38075,2020,27,train,27,29
38075-2021,38075,2021,27,train,27,29
38077-2019,38077,2019,27,train,27,29
38077-2020,38077,2020,27,train,27,29
38077-2021,38077,2021,27,train,27,29
38079-2021,38079,2021,27,train,27,29
38081-2019,38081,2019,27,train,27,29
38081-2020,38081,2020,27,train,27,29
38081-2021,38081,2021,27,train,27,29
38083-2019,38083,2019,27,train,27,29
38083-2020,38083,2020,27,train,27,29
38087-2019,38087,2019,27,train,27,29
38087-2020,38087,2020,27,train,27,29
38087-2021,38087,2021,27,train,27,29
38089-2020,38089,2020,27,train,27,29
38089-2021,38089,2021,27,train,27,29
38091-2019,38091,2019,27,train,27,29
38091-2020,38091,2020,27,train,27,29
38091-2021,38091,2021,27,train,27,29
38093-2019,38093,2019,27,train,27,29
38093-2020,38093,2020,27,train,27,29
38093-2021,38093,2021,27,train,27,29
38095-2020,38095,2020,27,train,27,29
38095-2021,38095,2021,27,train,27,29
38097-2020,38097,2020,27,train,27,29
38099-2020,38099,2020,27,train,27,29
38099-2021,38099,2021,27,train,27,29
38101-2019,38101,2019,27,train,27,29
38101-2020,38101,2020,27,train,27,29
38101-2021,38101,2021,27,train,27,29
38103-2020,38103,2020,27,train,27,29
38103-2021,38103,2021,27,train,27,29
38105-2021,38105,2021,27,train,27,29
39001-2020,39001,2020,27,train,27,29
39001-2022,39001,2022,27,train,27,29
39003-2020,39003,2020,27,train,27,29
39003-2022,39003,2022,27,train,27,29
39005-2019,39005,2019,27,train,27,29
39005-2020,39005,2020,27,train,27,29
39005-2021,39005,2021,27,train,27,29
39007-2019,39007,2019,27,train,27,29
39007-2021,39007,2021,27,train,27,29
39011-2019,39011,2019,27,train,27,29
39011-2020,39011,2020,27,train,27,29
39011-2021,39011,2021,27,train,27,29
39011-2022,39011,2022,27,train,27,29
39015-2022,39015,2022,27,train,27,29
39017-2020,39017,2020,27,train,27,29
39017-2022,39017,2022,27,train,27,29
39021-2019,39021,2019,27,train,27,29
39021-2020,39021,2020,27,train,27,29
39021-2022,39021,2022,27,train,27,29
39023-2022,39023,2022,27,train,27,29
39025-2022,39025,2022,27,train,27,29
39027-2022,39027,2022,27,train,27,29
39029-2019,39029,2019,27,train,27,29
39031-2019,39031,2019,27,train,27,29
39031-2020,39031,2020,27,train,27,29
39031-2021,39031,2021,27,train,27,29
39031-2022,39031,2022,27,train,27,29
39033-2022,39033,2022,27,train,27,29
39037-2019,39037,2019,27,train,27,29
39037-2020,39037,2020,27,train,27,29
39037-2021,39037,2021,27,train,27,29
39037-2022,39037,2022,27,train,27,29
39039-2019,39039,2019,27,train,27,29
39039-2020,39039,2020,27,train,27,29
39039-2022,39039,2022,27,train,27,29
39041-2022,39041,2022,27,train,27,29
39043-2020,39043,2020,27,train,27,29
39043-2022,39043,2022,27,train,27,29
39045-2019,39045,2019,27,train,27,29
39045-2020,39045,2020,27,train,27,29
39045-2022,39045,2022,27,train,27,29
39047-2020,39047,2020,27,train,27,29
39047-2022,39047,2022,27,train,27,29
39049-2022,39049,2022,27,train,27,29
39051-2019,39051,2019,27,train,27,29
39051-2020,39051,2020,27,train,27,29
39051-2022,39051,2022,27,train,27,29
39053-2019,39053,2019,27,train,27,29
39053-2020,39053,2020,27,train,27,29
39053-2021,39053,2021,27,train,27,29
39057-2022,39057,2022,27,train,27,29
39061-2020,39061,2020,27,train,27,29
39063-2020,39063,2020,27,train,27,29
39063-2022,39063,2022,27,train,27,29
39065-2019,39065,2019,27,train,27,29
39065-2020,39065,2020,27,train,27,29
39065-2021,39065,2021,27,train,27,29
39065-2022,39065,2022,27,train,27,29
39069-2020,39069,2020,27,train,27,29
39069-2022,39069,2022,27,train,27,29
39071-2022,39071,2022,27,train,27,29
39075-2019,39075,2019,27,train,27,29
39075-2020,39075,2020,27,train,27,29
39075-2021,39075,2021,27,train,27,29
39075-2022,39075,2022,27,train,27,29
39077-2022,39077,2022,27,train,27,29
39079-2022,39079,2022,27,train,27,29
39083-2019,39083,2019,27,train,27,29
39083-2020,39083,2020,27,train,27,29
39083-2021,39083,2021,27,train,27,29
39083-2022,39083,2022,27,train,27,29
39089-2020,39089,2020,27,train,27,29
39089-2021,39089,2021,27,train,27,29
39089-2022,39089,2022,27,train,27,29
39091-2019,39091,2019,27,train,27,29
39091-2020,39091,2020,27,train,27,29
39091-2021,39091,2021,27,train,27,29
39091-2022,39091,2022,27,train,27,29
39093-2020,39093,2020,27,train,27,29
39093-2021,39093,2021,27,train,27,29
39093-2022,39093,2022,27,train,27,29
39095-2019,39095,2019,27,train,27,29
39095-2020,39095,2020,27,train,27,29
39095-2022,39095,2022,27,train,27,29
39097-2020,39097,2020,27,train,27,29
39097-2022,39097,2022,27,train,27,29
39099-2019,39099,2019,27,train,27,29
39101-2019,39101,2019,27,train,27,29
39101-2020,39101,2020,27,train,27,29
39101-2022,39101,2022,27,train,27,29
39103-2019,39103,2019,27,train,27,29
39103-2020,39103,2020,27,train,27,29
39103-2021,39103,2021,27,train,27,29
39103-2022,39103,2022,27,train,27,29
39107-2019,39107,2019,27,train,27,29
39107-2020,39107,2020,27,train,27,29
39107-2021,39107,2021,27,train,27,29
39107-2022,39107,2022,27,train,27,29
39109-2019,39109,2019,27,train,27,29
39109-2020,39109,2020,27,train,27,29
39109-2022,39109,2022,27,train,27,29
39113-2019,39113,2019,27,train,27,29
39117-2022,39117,2022,27,train,27,29
39119-2019,39119,2019,27,train,27,29
39119-2020,39119,2020,27,train,27,29
39119-2021,39119,2021,27,train,27,29
39119-2022,39119,2022,27,train,27,29
39123-2020,39123,2020,27,train,27,29
39123-2022,39123,2022,27,train,27,29
39125-2020,39125,2020,27,train,27,29
39125-2022,39125,2022,27,train,27,29
39127-2020,39127,2020,27,train,27,29
39127-2021,39127,2021,27,train,27,29
39129-2019,39129,2019,27,train,27,29
39129-2020,39129,2020,27,train,27,29
39129-2021,39129,2021,27,train,27,29
39129-2022,39129,2022,27,train,27,29
39131-2019,39131,2019,27,train,27,29
39131-2021,39131,2021,27,train,27,29
39131-2022,39131,2022,27,train,27,29
39133-2019,39133,2019,27,train,27,29
39133-2021,39133,2021,27,train,27,29
39135-2019,39135,2019,27,train,27,29
39135-2020,39135,2020,27,train,27,29
39135-2021,39135,2021,27,train,27,29
39135-2022,39135,2022,27,train,27,29
39137-2019,39137,2019,27,train,27,29
39137-2020,39137,2020,27,train,27,29
39137-2022,39137,2022,27,train,27,29
39139-2019,39139,2019,27,train,27,29
39139-2020,39139,2020,27,train,27,29
39139-2022,39139,2022,27,train,27,29
39141-2019,39141,2019,27,train,27,29
39141-2021,39141,2021,27,train,27,29
39141-2022,39141,2022,27,train,27,29
39143-2019,39143,2019,27,train,27,29
39143-2020,39143,2020,27,train,27,29
39143-2022,39143,2022,27,train,27,29
39145-2019,39145,2019,27,train,27,29
39145-2020,39145,2020,27,train,27,29
39145-2021,39145,2021,27,train,27,29
39147-2019,39147,2019,27,train,27,29
39147-2020,39147,2020,27,train,27,29
39147-2022,39147,2022,27,train,27,29
39149-2019,39149,2019,27,train,27,29
39149-2020,39149,2020,27,train,27,29
39149-2022,39149,2022,27,train,27,29
39151-2019,39151,2019,27,train,27,29
39151-2020,39151,2020,27,train,27,29
39151-2021,39151,2021,27,train,27,29
39155-2019,39155,2019,27,train,27,29
39157-2019,39157,2019,27,train,27,29
39157-2020,39157,2020,27,train,27,29
39157-2021,39157,2021,27,train,27,29
39159-2019,39159,2019,27,train,27,29
39159-2022,39159,2022,27,train,27,29
39161-2019,39161,2019,27,train,27,29
39161-2020,39161,2020,27,train,27,29
39161-2022,39161,2022,27,train,27,29
39165-2019,39165,2019,27,train,27,29
39165-2020,39165,2020,27,train,27,29
39165-2022,39165,2022,27,train,27,29
39167-2019,39167,2019,27,train,27,29
39167-2020,39167,2020,27,train,27,29
39167-2021,39167,2021,27,train,27,29
39169-2019,39169,2019,27,train,27,29
39169-2020,39169,2020,27,train,27,29
39169-2021,39169,2021,27,train,27,29
39169-2022,39169,2022,27,train,27,29
39171-2019,39171,2019,27,train,27,29
39171-2020,39171,2020,27,train,27,29
39171-2022,39171,2022,27,train,27,29
39173-2020,39173,2020,27,train,27,29
39173-2022,39173,2022,27,train,27,29
39175-2019,39175,2019,27,train,27,29
39175-2020,39175,2020,27,train,27,29
39175-2022,39175,2022,27,train,27,29
46003-2020,46003,2020,27,train,27,29
46003-2021,46003,2021,27,train,27,29
46005-2020,46005,2020,27,train,27,29
46005-2021,46005,2021,27,train,27,29
46007-2020,46007,2020,27,train,27,29
46007-2021,46007,2021,27,train,27,29
46009-2020,46009,2020,27,train,27,29
46009-2021,46009,2021,27,train,27,29
46009-2022,46009,2022,27,train,27,29
46011-2020,46011,2020,27,train,27,29
46011-2021,46011,2021,27,train,27,29
46013-2020,46013,2020,27,train,27,29
46013-2021,46013,2021,27,train,27,29
46015-2020,46015,2020,27,train,27,29
46015-2021,46015,2021,27,train,27,29
46017-2020,46017,2020,27,train,27,29
46017-2021,46017,2021,27,train,27,29
46019-2020,46019,2020,27,train,27,29
46019-2021,46019,2021,27,train,27,29
46021-2020,46021,2020,27,train,27,29
46021-2021,46021,2021,27,train,27,29
46023-2020,46023,2020,27,train,27,29
46023-2021,46023,2021,27,train,27,29
46023-2022,46023,2022,27,train,27,29
46025-2020,46025,2020,27,train,27,29
46025-2021,46025,2021,27,train,27,29
46027-2020,46027,2020,27,train,27,29
46027-2021,46027,2021,27,train,27,29
46027-2022,46027,2022,27,train,27,29
46029-2020,46029,2020,27,train,27,29
46029-2021,46029,2021,27,train,27,29
46031-2020,46031,2020,27,train,27,29
46031-2021,46031,2021,27,train,27,29
46035-2020,46035,2020,27,train,27,29
46037-2020,46037,2020,27,train,27,29
46037-2021,46037,2021,27,train,27,29
46039-2020,46039,2020,27,train,27,29
46041-2020,46041,2020,27,train,27,29
46043-2020,46043,2020,27,train,27,29
46043-2021,46043,2021,27,train,27,29
46045-2019,46045,2019,27,train,27,29
46045-2020,46045,2020,27,train,27,29
46049-2020,46049,2020,27,train,27,29
46049-2021,46049,2021,27,train,27,29
46051-2020,46051,2020,27,train,27,29
46051-2021,46051,2021,27,train,27,29
46053-2020,46053,2020,27,train,27,29
46053-2021,46053,2021,27,train,27,29
46057-2020,46057,2020,27,train,27,29
46057-2021,46057,2021,27,train,27,29
46059-2020,46059,2020,27,train,27,29
46059-2021,46059,2021,27,train,27,29
46061-2020,46061,2020,27,train,27,29
46061-2021,46061,2021,27,train,27,29
46063-2021,46063,2021,27,train,27,29
46065-2020,46065,2020,27,train,27,29
46065-2021,46065,2021,27,train,27,29
46067-2020,46067,2020,27,train,27,29
46067-2021,46067,2021,27,train,27,29
46069-2020,46069,2020,27,train,27,29
46073-2020,46073,2020,27,train,27,29
46073-2021,46073,2021,27,train,27,29
46075-2020,46075,2020,27,train,27,29
46077-2020,46077,2020,27,train,27,29
46077-2021,46077,2021,27,train,27,29
46079-2020,46079,2020,27,train,27,29
46079-2021,46079,2021,27,train,27,29
46083-2019,46083,2019,27,train,27,29
46083-2020,46083,2020,27,train,27,29
46083-2021,46083,2021,27,train,27,29
46083-2022,46083,2022,27,train,27,29
46085-2019,46085,2019,27,train,27,29
46085-2020,46085,2020,27,train,27,29
46085-2021,46085,2021,27,train,27,29
46091-2020,46091,2020,27,train,27,29
46091-2021,46091,2021,27,train,27,29
46093-2021,46093,2021,27,train,27,29
46095-2020,46095,2020,27,train,27,29
46097-2020,46097,2020,27,train,27,29
46097-2021,46097,2021,27,train,27,29
46099-2019,46099,2019,27,train,27,29
46099-2020,46099,2020,27,train,27,29
46099-2022,46099,2022,27,train,27,29
46101-2020,46101,2020,27,train,27,29
46102-2020,46102,2020,27,train,27,29
46102-2021,46102,2021,27,train,27,29
46103-2021,46103,2021,27,train,27,29
46107-2020,46107,2020,27,train,27,29
46107-2021,46107,2021,27,train,27,29
46109-2020,46109,2020,27,train,27,29
46111-2020,46111,2020,27,train,27,29
46111-2021,46111,2021,27,train,27,29
46115-2020,46115,2020,27,train,27,29
46119-2020,46119,2020,27,train,27,29
46119-2021,46119,2021,27,train,27,29
46121-2021,46121,2021,27,train,27,29
46123-2020,46123,2020,27,train,27,29
46123-2021,46123,2021,27,train,27,29
46125-2020,46125,2020,27,train,27,29
46125-2021,46125,2021,27,train,27,29
46125-2022,46125,2022,27,train,27,29
46127-2019,46127,2019,27,train,27,29
46127-2020,46127,2020,27,train,27,29
46127-2022,46127,2022,27,train,27,29
46129-2020,46129,2020,27,train,27,29
46129-2021,46129,2021,27,train,27,29
46135-2021,46135,2021,27,train,27,29
46135-2022,46135,2022,27,train,27,29
46137-2019,46137,2019,27,train,27,29
46137-2020,46137,2020,27,train,27,29
55001-2019,55001,2019,27,train,27,29
55001-2020,55001,2020,27,train,27,29
55005-2020,55005,2020,27,train,27,29
55009-2020,55009,2020,27,train,27,29
55011-2020,55011,2020,27,train,27,29
55013-2020,55013,2020,27,train,27,29
55015-2020,55015,2020,27,train,27,29
55017-2019,55017,2019,27,train,27,29
55017-2020,55017,2020,27,train,27,29
55017-2021,55017,2021,27,train,27,29
55019-2019,55019,2019,27,train,27,29
55019-2020,55019,2020,27,train,27,29
55019-2021,55019,2021,27,train,27,29
55021-2019,55021,2019,27,train,27,29
55021-2020,55021,2020,27,train,27,29
55021-2021,55021,2021,27,train,27,29
55023-2019,55023,2019,27,train,27,29
55023-2020,55023,2020,27,train,27,29
55023-2021,55023,2021,27,train,27,29
55023-2022,55023,2022,27,train,27,29
55025-2019,55025,2019,27,train,27,29
55025-2020,55025,2020,27,train,27,29
55025-2021,55025,2021,27,train,27,29
55025-2022,55025,2022,27,train,27,29
55027-2019,55027,2019,27,train,27,29
55027-2020,55027,2020,27,train,27,29
55029-2019,55029,2019,27,train,27,29
55029-2020,55029,2020,27,train,27,29
55029-2021,55029,2021,27,train,27,29
55033-2020,55033,2020,27,train,27,29
55035-2019,55035,2019,27,train,27,29
55035-2020,55035,2020,27,train,27,29
55035-2021,55035,2021,27,train,27,29
55043-2019,55043,2019,27,train,27,29
55043-2020,55043,2020,27,train,27,29
55043-2021,55043,2021,27,train,27,29
55043-2022,55043,2022,27,train,27,29
55045-2019,55045,2019,27,train,27,29
55045-2020,55045,2020,27,train,27,29
55045-2021,55045,2021,27,train,27,29
55045-2022,55045,2022,27,train,27,29
55047-2019,55047,2019,27,train,27,29
55047-2020,55047,2020,27,train,27,29
55047-2021,55047,2021,27,train,27,29
55049-2020,55049,2020,27,train,27,29
55049-2022,55049,2022,27,train,27,29
55053-2019,55053,2019,27,train,27,29
55053-2020,55053,2020,27,train,27,29
55053-2021,55053,2021,27,train,27,29
55055-2019,55055,2019,27,train,27,29
55055-2020,55055,2020,27,train,27,29
55055-2022,55055,2022,27,train,27,29
55057-2019,55057,2019,27,train,27,29
55057-2020,55057,2020,27,train,27,29
55057-2021,55057,2021,27,train,27,29
55059-2020,55059,2020,27,train,27,29
55059-2022,55059,2022,27,train,27,29
55061-2020,55061,2020,27,train,27,29
55063-2019,55063,2019,27,train,27,29
55063-2020,55063,2020,27,train,27,29
55063-2021,55063,2021,27,train,27,29
55065-2020,55065,2020,27,train,27,29
55065-2022,55065,2022,27,train,27,29
55067-2020,55067,2020,27,train,27,29
55067-2021,55067,2021,27,train,27,29
55069-2020,55069,2020,27,train,27,29
55069-2021,55069,2021,27,train,27,29
55071-2019,55071,2019,27,train,27,29
55071-2020,55071,2020,27,train,27,29
55073-2020,55073,2020,27,train,27,29
55073-2021,55073,2021,27,train,27,29
55075-2019,55075,2019,27,train,27,29
55075-2020,55075,2020,27,train,27,29
55075-2021,55075,2021,27,train,27,29
55077-2020,55077,2020,27,train,27,29
55079-2020,55079,2020,27,train,27,29
55081-2019,55081,2019,27,train,27,29
55081-2020,55081,2020,27,train,27,29
55081-2021,55081,2021,27,train,27,29
55083-2019,55083,2019,27,train,27,29
55083-2020,55083,2020,27,train,27,29
55083-2021,55083,2021,27,train,27,29
55087-2019,55087,2019,27,train,27,29
55087-2020,55087,2020,27,train,27,29
55089-2019,55089,2019,27,train,27,29
55089-2020,55089,2020,27,train,27,29
55091-2020,55091,2020,27,train,27,29
55093-2020,55093,2020,27,train,27,29
55095-2020,55095,2020,27,train,27,29
55097-2019,55097,2019,27,train,27,29
55097-2020,55097,2020,27,train,27,29
55101-2019,55101,2019,27,train,27,29
55101-2020,55101,2020,27,train,27,29
55101-2022,55101,2022,27,train,27,29
55103-2019,55103,2019,27,train,27,29
55103-2020,55103,2020,27,train,27,29
55103-2021,55103,2021,27,train,27,29
55103-2022,55103,2022,27,train,27,29
55105-2019,55105,2019,27,train,27,29
55105-2020,55105,2020,27,train,27,29
55105-2021,55105,2021,27,train,27,29
55105-2022,55105,2022,27,train,27,29
55107-2019,55107,2019,27,train,27,29
55107-2020,55107,2020,27,train,27,29
55107-2021,55107,2021,27,train,27,29
55111-2019,55111,2019,27,train,27,29
55111-2020,55111,2020,27,train,27,29
55111-2021,55111,2021,27,train,27,29
55113-2020,55113,2020,27,train,27,29
55113-2021,55113,2021,27,train,27,29
55115-2019,55115,2019,27,train,27,29
55115-2020,55115,2020,27,train,27,29
55115-2021,55115,2021,27,train,27,29
55117-2019,55117,2019,27,train,27,29
55117-2020,55117,2020,27,train,27,29
55119-2020,55119,2020,27,train,27,29
55119-2021,55119,2021,27,train,27,29
55121-2019,55121,2019,27,train,27,29
55121-2020,55121,2020,27,train,27,29
55121-2021,55121,2021,27,train,27,29
55123-2019,55123,2019,27,train,27,29
55123-2020,55123,2020,27,train,27,29
55123-2021,55123,2021,27,train,27,29
55123-2022,55123,2022,27,train,27,29
55127-2019,55127,2019,27,train,27,29
55127-2020,55127,2020,27,train,27,29
55127-2022,55127,2022,27,train,27,29
55129-2019,55129,2019,27,train,27,29
55129-2020,55129,2020,27,train,27,29
55131-2019,55131,2019,27,train,27,29
55131-2020,55131,2020,27,train,27,29
55133-2019,55133,2019,27,train,27,29
55133-2020,55133,2020,27,train,27,29
55133-2022,55133,2022,27,train,27,29
55135-2019,55135,2019,27,train,27,29
55135-2020,55135,2020,27,train,27,29
55137-2019,55137,2019,27,train,27,29
55137-2020,55137,2020,27,train,27,29
55137-2021,55137,2021,27,train,27,29
55139-2019,55139,2019,27,train,27,29
55139-2020,55139,2020,27,train,27,29
55141-2019,55141,2019,27,train,27,29
55141-2020,55141,2020,27,train,27,29
17001-2020,17001,2020,29,train,29,31
17001-2022,17001,2022,29,train,29,31
17003-2019,17003,2019,29,train,29,31
17003-2020,17003,2020,29,train,29,31
17005-2019,17005,2019,29,train,29,31
17005-2020,17005,2020,29,train,29,31
17005-2021,17005,2021,29,train,29,31
17005-2022,17005,2022,29,train,29,31
17007-2019,17007,2019,29,train,29,31
17007-2020,17007,2020,29,train,29,31
17007-2022,17007,2022,29,train,29,31
17009-2020,17009,2020,29,train,29,31
17009-2022,17009,2022,29,train,29,31
17011-2019,17011,2019,29,train,29,31
17011-2020,17011,2020,29,train,29,31
17011-2021,17011,2021,29,train,29,31
17011-2022,17011,2022,29,train,29,31
17013-2020,17013,2020,29,train,29,31
17013-2022,17013,2022,29,train,29,31
17015-2020,17015,2020,29,train,29,31
17015-2022,17015,2022,29,train,29,31
17017-2019,17017,2019,29,train,29,31
17017-2020,17017,2020,29,train,29,31
17017-2021,17017,2021,29,train,29,31
17017-2022,17017,2022,29,train,29,31
17019-2021,17019,2021,29,train,29,31
17019-2022,17019,2022,29,train,29,31
17021-2020,17021,2020,29,train,29,31
17021-2021,17021,2021,29,train,29,31
17021-2022,17021,2022,29,train,29,31
17023-2020,17023,2020,29,train,29,31
17023-2022,17023,2022,29,train,29,31
17025-2019,17025,2019,29,train,29,31
17025-2020,17025,2020,29,train,29,31
17025-2021,17025,2021,29,train,29,31
17025-2022,17025,2022,29,train,29,31
17027-2019,17027,2019,29,train,29,31
17027-2020,17027,2020,29,train,29,31
17027-2021,17027,2021,29,train,29,31
17027-2022,17027,2022,29,train,29,31
17029-2019,17029,2019,29,train,29,31
17029-2021,17029,2021,29,train,29,31
17031-2019,17031,2019,29,train,29,31
17033-2019,17033,2019,29,train,29,31
17033-2020,17033,2020,29,train,29,31
17033-2022,17033,2022,29,train,29,31
17035-2019,17035,2019,29,train,29,31
17035-2022,17035,2022,29,train,29,31
17039-2020,17039,2020,29,train,29,31
17039-2021,17039,2021,29,train,29,31
17039-2022,17039,2022,29,train,29,31
17041-2019,17041,2019,29,train,29,31
17041-2022,17041,2022,29,train,29,31
17045-2020,17045,2020,29,train,29,31
17045-2021,17045,2021,29,train,29,31
17045-2022,17045,2022,29,train,29,31
17047-2020,17047,2020,29,train,29,31
17047-2021,17047,2021,29,train,29,31
17047-2022,17047,2022,29,train,29,31
17049-2021,17049,2021,29,train,29,31
17049-2022,17049,2022,29,train,29,31
17051-2019,17051,2019,29,train,29,31
17051-2020,17051,2020,29,train,29,31
17051-2021,17051,2021,29,train,29,31
17053-2019,17053,2019,29,train,29,31
17053-2020,17053,2020,29,train,29,31
17053-2021,17053,2021,29,train,29,31
17053-2022,17053,2022,29,train,29,31
17055-2019,17055,2019,29,train,29,31
17055-2020,17055,2020,29,train,29,31
17055-2021,17055,2021,29,train,29,31
17055-2022,17055,2022,29,train,29,31
17057-2020,17057,2020,29,train,29,31
17057-2021,17057,2021,29,train,29,31
17057-2022,17057,2022,29,train,29,31
17059-2019,17059,2019,29,train,29,31
17059-2020,17059,2020,29,train,29,31
17059-2021,17059,2021,29,train,29,31
17059-2022,17059,2022,29,train,29,31
17061-2020,17061,2020,29,train,29,31
17061-2021,17061,2021,29,train,29,31
17061-2022,17061,2022,29,train,29,31
17063-2019,17063,2019,29,train,29,31
17063-2020,17063,2020,29,train,29,31
17063-2022,17063,2022,29,train,29,31
17065-2020,17065,2020,29,train,29,31
17065-2022,17065,2022,29,train,29,31
17067-2020,17067,2020,29,train,29,31
17067-2022,17067,2022,29,train,29,31
17071-2020,17071,2020,29,train,29,31
17071-2022,17071,2022,29,train,29,31
17073-2020,17073,2020,29,train,29,31
17073-2022,17073,2022,29,train,29,31
17075-2019,17075,2019,29,train,29,31
17075-2020,17075,2020,29,train,29,31
17075-2021,17075,2021,29,train,29,31
17075-2022,17075,2022,29,train,29,31
17077-2019,17077,2019,29,train,29,31
17077-2020,17077,2020,29,train,29,31
17077-2021,17077,2021,29,train,29,31
17077-2022,17077,2022,29,train,29,31
17079-2019,17079,2019,29,train,29,31
17079-2020,17079,2020,29,train,29,31
17079-2022,17079,2022,29,train,29,31
17081-2019,17081,2019,29,train,29,31
17081-2021,17081,2021,29,train,29,31
17081-2022,17081,2022,29,train,29,31
17083-2020,17083,2020,29,train,29,31
17083-2022,17083,2022,29,train,29,31
17085-2020,17085,2020,29,train,29,31
17085-2022,17085,2022,29,train,29,31
17087-2020,17087,2020,29,train,29,31
17089-2019,17089,2019,29,train,29,31
17089-2020,17089,2020,29,train,29,31
17089-2022,17089,2022,29,train,29,31
17091-2020,17091,2020,29,train,29,31
17091-2022,17091,2022,29,train,29,31
17093-2019,17093,2019,29,train,29,31
17093-2020,17093,2020,29,train,29,31
17093-2022,17093,2022,29,train,29,31
17095-2020,17095,2020,29,train,29,31
17095-2022,17095,2022,29,train,29,31
17097-2019,17097,2019,29,train,29,31
17097-2020,17097,2020,29,train,29,31
17101-2019,17101,2019,29,train,29,31
17101-2020,17101,2020,29,train,29,31
17101-2022,17101,2022,29,train,29,31
17103-2019,17103,2019,29,train,29,31
17103-2020,17103,2020,29,train,29,31
17103-2022,17103,2022,29,train,29,31
17105-2019,17105,2019,29,train,29,31
17105-2020,17105,2020,29,train,29,31
17105-2021,17105,2021,29,train,29,31
17105-2022,17105,2022,29,train,29,31
17107-2020,17107,2020,29,train,29,31
17107-2021,17107,2021,29,train,29,31
17107-2022,17107,2022,29,train,29,31
17115-2020,17115,2020,29,train,29,31
17115-2021,17115,2021,29,train,29,31
17115-2022,17115,2022,29,train,29,31
17117-2020,17117,2020,29,train,29,31
17117-2021,17117,2021,29,train,29,31
17117-2022,17117,2022,29,train,29,31
17119-2019,17119,2019,29,train,29,31
17119-2020,17119,2020,29,train,29,31
17119-2021,17119,2021,29,train,29,31
17119-2022,17119,2022,29,train,29,31
17121-2019,17121,2019,29,train,29,31
17121-2020,17121,2020,29,train,29,31
17121-2021,17121,2021,29,train,29,31
17121-2022,17121,2022,29,train,29,31
17123-2019,17123,2019,29,train,29,31
17123-2020,17123,2020,29,train,29,31
17123-2021,17123,2021,29,train,29,31
17123-2022,17123,2022,29,train,29,31
17125-2020,17125,2020,29,train,29,31
17125-2021,17125,2021,29,train,29,31
17125-2022,17125,2022,29,train,29,31
17127-2019,17127,2019,29,train,29,31
17127-2020,17127,2020,29,train,29,31
17129-2021,17129,2021,29,train,29,31
17131-2020,17131,2020,29,train,29,31
17131-2022,17131,2022,29,train,29,31
17133-2019,17133,2019,29,train,29,31
17133-2020,17133,2020,29,train,29,31
17133-2022,17133,2022,29,train,29,31
17135-2020,17135,2020,29,train,29,31
17135-2021,17135,2021,29,train,29,31
17135-2022,17135,2022,29,train,29,31
17137-2019,17137,2019,29,train,29,31
17137-2020,17137,2020,29,train,29,31
17137-2022,17137,2022,29,train,29,31
17139-2021,17139,2021,29,train,29,31
17139-2022,17139,2022,29,train,29,31
17141-2019,17141,2019,29,train,29,31
17141-2020,17141,2020,29,train,29,31
17141-2022,17141,2022,29,train,29,31
17143-2019,17143,2019,29,train,29,31
17143-2020,17143,2020,29,train,29,31
17143-2021,17143,2021,29,train,29,31
17143-2022,17143,2022,29,train,29,31
17145-2020,17145,2020,29,train,29,31
17145-2022,17145,2022,29,train,29,31
17147-2021,17147,2021,29,train,29,31
17147-2022,17147,2022,29,train,29,31
17149-2020,17149,2020,29,train,29,31
17151-2020,17151,2020,29,train,29,31
17153-2019,17153,2019,29,train,29,31
17153-2020,17153,2020,29,train,29,31
17153-2021,17153,2021,29,train,29,31
17155-2020,17155,2020,29,train,29,31
17155-2021,17155,2021,29,train,29,31
17155-2022,17155,2022,29,train,29,31
17157-2019,17157,2019,29,train,29,31
17157-2020,17157,2020,29,train,29,31
17157-2021,17157,2021,29,train,29,31
17157-2022,17157,2022,29,train,29,31
17159-2020,17159,2020,29,train,29,31
17161-2020,17161,2020,29,train,29,31
17161-2022,17161,2022,29,train,29,31
17165-2020,17165,2020,29,train,29,31
17165-2021,17165,2021,29,train,29,31
17165-2022,17165,2022,29,train,29,31
17167-2021,17167,2021,29,train,29,31
17169-2020,17169,2020,29,train,29,31
17169-2022,17169,2022,29,train,29,31
17171-2020,17171,2020,29,train,29,31
17171-2022,17171,2022,29,train,29,31
17173-2021,17173,2021,29,train,29,31
17173-2022,17173,2022,29,train,29,31
17175-2019,17175,2019,29,train,29,31
17175-2020,17175,2020,29,train,29,31
17175-2021,17175,2021,29,train,29,31
17175-2022,17175,2022,29,train,29,31
17177-2019,17177,2019,29,train,29,31
17177-2020,17177,2020,29,train,29,31
17177-2021,17177,2021,29,train,29,31
17177-2022,17177,2022,29,train,29,31
17179-2020,17179,2020,29,train,29,31
17179-2021,17179,2021,29,train,29,31
17179-2022,17179,2022,29,train,29,31
17181-2019,17181,2019,29,train,29,31
17181-2020,17181,2020,29,train,29,31
17181-2021,17181,2021,29,train,29,31
17183-2020,17183,2020,29,train,29,31
17183-2021,17183,2021,29,train,29,31
17183-2022,17183,2022,29,train,29,31
17185-2019,17185,2019,29,train,29,31
17185-2020,17185,2020,29,train,29,31
17185-2022,17185,2022,29,train,29,31
17187-2020,17187,2020,29,train,29,31
17187-2022,17187,2022,29,train,29,31
17189-2019,17189,2019,29,train,29,31
17189-2020,17189,2020,29,train,29,31
17189-2021,17189,2021,29,train,29,31
17189-2022,17189,2022,29,train,29,31
17191-2020,17191,2020,29,train,29,31
17191-2022,17191,2022,29,train,29,31
17193-2019,17193,2019,29,train,29,31
17193-2020,17193,2020,29,train,29,31
17193-2021,17193,2021,29,train,29,31
17193-2022,17193,2022,29,train,29,31
17195-2019,17195,2019,29,train,29,31
17195-2020,17195,2020,29,train,29,31
17195-2022,17195,2022,29,train,29,31
17197-2020,17197,2020,29,train,29,31
17197-2022,17197,2022,29,train,29,31
17199-2019,17199,2019,29,train,29,31
17199-2020,17199,2020,29,train,29,31
17199-2022,17199,2022,29,train,29,31
17201-2019,17201,2019,29,train,29,31
17201-2020,17201,2020,29,train,29,31
17201-2021,17201,2021,29,train,29,31
17201-2022,17201,2022,29,train,29,31
17203-2019,17203,2019,29,train,29,31
17203-2020,17203,2020,29,train,29,31
17203-2021,17203,2021,29,train,29,31
17203-2022,17203,2022,29,train,29,31
18001-2019,18001,2019,29,train,29,31
18001-2020,18001,2020,29,train,29,31
18001-2022,18001,2022,29,train,29,31
18003-2019,18003,2019,29,train,29,31
18003-2020,18003,2020,29,train,29,31
18003-2022,18003,2022,29,train,29,31
18005-2022,18005,2022,29,train,29,31
18007-2019,18007,2019,29,train,29,31
18007-2020,18007,2020,29,train,29,31
18007-2021,18007,2021,29,train,29,31
18007-2022,18007,2022,29,train,29,31
18009-2022,18009,2022,29,train,29,31
18011-2019,18011,2019,29,train,29,31
18011-2020,18011,2020,29,train,29,31
18011-2021,18011,2021,29,train,29,31
18011-2022,18011,2022,29,train,29,31
18015-2019,18015,2019,29,train,29,31
18015-2020,18015,2020,29,train,29,31
18015-2022,18015,2022,29,train,29,31
18017-2020,18017,2020,29,train,29,31
18017-2022,18017,2022,29,train,29,31
18019-2020,18019,2020,29,train,29,31
18021-2020,18021,2020,29,train,29,31
18021-2021,18021,2021,29,train,29,31
18021-2022,18021,2022,29,train,29,31
18023-2020,18023,2020,29,train,29,31
18023-2021,18023,2021,29,train,29,31
18023-2022,18023,2022,29,train,29,31
18027-2019,18027,2019,29,train,29,31
18027-2020,18027,2020,29,train,29,31
18027-2021,18027,2021,29,train,29,31
18027-2022,18027,2022,29,train,29,31
18029-2019,18029,2019,29,train,29,31
18029-2020,18029,2020,29,train,29,31
18029-2022,18029,2022,29,train,29,31
18031-2019,18031,2019,29,train,29,31
18031-2020,18031,2020,29,train,29,31
18031-2022,18031,2022,29,train,29,31
18035-2022,18035,2022,29,train,29,31
18037-2022,18037,2022,29,train,29,31
18039-2019,18039,2019,29,train,29,31
18039-2020,18039,2020,29,train,29,31
18039-2021,18039,2021,29,train,29,31
18039-2022,18039,2022,29,train,29,31
18041-2019,18041,2019,29,train,29,31
18041-2020,18041,2020,29,train,29,31
18041-2021,18041,2021,29,train,29,31
18041-2022,18041,2022,29,train,29,31
18045-2020,18045,2020,29,train,29,31
18045-2022,18045,2022,29,train,29,31
18047-2019,18047,2019,29,train,29,31
18047-2020,18047,2020,29,train,29,31
18047-2022,18047,2022,29,train,29,31
18049-2019,18049,2019,29,train,29,31
18049-2020,18049,2020,29,train,29,31
18049-2021,18049,2021,29,train,29,31
18051-2019,18051,2019,29,train,29,31
18051-2020,18051,2020,29,train,29,31
18051-2022,18051,2022,29,train,29,31
18053-2020,18053,2020,29,train,29,31
18053-2022,18053,2022,29,train,29,31
18055-2019,18055,2019,29,train,29,31
18055-2020,18055,2020,29,train,29,31
18055-2021,18055,2021,29,train,29,31
18057-2022,18057,2022,29,train,29,31
18059-2020,18059,2020,29,train,29,31
18059-2022,18059,2022,29,train,29,31
18063-2019,18063,2019,29,train,29,31
18063-2020,18063,2020,29,train,29,31
18063-2021,18063,2021,29,train,29,31
18063-2022,18063,2022,29,train,29,31
18065-2022,18065,2022,29,train,29,31
18067-2020,18067,2020,29,train,29,31
18067-2022,18067,2022,29,train,29,31
18069-2022,18069,2022,29,train,29,31
18071-2022,18071,2022,29,train,29,31
18073-2020,18073,2020,29,train,29,31
18073-2022,18073,2022,29,train,29,31
18075-2019,18075,2019,29,train,29,31
18075-2020,18075,2020,29,train,29,31
18075-2022,18075,2022,29,train,29,31
18077-2019,18077,2019,29,train,29,31
18077-2020,18077,2020,29,train,29,31
18077-2022,18077,2022,29,train,29,31
18079-2022,18079,2022,29,train,29,31
18081-2022,18081,2022,29,train,29,31
18083-2020,18083,2020,29,train,29,31
18083-2022,18083,2022,29,train,29,31
18085-2022,18085,2022,29,train,29,31
18089-2020,18089,2020,29,train,29,31
18089-2022,18089,2022,29,train,29,31
18093-2022,18093,2022,29,train,29,31
18095-2022,18095,2022,29,train,29,31
18097-2020,18097,2020,29,train,29,31
18099-2019,18099,2019,29,train,29,31
18099-2020,18099,2020,29,train,29,31
18099-2021,18099,2021,29,train,29,31
18099-2022,18099,2022,29,train,29,31
18101-2022,18101,2022,29,train,29,31
18103-2020,18103,2020,29,train,29,31
18103-2022,18103,2022,29,train,29,31
18105-2022,18105,2022,29,train,29,31
18107-2019,18107,2019,29,train,29,31
18107-2020,18107,2020,29,train,29,31
18107-2021,18107,2021,29,train,29,31
18109-2022,18109,2022,29,train,29,31
18111-2019,18111,2019,29,train,29,31
18111-2020,18111,2020,29,train,29,31
18111-2021,18111,2021,29,train,29,31
18111-2022,18111,2022,29,train,29,31
18113-2020,18113,2020,29,train,29,31
18113-2022,18113,2022,29,train,29,31
18115-2019,18115,2019,29,train,29,31
18115-2020,18115,2020,29,train,29,31
18119-2020,18119,2020,29,train,29,31
18119-2021,18119,2021,29,train,29,31
18119-2022,18119,2022,29,train,29,31
18121-2019,18121,2019,29,train,29,31
18121-2020,18121,2020,29,train,29,31
18121-2022,18121,2022,29,train,29,31
18123-2022,18123,2022,29,train,29,31
18125-2020,18125,2020,29,train,29,31
18125-2022,18125,2022,29,train,29,31
18127-2019,18127,2019,29,train,29,31
18127-2020,18127,2020,29,train,29,31
18127-2021,18127,2021,29,train,29,31
18127-2022,18127,2022,29,train,29,31
18129-2019,18129,2019,29,train,29,31
18129-2020,18129,2020,29,train,29,31
18129-2021,18129,2021,29,train,29,31
18129-2022,18129,2022,29,train,29,31
18131-2019,18131,2019,29,train,29,31
18131-2020,18131,2020,29,train,29,31
18131-2022,18131,2022,29,train,29,31
18133-2019,18133,2019,29,train,29,31
18133-2020,18133,2020,29,train,29,31
18133-2021,18133,2021,29,train,29,31
18133-2022,18133,2022,29,train,29,31
18135-2019,18135,2019,29,train,29,31
18135-2020,18135,2020,29,train,29,31
18135-2022,18135,2022,29,train,29,31
18137-2020,18137,2020,29,train,29,31
18137-2022,18137,2022,29,train,29,31
18139-2022,18139,2022,29,train,29,31
18141-2019,18141,2019,29,train,29,31
18141-2020,18141,2020,29,train,29,31
18141-2021,18141,2021,29,train,29,31
18141-2022,18141,2022,29,train,29,31
18143-2022,18143,2022,29,train,29,31
18145-2020,18145,2020,29,train,29,31
18145-2022,18145,2022,29,train,29,31
18147-2020,18147,2020,29,train,29,31
18149-2019,18149,2019,29,train,29,31
18149-2020,18149,2020,29,train,29,31
18149-2022,18149,2022,29,train,29,31
18151-2020,18151,2020,29,train,29,31
18151-2022,18151,2022,29,train,29,31
18153-2019,18153,2019,29,train,29,31
18153-2020,18153,2020,29,train,29,31
18153-2022,18153,2022,29,train,29,31
18155-2019,18155,2019,29,train,29,31
18155-2020,18155,2020,29,train,29,31
18157-2019,18157,2019,29,train,29,31
18157-2020,18157,2020,29,train,29,31
18157-2021,18157,2021,29,train,29,31
18157-2022,18157,2022,29,train,29,31
18159-2022,18159,2022,29,train,29,31
18161-2019,18161,2019,29,train,29,31
18161-2020,18161,2020,29,train,29,31
18161-2021,18161,2021,29,train,29,31
18161-2022,18161,2022,29,train,29,31
18163-2019,18163,2019,29,train,29,31
18163-2020,18163,2020,29,train,29,31
18163-2021,18163,2021,29,train,29,31
18163-2022,18163,2022,29,train,29,31
18165-2019,18165,2019,29,train,29,31
18165-2020,18165,2020,29,train,29,31
18165-2021,18165,2021,29,train,29,31
18165-2022,18165,2022,29,train,29,31
18167-2019,18167,2019,29,train,29,31
18167-2020,18167,2020,29,train,29,31
18167-2022,18167,2022,29,train,29,31
18169-2022,18169,2022,29,train,29,31
18171-2019,18171,2019,29,train,29,31
18171-2020,18171,2020,29,train,29,31
18171-2021,18171,2021,29,train,29,31
18173-2019,18173,2019,29,train,29,31
18173-2020,18173,2020,29,train,29,31
18173-2022,18173,2022,29,train,29,31
18177-2019,18177,2019,29,train,29,31
18177-2020,18177,2020,29,train,29,31
18177-2021,18177,2021,29,train,29,31
18177-2022,18177,2022,29,train,29,31
18179-2022,18179,2022,29,train,29,31
18181-2019,18181,2019,29,train,29,31
18181-2020,18181,2020,29,train,29,31
18181-2022,18181,2022,29,train,29,31
18183-2022,18183,2022,29,train,29,31
19001-2019,19001,2019,29,train,29,31
19001-2020,19001,2020,29,train,29,31
19001-2022,19001,2022,29,train,29,31
19003-2020,19003,2020,29,train,29,31
19005-2019,19005,2019,29,train,29,31
19005-2020,19005,2020,29,train,29,31
19005-2021,19005,2021,29,train,29,31
19005-2022,19005,2022,29,train,29,31
19007-2020,19007,2020,29,train,29,31
19007-2021,19007,2021,29,train,29,31
19007-2022,19007,2022,29,train,29,31
19009-2019,19009,2019,29,train,29,31
19009-2020,19009,2020,29,train,29,31
19009-2021,19009,2021,29,train,29,31
19009-2022,19009,2022,29,train,29,31
19011-2019,19011,2019,29,train,29,31
19011-2020,19011,2020,29,train,29,31
19011-2021,19011,2021,29,train,29,31
19011-2022,19011,2022,29,train,29,31
19013-2020,19013,2020,29,train,29,31
19013-2022,19013,2022,29,train,29,31
19015-2019,19015,2019,29,train,29,31
19015-2020,19015,2020,29,train,29,31
19015-2021,19015,2021,29,train,29,31
19015-2022,19015,2022,29,train,29,31
19017-2022,19017,2022,29,train,29,31
19019-2019,19019,2019,29,train,29,31
19019-2020,19019,2020,29,train,29,31
19019-2021,19019,2021,29,train,29,31
19019-2022,19019,2022,29,train,29,31
19021-2019,19021,2019,29,train,29,31
19021-2020,19021,2020,29,train,29,31
19021-2022,19021,2022,29,train,29,31
19023-2021,19023,2021,29,train,29,31
19023-2022,19023,2022,29,train,29,31
19025-2019,19025,2019,29,train,29,31
19025-2020,19025,2020,29,train,29,31
19025-2021,19025,2021,29,train,29,31
19025-2022,19025,2022,29,train,29,31
19027-2020,19027,2020,29,train,29,31
19027-2022,19027,2022,29,train,29,31
19029-2019,19029,2019,29,train,29,31
19029-2020,19029,2020,29,train,29,31
19029-2021,19029,2021,29,train,29,31
19029-2022,19029,2022,29,train,29,31
19031-2020,19031,2020,29,train,29,31
19031-2022,19031,2022,29,train,29,31
19033-2019,19033,2019,29,train,29,31
19033-2020,19033,2020,29,train,29,31
19033-2021,19033,2021,29,train,29,31
19033-2022,19033,2022,29,train,29,31
19035-2019,19035,2019,29,train,29,31
19035-2020,19035,2020,29,train,29,31
19035-2022,19035,2022,29,train,29,31
19037-2022,19037,2022,29,train,29,31
19039-2020,19039,2020,29,train,29,31
19041-2019,19041,2019,29,train,29,31
19041-2020,19041,2020,29,train,29,31
19041-2022,19041,2022,29,train,29,31
19043-2020,19043,2020,29,train,29,31
19043-2021,19043,2021,29,train,29,31
19043-2022,19043,2022,29,train,29,31
19045-2020,19045,2020,29,train,29,31
19045-2022,19045,2022,29,train,29,31
19047-2019,19047,2019,29,train,29,31
19047-2020,19047,2020,29,train,29,31
19047-2022,19047,2022,29,train,29,31
19049-2019,19049,2019,29,train,29,31
19049-2020,19049,2020,29,train,29,31
19049-2021,19049,2021,29,train,29,31
19049-2022,19049,2022,29,train,29,31
19051-2019,19051,2019,29,train,29,31
19051-2020,19051,2020,29,train,29,31
19051-2021,19051,2021,29,train,29,31
19051-2022,19051,2022,29,train,29,31
19053-2020,19053,2020,29,train,29,31
19053-2022,19053,2022,29,train,29,31
19055-2020,19055,2020,29,train,29,31
19055-2021,19055,2021,29,train,29,31
19055-2022,19055,2022,29,train,29,31
19057-2019,19057,2019,29,train,29,31
19057-2020,19057,2020,29,train,29,31
19057-2022,19057,2022,29,train,29,31
19059-2019,19059,2019,29,train,29,31
19059-2020,19059,2020,29,train,29,31
19059-2021,19059,2021,29,train,29,31
19059-2022,19059,2022,29,train,29,31
19061-2020,19061,2020,29,train,29,31
19061-2021,19061,2021,29,train,29,31
19061-2022,19061,2022,29,train,29,31
19063-2022,19063,2022,29,train,29,31
19065-2020,19065,2020,29,train,29,31
19065-2021,19065,2021,29,train,29,31
19065-2022,19065,2022,29,train,29,31
19067-2019,19067,2019,29,train,29,31
19067-2020,19067,2020,29,train,29,31
19067-2021,19067,2021,29,train,29,31
19067-2022,19067,2022,29,train,29,31
19069-2019,19069,2019,29,train,29,31
19069-2020,19069,2020,29,train,29,31
19069-2021,19069,2021,29,train,29,31
19069-2022,19069,2022,29,train,29,31
19071-2020,19071,2020,29,train,29,31
19071-2022,19071,2022,29,train,29,31
19073-2019,19073,2019,29,train,29,31
19073-2020,19073,2020,29,train,29,31
19073-2021,19073,2021,29,train,29,31
19073-2022,19073,2022,29,train,29,31
19075-2020,19075,2020,29,train,29,31
19075-2021,19075,2021,29,train,29,31
19075-2022,19075,2022,29,train,29,31
19077-2019,19077,2019,29,train,29,31
19077-2020,19077,2020,29,train,29,31
19077-2021,19077,2021,29,train,29,31
19077-2022,19077,2022,29,train,29,31
19079-2019,19079,2019,29,train,29,31
19079-2020,19079,2020,29,train,29,31
19079-2022,19079,2022,29,train,29,31
19081-2019,19081,2019,29,train,29,31
19081-2020,19081,2020,29,train,29,31
19081-2021,19081,2021,29,train,29,31
19081-2022,19081,2022,29,train,29,31
19083-2019,19083,2019,29,train,29,31
19083-2020,19083,2020,29,train,29,31
19083-2021,19083,2021,29,train,29,31
19083-2022,19083,2022,29,train,29,31
19085-2020,19085,2020,29,train,29,31
19085-2022,19085,2022,29,train,29,31
19087-2019,19087,2019,29,train,29,31
19087-2020,19087,2020,29,train,29,31
19087-2021,19087,2021,29,train,29,31
19087-2022,19087,2022,29,train,29,31
19089-2020,19089,2020,29,train,29,31
19089-2022,19089,2022,29,train,29,31
19091-2019,19091,2019,29,train,29,31
19091-2020,19091,2020,29,train,29,31
19091-2021,19091,2021,29,train,29,31
19091-2022,19091,2022,29,train,29,31
19093-2020,19093,2020,29,train,29,31
19093-2021,19093,2021,29,train,29,31
19093-2022,19093,2022,29,train,29,31
19095-2019,19095,2019,29,train,29,31
19095-2020,19095,2020,29,train,29,31
19095-2022,19095,2022,29,train,29,31
19097-2020,19097,2020,29,train,29,31
19097-2021,19097,2021,29,train,29,31
19097-2022,19097,2022,29,train,29,31
19099-2021,19099,2021,29,train,29,31
19099-2022,19099,2022,29,train,29,31
19101-2019,19101,2019,29,train,29,31
19101-2020,19101,2020,29,train,29,31
19101-2021,19101,2021,29,train,29,31
19101-2022,19101,2022,29,train,29,31
19103-2019,19103,2019,29,train,29,31
19103-2020,19103,2020,29,train,29,31
19103-2022,19103,2022,29,train,29,31
19105-2020,19105,2020,29,train,29,31
19105-2022,19105,2022,29,train,29,31
19107-2019,19107,2019,29,train,29,31
19107-2020,19107,2020,29,train,29,31
19107-2021,19107,2021,29,train,29,31
19107-2022,19107,2022,29,train,29,31
19109-2019,19109,2019,29,train,29,31
19109-2020,19109,2020,29,train,29,31
19109-2021,19109,2021,29,train,29,31
19109-2022,19109,2022,29,train,29,31
19111-2019,19111,2019,29,train,29,31
19111-2020,19111,2020,29,train,29,31
19111-2021,19111,2021,29,train,29,31
19111-2022,19111,2022,29,train,29,31
19113-2019,19113,2019,29,train,29,31
19113-2020,19113,2020,29,train,29,31
19113-2022,19113,2022,29,train,29,31
19115-2019,19115,2019,29,train,29,31
19115-2020,19115,2020,29,train,29,31
19115-2022,19115,2022,29,train,29,31
19117-2021,19117,2021,29,train,29,31
19117-2022,19117,2022,29,train,29,31
19119-2019,19119,2019,29,train,29,31
19119-2020,19119,2020,29,train,29,31
19119-2021,19119,2021,29,train,29,31
19119-2022,19119,2022,29,train,29,31
19121-2019,19121,2019,29,train,29,31
19121-2020,19121,2020,29,train,29,31
19121-2021,19121,2021,29,train,29,31
19121-2022,19121,2022,29,train,29,31
19123-2021,19123,2021,29,train,29,31
19123-2022,19123,2022,29,train,29,31
19125-2021,19125,2021,29,train,29,31
19125-2022,19125,2022,29,train,29,31
19127-2021,19127,2021,29,train,29,31
19127-2022,19127,2022,29,train,29,31
19129-2020,19129,2020,29,train,29,31
19129-2022,19129,2022,29,train,29,31
19131-2019,19131,2019,29,train,29,31
19131-2020,19131,2020,29,train,29,31
19131-2021,19131,2021,29,train,29,31
19131-2022,19131,2022,29,train,29,31
19133-2019,19133,2019,29,train,29,31
19133-2022,19133,2022,29,train,29,31
19135-2021,19135,2021,29,train,29,31
19135-2022,19135,2022,29,train,29,31
19137-2020,19137,2020,29,train,29,31
19137-2022,19137,2022,29,train,29,31
19139-2020,19139,2020,29,train,29,31
19139-2022,19139,2022,29,train,29,31
19143-2019,19143,2019,29,train,29,31
19143-2020,19143,2020,29,train,29,31
19143-2021,19143,2021,29,train,29,31
19143-2022,19143,2022,29,train,29,31
19145-2019,19145,2019,29,train,29,31
19145-2020,19145,2020,29,train,29,31
19145-2021,19145,2021,29,train,29,31
19145-2022,19145,2022,29,train,29,31
19147-2019,19147,2019,29,train,29,31
19147-2022,19147,2022,29,train,29,31
19149-2019,19149,2019,29,train,29,31
19149-2021,19149,2021,29,train,29,31
19149-2022,19149,2022,29,train,29,31
19151-2022,19151,2022,29,train,29,31
19153-2019,19153,2019,29,train,29,31
19153-2020,19153,2020,29,train,29,31
19153-2021,19153,2021,29,train,29,31
19153-2022,19153,2022,29,train,29,31
19155-2020,19155,2020,29,train,29,31
19155-2022,19155,2022,29,train,29,31
19157-2021,19157,2021,29,train,29,31
19157-2022,19157,2022,29,train,29,31
19159-2020,19159,2020,29,train,29,31
19159-2021,19159,2021,29,train,29,31
19159-2022,19159,2022,29,train,29,31
19161-2019,19161,2019,29,train,29,31
19161-2020,19161,2020,29,train,29,31
19161-2022,19161,2022,29,train,29,31
19163-2020,19163,2020,29,train,29,31
19163-2022,19163,2022,29,train,29,31
19165-2019,19165,2019,29,train,29,31
19165-2020,19165,2020,29,train,29,31
19165-2022,19165,2022,29,train,29,31
19167-2019,19167,2019,29,train,29,31
19167-2020,19167,2020,29,train,29,31
19167-2021,19167,2021,29,train,29,31
19167-2022,19167,2022,29,train,29,31
19169-2019,19169,2019,29,train,29,31
19169-2020,19169,2020,29,train,29,31
19169-2021,19169,2021,29,train,29,31
19169-2022,19169,2022,29,train,29,31
19171-2022,19171,2022,29,train,29,31
19173-2020,19173,2020,29,train,29,31
19173-2021,19173,2021,29,train,29,31
19173-2022,19173,2022,29,train,29,31
19175-2020,19175,2020,29,train,29,31
19175-2021,19175,2021,29,train,29,31
19175-2022,19175,2022,29,train,29,31
19177-2019,19177,2019,29,train,29,31
19177-2020,19177,2020,29,train,29,31
19177-2021,19177,2021,29,train,29,31
19177-2022,19177,2022,29,train,29,31
19179-2019,19179,2019,29,train,29,31
19179-2020,19179,2020,29,train,29,31
19179-2021,19179,2021,29,train,29,31
19179-2022,19179,2022,29,train,29,31
19181-2020,19181,2020,29,train,29,31
19181-2022,19181,2022,29,train,29,31
19183-2019,19183,2019,29,train,29,31
19183-2020,19183,2020,29,train,29,31
19183-2022,19183,2022,29,train,29,31
19185-2021,19185,2021,29,train,29,31
19187-2019,19187,2019,29,train,29,31
19187-2020,19187,2020,29,train,29,31
19187-2021,19187,2021,29,train,29,31
19187-2022,19187,2022,29,train,29,31
19189-2019,19189,2019,29,train,29,31
19189-2020,19189,2020,29,train,29,31
19189-2021,19189,2021,29,train,29,31
19189-2022,19189,2022,29,train,29,31
19191-2019,19191,2019,29,train,29,31
19191-2020,19191,2020,29,train,29,31
19191-2021,19191,2021,29,train,29,31
19191-2022,19191,2022,29,train,29,31
19193-2019,19193,2019,29,train,29,31
19193-2020,19193,2020,29,train,29,31
19193-2021,19193,2021,29,train,29,31
19193-2022,19193,2022,29,train,29,31
19195-2019,19195,2019,29,train,29,31
19195-2020,19195,2020,29,train,29,31
19195-2021,19195,2021,29,train,29,31
19195-2022,19195,2022,29,train,29,31
19197-2019,19197,2019,29,train,29,31
19197-2020,19197,2020,29,train,29,31
19197-2021,19197,2021,29,train,29,31
19197-2022,19197,2022,29,train,29,31
20001-2020,20001,2020,29,train,29,31
20001-2021,20001,2021,29,train,29,31
20003-2019,20003,2019,29,train,29,31
20003-2020,20003,2020,29,train,29,31
20003-2021,20003,2021,29,train,29,31
20005-2020,20005,2020,29,train,29,31
20005-2021,20005,2021,29,train,29,31
20005-2022,20005,2022,29,train,29,31
20009-2020,20009,2020,29,train,29,31
20011-2020,20011,2020,29,train,29,31
20011-2021,20011,2021,29,train,29,31
20013-2019,20013,2019,29,train,29,31
20013-2020,20013,2020,29,train,29,31
20013-2022,20013,2022,29,train,29,31
20015-2020,20015,2020,29,train,29,31
20015-2021,20015,2021,29,train,29,31
20017-2020,20017,2020,29,train,29,31
20017-2021,20017,2021,29,train,29,31
20021-2019,20021,2019,29,train,29,31
20023-2020,20023,2020,29,train,29,31
20023-2021,20023,2021,29,train,29,31
20027-2019,20027,2019,29,train,29,31
20027-2020,20027,2020,29,train,29,31
20027-2022,20027,2022,29,train,29,31
20029-2020,20029,2020,29,train,29,31
20029-2021,20029,2021,29,train,29,31
20029-2022,20029,2022,29,train,29,31
20031-2019,20031,2019,29,train,29,31
20031-2020,20031,2020,29,train,29,31
20035-2019,20035,2019,29,train,29,31
20035-2020,20035,2020,29,train,29,31
20035-2021,20035,2021,29,train,29,31
20037-2020,20037,2020,29,train,29,31
20037-2021,20037,2021,29,train,29,31
20039-2020,20039,2020,29,train,29,31
20041-2020,20041,2020,29,train,29,31
20041-2021,20041,2021,29,train,29,31
20043-2020,20043,2020,29,train,29,31
20043-2021,20043,2021,29,train,29,31
20043-2022,20043,2022,29,train,29,31
20045-2019,20045,2019,29,train,29,31
20045-2020,20045,2020,29,train,29,31
20045-2021,20045,2021,29,train,29,31
20047-2019,20047,2019,29,train,29,31
20047-2020,20047,2020,29,train,29,31
20049-2019,20049,2019,29,train,29,31
20053-2019,20053,2019,29,train,29,31
20053-2020,20053,2020,29,train,29,31
20053-2021,20053,2021,29,train,29,31
20055-2019,20055,2019,29,train,29,31
20055-2020,20055,2020,29,train,29,31
20057-2019,20057,2019,29,train,29,31
20057-2020,20057,2020,29,train,29,31
20057-2021,20057,2021,29,train,29,31
20059-2019,20059,2019,29,train,29,31
20059-2020,20059,2020,29,train,29,31
20061-2020,20061,2020,29,train,29,31
20063-2020,20063,2020,29,train,29,31
20063-2021,20063,2021,29,train,29,31
20065-2020,20065,2020,29,train,29,31
20065-2021,20065,2021,29,train,29,31
20067-2019,20067,2019,29,train,29,31
20067-2020,20067,2020,29,train,29,31
20067-2021,20067,2021,29,train,29,31
20069-2020,20069,2020,29,train,29,31
20069-2021,20069,2021,29,train,29,31
20071-2019,20071,2019,29,train,29,31
20071-2020,20071,2020,29,train,29,31
20071-2021,20071,2021,29,train,29,31
20075-2019,20075,2019,29,train,29,31
20079-2019,20079,2019,29,train,29,31
20079-2020,20079,2020,29,train,29,31
20079-2021,20079,2021,29,train,29,31
20081-2019,20081,2019,29,train,29,31
20081-2020,20081,2020,29,train,29,31
20081-2021,20081,2021,29,train,29,31
20083-2020,20083,2020,29,train,29,31
20085-2019,20085,2019,29,train,29,31
20085-2020,20085,2020,29,train,29,31
20087-2019,20087,2019,29,train,29,31
20087-2020,20087,2020,29,train,29,31
20087-2021,20087,2021,29,train,29,31
20089-2020,20089,2020,29,train,29,31
20095-2019,20095,2019,29,train,29,31
20095-2020,20095,2020,29,train,29,31
20095-2021,20095,2021,29,train,29,31
20097-2020,20097,2020,29,train,29,31
20099-2020,20099,2020,29,train,29,31
20099-2021,20099,2021,29,train,29,31
20101-2020,20101,2020,29,train,29,31
20101-2021,20101,2021,29,train,29,31
20103-2019,20103,2019,29,train,29,31
20103-2020,20103,2020,29,train,29,31
20103-2021,20103,2021,29,train,29,31
20105-2019,20105,2019,29,train,29,31
20107-2020,20107,2020,29,train,29,31
20109-2020,20109,2020,29,train,29,31
20109-2021,20109,2021,29,train,29,31
20111-2019,20111,2019,29,train,29,31
20115-2019,20115,2019,29,train,29,31
20115-2020,20115,2020,29,train,29,31
20115-2021,20115,2021,29,train,29,31
20117-2019,20117,2019,29,train,29,31
20117-2022,20117,2022,29,train,29,31
20119-2020,20119,2020,29,train,29,31
20119-2021,20119,2021,29,train,29,31
20121-2019,20121,2019,29,train,29,31
20121-2020,20121,2020,29,train,29,31
20123-2019,20123,2019,29,train,29,31
20123-2020,20123,2020,29,train,29,31
20123-2021,20123,2021,29,train,29,31
20125-2019,20125,2019,29,train,29,31
20125-2020,20125,2020,29,train,29,31
20127-2019,20127,2019,29,train,29,31
20127-2020,20127,2020,29,train,29,31
20127-2021,20127,2021,29,train,29,31
20129-2019,20129,2019,29,train,29,31
20129-2020,20129,2020,29,train,29,31
20129-2021,20129,2021,29,train,29,31
20131-2020,20131,2020,29,train,29,31
20133-2019,20133,2019,29,train,29,31
20133-2020,20133,2020,29,train,29,31
20133-2021,20133,2021,29,train,29,31
20135-2019,20135,2019,29,train,29,31
20135-2020,20135,2020,29,train,29,31
20135-2021,20135,2021,29,train,29,31
20137-2020,20137,2020,29,train,29,31
20137-2021,20137,2021,29,train,29,31
20137-2022,20137,2022,29,train,29,31
20139-2019,20139,2019,29,train,29,31
20139-2020,20139,2020,29,train,29,31
20141-2020,20141,2020,29,train,29,31
20143-2020,20143,2020,29,train,29,31
20145-2020,20145,2020,29,train,29,31
20147-2020,20147,2020,29,train,29,31
20147-2021,20147,2021,29,train,29,31
20147-2022,20147,2022,29,train,29,31
20149-2019,20149,2019,29,train,29,31
20151-2020,20151,2020,29,train,29,31
20153-2019,20153,2019,29,train,29,31
20153-2020,20153,2020,29,train,29,31
20153-2021,20153,2021,29,train,29,31
20155-2019,20155,2019,29,train,29,31
20155-2020,20155,2020,29,train,29,31
20155-2021,20155,2021,29,train,29,31
20157-2020,20157,2020,29,train,29,31
20157-2021,20157,2021,29,train,29,31
20157-2022,20157,2022,29,train,29,31
20159-2020,20159,2020,29,train,29,31
20161-2019,20161,2019,29,train,29,31
20161-2020,20161,2020,29,train,29,31
20161-2022,20161,2022,29,train,29,31
20163-2019,20163,2019,29,train,29,31
20163-2020,20163,2020,29,train,29,31
20169-2020,20169,2020,29,train,29,31
20169-2021,20169,2021,29,train,29,31
20171-2019,20171,2019,29,train,29,31
20171-2020,20171,2020,29,train,29,31
20173-2019,20173,2019,29,train,29,31
20173-2020,20173,2020,29,train,29,31
20175-2020,20175,2020,29,train,29,31
20175-2021,20175,2021,29,train,29,31
20177-2019,20177,2019,29,train,29,31
20177-2020,20177,2020,29,train,29,31
20177-2021,20177,2021,29,train,29,31
20179-2021,20179,2021,29,train,29,31
20181-2019,20181,2019,29,train,29,31
20181-2020,20181,2020,29,train,29,31
20181-2021,20181,2021,29,train,29,31
20183-2020,20183,2020,29,train,29,31
20183-2021,20183,2021,29,train,29,31
20183-2022,20183,2022,29,train,29,31
20185-2020,20185,2020,29,train,29,31
20187-2019,20187,2019,29,train,29,31
20187-2020,20187,2020,29,train,29,31
20189-2020,20189,2020,29,train,29,31
20189-2021,20189,2021,29,train,29,31
20191-2019,20191,2019,29,train,29,31
20191-2020,20191,2020,29,train,29,31
20191-2021,20191,2021,29,train,29,31
20193-2020,20193,2020,29,train,29,31
20195-2020,20195,2020,29,train,29,31
20195-2021,20195,2021,29,train,29,31
20197-2019,20197,2019,29,train,29,31
20201-2020,20201,2020,29,train,29,31
20201-2022,20201,2022,29,train,29,31
20203-2019,20203,2019,29,train,29,31
20203-2020,20203,2020,29,train,29,31
20203-2021,20203,2021,29,train,29,31
20205-2019,20205,2019,29,train,29,31
20205-2020,20205,2020,29,train,29,31
20207-2020,20207,2020,29,train,29,31
21001-2019,21001,2019,29,train,29,31
21001-2020,21001,2020,29,train,29,31
21007-2020,21007,2020,29,train,29,31
21007-2021,21007,2021,29,train,29,31
21009-2020,21009,2020,29,train,29,31
21031-2020,21031,2020,29,train,29,31
21033-2019,21033,2019,29,train,29,31
21033-2020,21033,2020,29,train,29,31
21033-2021,21033,2021,29,train,29,31
21035-2020,21035,2020,29,train,29,31
21035-2021,21035,2021,29,train,29,31
21039-2020,21039,2020,29,train,29,31
21039-2021,21039,2021,29,train,29,31
21047-2019,21047,2019,29,train,29,31
21047-2020,21047,2020,29,train,29,31
21047-2021,21047,2021,29,train,29,31
21055-2020,21055,2020,29,train,29,31
21055-2021,21055,2021,29,train,29,31
21059-2020,21059,2020,29,train,29,31
21059-2022,21059,2022,29,train,29,31
21075-2019,21075,2019,29,train,29,31
21075-2020,21075,2020,29,train,29,31
21075-2021,21075,2021,29,train,29,31
21083-2020,21083,2020,29,train,29,31
21091-2020,21091,2020,29,train,29,31
21093-2019,21093,2019,29,train,29,31
21093-2020,21093,2020,29,train,29,31
21099-2020,21099,2020,29,train,29,31
21101-2019,21101,2019,29,train,29,31
21101-2020,21101,2020,29,train,29,31
21101-2022,21101,2022,29,train,29,31
21103-2020,21103,2020,29,train,29,31
21105-2019,21105,2019,29,train,29,31
21105-2020,21105,2020,29,train,29,31
21105-2021,21105,2021,29,train,29,31
21107-2020,21107,2020,29,train,29,31
21123-2020,21123,2020,29,train,29,31
21139-2019,21139,2019,29,train,29,31
21139-2020,21139,2020,29,train,29,31
21139-2021,21139,2021,29,train,29,31
21141-2020,21141,2020,29,train,29,31
21143-2019,21143,2019,29,train,29,31
21157-2019,21157,2019,29,train,29,31
21157-2020,21157,2020,29,train,29,31
21157-2021,21157,2021,29,train,29,31
21167-2021,21167,2021,29,train,29,31
21169-2020,21169,2020,29,train,29,31
21177-2020,21177,2020,29,train,29,31
21183-2020,21183,2020,29,train,29,31
21211-2020,21211,2020,29,train,29,31
21213-2020,21213,2020,29,train,29,31
21215-2020,21215,2020,29,train,29,31
21219-2020,21219,2020,29,train,29,31
21221-2019,21221,2019,29,train,29,31
21221-2020,21221,2020,29,train,29,31
21221-2021,21221,2021,29,train,29,31
21223-2020,21223,2020,29,train,29,31
21225-2019,21225,2019,29,train,29,31
21225-2020,21225,2020,29,train,29,31
21225-2021,21225,2021,29,train,29,31
21225-2022,21225,2022,29,train,29,31
21227-2020,21227,2020,29,train,29,31
21229-2020,21229,2020,29,train,29,31
21233-2019,21233,2019,29,train,29,31
21233-2020,21233,2020,29,train,29,31
21233-2021,21233,2021,29,train,29,31
26005-2019,26005,2019,29,train,29,31
26005-2020,26005,2020,29,train,29,31
26007-2019,26007,2019,29,train,29,31
26007-2021,26007,2021,29,train,29,31
26011-2019,26011,2019,29,train,29,31
26011-2020,26011,2020,29,train,29,31
26015-2020,26015,2020,29,train,29,31
26021-2020,26021,2020,29,train,29,31
26021-2022,26021,2022,29,train,29,31
26023-2020,26023,2020,29,train,29,31
26023-2022,26023,2022,29,train,29,31
26025-2020,26025,2020,29,train,29,31
26027-2019,26027,2019,29,train,29,31
26027-2020,26027,2020,29,train,29,31
26027-2022,26027,2022,29,train,29,31
26037-2020,26037,2020,29,train,29,31
26045-2020,26045,2020,29,train,29,31
26049-2019,26049,2019,29,train,29,31
26049-2020,26049,2020,29,train,29,31
26051-2020,26051,2020,29,train,29,31
26059-2019,26059,2019,29,train,29,31
26059-2020,26059,2020,29,train,29,31
26059-2022,26059,2022,29,train,29,31
26063-2020,26063,2020,29,train,29,31
26065-2019,26065,2019,29,train,29,31
26065-2020,26065,2020,29,train,29,31
26067-2020,26067,2020,29,train,29,31
26069-2019,26069,2019,29,train,29,31
26069-2020,26069,2020,29,train,29,31
26069-2021,26069,2021,29,train,29,31
26075-2019,26075,2019,29,train,29,31
26075-2020,26075,2020,29,train,29,31
26077-2019,26077,2019,29,train,29,31
26077-2020,26077,2020,29,train,29,31
26081-2019,26081,2019,29,train,29,31
26081-2020,26081,2020,29,train,29,31
26087-2019,26087,2019,29,train,29,31
26087-2020,26087,2020,29,train,29,31
26091-2019,26091,2019,29,train,29,31
26091-2020,26091,2020,29,train,29,31
26099-2020,26099,2020,29,train,29,31
26105-2019,26105,2019,29,train,29,31
26105-2020,26105,2020,29,train,29,31
26107-2020,26107,2020,29,train,29,31
26109-2019,26109,2019,29,train,29,31
26109-2020,26109,2020,29,train,29,31
26115-2019,26115,2019,29,train,29,31
26115-2020,26115,2020,29,train,29,31
26117-2020,26117,2020,29,train,29,31
26121-2020,26121,2020,29,train,29,31
26123-2019,26123,2019,29,train,29,31
26123-2020,26123,2020,29,train,29,31
26127-2019,26127,2019,29,train,29,31
26127-2020,26127,2020,29,train,29,31
26129-2020,26129,2020,29,train,29,31
26139-2020,26139,2020,29,train,29,31
26141-2019,26141,2019,29,train,29,31
26141-2021,26141,2021,29,train,29,31
26151-2019,26151,2019,29,train,29,31
26151-2020,26151,2020,29,train,29,31
26157-2019,26157,2019,29,train,29,31
26157-2020,26157,2020,29,train,29,31
26159-2020,26159,2020,29,train,29,31
26161-2019,26161,2019,29,train,29,31
26161-2020,26161,2020,29,train,29,31
26165-2020,26165,2020,29,train,29,31
27001-2020,27001,2020,29,train,29,31
27005-2019,27005,2019,29,train,29,31
27005-2020,27005,2020,29,train,29,31
27005-2021,27005,2021,29,train,29,31
27007-2020,27007,2020,29,train,29,31
27007-2021,27007,2021,29,train,29,31
27011-2020,27011,2020,29,train,29,31
27011-2021,27011,2021,29,train,29,31
27013-2019,27013,2019,29,train,29,31
27013-2020,27013,2020,29,train,29,31
27013-2021,27013,2021,29,train,29,31
27015-2019,27015,2019,29,train,29,31
27015-2020,27015,2020,29,train,29,31
27015-2021,27015,2021,29,train,29,31
27019-2020,27019,2020,29,train,29,31
27023-2019,27023,2019,29,train,29,31
27023-2021,27023,2021,29,train,29,31
27025-2019,27025,2019,29,train,29,31
27025-2020,27025,2020,29,train,29,31
27027-2021,27027,2021,29,train,29,31
27029-2019,27029,2019,29,train,29,31
27029-2020,27029,2020,29,train,29,31
27029-2021,27029,2021,29,train,29,31
27033-2019,27033,2019,29,train,29,31
27033-2020,27033,2020,29,train,29,31
27033-2021,27033,2021,29,train,29,31
27035-2020,27035,2020,29,train,29,31
27035-2021,27035,2021,29,train,29,31
27037-2020,27037,2020,29,train,29,31
27039-2020,27039,2020,29,train,29,31
27041-2020,27041,2020,29,train,29,31
27041-2021,27041,2021,29,train,29,31
27043-2020,27043,2020,29,train,29,31
27043-2021,27043,2021,29,train,29,31
27043-2022,27043,2022,29,train,29,31
27045-2020,27045,2020,29,train,29,31
27045-2022,27045,2022,29,train,29,31
27047-2020,27047,2020,29,train,29,31
27047-2021,27047,2021,29,train,29,31
27047-2022,27047,2022,29,train,29,31
27049-2020,27049,2020,29,train,29,31
27049-2021,27049,2021,29,train,29,31
27051-2019,27051,2019,29,train,29,31
27051-2020,27051,2020,29,train,29,31
27051-2021,27051,2021,29,train,29,31
27053-2019,27053,2019,29,train,29,31
27053-2020,27053,2020,29,train,29,31
27055-2019,27055,2019,29,train,29,31
27055-2020,27055,2020,29,train,29,31
27055-2021,27055,2021,29,train,29,31
27055-2022,27055,2022,29,train,29,31
27057-2020,27057,2020,29,train,29,31
27057-2021,27057,2021,29,train,29,31
27059-2019,27059,2019,29,train,29,31
27059-2020,27059,2020,29,train,29,31
27063-2019,27063,2019,29,train,29,31
27063-2020,27063,2020,29,train,29,31
27063-2021,27063,2021,29,train,29,31
27063-2022,27063,2022,29,train,29,31
27067-2020,27067,2020,29,train,29,31
27069-2019,27069,2019,29,train,29,31
27069-2020,27069,2020,29,train,29,31
27079-2020,27079,2020,29,train,29,31
27079-2021,27079,2021,29,train,29,31
27081-2019,27081,2019,29,train,29,31
27081-2020,27081,2020,29,train,29,31
27081-2021,27081,2021,29,train,29,31
27083-2019,27083,2019,29,train,29,31
27083-2020,27083,2020,29,train,29,31
27083-2021,27083,2021,29,train,29,31
27087-2020,27087,2020,29,train,29,31
27087-2021,27087,2021,29,train,29,31
27089-2019,27089,2019,29,train,29,31
27089-2020,27089,2020,29,train,29,31
27089-2021,27089,2021,29,train,29,31
27091-2022,27091,2022,29,train,29,31
27093-2019,27093,2019,29,train,29,31
27093-2020,27093,2020,29,train,29,31
27093-2021,27093,2021,29,train,29,31
27097-2019,27097,2019,29,train,29,31
27097-2020,27097,2020,29,train,29,31
27097-2021,27097,2021,29,train,29,31
27099-2020,27099,2020,29,train,29,31
27099-2022,27099,2022,29,train,29,31
27101-2019,27101,2019,29,train,29,31
27101-2020,27101,2020,29,train,29,31
27101-2021,27101,2021,29,train,29,31
27103-2019,27103,2019,29,train,29,31
27105-2019,27105,2019,29,train,29,31
27105-2020,27105,2020,29,train,29,31
27105-2021,27105,2021,29,train,29,31
27105-2022,27105,2022,29,train,29,31
27107-2020,27107,2020,29,train,29,31
27109-2020,27109,2020,29,train,29,31
27111-2019,27111,2019,29,train,29,31
27111-2020,27111,2020,29,train,29,31
27111-2021,27111,2021,29,train,29,31
27115-2019,27115,2019,29,train,29,31
27115-2020,27115,2020,29,train,29,31
27117-2021,27117,2021,29,train,29,31
27119-2020,27119,2020,29,train,29,31
27119-2021,27119,2021,29,train,29,31
27121-2019,27121,2019,29,train,29,31
27121-2020,27121,2020,29,train,29,31
27121-2021,27121,2021,29,train,29,31
27125-2020,27125,2020,29,train,29,31
27125-2021,27125,2021,29,train,29,31
27127-2019,27127,2019,29,train,29,31
27127-2020,27127,2020,29,train,29,31
27127-2021,27127,2021,29,train,29,31
27129-2019,27129,2019,29,train,29,31
27129-2020,27129,2020,29,train,29,31
27129-2021,27129,2021,29,train,29,31
27131-2020,27131,2020,29,train,29,31
27131-2021,27131,2021,29,train,29,31
27133-2019,27133,2019,29,train,29,31
27133-2020,27133,2020,29,train,29,31
27133-2021,27133,2021,29,train,29,31
27133-2022,27133,2022,29,train,29,31
27135-2019,27135,2019,29,train,29,31
27135-2020,27135,2020,29,train,29,31
27135-2021,27135,2021,29,train,29,31
27139-2020,27139,2020,29,train,29,31
27143-2019,27143,2019,29,train,29,31
27145-2019,27145,2019,29,train,29,31
27145-2020,27145,2020,29,train,29,31
27145-2021,27145,2021,29,train,29,31
27147-2020,27147,2020,29,train,29,31
27147-2021,27147,2021,29,train,29,31
27149-2019,27149,2019,29,train,29,31
27149-2020,27149,2020,29,train,29,31
27149-2021,27149,2021,29,train,29,31
27151-2019,27151,2019,29,train,29,31
27151-2020,27151,2020,29,train,29,31
27153-2019,27153,2019,29,train,29,31
27153-2020,27153,2020,29,train,29,31
27153-2021,27153,2021,29,train,29,31
27155-2020,27155,2020,29,train,29,31
27155-2021,27155,2021,29,train,29,31
27157-2020,27157,2020,29,train,29,31
27159-2019,27159,2019,29,train,29,31
27159-2020,27159,2020,29,train,29,31
27159-2021,27159,2021,29,train,29,31
27161-2020,27161,2020,29,train,29,31
27161-2021,27161,2021,29,train,29,31
27163-2019,27163,2019,29,train,29,31
27163-2020,27163,2020,29,train,29,31
27167-2020,27167,2020,29,train,29,31
27167-2021,27167,2021,29,train,29,31
27169-2019,27169,2019,29,train,29,31
27169-2020,27169,2020,29,train,29,31
27169-2021,27169,2021,29,train,29,31
27173-2019,27173,2019,29,train,29,31
27173-2020,27173,2020,29,train,29,31
29001-2019,29001,2019,29,test,29,31
29001-2020,29001,2020,29,test,29,31
29001-2021,29001,2021,29,test,29,31
29003-2020,29003,2020,29,test,29,31
29005-2020,29005,2020,29,test,29,31
29005-2022,29005,2022,29,test,29,31
29007-2020,29007,2020,29,test,29,31
29011-2019,29011,2019,29,test,29,31
29013-2019,29013,2019,29,test,29,31
29015-2020,29015,2020,29,test,29,31
29017-2019,29017,2019,29,test,29,31
29017-2020,29017,2020,29,test,29,31
29017-2021,29017,2021,29,test,29,31
29019-2020,29019,2020,29,test,29,31
29021-2020,29021,2020,29,test,29,31
29021-2021,29021,2021,29,test,29,31
29021-2022,29021,2022,29,test,29,31
29023-2019,29023,2019,29,test,29,31
29023-2020,29023,2020,29,test,29,31
29023-2021,29023,2021,29,test,29,31
29025-2021,29025,2021,29,test,29,31
29027-2020,29027,2020,29,test,29,31
29031-2020,29031,2020,29,test,29,31
29031-2021,29031,2021,29,test,29,31
29037-2020,29037,2020,29,test,29,31
29037-2021,29037,2021,29,test,29,31
29039-2019,29039,2019,29,test,29,31
29039-2021,29039,2021,29,test,29,31
29041-2020,29041,2020,29,test,29,31
29045-2020,29045,2020,29,test,29,31
29047-2020,29047,2020,29,test,29,31
29047-2021,29047,2021,29,test,29,31
29049-2019,29049,2019,29,test,29,31
29049-2020,29049,2020,29,test,29,31
29049-2021,29049,2021,29,test,29,31
29051-2020,29051,2020,29,test,29,31
29053-2020,29053,2020,29,test,29,31
29053-2021,29053,2021,29,test,29,31
29057-2019,29057,2019,29,test,29,31
29061-2020,29061,2020,29,test,29,31
29061-2021,29061,2021,29,test,29,31
29069-2019,29069,2019,29,test,29,31
29069-2020,29069,2020,29,test,29,31
29069-2021,29069,2021,29,test,29,31
29071-2020,29071,2020,29,test,29,31
29073-2020,29073,2020,29,test,29,31
29075-2020,29075,2020,29,test,29,31
29081-2020,29081,2020,29,test,29,31
29081-2021,29081,2021,29,test,29,31
29083-2021,29083,2021,29,test,29,31
29087-2020,29087,2020,29,test,29,31
29089-2020,29089,2020,29,test,29,31
29089-2021,29089,2021,29,test,29,31
29095-2019,29095,2019,29,test,29,31
29095-2020,29095,2020,29,test,29,31
29101-2021,29101,2021,29,test,29,31
29103-2020,29103,2020,29,test,29,31
29109-2020,29109,2020,29,test,29,31
29109-2021,29109,2021,29,test,29,31
29111-2020,29111,2020,29,test,29,31
29111-2022,29111,2022,29,test,29,31
29113-2020,29113,2020,29,test,29,31
29113-2022,29113,2022,29,test,29,31
29115-2020,29115,2020,29,test,29,31
29115-2021,29115,2021,29,test,29,31
29121-2020,29121,2020,29,test,29,31
29127-2019,29127,2019,29,test,29,31
29127-2020,29127,2020,29,test,29,31
29127-2021,29127,2021,29,test,29,31
29127-2022,29127,2022,29,test,29,31
29133-2019,29133,2019,29,test,29,31
29133-2020,29133,2020,29,test,29,31
29133-2021,29133,2021,29,test,29,31
29135-2020,29135,2020,29,test,29,31
29137-2020,29137,2020,29,test,29,31
29137-2021,29137,2021,29,test,29,31
29139-2020,29139,2020,29,test,29,31
29141-2019,29141,2019,29,test,29,31
29141-2020,29141,2020,29,test,29,31
29143-2019,29143,2019,29,test,29,31
29145-2019,29145,2019,29,test,29,31
29145-2020,29145,2020,29,test,29,31
29145-2021,29145,2021,29,test,29,31
29151-2020,29151,2020,29,test,29,31
29155-2020,29155,2020,29,test,29,31
29155-2021,29155,2021,29,test,29,31
29157-2020,29157,2020,29,test,29,31
29157-2021,29157,2021,29,test,29,31
29157-2022,29157,2022,29,test,29,31
29159-2020,29159,2020,29,test,29,31
29163-2020,29163,2020,29,test,29,31
29163-2022,29163,2022,29,test,29,31
29165-2019,29165,2019,29,test,29,31
29165-2020,29165,2020,29,test,29,31
29165-2021,29165,2021,29,test,29,31
29173-2019,29173,2019,29,test,29,31
29173-2020,29173,2020,29,test,29,31
29173-2022,29173,2022,29,test,29,31
29175-2020,29175,2020,29,test,29,31
29195-2020,29195,2020,29,test,29,31
29197-2022,29197,2022,29,test,29,31
29199-2020,29199,2020,29,test,29,31
29199-2022,29199,2022,29,test,29,31
29201-2019,29201,2019,29,test,29,31
29201-2020,29201,2020,29,test,29,31
29201-2021,29201,2021,29,test,29,31
29205-2020,29205,2020,29,test,29,31
29205-2021,29205,2021,29,test,29,31
29207-2019,29207,2019,29,test,29,31
29207-2020,29207,2020,29,test,29,31
29207-2021,29207,2021,29,test,29,31
29211-2020,29211,2020,29,test,29,31
29219-2020,29219,2020,29,test,29,31
29227-2020,29227,2020,29,test,29,31
29227-2021,29227,2021,29,test,29,31
29227-2022,29227,2022,29,test,29,31
31001-2019,31001,2019,29,val,29,31
31001-2020,31001,2020,29,val,29,31
31001-2022,31001,2022,29,val,29,31
31011-2019,31011,2019,29,val,29,31
31011-2022,31011,2022,29,val,29,31
31013-2019,31013,2019,29,val,29,31
31013-2020,31013,2020,29,val,29,31
31013-2021,31013,2021,29,val,29,31
31015-2020,31015,2020,29,val,29,31
31015-2022,31015,2022,29,val,29,31
31017-2020,31017,2020,29,val,29,31
31017-2021,31017,2021,29,val,29,31
31019-2019,31019,2019,29,val,29,31
31019-2020,31019,2020,29,val,29,31
31019-2022,31019,2022,29,val,29,31
31021-2019,31021,2019,29,val,29,31
31021-2022,31021,2022,29,val,29,31
31023-2019,31023,2019,29,val,29,31
31023-2020,31023,2020,29,val,29,31
31023-2022,31023,2022,29,val,29,31
31025-2019,31025,2019,29,val,29,31
31025-2020,31025,2020,29,val,29,31
31025-2022,31025,2022,29,val,29,31
31027-2021,31027,2021,29,val,29,31
31027-2022,31027,2022,29,val,29,31
31029-2019,31029,2019,29,val,29,31
31029-2020,31029,2020,29,val,29,31
31029-2021,31029,2021,29,val,29,31
31031-2021,31031,2021,29,val,29,31
31033-2020,31033,2020,29,val,29,31
31035-2019,31035,2019,29,val,29,31
31035-2020,31035,2020,29,val,29,31
31035-2022,31035,2022,29,val,29,31
31037-2019,31037,2019,29,val,29,31
31037-2020,31037,2020,29,val,29,31
31037-2022,31037,2022,29,val,29,31
31039-2022,31039,2022,29,val,29,31
31041-2019,31041,2019,29,val,29,31
31041-2020,31041,2020,29,val,29,31
31043-2020,31043,2020,29,val,29,31
31043-2021,31043,2021,29,val,29,31
31043-2022,31043,2022,29,val,29,31
31045-2020,31045,2020,29,val,29,31
31047-2019,31047,2019,29,val,29,31
31047-2020,31047,2020,29,val,29,31
31047-2022,31047,2022,29,val,29,31
31049-2019,31049,2019,29,val,29,31
31049-2020,31049,2020,29,val,29,31
31051-2020,31051,2020,29,val,29,31
31053-2019,31053,2019,29,val,29,31
31053-2020,31053,2020,29,val,29,31
31053-2022,31053,2022,29,val,29,31
31055-2019,31055,2019,29,val,29,31
31055-2020,31055,2020,29,val,29,31
31055-2022,31055,2022,29,val,29,31
31057-2020,31057,2020,29,val,29,31
31057-2021,31057,2021,29,val,29,31
31059-2019,31059,2019,29,val,29,31
31059-2020,31059,2020,29,val,29,31
31059-2022,31059,2022,29,val,29,31
31061-2019,31061,2019,29,val,29,31
31061-2020,31061,2020,29,val,29,31
31061-2021,31061,2021,29,val,29,31
31061-2022,31061,2022,29,val,29,31
31063-2019,31063,2019,29,val,29,31
31063-2020,31063,2020,29,val,29,31
31063-2021,31063,2021,29,val,29,31
31063-2022,31063,2022,29,val,29,31
31065-2019,31065,2019,29,val,29,31
31065-2020,31065,2020,29,val,29,31
31065-2021,31065,2021,29,val,29,31
31065-2022,31065,2022,29,val,29,31
31067-2019,31067,2019,29,val,29,31
31067-2020,31067,2020,29,val,29,31
31067-2022,31067,2022,29,val,29,31
31069-2020,31069,2020,29,val,29,31
31071-2019,31071,2019,29,val,29,31
31071-2020,31071,2020,29,val,29,31
31071-2021,31071,2021,29,val,29,31
31071-2022,31071,2022,29,val,29,31
31073-2020,31073,2020,29,val,29,31
31073-2021,31073,2021,29,val,29,31
31073-2022,31073,2022,29,val,29,31
31077-2019,31077,2019,29,val,29,31
31077-2020,31077,2020,29,val,29,31
31077-2021,31077,2021,29,val,29,31
31077-2022,31077,2022,29,val,29,31
31079-2019,31079,2019,29,val,29,31
31079-2022,31079,2022,29,val,29,31
31081-2019,31081,2019,29,val,29,31
31081-2022,31081,2022,29,val,29,31
31083-2019,31083,2019,29,val,29,31
31083-2020,31083,2020,29,val,29,31
31083-2021,31083,2021,29,val,29,31
31083-2022,31083,2022,29,val,29,31
31085-2019,31085,2019,29,val,29,31
31085-2020,31085,2020,29,val,29,31
31085-2021,31085,2021,29,val,29,31
31087-2020,31087,2020,29,val,29,31
31089-2019,31089,2019,29,val,29,31
31089-2020,31089,2020,29,val,29,31
31089-2022,31089,2022,29,val,29,31
31093-2019,31093,2019,29,val,29,31
31093-2020,31093,2020,29,val,29,31
31093-2021,31093,2021,29,val,29,31
31093-2022,31093,2022,29,val,29,31
31095-2019,31095,2019,29,val,29,31
31095-2020,31095,2020,29,val,29,31
31095-2022,31095,2022,29,val,29,31
31097-2020,31097,2020,29,val,29,31
31097-2022,31097,2022,29,val,29,31
31099-2019,31099,2019,29,val,29,31
31099-2020,31099,2020,29,val,29,31
31099-2022,31099,2022,29,val,29,31
31101-2020,31101,2020,29,val,29,31
31101-2021,31101,2021,29,val,29,31
31103-2020,31103,2020,29,val,29,31
31107-2020,31107,2020,29,val,29,31
31107-2021,31107,2021,29,val,29,31
31107-2022,31107,2022,29,val,29,31
31109-2019,31109,2019,29,val,29,31
31109-2020,31109,2020,29,val,29,31
31109-2022,31109,2022,29,val,29,31
31111-2019,31111,2019,29,val,29,31
31111-2020,31111,2020,29,val,29,31
31111-2021,31111,2021,29,val,29,31
31111-2022,31111,2022,29,val,29,31
31113-2019,31113,2019,29,val,29,31
31113-2020,31113,2020,29,val,29,31
31115-2020,31115,2020,29,val,29,31
31119-2022,31119,2022,29,val,29,31
31121-2019,31121,2019,29,val,29,31
31123-2019,31123,2019,29,val,29,31
31123-2020,31123,2020,29,val,29,31
31123-2021,31123,2021,29,val,29,31
31125-2019,31125,2019,29,val,29,31
31125-2020,31125,2020,29,val,29,31
31125-2022,31125,2022,29,val,29,31
31127-2020,31127,2020,29,val,29,31
31127-2022,31127,2022,29,val,29,31
31129-2020,31129,2020,29,val,29,31
31129-2022,31129,2022,29,val,29,31
31131-2019,31131,2019,29,val,29,31
31131-2020,31131,2020,29,val,29,31
31131-2022,31131,2022,29,val,29,31
31135-2019,31135,2019,29,val,29,31
31135-2020,31135,2020,29,val,29,31
31135-2021,31135,2021,29,val,29,31
31137-2019,31137,2019,29,val,29,31
31137-2020,31137,2020,29,val,29,31
31137-2021,31137,2021,29,val,29,31
31137-2022,31137,2022,29,val,29,31
31139-2020,31139,2020,29,val,29,31
31139-2021,31139,2021,29,val,29,31
31139-2022,31139,2022,29,val,29,31
31141-2019,31141,2019,29,val,29,31
31141-2020,31141,2020,29,val,29,31
31141-2021,31141,2021,29,val,29,31
31141-2022,31141,2022,29,val,29,31
31143-2020,31143,2020,29,val,29,31
31143-2022,31143,2022,29,val,29,31
31145-2019,31145,2019,29,val,29,31
31145-2020,31145,2020,29,val,29,31
31145-2021,31145,2021,29,val,29,31
31147-2020,31147,2020,29,val,29,31
31147-2022,31147,2022,29,val,29,31
31149-2019,31149,2019,29,val,29,31
31149-2020,31149,2020,29,val,29,31
31149-2021,31149,2021,29,val,29,31
31151-2019,31151,2019,29,val,29,31
31151-2020,31151,2020,29,val,29,31
31151-2022,31151,2022,29,val,29,31
31153-2020,31153,2020,29,val,29,31
31153-2022,31153,2022,29,val,29,31
31155-2019,31155,2019,29,val,29,31
31155-2020,31155,2020,29,val,29,31
31155-2022,31155,2022,29,val,29,31
31157-2019,31157,2019,29,val,29,31
31157-2020,31157,2020,29,val,29,31
31157-2021,31157,2021,29,val,29,31
31159-2019,31159,2019,29,val,29,31
31159-2020,31159,2020,29,val,29,31
31159-2022,31159,2022,29,val,29,31
31161-2020,31161,2020,29,val,29,31
31161-2021,31161,2021,29,val,29,31
31163-2019,31163,2019,29,val,29,31
31163-2020,31163,2020,29,val,29,31
31163-2021,31163,2021,29,val,29,31
31163-2022,31163,2022,29,val,29,31
31165-2019,31165,2019,29,val,29,31
31165-2020,31165,2020,29,val,29,31
31165-2021,31165,2021,29,val,29,31
31167-2019,31167,2019,29,val,29,31
31167-2022,31167,2022,29,val,29,31
31169-2019,31169,2019,29,val,29,31
31169-2020,31169,2020,29,val,29,31
31169-2021,31169,2021,29,val,29,31
31169-2022,31169,2022,29,val,29,31
31173-2019,31173,2019,29,val,29,31
31173-2022,31173,2022,29,val,29,31
31175-2019,31175,2019,29,val,29,31
31175-2020,31175,2020,29,val,29,31
31175-2021,31175,2021,29,val,29,31
31175-2022,31175,2022,29,val,29,31
31177-2019,31177,2019,29,val,29,31
31177-2020,31177,2020,29,val,29,31
31177-2022,31177,2022,29,val,29,31
31179-2019,31179,2019,29,val,29,31
31179-2021,31179,2021,29,val,29,31
31179-2022,31179,2022,29,val,29,31
31181-2020,31181,2020,29,val,29,31
31181-2022,31181,2022,29,val,29,31
31183-2020,31183,2020,29,val,29,31
31185-2019,31185,2019,29,val,29,31
31185-2020,31185,2020,29,val,29,31
31185-2022,31185,2022,29,val,29,31
38001-2020,38001,2020,29,train,29,31
38001-2021,38001,2021,29,train,29,31
38003-2020,38003,2020,29,train,29,31
38003-2021,38003,2021,29,train,29,31
38005-2020,38005,2020,29,train,29,31
38005-2021,38005,2021,29,train,29,31
38007-2020,38007,2020,29,train,29,31
38007-2021,38007,2021,29,train,29,31
38009-2020,38009,2020,29,train,29,31
38009-2021,38009,2021,29,train,29,31
38011-2020,38011,2020,29,train,29,31
38015-2019,38015,2019,29,train,29,31
38015-2020,38015,2020,29,train,29,31
38017-2019,38017,2019,29,train,29,31
38017-2020,38017,2020,29,train,29,31
38017-2021,38017,2021,29,train,29,31
38021-2020,38021,2020,29,train,29,31
38021-2021,38021,2021,29,train,29,31
38025-2020,38025,2020,29,train,29,31
38025-2021,38025,2021,29,train,29,31
38027-2020,38027,2020,29,train,29,31
38027-2021,38027,2021,29,train,29,31
38029-2020,38029,2020,29,train,29,31
38029-2021,38029,2021,29,train,29,31
38031-2020,38031,2020,29,train,29,31
38031-2021,38031,2021,29,train,29,31
38033-2021,38033,2021,29,train,29,31
38035-2019,38035,2019,29,train,29,31
38035-2020,38035,2020,29,train,29,31
38035-2021,38035,2021,29,train,29,31
38037-2020,38037,2020,29,train,29,31
38037-2021,38037,2021,29,train,29,31
38041-2019,38041,2019,29,train,29,31
38041-2020,38041,2020,29,train,29,31
38041-2021,38041,2021,29,train,29,31
38043-2019,38043,2019,29,train,29,31
38043-2020,38043,2020,29,train,29,31
38043-2021,38043,2021,29,train,29,31
38047-2020,38047,2020,29,train,29,31
38047-2021,38047,2021,29,train,29,31
38057-2020,38057,2020,29,train,29,31
38057-2021,38057,2021,29,train,29,31
38059-2020,38059,2020,29,train,29,31
38061-2019,38061,2019,29,train,29,31
38061-2020,38061,2020,29,train,29,31
38063-2020,38063,2020,29,train,29,31
38065-2020,38065,2020,29,train,29,31
38067-2020,38067,2020,29,train,29,31
38067-2021,38067,2021,29,train,29,31
38069-2020,38069,2020,29,train,29,31
38069-2021,38069,2021,29,train,29,31
38071-2020,38071,2020,29,train,29,31
38071-2021,38071,2021,29,train,29,31
38073-2020,38073,2020,29,train,29,31
38073-2021,38073,2021,29,train,29,31
38075-2020,38075,2020,29,train,29,31
38075-2021,38075,2021,29,train,29,31
38077-2019,38077,2019,29,train,29,31
38077-2020,38077,2020,29,train,29,31
38077-2021,38077,2021,29,train,29,31
38079-2021,38079,2021,29,train,29,31
38081-2019,38081,2019,29,train,29,31
38081-2020,38081,2020,29,train,29,31
38081-2021,38081,2021,29,train,29,31
38083-2019,38083,2019,29,train,29,31
38083-2020,38083,2020,29,train,29,31
38087-2019,38087,2019,29,train,29,31
38087-2020,38087,2020,29,train,29,31
38087-2021,38087,2021,29,train,29,31
38089-2020,38089,2020,29,train,29,31
38089-2021,38089,2021,29,train,29,31
38091-2019,38091,2019,29,train,29,31
38091-2020,38091,2020,29,train,29,31
38091-2021,38091,2021,29,train,29,31
38093-2019,38093,2019,29,train,29,31
38093-2020,38093,2020,29,train,29,31
38093-2021,38093,2021,29,train,29,31
38095-2020,38095,2020,29,train,29,31
38095-2021,38095,2021,29,train,29,31
38097-2020,38097,2020,29,train,29,31
38099-2020,38099,2020,29,train,29,31
38099-2021,38099,2021,29,train,29,31
38101-2019,38101,2019,29,train,29,31
38101-2020,38101,2020,29,train,29,31
38101-2021,38101,2021,29,train,29,31
38103-2020,38103,2020,29,train,29,31
38103-2021,38103,2021,29,train,29,31
38105-2021,38105,2021,29,train,29,31
39001-2020,39001,2020,29,train,29,31
39001-2022,39001,2022,29,train,29,31
39003-2020,39003,2020,29,train,29,31
39003-2022,39003,2022,29,train,29,31
39005-2019,39005,2019,29,train,29,31
39005-2020,39005,2020,29,train,29,31
39005-2021,39005,2021,29,train,29,31
39007-2019,39007,2019,29,train,29,31
39007-2021,39007,2021,29,train,29,31
39011-2019,39011,2019,29,train,29,31
39011-2020,39011,2020,29,train,29,31
39011-2021,39011,2021,29,train,29,31
39011-2022,39011,2022,29,train,29,31
39015-2022,39015,2022,29,train,29,31
39017-2020,39017,2020,29,train,29,31
39017-2022,39017,2022,29,train,29,31
39021-2019,39021,2019,29,train,29,31
39021-2020,39021,2020,29,train,29,31
39021-2022,39021,2022,29,train,29,31
39023-2022,39023,2022,29,train,29,31
39025-2022,39025,2022,29,train,29,31
39027-2022,39027,2022,29,train,29,31
39029-2019,39029,2019,29,train,29,31
39031-2019,39031,2019,29,train,29,31
39031-2020,39031,2020,29,train,29,31
39031-2021,39031,2021,29,train,29,31
39031-2022,39031,2022,29,train,29,31
39033-2022,39033,2022,29,train,29,31
39037-2019,39037,2019,29,train,29,31
39037-2020,39037,2020,29,train,29,31
39037-2021,39037,2021,29,train,29,31
39037-2022,39037,2022,29,train,29,31
39039-2019,39039,2019,29,train,29,31
39039-2020,39039,2020,29,train,29,31
39039-2022,39039,2022,29,train,29,31
39041-2022,39041,2022,29,train,29,31
39043-2020,39043,2020,29,train,29,31
39043-2022,39043,2022,29,train,29,31
39045-2019,39045,2019,29,train,29,31
39045-2020,39045,2020,29,train,29,31
39045-2022,39045,2022,29,train,29,31
39047-2020,39047,2020,29,train,29,31
39047-2022,39047,2022,29,train,29,31
39049-2022,39049,2022,29,train,29,31
39051-2019,39051,2019,29,train,29,31
39051-2020,39051,2020,29,train,29,31
39051-2022,39051,2022,29,train,29,31
39053-2019,39053,2019,29,train,29,31
39053-2020,39053,2020,29,train,29,31
39053-2021,39053,2021,29,train,29,31
39057-2022,39057,2022,29,train,29,31
39061-2020,39061,2020,29,train,29,31
39063-2020,39063,2020,29,train,29,31
39063-2022,39063,2022,29,train,29,31
39065-2019,39065,2019,29,train,29,31
39065-2020,39065,2020,29,train,29,31
39065-2021,39065,2021,29,train,29,31
39065-2022,39065,2022,29,train,29,31
39069-2020,39069,2020,29,train,29,31
39069-2022,39069,2022,29,train,29,31
39071-2022,39071,2022,29,train,29,31
39075-2019,39075,2019,29,train,29,31
39075-2020,39075,2020,29,train,29,31
39075-2021,39075,2021,29,train,29,31
39075-2022,39075,2022,29,train,29,31
39077-2022,39077,2022,29,train,29,31
39079-2022,39079,2022,29,train,29,31
39083-2019,39083,2019,29,train,29,31
39083-2020,39083,2020,29,train,29,31
39083-2021,39083,2021,29,train,29,31
39083-2022,39083,2022,29,train,29,31
39089-2020,39089,2020,29,train,29,31
39089-2021,39089,2021,29,train,29,31
39089-2022,39089,2022,29,train,29,31
39091-2019,39091,2019,29,train,29,31
39091-2020,39091,2020,29,train,29,31
39091-2021,39091,2021,29,train,29,31
39091-2022,39091,2022,29,train,29,31
39093-2020,39093,2020,29,train,29,31
39093-2021,39093,2021,29,train,29,31
39093-2022,39093,2022,29,train,29,31
39095-2019,39095,2019,29,train,29,31
39095-2020,39095,2020,29,train,29,31
39095-2022,39095,2022,29,train,29,31
39097-2020,39097,2020,29,train,29,31
39097-2022,39097,2022,29,train,29,31
39099-2019,39099,2019,29,train,29,31
39101-2019,39101,2019,29,train,29,31
39101-2020,39101,2020,29,train,29,31
39101-2022,39101,2022,29,train,29,31
39103-2019,39103,2019,29,train,29,31
39103-2020,39103,2020,29,train,29,31
39103-2021,39103,2021,29,train,29,31
39103-2022,39103,2022,29,train,29,31
39107-2019,39107,2019,29,train,29,31
39107-2020,39107,2020,29,train,29,31
39107-2021,39107,2021,29,train,29,31
39107-2022,39107,2022,29,train,29,31
39109-2019,39109,2019,29,train,29,31
39109-2020,39109,2020,29,train,29,31
39109-2022,39109,2022,29,train,29,31
39113-2019,39113,2019,29,train,29,31
39117-2022,39117,2022,29,train,29,31
39119-2019,39119,2019,29,train,29,31
39119-2020,39119,2020,29,train,29,31
39119-2021,39119,2021,29,train,29,31
39119-2022,39119,2022,29,train,29,31
39123-2020,39123,2020,29,train,29,31
39123-2022,39123,2022,29,train,29,31
39125-2020,39125,2020,29,train,29,31
39125-2022,39125,2022,29,train,29,31
39127-2020,39127,2020,29,train,29,31
39127-2021,39127,2021,29,train,29,31
39129-2019,39129,2019,29,train,29,31
39129-2020,39129,2020,29,train,29,31
39129-2021,39129,2021,29,train,29,31
39129-2022,39129,2022,29,train,29,31
39131-2019,39131,2019,29,train,29,31
39131-2021,39131,2021,29,train,29,31
39131-2022,39131,2022,29,train,29,31
39133-2019,39133,2019,29,train,29,31
39133-2021,39133,2021,29,train,29,31
39135-2019,39135,2019,29,train,29,31
39135-2020,39135,2020,29,train,29,31
39135-2021,39135,2021,29,train,29,31
39135-2022,39135,2022,29,train,29,31
39137-2019,39137,2019,29,train,29,31
39137-2020,39137,2020,29,train,29,31
39137-2022,39137,2022,29,train,29,31
39139-2019,39139,2019,29,train,29,31
39139-2020,39139,2020,29,train,29,31
39139-2022,39139,2022,29,train,29,31
39141-2019,39141,2019,29,train,29,31
39141-2021,39141,2021,29,train,29,31
39141-2022,39141,2022,29,train,29,31
39143-2019,39143,2019,29,train,29,31
39143-2020,39143,2020,29,train,29,31
39143-2022,39143,2022,29,train,29,31
39145-2019,39145,2019,29,train,29,31
39145-2020,39145,2020,29,train,29,31
39145-2021,39145,2021,29,train,29,31
39147-2019,39147,2019,29,train,29,31
39147-2020,39147,2020,29,train,29,31
39147-2022,39147,2022,29,train,29,31
39149-2019,39149,2019,29,train,29,31
39149-2020,39149,2020,29,train,29,31
39149-2022,39149,2022,29,train,29,31
39151-2019,39151,2019,29,train,29,31
39151-2020,39151,2020,29,train,29,31
39151-2021,39151,2021,29,train,29,31
39155-2019,39155,2019,29,train,29,31
39157-2019,39157,2019,29,train,29,31
39157-2020,39157,2020,29,train,29,31
39157-2021,39157,2021,29,train,29,31
39159-2019,39159,2019,29,train,29,31
39159-2022,39159,2022,29,train,29,31
39161-2019,39161,2019,29,train,29,31
39161-2020,39161,2020,29,train,29,31
39161-2022,39161,2022,29,train,29,31
39165-2019,39165,2019,29,train,29,31
39165-2020,39165,2020,29,train,29,31
39165-2022,39165,2022,29,train,29,31
39167-2019,39167,2019,29,train,29,31
39167-2020,39167,2020,29,train,29,31
39167-2021,39167,2021,29,train,29,31
39169-2019,39169,2019,29,train,29,31
39169-2020,39169,2020,29,train,29,31
39169-2021,39169,2021,29,train,29,31
39169-2022,39169,2022,29,train,29,31
39171-2019,39171,2019,29,train,29,31
39171-2020,39171,2020,29,train,29,31
39171-2022,39171,2022,29,train,29,31
39173-2020,39173,2020,29,train,29,31
39173-2022,39173,2022,29,train,29,31
39175-2019,39175,2019,29,train,29,31
39175-2020,39175,2020,29,train,29,31
39175-2022,39175,2022,29,train,29,31
46003-2020,46003,2020,29,train,29,31
46003-2021,46003,2021,29,train,29,31
46005-2020,46005,2020,29,train,29,31
46005-2021,46005,2021,29,train,29,31
46007-2020,46007,2020,29,train,29,31
46007-2021,46007,2021,29,train,29,31
46009-2020,46009,2020,29,train,29,31
46009-2021,46009,2021,29,train,29,31
46009-2022,46009,2022,29,train,29,31
46011-2020,46011,2020,29,train,29,31
46011-2021,46011,2021,29,train,29,31
46013-2020,46013,2020,29,train,29,31
46013-2021,46013,2021,29,train,29,31
46015-2020,46015,2020,29,train,29,31
46015-2021,46015,2021,29,train,29,31
46017-2020,46017,2020,29,train,29,31
46017-2021,46017,2021,29,train,29,31
46019-2020,46019,2020,29,train,29,31
46019-2021,46019,2021,29,train,29,31
46021-2020,46021,2020,29,train,29,31
46021-2021,46021,2021,29,train,29,31
46023-2020,46023,2020,29,train,29,31
46023-2021,46023,2021,29,train,29,31
46023-2022,46023,2022,29,train,29,31
46025-2020,46025,2020,29,train,29,31
46025-2021,46025,2021,29,train,29,31
46027-2020,46027,2020,29,train,29,31
46027-2021,46027,2021,29,train,29,31
46027-2022,46027,2022,29,train,29,31
46029-2020,46029,2020,29,train,29,31
46029-2021,46029,2021,29,train,29,31
46031-2020,46031,2020,29,train,29,31
46031-2021,46031,2021,29,train,29,31
46035-2020,46035,2020,29,train,29,31
46037-2020,46037,2020,29,train,29,31
46037-2021,46037,2021,29,train,29,31
46039-2020,46039,2020,29,train,29,31
46041-2020,46041,2020,29,train,29,31
46043-2020,46043,2020,29,train,29,31
46043-2021,46043,2021,29,train,29,31
46045-2019,46045,2019,29,train,29,31
46045-2020,46045,2020,29,train,29,31
46049-2020,46049,2020,29,train,29,31
46049-2021,46049,2021,29,train,29,31
46051-2020,46051,2020,29,train,29,31
46051-2021,46051,2021,29,train,29,31
46053-2020,46053,2020,29,train,29,31
46053-2021,46053,2021,29,train,29,31
46057-2020,46057,2020,29,train,29,31
46057-2021,46057,2021,29,train,29,31
46059-2020,46059,2020,29,train,29,31
46059-2021,46059,2021,29,train,29,31
46061-2020,46061,2020,29,train,29,31
46061-2021,46061,2021,29,train,29,31
46063-2021,46063,2021,29,train,29,31
46065-2020,46065,2020,29,train,29,31
46065-2021,46065,2021,29,train,29,31
46067-2020,46067,2020,29,train,29,31
46067-2021,46067,2021,29,train,29,31
46069-2020,46069,2020,29,train,29,31
46073-2020,46073,2020,29,train,29,31
46073-2021,46073,2021,29,train,29,31
46075-2020,46075,2020,29,train,29,31
46077-2020,46077,2020,29,train,29,31
46077-2021,46077,2021,29,train,29,31
46079-2020,46079,2020,29,train,29,31
46079-2021,46079,2021,29,train,29,31
46083-2019,46083,2019,29,train,29,31
46083-2020,46083,2020,29,train,29,31
46083-2021,46083,2021,29,train,29,31
46083-2022,46083,2022,29,train,29,31
46085-2019,46085,2019,29,train,29,31
46085-2020,46085,2020,29,train,29,31
46085-2021,46085,2021,29,train,29,31
46091-2020,46091,2020,29,train,29,31
46091-2021,46091,2021,29,train,29,31
46093-2021,46093,2021,29,train,29,31
46095-2020,46095,2020,29,train,29,31
46097-2020,46097,2020,29,train,29,31
46097-2021,46097,2021,29,train,29,31
46099-2019,46099,2019,29,train,29,31
46099-2020,46099,2020,29,train,29,31
46099-2022,46099,2022,29,train,29,31
46101-2020,46101,2020,29,train,29,31
46102-2020,46102,2020,29,train,29,31
46102-2021,46102,2021,29,train,29,31
46103-2021,46103,2021,29,train,29,31
46107-2020,46107,2020,29,train,29,31
46107-2021,46107,2021,29,train,29,31
46109-2020,46109,2020,29,train,29,31
46111-2020,46111,2020,29,train,29,31
46111-2021,46111,2021,29,train,29,31
46115-2020,46115,2020,29,train,29,31
46119-2020,46119,2020,29,train,29,31
46119-2021,46119,2021,29,train,29,31
46121-2021,46121,2021,29,train,29,31
46123-2020,46123,2020,29,train,29,31
46123-2021,46123,2021,29,train,29,31
46125-2020,46125,2020,29,train,29,31
46125-2021,46125,2021,29,train,29,31
46125-2022,46125,2022,29,train,29,31
46127-2019,46127,2019,29,train,29,31
46127-2020,46127,2020,29,train,29,31
46127-2022,46127,2022,29,train,29,31
46129-2020,46129,2020,29,train,29,31
46129-2021,46129,2021,29,train,29,31
46135-2021,46135,2021,29,train,29,31
46135-2022,46135,2022,29,train,29,31
46137-2019,46137,2019,29,train,29,31
46137-2020,46137,2020,29,train,29,31
55001-2019,55001,2019,29,train,29,31
55001-2020,55001,2020,29,train,29,31
55005-2020,55005,2020,29,train,29,31
55009-2020,55009,2020,29,train,29,31
55011-2020,55011,2020,29,train,29,31
55013-2020,55013,2020,29,train,29,31
55015-2020,55015,2020,29,train,29,31
55017-2019,55017,2019,29,train,29,31
55017-2020,55017,2020,29,train,29,31
55017-2021,55017,2021,29,train,29,31
55019-2019,55019,2019,29,train,29,31
55019-2020,55019,2020,29,train,29,31
55019-2021,55019,2021,29,train,29,31
55021-2019,55021,2019,29,train,29,31
55021-2020,55021,2020,29,train,29,31
55021-2021,55021,2021,29,train,29,31
55023-2019,55023,2019,29,train,29,31
55023-2020,55023,2020,29,train,29,31
55023-2021,55023,2021,29,train,29,31
55023-2022,55023,2022,29,train,29,31
55025-2019,55025,2019,29,train,29,31
55025-2020,55025,2020,29,train,29,31
55025-2021,55025,2021,29,train,29,31
55025-2022,55025,2022,29,train,29,31
55027-2019,55027,2019,29,train,29,31
55027-2020,55027,2020,29,train,29,31
55029-2019,55029,2019,29,train,29,31
55029-2020,55029,2020,29,train,29,31
55029-2021,55029,2021,29,train,29,31
55033-2020,55033,2020,29,train,29,31
55035-2019,55035,2019,29,train,29,31
55035-2020,55035,2020,29,train,29,31
55035-2021,55035,2021,29,train,29,31
55043-2019,55043,2019,29,train,29,31
55043-2020,55043,2020,29,train,29,31
55043-2021,55043,2021,29,train,29,31
55043-2022,55043,2022,29,train,29,31
55045-2019,55045,2019,29,train,29,31
55045-2020,55045,2020,29,train,29,31
55045-2021,55045,2021,29,train,29,31
55045-2022,55045,2022,29,train,29,31
55047-2019,55047,2019,29,train,29,31
55047-2020,55047,2020,29,train,29,31
55047-2021,55047,2021,29,train,29,31
55049-2020,55049,2020,29,train,29,31
55049-2022,55049,2022,29,train,29,31
55053-2019,55053,2019,29,train,29,31
55053-2020,55053,2020,29,train,29,31
55053-2021,55053,2021,29,train,29,31
55055-2019,55055,2019,29,train,29,31
55055-2020,55055,2020,29,train,29,31
55055-2022,55055,2022,29,train,29,31
55057-2019,55057,2019,29,train,29,31
55057-2020,55057,2020,29,train,29,31
55057-2021,55057,2021,29,train,29,31
55059-2020,55059,2020,29,train,29,31
55059-2022,55059,2022,29,train,29,31
55061-2020,55061,2020,29,train,29,31
55063-2019,55063,2019,29,train,29,31
55063-2020,55063,2020,29,train,29,31
55063-2021,55063,2021,29,train,29,31
55065-2020,55065,2020,29,train,29,31
55065-2022,55065,2022,29,train,29,31
55067-2020,55067,2020,29,train,29,31
55067-2021,55067,2021,29,train,29,31
55069-2020,55069,2020,29,train,29,31
55069-2021,55069,2021,29,train,29,31
55071-2019,55071,2019,29,train,29,31
55071-2020,55071,2020,29,train,29,31
55073-2020,55073,2020,29,train,29,31
55073-2021,55073,2021,29,train,29,31
55075-2019,55075,2019,29,train,29,31
55075-2020,55075,2020,29,train,29,31
55075-2021,55075,2021,29,train,29,31
55077-2020,55077,2020,29,train,29,31
55079-2020,55079,2020,29,train,29,31
55081-2019,55081,2019,29,train,29,31
55081-2020,55081,2020,29,train,29,31
55081-2021,55081,2021,29,train,29,31
55083-2019,55083,2019,29,train,29,31
55083-2020,55083,2020,29,train,29,31
55083-2021,55083,2021,29,train,29,31
55087-2019,55087,2019,29,train,29,31
55087-2020,55087,2020,29,train,29,31
55089-2019,55089,2019,29,train,29,31
55089-2020,55089,2020,29,train,29,31
55091-2020,55091,2020,29,train,29,31
55093-2020,55093,2020,29,train,29,31
55095-2020,55095,2020,29,train,29,31
55097-2019,55097,2019,29,train,29,31
55097-2020,55097,2020,29,train,29,31
55101-2019,55101,2019,29,train,29,31
55101-2020,55101,2020,29,train,29,31
55101-2022,55101,2022,29,train,29,31
55103-2019,55103,2019,29,train,29,31
55103-2020,55103,2020,29,train,29,31
55103-2021,55103,2021,29,train,29,31
55103-2022,55103,2022,29,train,29,31
55105-2019,55105,2019,29,train,29,31
55105-2020,55105,2020,29,train,29,31
55105-2021,55105,2021,29,train,29,31
55105-2022,55105,2022,29,train,29,31
55107-2019,55107,2019,29,train,29,31
55107-2020,55107,2020,29,train,29,31
55107-2021,55107,2021,29,train,29,31
55111-2019,55111,2019,29,train,29,31
55111-2020,55111,2020,29,train,29,31
55111-2021,55111,2021,29,train,29,31
55113-2020,55113,2020,29,train,29,31
55113-2021,55113,2021,29,train,29,31
55115-2019,55115,2019,29,train,29,31
55115-2020,55115,2020,29,train,29,31
55115-2021,55115,2021,29,train,29,31
55117-2019,55117,2019,29,train,29,31
55117-2020,55117,2020,29,train,29,31
55119-2020,55119,2020,29,train,29,31
55119-2021,55119,2021,29,train,29,31
55121-2019,55121,2019,29,train,29,31
55121-2020,55121,2020,29,train,29,31
55121-2021,55121,2021,29,train,29,31
55123-2019,55123,2019,29,train,29,31
55123-2020,55123,2020,29,train,29,31
55123-2021,55123,2021,29,train,29,31
55123-2022,55123,2022,29,train,29,31
55127-2019,55127,2019,29,train,29,31
55127-2020,55127,2020,29,train,29,31
55127-2022,55127,2022,29,train,29,31
55129-2019,55129,2019,29,train,29,31
55129-2020,55129,2020,29,train,29,31
55131-2019,55131,2019,29,train,29,31
55131-2020,55131,2020,29,train,29,31
55133-2019,55133,2019,29,train,29,31
55133-2020,55133,2020,29,train,29,31
55133-2022,55133,2022,29,train,29,31
55135-2019,55135,2019,29,train,29,31
55135-2020,55135,2020,29,train,29,31
55137-2019,55137,2019,29,train,29,31
55137-2020,55137,2020,29,train,29,31
55137-2021,55137,2021,29,train,29,31
55139-2019,55139,2019,29,train,29,31
55139-2020,55139,2020,29,train,29,31
55141-2019,55141,2019,29,train,29,31
55141-2020,55141,2020,29,train,29,31
17001-2020,17001,2020,31,train,31,38
17001-2022,17001,2022,31,train,31,38
17003-2019,17003,2019,31,train,31,38
17003-2020,17003,2020,31,train,31,38
17005-2019,17005,2019,31,train,31,38
17005-2020,17005,2020,31,train,31,38
17005-2021,17005,2021,31,train,31,38
17005-2022,17005,2022,31,train,31,38
17007-2019,17007,2019,31,train,31,38
17007-2020,17007,2020,31,train,31,38
17007-2022,17007,2022,31,train,31,38
17009-2020,17009,2020,31,train,31,38
17009-2022,17009,2022,31,train,31,38
17011-2019,17011,2019,31,train,31,38
17011-2020,17011,2020,31,train,31,38
17011-2021,17011,2021,31,train,31,38
17011-2022,17011,2022,31,train,31,38
17013-2020,17013,2020,31,train,31,38
17013-2022,17013,2022,31,train,31,38
17015-2020,17015,2020,31,train,31,38
17015-2022,17015,2022,31,train,31,38
17017-2019,17017,2019,31,train,31,38
17017-2020,17017,2020,31,train,31,38
17017-2021,17017,2021,31,train,31,38
17017-2022,17017,2022,31,train,31,38
17019-2021,17019,2021,31,train,31,38
17019-2022,17019,2022,31,train,31,38
17021-2020,17021,2020,31,train,31,38
17021-2021,17021,2021,31,train,31,38
17021-2022,17021,2022,31,train,31,38
17023-2020,17023,2020,31,train,31,38
17023-2022,17023,2022,31,train,31,38
17025-2019,17025,2019,31,train,31,38
17025-2020,17025,2020,31,train,31,38
17025-2021,17025,2021,31,train,31,38
17025-2022,17025,2022,31,train,31,38
17027-2019,17027,2019,31,train,31,38
17027-2020,17027,2020,31,train,31,38
17027-2021,17027,2021,31,train,31,38
17027-2022,17027,2022,31,train,31,38
17029-2019,17029,2019,31,train,31,38
17029-2021,17029,2021,31,train,31,38
17031-2019,17031,2019,31,train,31,38
17033-2019,17033,2019,31,train,31,38
17033-2020,17033,2020,31,train,31,38
17033-2022,17033,2022,31,train,31,38
17035-2019,17035,2019,31,train,31,38
17035-2022,17035,2022,31,train,31,38
17039-2020,17039,2020,31,train,31,38
17039-2021,17039,2021,31,train,31,38
17039-2022,17039,2022,31,train,31,38
17041-2019,17041,2019,31,train,31,38
17041-2022,17041,2022,31,train,31,38
17045-2020,17045,2020,31,train,31,38
17045-2021,17045,2021,31,train,31,38
17045-2022,17045,2022,31,train,31,38
17047-2020,17047,2020,31,train,31,38
17047-2021,17047,2021,31,train,31,38
17047-2022,17047,2022,31,train,31,38
17049-2021,17049,2021,31,train,31,38
17049-2022,17049,2022,31,train,31,38
17051-2019,17051,2019,31,train,31,38
17051-2020,17051,2020,31,train,31,38
17051-2021,17051,2021,31,train,31,38
17053-2019,17053,2019,31,train,31,38
17053-2020,17053,2020,31,train,31,38
17053-2021,17053,2021,31,train,31,38
17053-2022,17053,2022,31,train,31,38
17055-2019,17055,2019,31,train,31,38
17055-2020,17055,2020,31,train,31,38
17055-2021,17055,2021,31,train,31,38
17055-2022,17055,2022,31,train,31,38
17057-2020,17057,2020,31,train,31,38
17057-2021,17057,2021,31,train,31,38
17057-2022,17057,2022,31,train,31,38
17059-2019,17059,2019,31,train,31,38
17059-2020,17059,2020,31,train,31,38
17059-2021,17059,2021,31,train,31,38
17059-2022,17059,2022,31,train,31,38
17061-2020,17061,2020,31,train,31,38
17061-2021,17061,2021,31,train,31,38
17061-2022,17061,2022,31,train,31,38
17063-2019,17063,2019,31,train,31,38
17063-2020,17063,2020,31,train,31,38
17063-2022,17063,2022,31,train,31,38
17065-2020,17065,2020,31,train,31,38
17065-2022,17065,2022,31,train,31,38
17067-2020,17067,2020,31,train,31,38
17067-2022,17067,2022,31,train,31,38
17071-2020,17071,2020,31,train,31,38
17071-2022,17071,2022,31,train,31,38
17073-2020,17073,2020,31,train,31,38
17073-2022,17073,2022,31,train,31,38
17075-2019,17075,2019,31,train,31,38
17075-2020,17075,2020,31,train,31,38
17075-2021,17075,2021,31,train,31,38
17075-2022,17075,2022,31,train,31,38
17077-2019,17077,2019,31,train,31,38
17077-2020,17077,2020,31,train,31,38
17077-2021,17077,2021,31,train,31,38
17077-2022,17077,2022,31,train,31,38
17079-2019,17079,2019,31,train,31,38
17079-2020,17079,2020,31,train,31,38
17079-2022,17079,2022,31,train,31,38
17081-2019,17081,2019,31,train,31,38
17081-2021,17081,2021,31,train,31,38
17081-2022,17081,2022,31,train,31,38
17083-2020,17083,2020,31,train,31,38
17083-2022,17083,2022,31,train,31,38
17085-2020,17085,2020,31,train,31,38
17085-2022,17085,2022,31,train,31,38
17087-2020,17087,2020,31,train,31,38
17089-2019,17089,2019,31,train,31,38
17089-2020,17089,2020,31,train,31,38
17089-2022,17089,2022,31,train,31,38
17091-2020,17091,2020,31,train,31,38
17091-2022,17091,2022,31,train,31,38
17093-2019,17093,2019,31,train,31,38
17093-2020,17093,2020,31,train,31,38
17093-2022,17093,2022,31,train,31,38
17095-2020,17095,2020,31,train,31,38
17095-2022,17095,2022,31,train,31,38
17097-2019,17097,2019,31,train,31,38
17097-2020,17097,2020,31,train,31,38
17101-2019,17101,2019,31,train,31,38
17101-2020,17101,2020,31,train,31,38
17101-2022,17101,2022,31,train,31,38
17103-2019,17103,2019,31,train,31,38
17103-2020,17103,2020,31,train,31,38
17103-2022,17103,2022,31,train,31,38
17105-2019,17105,2019,31,train,31,38
17105-2020,17105,2020,31,train,31,38
17105-2021,17105,2021,31,train,31,38
17105-2022,17105,2022,31,train,31,38
17107-2020,17107,2020,31,train,31,38
17107-2021,17107,2021,31,train,31,38
17107-2022,17107,2022,31,train,31,38
17115-2020,17115,2020,31,train,31,38
17115-2021,17115,2021,31,train,31,38
17115-2022,17115,2022,31,train,31,38
17117-2020,17117,2020,31,train,31,38
17117-2021,17117,2021,31,train,31,38
17117-2022,17117,2022,31,train,31,38
17119-2019,17119,2019,31,train,31,38
17119-2020,17119,2020,31,train,31,38
17119-2021,17119,2021,31,train,31,38
17119-2022,17119,2022,31,train,31,38
17121-2019,17121,2019,31,train,31,38
17121-2020,17121,2020,31,train,31,38
17121-2021,17121,2021,31,train,31,38
17121-2022,17121,2022,31,train,31,38
17123-2019,17123,2019,31,train,31,38
17123-2020,17123,2020,31,train,31,38
17123-2021,17123,2021,31,train,31,38
17123-2022,17123,2022,31,train,31,38
17125-2020,17125,2020,31,train,31,38
17125-2021,17125,2021,31,train,31,38
17125-2022,17125,2022,31,train,31,38
17127-2019,17127,2019,31,train,31,38
17127-2020,17127,2020,31,train,31,38
17129-2021,17129,2021,31,train,31,38
17131-2020,17131,2020,31,train,31,38
17131-2022,17131,2022,31,train,31,38
17133-2019,17133,2019,31,train,31,38
17133-2020,17133,2020,31,train,31,38
17133-2022,17133,2022,31,train,31,38
17135-2020,17135,2020,31,train,31,38
17135-2021,17135,2021,31,train,31,38
17135-2022,17135,2022,31,train,31,38
17137-2019,17137,2019,31,train,31,38
17137-2020,17137,2020,31,train,31,38
17137-2022,17137,2022,31,train,31,38
17139-2021,17139,2021,31,train,31,38
17139-2022,17139,2022,31,train,31,38
17141-2019,17141,2019,31,train,31,38
17141-2020,17141,2020,31,train,31,38
17141-2022,17141,2022,31,train,31,38
17143-2019,17143,2019,31,train,31,38
17143-2020,17143,2020,31,train,31,38
17143-2021,17143,2021,31,train,31,38
17143-2022,17143,2022,31,train,31,38
17145-2020,17145,2020,31,train,31,38
17145-2022,17145,2022,31,train,31,38
17147-2021,17147,2021,31,train,31,38
17147-2022,17147,2022,31,train,31,38
17149-2020,17149,2020,31,train,31,38
17151-2020,17151,2020,31,train,31,38
17153-2019,17153,2019,31,train,31,38
17153-2020,17153,2020,31,train,31,38
17153-2021,17153,2021,31,train,31,38
17155-2020,17155,2020,31,train,31,38
17155-2021,17155,2021,31,train,31,38
17155-2022,17155,2022,31,train,31,38
17157-2019,17157,2019,31,train,31,38
17157-2020,17157,2020,31,train,31,38
17157-2021,17157,2021,31,train,31,38
17157-2022,17157,2022,31,train,31,38
17159-2020,17159,2020,31,train,31,38
17161-2020,17161,2020,31,train,31,38
17161-2022,17161,2022,31,train,31,38
17165-2020,17165,2020,31,train,31,38
17165-2021,17165,2021,31,train,31,38
17165-2022,17165,2022,31,train,31,38
17167-2021,17167,2021,31,train,31,38
17169-2020,17169,2020,31,train,31,38
17169-2022,17169,2022,31,train,31,38
17171-2020,17171,2020,31,train,31,38
17171-2022,17171,2022,31,train,31,38
17173-2021,17173,2021,31,train,31,38
17173-2022,17173,2022,31,train,31,38
17175-2019,17175,2019,31,train,31,38
17175-2020,17175,2020,31,train,31,38
17175-2021,17175,2021,31,train,31,38
17175-2022,17175,2022,31,train,31,38
17177-2019,17177,2019,31,train,31,38
17177-2020,17177,2020,31,train,31,38
17177-2021,17177,2021,31,train,31,38
17177-2022,17177,2022,31,train,31,38
17179-2020,17179,2020,31,train,31,38
17179-2021,17179,2021,31,train,31,38
17179-2022,17179,2022,31,train,31,38
17181-2019,17181,2019,31,train,31,38
17181-2020,17181,2020,31,train,31,38
17181-2021,17181,2021,31,train,31,38
17183-2020,17183,2020,31,train,31,38
17183-2021,17183,2021,31,train,31,38
17183-2022,17183,2022,31,train,31,38
17185-2019,17185,2019,31,train,31,38
17185-2020,17185,2020,31,train,31,38
17185-2022,17185,2022,31,train,31,38
17187-2020,17187,2020,31,train,31,38
17187-2022,17187,2022,31,train,31,38
17189-2019,17189,2019,31,train,31,38
17189-2020,17189,2020,31,train,31,38
17189-2021,17189,2021,31,train,31,38
17189-2022,17189,2022,31,train,31,38
17191-2020,17191,2020,31,train,31,38
17191-2022,17191,2022,31,train,31,38
17193-2019,17193,2019,31,train,31,38
17193-2020,17193,2020,31,train,31,38
17193-2021,17193,2021,31,train,31,38
17193-2022,17193,2022,31,train,31,38
17195-2019,17195,2019,31,train,31,38
17195-2020,17195,2020,31,train,31,38
17195-2022,17195,2022,31,train,31,38
17197-2020,17197,2020,31,train,31,38
17197-2022,17197,2022,31,train,31,38
17199-2019,17199,2019,31,train,31,38
17199-2020,17199,2020,31,train,31,38
17199-2022,17199,2022,31,train,31,38
17201-2019,17201,2019,31,train,31,38
17201-2020,17201,2020,31,train,31,38
17201-2021,17201,2021,31,train,31,38
17201-2022,17201,2022,31,train,31,38
17203-2019,17203,2019,31,train,31,38
17203-2020,17203,2020,31,train,31,38
17203-2021,17203,2021,31,train,31,38
17203-2022,17203,2022,31,train,31,38
18001-2019,18001,2019,31,train,31,38
18001-2020,18001,2020,31,train,31,38
18001-2022,18001,2022,31,train,31,38
18003-2019,18003,2019,31,train,31,38
18003-2020,18003,2020,31,train,31,38
18003-2022,18003,2022,31,train,31,38
18005-2022,18005,2022,31,train,31,38
18007-2019,18007,2019,31,train,31,38
18007-2020,18007,2020,31,train,31,38
18007-2021,18007,2021,31,train,31,38
18007-2022,18007,2022,31,train,31,38
18009-2022,18009,2022,31,train,31,38
18011-2019,18011,2019,31,train,31,38
18011-2020,18011,2020,31,train,31,38
18011-2021,18011,2021,31,train,31,38
18011-2022,18011,2022,31,train,31,38
18015-2019,18015,2019,31,train,31,38
18015-2020,18015,2020,31,train,31,38
18015-2022,18015,2022,31,train,31,38
18017-2020,18017,2020,31,train,31,38
18017-2022,18017,2022,31,train,31,38
18019-2020,18019,2020,31,train,31,38
18021-2020,18021,2020,31,train,31,38
18021-2021,18021,2021,31,train,31,38
18021-2022,18021,2022,31,train,31,38
18023-2020,18023,2020,31,train,31,38
18023-2021,18023,2021,31,train,31,38
18023-2022,18023,2022,31,train,31,38
18027-2019,18027,2019,31,train,31,38
18027-2020,18027,2020,31,train,31,38
18027-2021,18027,2021,31,train,31,38
18027-2022,18027,2022,31,train,31,38
18029-2019,18029,2019,31,train,31,38
18029-2020,18029,2020,31,train,31,38
18029-2022,18029,2022,31,train,31,38
18031-2019,18031,2019,31,train,31,38
18031-2020,18031,2020,31,train,31,38
18031-2022,18031,2022,31,train,31,38
18035-2022,18035,2022,31,train,31,38
18037-2022,18037,2022,31,train,31,38
18039-2019,18039,2019,31,train,31,38
18039-2020,18039,2020,31,train,31,38
18039-2021,18039,2021,31,train,31,38
18039-2022,18039,2022,31,train,31,38
18041-2019,18041,2019,31,train,31,38
18041-2020,18041,2020,31,train,31,38
18041-2021,18041,2021,31,train,31,38
18041-2022,18041,2022,31,train,31,38
18045-2020,18045,2020,31,train,31,38
18045-2022,18045,2022,31,train,31,38
18047-2019,18047,2019,31,train,31,38
18047-2020,18047,2020,31,train,31,38
18047-2022,18047,2022,31,train,31,38
18049-2019,18049,2019,31,train,31,38
18049-2020,18049,2020,31,train,31,38
18049-2021,18049,2021,31,train,31,38
18051-2019,18051,2019,31,train,31,38
18051-2020,18051,2020,31,train,31,38
18051-2022,18051,2022,31,train,31,38
18053-2020,18053,2020,31,train,31,38
18053-2022,18053,2022,31,train,31,38
18055-2019,18055,2019,31,train,31,38
18055-2020,18055,2020,31,train,31,38
18055-2021,18055,2021,31,train,31,38
18057-2022,18057,2022,31,train,31,38
18059-2020,18059,2020,31,train,31,38
18059-2022,18059,2022,31,train,31,38
18063-2019,18063,2019,31,train,31,38
18063-2020,18063,2020,31,train,31,38
18063-2021,18063,2021,31,train,31,38
18063-2022,18063,2022,31,train,31,38
18065-2022,18065,2022,31,train,31,38
18067-2020,18067,2020,31,train,31,38
18067-2022,18067,2022,31,train,31,38
18069-2022,18069,2022,31,train,31,38
18071-2022,18071,2022,31,train,31,38
18073-2020,18073,2020,31,train,31,38
18073-2022,18073,2022,31,train,31,38
18075-2019,18075,2019,31,train,31,38
18075-2020,18075,2020,31,train,31,38
18075-2022,18075,2022,31,train,31,38
18077-2019,18077,2019,31,train,31,38
18077-2020,18077,2020,31,train,31,38
18077-2022,18077,2022,31,train,31,38
18079-2022,18079,2022,31,train,31,38
18081-2022,18081,2022,31,train,31,38
18083-2020,18083,2020,31,train,31,38
18083-2022,18083,2022,31,train,31,38
18085-2022,18085,2022,31,train,31,38
18089-2020,18089,2020,31,train,31,38
18089-2022,18089,2022,31,train,31,38
18093-2022,18093,2022,31,train,31,38
18095-2022,18095,2022,31,train,31,38
18097-2020,18097,2020,31,train,31,38
18099-2019,18099,2019,31,train,31,38
18099-2020,18099,2020,31,train,31,38
18099-2021,18099,2021,31,train,31,38
18099-2022,18099,2022,31,train,31,38
18101-2022,18101,2022,31,train,31,38
18103-2020,18103,2020,31,train,31,38
18103-2022,18103,2022,31,train,31,38
18105-2022,18105,2022,31,train,31,38
18107-2019,18107,2019,31,train,31,38
18107-2020,18107,2020,31,train,31,38
18107-2021,18107,2021,31,train,31,38
18109-2022,18109,2022,31,train,31,38
18111-2019,18111,2019,31,train,31,38
18111-2020,18111,2020,31,train,31,38
18111-2021,18111,2021,31,train,31,38
18111-2022,18111,2022,31,train,31,38
18113-2020,18113,2020,31,train,31,38
18113-2022,18113,2022,31,train,31,38
18115-2019,18115,2019,31,train,31,38
18115-2020,18115,2020,31,train,31,38
18119-2020,18119,2020,31,train,31,38
18119-2021,18119,2021,31,train,31,38
18119-2022,18119,2022,31,train,31,38
18121-2019,18121,2019,31,train,31,38
18121-2020,18121,2020,31,train,31,38
18121-2022,18121,2022,31,train,31,38
18123-2022,18123,2022,31,train,31,38
18125-2020,18125,2020,31,train,31,38
18125-2022,18125,2022,31,train,31,38
18127-2019,18127,2019,31,train,31,38
18127-2020,18127,2020,31,train,31,38
18127-2021,18127,2021,31,train,31,38
18127-2022,18127,2022,31,train,31,38
18129-2019,18129,2019,31,train,31,38
18129-2020,18129,2020,31,train,31,38
18129-2021,18129,2021,31,train,31,38
18129-2022,18129,2022,31,train,31,38
18131-2019,18131,2019,31,train,31,38
18131-2020,18131,2020,31,train,31,38
18131-2022,18131,2022,31,train,31,38
18133-2019,18133,2019,31,train,31,38
18133-2020,18133,2020,31,train,31,38
18133-2021,18133,2021,31,train,31,38
18133-2022,18133,2022,31,train,31,38
18135-2019,18135,2019,31,train,31,38
18135-2020,18135,2020,31,train,31,38
18135-2022,18135,2022,31,train,31,38
18137-2020,18137,2020,31,train,31,38
18137-2022,18137,2022,31,train,31,38
18139-2022,18139,2022,31,train,31,38
18141-2019,18141,2019,31,train,31,38
18141-2020,18141,2020,31,train,31,38
18141-2021,18141,2021,31,train,31,38
18141-2022,18141,2022,31,train,31,38
18143-2022,18143,2022,31,train,31,38
18145-2020,18145,2020,31,train,31,38
18145-2022,18145,2022,31,train,31,38
18147-2020,18147,2020,31,train,31,38
18149-2019,18149,2019,31,train,31,38
18149-2020,18149,2020,31,train,31,38
18149-2022,18149,2022,31,train,31,38
18151-2020,18151,2020,31,train,31,38
18151-2022,18151,2022,31,train,31,38
18153-2019,18153,2019,31,train,31,38
18153-2020,18153,2020,31,train,31,38
18153-2022,18153,2022,31,train,31,38
18155-2019,18155,2019,31,train,31,38
18155-2020,18155,2020,31,train,31,38
18157-2019,18157,2019,31,train,31,38
18157-2020,18157,2020,31,train,31,38
18157-2021,18157,2021,31,train,31,38
18157-2022,18157,2022,31,train,31,38
18159-2022,18159,2022,31,train,31,38
18161-2019,18161,2019,31,train,31,38
18161-2020,18161,2020,31,train,31,38
18161-2021,18161,2021,31,train,31,38
18161-2022,18161,2022,31,train,31,38
18163-2019,18163,2019,31,train,31,38
18163-2020,18163,2020,31,train,31,38
18163-2021,18163,2021,31,train,31,38
18163-2022,18163,2022,31,train,31,38
18165-2019,18165,2019,31,train,31,38
18165-2020,18165,2020,31,train,31,38
18165-2021,18165,2021,31,train,31,38
18165-2022,18165,2022,31,train,31,38
18167-2019,18167,2019,31,train,31,38
18167-2020,18167,2020,31,train,31,38
18167-2022,18167,2022,31,train,31,38
18169-2022,18169,2022,31,train,31,38
18171-2019,18171,2019,31,train,31,38
18171-2020,18171,2020,31,train,31,38
18171-2021,18171,2021,31,train,31,38
18173-2019,18173,2019,31,train,31,38
18173-2020,18173,2020,31,train,31,38
18173-2022,18173,2022,31,train,31,38
18177-2019,18177,2019,31,train,31,38
18177-2020,18177,2020,31,train,31,38
18177-2021,18177,2021,31,train,31,38
18177-2022,18177,2022,31,train,31,38
18179-2022,18179,2022,31,train,31,38
18181-2019,18181,2019,31,train,31,38
18181-2020,18181,2020,31,train,31,38
18181-2022,18181,2022,31,train,31,38
18183-2022,18183,2022,31,train,31,38
19001-2019,19001,2019,31,train,31,38
19001-2020,19001,2020,31,train,31,38
19001-2022,19001,2022,31,train,31,38
19003-2020,19003,2020,31,train,31,38
19005-2019,19005,2019,31,train,31,38
19005-2020,19005,2020,31,train,31,38
19005-2021,19005,2021,31,train,31,38
19005-2022,19005,2022,31,train,31,38
19007-2020,19007,2020,31,train,31,38
19007-2021,19007,2021,31,train,31,38
19007-2022,19007,2022,31,train,31,38
19009-2019,19009,2019,31,train,31,38
19009-2020,19009,2020,31,train,31,38
19009-2021,19009,2021,31,train,31,38
19009-2022,19009,2022,31,train,31,38
19011-2019,19011,2019,31,train,31,38
19011-2020,19011,2020,31,train,31,38
19011-2021,19011,2021,31,train,31,38
19011-2022,19011,2022,31,train,31,38
19013-2020,19013,2020,31,train,31,38
19013-2022,19013,2022,31,train,31,38
19015-2019,19015,2019,31,train,31,38
19015-2020,19015,2020,31,train,31,38
19015-2021,19015,2021,31,train,31,38
19015-2022,19015,2022,31,train,31,38
19017-2022,19017,2022,31,train,31,38
19019-2019,19019,2019,31,train,31,38
19019-2020,19019,2020,31,train,31,38
19019-2021,19019,2021,31,train,31,38
19019-2022,19019,2022,31,train,31,38
19021-2019,19021,2019,31,train,31,38
19021-2020,19021,2020,31,train,31,38
19021-2022,19021,2022,31,train,31,38
19023-2021,19023,2021,31,train,31,38
19023-2022,19023,2022,31,train,31,38
19025-2019,19025,2019,31,train,31,38
19025-2020,19025,2020,31,train,31,38
19025-2021,19025,2021,31,train,31,38
19025-2022,19025,2022,31,train,31,38
19027-2020,19027,2020,31,train,31,38
19027-2022,19027,2022,31,train,31,38
19029-2019,19029,2019,31,train,31,38
19029-2020,19029,2020,31,train,31,38
19029-2021,19029,2021,31,train,31,38
19029-2022,19029,2022,31,train,31,38
19031-2020,19031,2020,31,train,31,38
19031-2022,19031,2022,31,train,31,38
19033-2019,19033,2019,31,train,31,38
19033-2020,19033,2020,31,train,31,38
19033-2021,19033,2021,31,train,31,38
19033-2022,19033,2022,31,train,31,38
19035-2019,19035,2019,31,train,31,38
19035-2020,19035,2020,31,train,31,38
19035-2022,19035,2022,31,train,31,38
19037-2022,19037,2022,31,train,31,38
19039-2020,19039,2020,31,train,31,38
19041-2019,19041,2019,31,train,31,38
19041-2020,19041,2020,31,train,31,38
19041-2022,19041,2022,31,train,31,38
19043-2020,19043,2020,31,train,31,38
19043-2021,19043,2021,31,train,31,38
19043-2022,19043,2022,31,train,31,38
19045-2020,19045,2020,31,train,31,38
19045-2022,19045,2022,31,train,31,38
19047-2019,19047,2019,31,train,31,38
19047-2020,19047,2020,31,train,31,38
19047-2022,19047,2022,31,train,31,38
19049-2019,19049,2019,31,train,31,38
19049-2020,19049,2020,31,train,31,38
19049-2021,19049,2021,31,train,31,38
19049-2022,19049,2022,31,train,31,38
19051-2019,19051,2019,31,train,31,38
19051-2020,19051,2020,31,train,31,38
19051-2021,19051,2021,31,train,31,38
19051-2022,19051,2022,31,train,31,38
19053-2020,19053,2020,31,train,31,38
19053-2022,19053,2022,31,train,31,38
19055-2020,19055,2020,31,train,31,38
19055-2021,19055,2021,31,train,31,38
19055-2022,19055,2022,31,train,31,38
19057-2019,19057,2019,31,train,31,38
19057-2020,19057,2020,31,train,31,38
19057-2022,19057,2022,31,train,31,38
19059-2019,19059,2019,31,train,31,38
19059-2020,19059,2020,31,train,31,38
19059-2021,19059,2021,31,train,31,38
19059-2022,19059,2022,31,train,31,38
19061-2020,19061,2020,31,train,31,38
19061-2021,19061,2021,31,train,31,38
19061-2022,19061,2022,31,train,31,38
19063-2022,19063,2022,31,train,31,38
19065-2020,19065,2020,31,train,31,38
19065-2021,19065,2021,31,train,31,38
19065-2022,19065,2022,31,train,31,38
19067-2019,19067,2019,31,train,31,38
19067-2020,19067,2020,31,train,31,38
19067-2021,19067,2021,31,train,31,38
19067-2022,19067,2022,31,train,31,38
19069-2019,19069,2019,31,train,31,38
19069-2020,19069,2020,31,train,31,38
19069-2021,19069,2021,31,train,31,38
19069-2022,19069,2022,31,train,31,38
19071-2020,19071,2020,31,train,31,38
19071-2022,19071,2022,31,train,31,38
19073-2019,19073,2019,31,train,31,38
19073-2020,19073,2020,31,train,31,38
19073-2021,19073,2021,31,train,31,38
19073-2022,19073,2022,31,train,31,38
19075-2020,19075,2020,31,train,31,38
19075-2021,19075,2021,31,train,31,38
19075-2022,19075,2022,31,train,31,38
19077-2019,19077,2019,31,train,31,38
19077-2020,19077,2020,31,train,31,38
19077-2021,19077,2021,31,train,31,38
19077-2022,19077,2022,31,train,31,38
19079-2019,19079,2019,31,train,31,38
19079-2020,19079,2020,31,train,31,38
19079-2022,19079,2022,31,train,31,38
19081-2019,19081,2019,31,train,31,38
19081-2020,19081,2020,31,train,31,38
19081-2021,19081,2021,31,train,31,38
19081-2022,19081,2022,31,train,31,38
19083-2019,19083,2019,31,train,31,38
19083-2020,19083,2020,31,train,31,38
19083-2021,19083,2021,31,train,31,38
19083-2022,19083,2022,31,train,31,38
19085-2020,19085,2020,31,train,31,38
19085-2022,19085,2022,31,train,31,38
19087-2019,19087,2019,31,train,31,38
19087-2020,19087,2020,31,train,31,38
19087-2021,19087,2021,31,train,31,38
19087-2022,19087,2022,31,train,31,38
19089-2020,19089,2020,31,train,31,38
19089-2022,19089,2022,31,train,31,38
19091-2019,19091,2019,31,train,31,38
19091-2020,19091,2020,31,train,31,38
19091-2021,19091,2021,31,train,31,38
19091-2022,19091,2022,31,train,31,38
19093-2020,19093,2020,31,train,31,38
19093-2021,19093,2021,31,train,31,38
19093-2022,19093,2022,31,train,31,38
19095-2019,19095,2019,31,train,31,38
19095-2020,19095,2020,31,train,31,38
19095-2022,19095,2022,31,train,31,38
19097-2020,19097,2020,31,train,31,38
19097-2021,19097,2021,31,train,31,38
19097-2022,19097,2022,31,train,31,38
19099-2021,19099,2021,31,train,31,38
19099-2022,19099,2022,31,train,31,38
19101-2019,19101,2019,31,train,31,38
19101-2020,19101,2020,31,train,31,38
19101-2021,19101,2021,31,train,31,38
19101-2022,19101,2022,31,train,31,38
19103-2019,19103,2019,31,train,31,38
19103-2020,19103,2020,31,train,31,38
19103-2022,19103,2022,31,train,31,38
19105-2020,19105,2020,31,train,31,38
19105-2022,19105,2022,31,train,31,38
19107-2019,19107,2019,31,train,31,38
19107-2020,19107,2020,31,train,31,38
19107-2021,19107,2021,31,train,31,38
19107-2022,19107,2022,31,train,31,38
19109-2019,19109,2019,31,train,31,38
19109-2020,19109,2020,31,train,31,38
19109-2021,19109,2021,31,train,31,38
19109-2022,19109,2022,31,train,31,38
19111-2019,19111,2019,31,train,31,38
19111-2020,19111,2020,31,train,31,38
19111-2021,19111,2021,31,train,31,38
19111-2022,19111,2022,31,train,31,38
19113-2019,19113,2019,31,train,31,38
19113-2020,19113,2020,31,train,31,38
19113-2022,19113,2022,31,train,31,38
19115-2019,19115,2019,31,train,31,38
19115-2020,19115,2020,31,train,31,38
19115-2022,19115,2022,31,train,31,38
19117-2021,19117,2021,31,train,31,38
19117-2022,19117,2022,31,train,31,38
19119-2019,19119,2019,31,train,31,38
19119-2020,19119,2020,31,train,31,38
19119-2021,19119,2021,31,train,31,38
19119-2022,19119,2022,31,train,31,38
19121-2019,19121,2019,31,train,31,38
19121-2020,19121,2020,31,train,31,38
19121-2021,19121,2021,31,train,31,38
19121-2022,19121,2022,31,train,31,38
19123-2021,19123,2021,31,train,31,38
19123-2022,19123,2022,31,train,31,38
19125-2021,19125,2021,31,train,31,38
19125-2022,19125,2022,31,train,31,38
19127-2021,19127,2021,31,train,31,38
19127-2022,19127,2022,31,train,31,38
19129-2020,19129,2020,31,train,31,38
19129-2022,19129,2022,31,train,31,38
19131-2019,19131,2019,31,train,31,38
19131-2020,19131,2020,31,train,31,38
19131-2021,19131,2021,31,train,31,38
19131-2022,19131,2022,31,train,31,38
19133-2019,19133,2019,31,train,31,38
19133-2022,19133,2022,31,train,31,38
19135-2021,19135,2021,31,train,31,38
19135-2022,19135,2022,31,train,31,38
19137-2020,19137,2020,31,train,31,38
19137-2022,19137,2022,31,train,31,38
19139-2020,19139,2020,31,train,31,38
19139-2022,19139,2022,31,train,31,38
19143-2019,19143,2019,31,train,31,38
19143-2020,19143,2020,31,train,31,38
19143-2021,19143,2021,31,train,31,38
19143-2022,19143,2022,31,train,31,38
19145-2019,19145,2019,31,train,31,38
19145-2020,19145,2020,31,train,31,38
19145-2021,19145,2021,31,train,31,38
19145-2022,19145,2022,31,train,31,38
19147-2019,19147,2019,31,train,31,38
19147-2022,19147,2022,31,train,31,38
19149-2019,19149,2019,31,train,31,38
19149-2021,19149,2021,31,train,31,38
19149-2022,19149,2022,31,train,31,38
19151-2022,19151,2022,31,train,31,38
19153-2019,19153,2019,31,train,31,38
19153-2020,19153,2020,31,train,31,38
19153-2021,19153,2021,31,train,31,38
19153-2022,19153,2022,31,train,31,38
19155-2020,19155,2020,31,train,31,38
19155-2022,19155,2022,31,train,31,38
19157-2021,19157,2021,31,train,31,38
19157-2022,19157,2022,31,train,31,38
19159-2020,19159,2020,31,train,31,38
19159-2021,19159,2021,31,train,31,38
19159-2022,19159,2022,31,train,31,38
19161-2019,19161,2019,31,train,31,38
19161-2020,19161,2020,31,train,31,38
19161-2022,19161,2022,31,train,31,38
19163-2020,19163,2020,31,train,31,38
19163-2022,19163,2022,31,train,31,38
19165-2019,19165,2019,31,train,31,38
19165-2020,19165,2020,31,train,31,38
19165-2022,19165,2022,31,train,31,38
19167-2019,19167,2019,31,train,31,38
19167-2020,19167,2020,31,train,31,38
19167-2021,19167,2021,31,train,31,38
19167-2022,19167,2022,31,train,31,38
19169-2019,19169,2019,31,train,31,38
19169-2020,19169,2020,31,train,31,38
19169-2021,19169,2021,31,train,31,38
19169-2022,19169,2022,31,train,31,38
19171-2022,19171,2022,31,train,31,38
19173-2020,19173,2020,31,train,31,38
19173-2021,19173,2021,31,train,31,38
19173-2022,19173,2022,31,train,31,38
19175-2020,19175,2020,31,train,31,38
19175-2021,19175,2021,31,train,31,38
19175-2022,19175,2022,31,train,31,38
19177-2019,19177,2019,31,train,31,38
19177-2020,19177,2020,31,train,31,38
19177-2021,19177,2021,31,train,31,38
19177-2022,19177,2022,31,train,31,38
19179-2019,19179,2019,31,train,31,38
19179-2020,19179,2020,31,train,31,38
19179-2021,19179,2021,31,train,31,38
19179-2022,19179,2022,31,train,31,38
19181-2020,19181,2020,31,train,31,38
19181-2022,19181,2022,31,train,31,38
19183-2019,19183,2019,31,train,31,38
19183-2020,19183,2020,31,train,31,38
19183-2022,19183,2022,31,train,31,38
19185-2021,19185,2021,31,train,31,38
19187-2019,19187,2019,31,train,31,38
19187-2020,19187,2020,31,train,31,38
19187-2021,19187,2021,31,train,31,38
19187-2022,19187,2022,31,train,31,38
19189-2019,19189,2019,31,train,31,38
19189-2020,19189,2020,31,train,31,38
19189-2021,19189,2021,31,train,31,38
19189-2022,19189,2022,31,train,31,38
19191-2019,19191,2019,31,train,31,38
19191-2020,19191,2020,31,train,31,38
19191-2021,19191,2021,31,train,31,38
19191-2022,19191,2022,31,train,31,38
19193-2019,19193,2019,31,train,31,38
19193-2020,19193,2020,31,train,31,38
19193-2021,19193,2021,31,train,31,38
19193-2022,19193,2022,31,train,31,38
19195-2019,19195,2019,31,train,31,38
19195-2020,19195,2020,31,train,31,38
19195-2021,19195,2021,31,train,31,38
19195-2022,19195,2022,31,train,31,38
19197-2019,19197,2019,31,train,31,38
19197-2020,19197,2020,31,train,31,38
19197-2021,19197,2021,31,train,31,38
19197-2022,19197,2022,31,train,31,38
20001-2020,20001,2020,31,train,31,38
20001-2021,20001,2021,31,train,31,38
20003-2019,20003,2019,31,train,31,38
20003-2020,20003,2020,31,train,31,38
20003-2021,20003,2021,31,train,31,38
20005-2020,20005,2020,31,train,31,38
20005-2021,20005,2021,31,train,31,38
20005-2022,20005,2022,31,train,31,38
20009-2020,20009,2020,31,train,31,38
20011-2020,20011,2020,31,train,31,38
20011-2021,20011,2021,31,train,31,38
20013-2019,20013,2019,31,train,31,38
20013-2020,20013,2020,31,train,31,38
20013-2022,20013,2022,31,train,31,38
20015-2020,20015,2020,31,train,31,38
20015-2021,20015,2021,31,train,31,38
20017-2020,20017,2020,31,train,31,38
20017-2021,20017,2021,31,train,31,38
20021-2019,20021,2019,31,train,31,38
20023-2020,20023,2020,31,train,31,38
20023-2021,20023,2021,31,train,31,38
20027-2019,20027,2019,31,train,31,38
20027-2020,20027,2020,31,train,31,38
20027-2022,20027,2022,31,train,31,38
20029-2020,20029,2020,31,train,31,38
20029-2021,20029,2021,31,train,31,38
20029-2022,20029,2022,31,train,31,38
20031-2019,20031,2019,31,train,31,38
20031-2020,20031,2020,31,train,31,38
20035-2019,20035,2019,31,train,31,38
20035-2020,20035,2020,31,train,31,38
20035-2021,20035,2021,31,train,31,38
20037-2020,20037,2020,31,train,31,38
20037-2021,20037,2021,31,train,31,38
20039-2020,20039,2020,31,train,31,38
20041-2020,20041,2020,31,train,31,38
20041-2021,20041,2021,31,train,31,38
20043-2020,20043,2020,31,train,31,38
20043-2021,20043,2021,31,train,31,38
20043-2022,20043,2022,31,train,31,38
20045-2019,20045,2019,31,train,31,38
20045-2020,20045,2020,31,train,31,38
20045-2021,20045,2021,31,train,31,38
20047-2019,20047,2019,31,train,31,38
20047-2020,20047,2020,31,train,31,38
20049-2019,20049,2019,31,train,31,38
20053-2019,20053,2019,31,train,31,38
20053-2020,20053,2020,31,train,31,38
20053-2021,20053,2021,31,train,31,38
20055-2019,20055,2019,31,train,31,38
20055-2020,20055,2020,31,train,31,38
20057-2019,20057,2019,31,train,31,38
20057-2020,20057,2020,31,train,31,38
20057-2021,20057,2021,31,train,31,38
20059-2019,20059,2019,31,train,31,38
20059-2020,20059,2020,31,train,31,38
20061-2020,20061,2020,31,train,31,38
20063-2020,20063,2020,31,train,31,38
20063-2021,20063,2021,31,train,31,38
20065-2020,20065,2020,31,train,31,38
20065-2021,20065,2021,31,train,31,38
20067-2019,20067,2019,31,train,31,38
20067-2020,20067,2020,31,train,31,38
20067-2021,20067,2021,31,train,31,38
20069-2020,20069,2020,31,train,31,38
20069-2021,20069,2021,31,train,31,38
20071-2019,20071,2019,31,train,31,38
20071-2020,20071,2020,31,train,31,38
20071-2021,20071,2021,31,train,31,38
20075-2019,20075,2019,31,train,31,38
20079-2019,20079,2019,31,train,31,38
20079-2020,20079,2020,31,train,31,38
20079-2021,20079,2021,31,train,31,38
20081-2019,20081,2019,31,train,31,38
20081-2020,20081,2020,31,train,31,38
20081-2021,20081,2021,31,train,31,38
20083-2020,20083,2020,31,train,31,38
20085-2019,20085,2019,31,train,31,38
20085-2020,20085,2020,31,train,31,38
20087-2019,20087,2019,31,train,31,38
20087-2020,20087,2020,31,train,31,38
20087-2021,20087,2021,31,train,31,38
20089-2020,20089,2020,31,train,31,38
20095-2019,20095,2019,31,train,31,38
20095-2020,20095,2020,31,train,31,38
20095-2021,20095,2021,31,train,31,38
20097-2020,20097,2020,31,train,31,38
20099-2020,20099,2020,31,train,31,38
20099-2021,20099,2021,31,train,31,38
20101-2020,20101,2020,31,train,31,38
20101-2021,20101,2021,31,train,31,38
20103-2019,20103,2019,31,train,31,38
20103-2020,20103,2020,31,train,31,38
20103-2021,20103,2021,31,train,31,38
20105-2019,20105,2019,31,train,31,38
20107-2020,20107,2020,31,train,31,38
20109-2020,20109,2020,31,train,31,38
20109-2021,20109,2021,31,train,31,38
20111-2019,20111,2019,31,train,31,38
20115-2019,20115,2019,31,train,31,38
20115-2020,20115,2020,31,train,31,38
20115-2021,20115,2021,31,train,31,38
20117-2019,20117,2019,31,train,31,38
20117-2022,20117,2022,31,train,31,38
20119-2020,20119,2020,31,train,31,38
20119-2021,20119,2021,31,train,31,38
20121-2019,20121,2019,31,train,31,38
20121-2020,20121,2020,31,train,31,38
20123-2019,20123,2019,31,train,31,38
20123-2020,20123,2020,31,train,31,38
20123-2021,20123,2021,31,train,31,38
20125-2019,20125,2019,31,train,31,38
20125-2020,20125,2020,31,train,31,38
20127-2019,20127,2019,31,train,31,38
20127-2020,20127,2020,31,train,31,38
20127-2021,20127,2021,31,train,31,38
20129-2019,20129,2019,31,train,31,38
20129-2020,20129,2020,31,train,31,38
20129-2021,20129,2021,31,train,31,38
20131-2020,20131,2020,31,train,31,38
20133-2019,20133,2019,31,train,31,38
20133-2020,20133,2020,31,train,31,38
20133-2021,20133,2021,31,train,31,38
20135-2019,20135,2019,31,train,31,38
20135-2020,20135,2020,31,train,31,38
20135-2021,20135,2021,31,train,31,38
20137-2020,20137,2020,31,train,31,38
20137-2021,20137,2021,31,train,31,38
20137-2022,20137,2022,31,train,31,38
20139-2019,20139,2019,31,train,31,38
20139-2020,20139,2020,31,train,31,38
20141-2020,20141,2020,31,train,31,38
20143-2020,20143,2020,31,train,31,38
20145-2020,20145,2020,31,train,31,38
20147-2020,20147,2020,31,train,31,38
20147-2021,20147,2021,31,train,31,38
20147-2022,20147,2022,31,train,31,38
20149-2019,20149,2019,31,train,31,38
20151-2020,20151,2020,31,train,31,38
20153-2019,20153,2019,31,train,31,38
20153-2020,20153,2020,31,train,31,38
20153-2021,20153,2021,31,train,31,38
20155-2019,20155,2019,31,train,31,38
20155-2020,20155,2020,31,train,31,38
20155-2021,20155,2021,31,train,31,38
20157-2020,20157,2020,31,train,31,38
20157-2021,20157,2021,31,train,31,38
20157-2022,20157,2022,31,train,31,38
20159-2020,20159,2020,31,train,31,38
20161-2019,20161,2019,31,train,31,38
20161-2020,20161,2020,31,train,31,38
20161-2022,20161,2022,31,train,31,38
20163-2019,20163,2019,31,train,31,38
20163-2020,20163,2020,31,train,31,38
20169-2020,20169,2020,31,train,31,38
20169-2021,20169,2021,31,train,31,38
20171-2019,20171,2019,31,train,31,38
20171-2020,20171,2020,31,train,31,38
20173-2019,20173,2019,31,train,31,38
20173-2020,20173,2020,31,train,31,38
20175-2020,20175,2020,31,train,31,38
20175-2021,20175,2021,31,train,31,38
20177-2019,20177,2019,31,train,31,38
20177-2020,20177,2020,31,train,31,38
20177-2021,20177,2021,31,train,31,38
20179-2021,20179,2021,31,train,31,38
20181-2019,20181,2019,31,train,31,38
20181-2020,20181,2020,31,train,31,38
20181-2021,20181,2021,31,train,31,38
20183-2020,20183,2020,31,train,31,38
20183-2021,20183,2021,31,train,31,38
20183-2022,20183,2022,31,train,31,38
20185-2020,20185,2020,31,train,31,38
20187-2019,20187,2019,31,train,31,38
20187-2020,20187,2020,31,train,31,38
20189-2020,20189,2020,31,train,31,38
20189-2021,20189,2021,31,train,31,38
20191-2019,20191,2019,31,train,31,38
20191-2020,20191,2020,31,train,31,38
20191-2021,20191,2021,31,train,31,38
20193-2020,20193,2020,31,train,31,38
20195-2020,20195,2020,31,train,31,38
20195-2021,20195,2021,31,train,31,38
20197-2019,20197,2019,31,train,31,38
20201-2020,20201,2020,31,train,31,38
20201-2022,20201,2022,31,train,31,38
20203-2019,20203,2019,31,train,31,38
20203-2020,20203,2020,31,train,31,38
20203-2021,20203,2021,31,train,31,38
20205-2019,20205,2019,31,train,31,38
20205-2020,20205,2020,31,train,31,38
20207-2020,20207,2020,31,train,31,38
21001-2019,21001,2019,31,train,31,38
21001-2020,21001,2020,31,train,31,38
21007-2020,21007,2020,31,train,31,38
21007-2021,21007,2021,31,train,31,38
21009-2020,21009,2020,31,train,31,38
21031-2020,21031,2020,31,train,31,38
21033-2019,21033,2019,31,train,31,38
21033-2020,21033,2020,31,train,31,38
21033-2021,21033,2021,31,train,31,38
21035-2020,21035,2020,31,train,31,38
21035-2021,21035,2021,31,train,31,38
21039-2020,21039,2020,31,train,31,38
21039-2021,21039,2021,31,train,31,38
21047-2019,21047,2019,31,train,31,38
21047-2020,21047,2020,31,train,31,38
21047-2021,21047,2021,31,train,31,38
21055-2020,21055,2020,31,train,31,38
21055-2021,21055,2021,31,train,31,38
21059-2020,21059,2020,31,train,31,38
21059-2022,21059,2022,31,train,31,38
21075-2019,21075,2019,31,train,31,38
21075-2020,21075,2020,31,train,31,38
21075-2021,21075,2021,31,train,31,38
21083-2020,21083,2020,31,train,31,38
21091-2020,21091,2020,31,train,31,38
21093-2019,21093,2019,31,train,31,38
21093-2020,21093,2020,31,train,31,38
21099-2020,21099,2020,31,train,31,38
21101-2019,21101,2019,31,train,31,38
21101-2020,21101,2020,31,train,31,38
21101-2022,21101,2022,31,train,31,38
21103-2020,21103,2020,31,train,31,38
21105-2019,21105,2019,31,train,31,38
21105-2020,21105,2020,31,train,31,38
21105-2021,21105,2021,31,train,31,38
21107-2020,21107,2020,31,train,31,38
21123-2020,21123,2020,31,train,31,38
21139-2019,21139,2019,31,train,31,38
21139-2020,21139,2020,31,train,31,38
21139-2021,21139,2021,31,train,31,38
21141-2020,21141,2020,31,train,31,38
21143-2019,21143,2019,31,train,31,38
21157-2019,21157,2019,31,train,31,38
21157-2020,21157,2020,31,train,31,38
21157-2021,21157,2021,31,train,31,38
21167-2021,21167,2021,31,train,31,38
21169-2020,21169,2020,31,train,31,38
21177-2020,21177,2020,31,train,31,38
21183-2020,21183,2020,31,train,31,38
21211-2020,21211,2020,31,train,31,38
21213-2020,21213,2020,31,train,31,38
21215-2020,21215,2020,31,train,31,38
21219-2020,21219,2020,31,train,31,38
21221-2019,21221,2019,31,train,31,38
21221-2020,21221,2020,31,train,31,38
21221-2021,21221,2021,31,train,31,38
21223-2020,21223,2020,31,train,31,38
21225-2019,21225,2019,31,train,31,38
21225-2020,21225,2020,31,train,31,38
21225-2021,21225,2021,31,train,31,38
21225-2022,21225,2022,31,train,31,38
21227-2020,21227,2020,31,train,31,38
21229-2020,21229,2020,31,train,31,38
21233-2019,21233,2019,31,train,31,38
21233-2020,21233,2020,31,train,31,38
21233-2021,21233,2021,31,train,31,38
26005-2019,26005,2019,31,train,31,38
26005-2020,26005,2020,31,train,31,38
26007-2019,26007,2019,31,train,31,38
26007-2021,26007,2021,31,train,31,38
26011-2019,26011,2019,31,train,31,38
26011-2020,26011,2020,31,train,31,38
26015-2020,26015,2020,31,train,31,38
26021-2020,26021,2020,31,train,31,38
26021-2022,26021,2022,31,train,31,38
26023-2020,26023,2020,31,train,31,38
26023-2022,26023,2022,31,train,31,38
26025-2020,26025,2020,31,train,31,38
26027-2019,26027,2019,31,train,31,38
26027-2020,26027,2020,31,train,31,38
26027-2022,26027,2022,31,train,31,38
26037-2020,26037,2020,31,train,31,38
26045-2020,26045,2020,31,train,31,38
26049-2019,26049,2019,31,train,31,38
26049-2020,26049,2020,31,train,31,38
26051-2020,26051,2020,31,train,31,38
26059-2019,26059,2019,31,train,31,38
26059-2020,26059,2020,31,train,31,38
26059-2022,26059,2022,31,train,31,38
26063-2020,26063,2020,31,train,31,38
26065-2019,26065,2019,31,train,31,38
26065-2020,26065,2020,31,train,31,38
26067-2020,26067,2020,31,train,31,38
26069-2019,26069,2019,31,train,31,38
26069-2020,26069,2020,31,train,31,38
26069-2021,26069,2021,31,train,31,38
26075-2019,26075,2019,31,train,31,38
26075-2020,26075,2020,31,train,31,38
26077-2019,26077,2019,31,train,31,38
26077-2020,26077,2020,31,train,31,38
26081-2019,26081,2019,31,train,31,38
26081-2020,26081,2020,31,train,31,38
26087-2019,26087,2019,31,train,31,38
26087-2020,26087,2020,31,train,31,38
26091-2019,26091,2019,31,train,31,38
26091-2020,26091,2020,31,train,31,38
26099-2020,26099,2020,31,train,31,38
26105-2019,26105,2019,31,train,31,38
26105-2020,26105,2020,31,train,31,38
26107-2020,26107,2020,31,train,31,38
26109-2019,26109,2019,31,train,31,38
26109-2020,26109,2020,31,train,31,38
26115-2019,26115,2019,31,train,31,38
26115-2020,26115,2020,31,train,31,38
26117-2020,26117,2020,31,train,31,38
26121-2020,26121,2020,31,train,31,38
26123-2019,26123,2019,31,train,31,38
26123-2020,26123,2020,31,train,31,38
26127-2019,26127,2019,31,train,31,38
26127-2020,26127,2020,31,train,31,38
26129-2020,26129,2020,31,train,31,38
26139-2020,26139,2020,31,train,31,38
26141-2019,26141,2019,31,train,31,38
26141-2021,26141,2021,31,train,31,38
26151-2019,26151,2019,31,train,31,38
26151-2020,26151,2020,31,train,31,38
26157-2019,26157,2019,31,train,31,38
26157-2020,26157,2020,31,train,31,38
26159-2020,26159,2020,31,train,31,38
26161-2019,26161,2019,31,train,31,38
26161-2020,26161,2020,31,train,31,38
26165-2020,26165,2020,31,train,31,38
27001-2020,27001,2020,31,train,31,38
27005-2019,27005,2019,31,train,31,38
27005-2020,27005,2020,31,train,31,38
27005-2021,27005,2021,31,train,31,38
27007-2020,27007,2020,31,train,31,38
27007-2021,27007,2021,31,train,31,38
27011-2020,27011,2020,31,train,31,38
27011-2021,27011,2021,31,train,31,38
27013-2019,27013,2019,31,train,31,38
27013-2020,27013,2020,31,train,31,38
27013-2021,27013,2021,31,train,31,38
27015-2019,27015,2019,31,train,31,38
27015-2020,27015,2020,31,train,31,38
27015-2021,27015,2021,31,train,31,38
27019-2020,27019,2020,31,train,31,38
27023-2019,27023,2019,31,train,31,38
27023-2021,27023,2021,31,train,31,38
27025-2019,27025,2019,31,train,31,38
27025-2020,27025,2020,31,train,31,38
27027-2021,27027,2021,31,train,31,38
27029-2019,27029,2019,31,train,31,38
27029-2020,27029,2020,31,train,31,38
27029-2021,27029,2021,31,train,31,38
27033-2019,27033,2019,31,train,31,38
27033-2020,27033,2020,31,train,31,38
27033-2021,27033,2021,31,train,31,38
27035-2020,27035,2020,31,train,31,38
27035-2021,27035,2021,31,train,31,38
27037-2020,27037,2020,31,train,31,38
27039-2020,27039,2020,31,train,31,38
27041-2020,27041,2020,31,train,31,38
27041-2021,27041,2021,31,train,31,38
27043-2020,27043,2020,31,train,31,38
27043-2021,27043,2021,31,train,31,38
27043-2022,27043,2022,31,train,31,38
27045-2020,27045,2020,31,train,31,38
27045-2022,27045,2022,31,train,31,38
27047-2020,27047,2020,31,train,31,38
27047-2021,27047,2021,31,train,31,38
27047-2022,27047,2022,31,train,31,38
27049-2020,27049,2020,31,train,31,38
27049-2021,27049,2021,31,train,31,38
27051-2019,27051,2019,31,train,31,38
27051-2020,27051,2020,31,train,31,38
27051-2021,27051,2021,31,train,31,38
27053-2019,27053,2019,31,train,31,38
27053-2020,27053,2020,31,train,31,38
27055-2019,27055,2019,31,train,31,38
27055-2020,27055,2020,31,train,31,38
27055-2021,27055,2021,31,train,31,38
27055-2022,27055,2022,31,train,31,38
27057-2020,27057,2020,31,train,31,38
27057-2021,27057,2021,31,train,31,38
27059-2019,27059,2019,31,train,31,38
27059-2020,27059,2020,31,train,31,38
27063-2019,27063,2019,31,train,31,38
27063-2020,27063,2020,31,train,31,38
27063-2021,27063,2021,31,train,31,38
27063-2022,27063,2022,31,train,31,38
27067-2020,27067,2020,31,train,31,38
27069-2019,27069,2019,31,train,31,38
27069-2020,27069,2020,31,train,31,38
27079-2020,27079,2020,31,train,31,38
27079-2021,27079,2021,31,train,31,38
27081-2019,27081,2019,31,train,31,38
27081-2020,27081,2020,31,train,31,38
27081-2021,27081,2021,31,train,31,38
27083-2019,27083,2019,31,train,31,38
27083-2020,27083,2020,31,train,31,38
27083-2021,27083,2021,31,train,31,38
27087-2020,27087,2020,31,train,31,38
27087-2021,27087,2021,31,train,31,38
27089-2019,27089,2019,31,train,31,38
27089-2020,27089,2020,31,train,31,38
27089-2021,27089,2021,31,train,31,38
27091-2022,27091,2022,31,train,31,38
27093-2019,27093,2019,31,train,31,38
27093-2020,27093,2020,31,train,31,38
27093-2021,27093,2021,31,train,31,38
27097-2019,27097,2019,31,train,31,38
27097-2020,27097,2020,31,train,31,38
27097-2021,27097,2021,31,train,31,38
27099-2020,27099,2020,31,train,31,38
27099-2022,27099,2022,31,train,31,38
27101-2019,27101,2019,31,train,31,38
27101-2020,27101,2020,31,train,31,38
27101-2021,27101,2021,31,train,31,38
27103-2019,27103,2019,31,train,31,38
27105-2019,27105,2019,31,train,31,38
27105-2020,27105,2020,31,train,31,38
27105-2021,27105,2021,31,train,31,38
27105-2022,27105,2022,31,train,31,38
27107-2020,27107,2020,31,train,31,38
27109-2020,27109,2020,31,train,31,38
27111-2019,27111,2019,31,train,31,38
27111-2020,27111,2020,31,train,31,38
27111-2021,27111,2021,31,train,31,38
27115-2019,27115,2019,31,train,31,38
27115-2020,27115,2020,31,train,31,38
27117-2021,27117,2021,31,train,31,38
27119-2020,27119,2020,31,train,31,38
27119-2021,27119,2021,31,train,31,38
27121-2019,27121,2019,31,train,31,38
27121-2020,27121,2020,31,train,31,38
27121-2021,27121,2021,31,train,31,38
27125-2020,27125,2020,31,train,31,38
27125-2021,27125,2021,31,train,31,38
27127-2019,27127,2019,31,train,31,38
27127-2020,27127,2020,31,train,31,38
27127-2021,27127,2021,31,train,31,38
27129-2019,27129,2019,31,train,31,38
27129-2020,27129,2020,31,train,31,38
27129-2021,27129,2021,31,train,31,38
27131-2020,27131,2020,31,train,31,38
27131-2021,27131,2021,31,train,31,38
27133-2019,27133,2019,31,train,31,38
27133-2020,27133,2020,31,train,31,38
27133-2021,27133,2021,31,train,31,38
27133-2022,27133,2022,31,train,31,38
27135-2019,27135,2019,31,train,31,38
27135-2020,27135,2020,31,train,31,38
27135-2021,27135,2021,31,train,31,38
27139-2020,27139,2020,31,train,31,38
27143-2019,27143,2019,31,train,31,38
27145-2019,27145,2019,31,train,31,38
27145-2020,27145,2020,31,train,31,38
27145-2021,27145,2021,31,train,31,38
27147-2020,27147,2020,31,train,31,38
27147-2021,27147,2021,31,train,31,38
27149-2019,27149,2019,31,train,31,38
27149-2020,27149,2020,31,train,31,38
27149-2021,27149,2021,31,train,31,38
27151-2019,27151,2019,31,train,31,38
27151-2020,27151,2020,31,train,31,38
27153-2019,27153,2019,31,train,31,38
27153-2020,27153,2020,31,train,31,38
27153-2021,27153,2021,31,train,31,38
27155-2020,27155,2020,31,train,31,38
27155-2021,27155,2021,31,train,31,38
27157-2020,27157,2020,31,train,31,38
27159-2019,27159,2019,31,train,31,38
27159-2020,27159,2020,31,train,31,38
27159-2021,27159,2021,31,train,31,38
27161-2020,27161,2020,31,train,31,38
27161-2021,27161,2021,31,train,31,38
27163-2019,27163,2019,31,train,31,38
27163-2020,27163,2020,31,train,31,38
27167-2020,27167,2020,31,train,31,38
27167-2021,27167,2021,31,train,31,38
27169-2019,27169,2019,31,train,31,38
27169-2020,27169,2020,31,train,31,38
27169-2021,27169,2021,31,train,31,38
27173-2019,27173,2019,31,train,31,38
27173-2020,27173,2020,31,train,31,38
29001-2019,29001,2019,31,train,31,38
29001-2020,29001,2020,31,train,31,38
29001-2021,29001,2021,31,train,31,38
29003-2020,29003,2020,31,train,31,38
29005-2020,29005,2020,31,train,31,38
29005-2022,29005,2022,31,train,31,38
29007-2020,29007,2020,31,train,31,38
29011-2019,29011,2019,31,train,31,38
29013-2019,29013,2019,31,train,31,38
29015-2020,29015,2020,31,train,31,38
29017-2019,29017,2019,31,train,31,38
29017-2020,29017,2020,31,train,31,38
29017-2021,29017,2021,31,train,31,38
29019-2020,29019,2020,31,train,31,38
29021-2020,29021,2020,31,train,31,38
29021-2021,29021,2021,31,train,31,38
29021-2022,29021,2022,31,train,31,38
29023-2019,29023,2019,31,train,31,38
29023-2020,29023,2020,31,train,31,38
29023-2021,29023,2021,31,train,31,38
29025-2021,29025,2021,31,train,31,38
29027-2020,29027,2020,31,train,31,38
29031-2020,29031,2020,31,train,31,38
29031-2021,29031,2021,31,train,31,38
29037-2020,29037,2020,31,train,31,38
29037-2021,29037,2021,31,train,31,38
29039-2019,29039,2019,31,train,31,38
29039-2021,29039,2021,31,train,31,38
29041-2020,29041,2020,31,train,31,38
29045-2020,29045,2020,31,train,31,38
29047-2020,29047,2020,31,train,31,38
29047-2021,29047,2021,31,train,31,38
29049-2019,29049,2019,31,train,31,38
29049-2020,29049,2020,31,train,31,38
29049-2021,29049,2021,31,train,31,38
29051-2020,29051,2020,31,train,31,38
29053-2020,29053,2020,31,train,31,38
29053-2021,29053,2021,31,train,31,38
29057-2019,29057,2019,31,train,31,38
29061-2020,29061,2020,31,train,31,38
29061-2021,29061,2021,31,train,31,38
29069-2019,29069,2019,31,train,31,38
29069-2020,29069,2020,31,train,31,38
29069-2021,29069,2021,31,train,31,38
29071-2020,29071,2020,31,train,31,38
29073-2020,29073,2020,31,train,31,38
29075-2020,29075,2020,31,train,31,38
29081-2020,29081,2020,31,train,31,38
29081-2021,29081,2021,31,train,31,38
29083-2021,29083,2021,31,train,31,38
29087-2020,29087,2020,31,train,31,38
29089-2020,29089,2020,31,train,31,38
29089-2021,29089,2021,31,train,31,38
29095-2019,29095,2019,31,train,31,38
29095-2020,29095,2020,31,train,31,38
29101-2021,29101,2021,31,train,31,38
29103-2020,29103,2020,31,train,31,38
29109-2020,29109,2020,31,train,31,38
29109-2021,29109,2021,31,train,31,38
29111-2020,29111,2020,31,train,31,38
29111-2022,29111,2022,31,train,31,38
29113-2020,29113,2020,31,train,31,38
29113-2022,29113,2022,31,train,31,38
29115-2020,29115,2020,31,train,31,38
29115-2021,29115,2021,31,train,31,38
29121-2020,29121,2020,31,train,31,38
29127-2019,29127,2019,31,train,31,38
29127-2020,29127,2020,31,train,31,38
29127-2021,29127,2021,31,train,31,38
29127-2022,29127,2022,31,train,31,38
29133-2019,29133,2019,31,train,31,38
29133-2020,29133,2020,31,train,31,38
29133-2021,29133,2021,31,train,31,38
29135-2020,29135,2020,31,train,31,38
29137-2020,29137,2020,31,train,31,38
29137-2021,29137,2021,31,train,31,38
29139-2020,29139,2020,31,train,31,38
29141-2019,29141,2019,31,train,31,38
29141-2020,29141,2020,31,train,31,38
29143-2019,29143,2019,31,train,31,38
29145-2019,29145,2019,31,train,31,38
29145-2020,29145,2020,31,train,31,38
29145-2021,29145,2021,31,train,31,38
29151-2020,29151,2020,31,train,31,38
29155-2020,29155,2020,31,train,31,38
29155-2021,29155,2021,31,train,31,38
29157-2020,29157,2020,31,train,31,38
29157-2021,29157,2021,31,train,31,38
29157-2022,29157,2022,31,train,31,38
29159-2020,29159,2020,31,train,31,38
29163-2020,29163,2020,31,train,31,38
29163-2022,29163,2022,31,train,31,38
29165-2019,29165,2019,31,train,31,38
29165-2020,29165,2020,31,train,31,38
29165-2021,29165,2021,31,train,31,38
29173-2019,29173,2019,31,train,31,38
29173-2020,29173,2020,31,train,31,38
29173-2022,29173,2022,31,train,31,38
29175-2020,29175,2020,31,train,31,38
29195-2020,29195,2020,31,train,31,38
29197-2022,29197,2022,31,train,31,38
29199-2020,29199,2020,31,train,31,38
29199-2022,29199,2022,31,train,31,38
29201-2019,29201,2019,31,train,31,38
29201-2020,29201,2020,31,train,31,38
29201-2021,29201,2021,31,train,31,38
29205-2020,29205,2020,31,train,31,38
29205-2021,29205,2021,31,train,31,38
29207-2019,29207,2019,31,train,31,38
29207-2020,29207,2020,31,train,31,38
29207-2021,29207,2021,31,train,31,38
29211-2020,29211,2020,31,train,31,38
29219-2020,29219,2020,31,train,31,38
29227-2020,29227,2020,31,train,31,38
29227-2021,29227,2021,31,train,31,38
29227-2022,29227,2022,31,train,31,38
31001-2019,31001,2019,31,test,31,38
31001-2020,31001,2020,31,test,31,38
31001-2022,31001,2022,31,test,31,38
31011-2019,31011,2019,31,test,31,38
31011-2022,31011,2022,31,test,31,38
31013-2019,31013,2019,31,test,31,38
31013-2020,31013,2020,31,test,31,38
31013-2021,31013,2021,31,test,31,38
31015-2020,31015,2020,31,test,31,38
31015-2022,31015,2022,31,test,31,38
31017-2020,31017,2020,31,test,31,38
31017-2021,31017,2021,31,test,31,38
31019-2019,31019,2019,31,test,31,38
31019-2020,31019,2020,31,test,31,38
31019-2022,31019,2022,31,test,31,38
31021-2019,31021,2019,31,test,31,38
31021-2022,31021,2022,31,test,31,38
31023-2019,31023,2019,31,test,31,38
31023-2020,31023,2020,31,test,31,38
31023-2022,31023,2022,31,test,31,38
31025-2019,31025,2019,31,test,31,38
31025-2020,31025,2020,31,test,31,38
31025-2022,31025,2022,31,test,31,38
31027-2021,31027,2021,31,test,31,38
31027-2022,31027,2022,31,test,31,38
31029-2019,31029,2019,31,test,31,38
31029-2020,31029,2020,31,test,31,38
31029-2021,31029,2021,31,test,31,38
31031-2021,31031,2021,31,test,31,38
31033-2020,31033,2020,31,test,31,38
31035-2019,31035,2019,31,test,31,38
31035-2020,31035,2020,31,test,31,38
31035-2022,31035,2022,31,test,31,38
31037-2019,31037,2019,31,test,31,38
31037-2020,31037,2020,31,test,31,38
31037-2022,31037,2022,31,test,31,38
31039-2022,31039,2022,31,test,31,38
31041-2019,31041,2019,31,test,31,38
31041-2020,31041,2020,31,test,31,38
31043-2020,31043,2020,31,test,31,38
31043-2021,31043,2021,31,test,31,38
31043-2022,31043,2022,31,test,31,38
31045-2020,31045,2020,31,test,31,38
31047-2019,31047,2019,31,test,31,38
31047-2020,31047,2020,31,test,31,38
31047-2022,31047,2022,31,test,31,38
31049-2019,31049,2019,31,test,31,38
31049-2020,31049,2020,31,test,31,38
31051-2020,31051,2020,31,test,31,38
31053-2019,31053,2019,31,test,31,38
31053-2020,31053,2020,31,test,31,38
31053-2022,31053,2022,31,test,31,38
31055-2019,31055,2019,31,test,31,38
31055-2020,31055,2020,31,test,31,38
31055-2022,31055,2022,31,test,31,38
31057-2020,31057,2020,31,test,31,38
31057-2021,31057,2021,31,test,31,38
31059-2019,31059,2019,31,test,31,38
31059-2020,31059,2020,31,test,31,38
31059-2022,31059,2022,31,test,31,38
31061-2019,31061,2019,31,test,31,38
31061-2020,31061,2020,31,test,31,38
31061-2021,31061,2021,31,test,31,38
31061-2022,31061,2022,31,test,31,38
31063-2019,31063,2019,31,test,31,38
31063-2020,31063,2020,31,test,31,38
31063-2021,31063,2021,31,test,31,38
31063-2022,31063,2022,31,test,31,38
31065-2019,31065,2019,31,test,31,38
31065-2020,31065,2020,31,test,31,38
31065-2021,31065,2021,31,test,31,38
31065-2022,31065,2022,31,test,31,38
31067-2019,31067,2019,31,test,31,38
31067-2020,31067,2020,31,test,31,38
31067-2022,31067,2022,31,test,31,38
31069-2020,31069,2020,31,test,31,38
31071-2019,31071,2019,31,test,31,38
31071-2020,31071,2020,31,test,31,38
31071-2021,31071,2021,31,test,31,38
31071-2022,31071,2022,31,test,31,38
31073-2020,31073,2020,31,test,31,38
31073-2021,31073,2021,31,test,31,38
31073-2022,31073,2022,31,test,31,38
31077-2019,31077,2019,31,test,31,38
31077-2020,31077,2020,31,test,31,38
31077-2021,31077,2021,31,test,31,38
31077-2022,31077,2022,31,test,31,38
31079-2019,31079,2019,31,test,31,38
31079-2022,31079,2022,31,test,31,38
31081-2019,31081,2019,31,test,31,38
31081-2022,31081,2022,31,test,31,38
31083-2019,31083,2019,31,test,31,38
31083-2020,31083,2020,31,test,31,38
31083-2021,31083,2021,31,test,31,38
31083-2022,31083,2022,31,test,31,38
31085-2019,31085,2019,31,test,31,38
31085-2020,31085,2020,31,test,31,38
31085-2021,31085,2021,31,test,31,38
31087-2020,31087,2020,31,test,31,38
31089-2019,31089,2019,31,test,31,38
31089-2020,31089,2020,31,test,31,38
31089-2022,31089,2022,31,test,31,38
31093-2019,31093,2019,31,test,31,38
31093-2020,31093,2020,31,test,31,38
31093-2021,31093,2021,31,test,31,38
31093-2022,31093,2022,31,test,31,38
31095-2019,31095,2019,31,test,31,38
31095-2020,31095,2020,31,test,31,38
31095-2022,31095,2022,31,test,31,38
31097-2020,31097,2020,31,test,31,38
31097-2022,31097,2022,31,test,31,38
31099-2019,31099,2019,31,test,31,38
31099-2020,31099,2020,31,test,31,38
31099-2022,31099,2022,31,test,31,38
31101-2020,31101,2020,31,test,31,38
31101-2021,31101,2021,31,test,31,38
31103-2020,31103,2020,31,test,31,38
31107-2020,31107,2020,31,test,31,38
31107-2021,31107,2021,31,test,31,38
31107-2022,31107,2022,31,test,31,38
31109-2019,31109,2019,31,test,31,38
31109-2020,31109,2020,31,test,31,38
31109-2022,31109,2022,31,test,31,38
31111-2019,31111,2019,31,test,31,38
31111-2020,31111,2020,31,test,31,38
31111-2021,31111,2021,31,test,31,38
31111-2022,31111,2022,31,test,31,38
31113-2019,31113,2019,31,test,31,38
31113-2020,31113,2020,31,test,31,38
31115-2020,31115,2020,31,test,31,38
31119-2022,31119,2022,31,test,31,38
31121-2019,31121,2019,31,test,31,38
31123-2019,31123,2019,31,test,31,38
31123-2020,31123,2020,31,test,31,38
31123-2021,31123,2021,31,test,31,38
31125-2019,31125,2019,31,test,31,38
31125-2020,31125,2020,31,test,31,38
31125-2022,31125,2022,31,test,31,38
31127-2020,31127,2020,31,test,31,38
31127-2022,31127,2022,31,test,31,38
31129-2020,31129,2020,31,test,31,38
31129-2022,31129,2022,31,test,31,38
31131-2019,31131,2019,31,test,31,38
31131-2020,31131,2020,31,test,31,38
31131-2022,31131,2022,31,test,31,38
31135-2019,31135,2019,31,test,31,38
31135-2020,31135,2020,31,test,31,38
31135-2021,31135,2021,31,test,31,38
31137-2019,31137,2019,31,test,31,38
31137-2020,31137,2020,31,test,31,38
31137-2021,31137,2021,31,test,31,38
31137-2022,31137,2022,31,test,31,38
31139-2020,31139,2020,31,test,31,38
31139-2021,31139,2021,31,test,31,38
31139-2022,31139,2022,31,test,31,38
31141-2019,31141,2019,31,test,31,38
31141-2020,31141,2020,31,test,31,38
31141-2021,31141,2021,31,test,31,38
31141-2022,31141,2022,31,test,31,38
31143-2020,31143,2020,31,test,31,38
31143-2022,31143,2022,31,test,31,38
31145-2019,31145,2019,31,test,31,38
31145-2020,31145,2020,31,test,31,38
31145-2021,31145,2021,31,test,31,38
31147-2020,31147,2020,31,test,31,38
31147-2022,31147,2022,31,test,31,38
31149-2019,31149,2019,31,test,31,38
31149-2020,31149,2020,31,test,31,38
31149-2021,31149,2021,31,test,31,38
31151-2019,31151,2019,31,test,31,38
31151-2020,31151,2020,31,test,31,38
31151-2022,31151,2022,31,test,31,38
31153-2020,31153,2020,31,test,31,38
31153-2022,31153,2022,31,test,31,38
31155-2019,31155,2019,31,test,31,38
31155-2020,31155,2020,31,test,31,38
31155-2022,31155,2022,31,test,31,38
31157-2019,31157,2019,31,test,31,38
31157-2020,31157,2020,31,test,31,38
31157-2021,31157,2021,31,test,31,38
31159-2019,31159,2019,31,test,31,38
31159-2020,31159,2020,31,test,31,38
31159-2022,31159,2022,31,test,31,38
31161-2020,31161,2020,31,test,31,38
31161-2021,31161,2021,31,test,31,38
31163-2019,31163,2019,31,test,31,38
31163-2020,31163,2020,31,test,31,38
31163-2021,31163,2021,31,test,31,38
31163-2022,31163,2022,31,test,31,38
31165-2019,31165,2019,31,test,31,38
31165-2020,31165,2020,31,test,31,38
31165-2021,31165,2021,31,test,31,38
31167-2019,31167,2019,31,test,31,38
31167-2022,31167,2022,31,test,31,38
31169-2019,31169,2019,31,test,31,38
31169-2020,31169,2020,31,test,31,38
31169-2021,31169,2021,31,test,31,38
31169-2022,31169,2022,31,test,31,38
31173-2019,31173,2019,31,test,31,38
31173-2022,31173,2022,31,test,31,38
31175-2019,31175,2019,31,test,31,38
31175-2020,31175,2020,31,test,31,38
31175-2021,31175,2021,31,test,31,38
31175-2022,31175,2022,31,test,31,38
31177-2019,31177,2019,31,test,31,38
31177-2020,31177,2020,31,test,31,38
31177-2022,31177,2022,31,test,31,38
31179-2019,31179,2019,31,test,31,38
31179-2021,31179,2021,31,test,31,38
31179-2022,31179,2022,31,test,31,38
31181-2020,31181,2020,31,test,31,38
31181-2022,31181,2022,31,test,31,38
31183-2020,31183,2020,31,test,31,38
31185-2019,31185,2019,31,test,31,38
31185-2020,31185,2020,31,test,31,38
31185-2022,31185,2022,31,test,31,38
38001-2020,38001,2020,31,val,31,38
38001-2021,38001,2021,31,val,31,38
38003-2020,38003,2020,31,val,31,38
38003-2021,38003,2021,31,val,31,38
38005-2020,38005,2020,31,val,31,38
38005-2021,38005,2021,31,val,31,38
38007-2020,38007,2020,31,val,31,38
38007-2021,38007,2021,31,val,31,38
38009-2020,38009,2020,31,val,31,38
38009-2021,38009,2021,31,val,31,38
38011-2020,38011,2020,31,val,31,38
38015-2019,38015,2019,31,val,31,38
38015-2020,38015,2020,31,val,31,38
38017-2019,38017,2019,31,val,31,38
38017-2020,38017,2020,31,val,31,38
38017-2021,38017,2021,31,val,31,38
38021-2020,38021,2020,31,val,31,38
38021-2021,38021,2021,31,val,31,38
38025-2020,38025,2020,31,val,31,38
38025-2021,38025,2021,31,val,31,38
38027-2020,38027,2020,31,val,31,38
38027-2021,38027,2021,31,val,31,38
38029-2020,38029,2020,31,val,31,38
38029-2021,38029,2021,31,val,31,38
38031-2020,38031,2020,31,val,31,38
38031-2021,38031,2021,31,val,31,38
38033-2021,38033,2021,31,val,31,38
38035-2019,38035,2019,31,val,31,38
38035-2020,38035,2020,31,val,31,38
38035-2021,38035,2021,31,val,31,38
38037-2020,38037,2020,31,val,31,38
38037-2021,38037,2021,31,val,31,38
38041-2019,38041,2019,31,val,31,38
38041-2020,38041,2020,31,val,31,38
38041-2021,38041,2021,31,val,31,38
38043-2019,38043,2019,31,val,31,38
38043-2020,38043,2020,31,val,31,38
38043-2021,38043,2021,31,val,31,38
38047-2020,38047,2020,31,val,31,38
38047-2021,38047,2021,31,val,31,38
38057-2020,38057,2020,31,val,31,38
38057-2021,38057,2021,31,val,31,38
38059-2020,38059,2020,31,val,31,38
38061-2019,38061,2019,31,val,31,38
38061-2020,38061,2020,31,val,31,38
38063-2020,38063,2020,31,val,31,38
38065-2020,38065,2020,31,val,31,38
38067-2020,38067,2020,31,val,31,38
38067-2021,38067,2021,31,val,31,38
38069-2020,38069,2020,31,val,31,38
38069-2021,38069,2021,31,val,31,38
38071-2020,38071,2020,31,val,31,38
38071-2021,38071,2021,31,val,31,38
38073-2020,38073,2020,31,val,31,38
38073-2021,38073,2021,31,val,31,38
38075-2020,38075,2020,31,val,31,38
38075-2021,38075,2021,31,val,31,38
38077-2019,38077,2019,31,val,31,38
38077-2020,38077,2020,31,val,31,38
38077-2021,38077,2021,31,val,31,38
38079-2021,38079,2021,31,val,31,38
38081-2019,38081,2019,31,val,31,38
38081-2020,38081,2020,31,val,31,38
38081-2021,38081,2021,31,val,31,38
38083-2019,38083,2019,31,val,31,38
38083-2020,38083,2020,31,val,31,38
38087-2019,38087,2019,31,val,31,38
38087-2020,38087,2020,31,val,31,38
38087-2021,38087,2021,31,val,31,38
38089-2020,38089,2020,31,val,31,38
38089-2021,38089,2021,31,val,31,38
38091-2019,38091,2019,31,val,31,38
38091-2020,38091,2020,31,val,31,38
38091-2021,38091,2021,31,val,31,38
38093-2019,38093,2019,31,val,31,38
38093-2020,38093,2020,31,val,31,38
38093-2021,38093,2021,31,val,31,38
38095-2020,38095,2020,31,val,31,38
38095-2021,38095,2021,31,val,31,38
38097-2020,38097,2020,31,val,31,38
38099-2020,38099,2020,31,val,31,38
38099-2021,38099,2021,31,val,31,38
38101-2019,38101,2019,31,val,31,38
38101-2020,38101,2020,31,val,31,38
38101-2021,38101,2021,31,val,31,38
38103-2020,38103,2020,31,val,31,38
38103-2021,38103,2021,31,val,31,38
38105-2021,38105,2021,31,val,31,38
39001-2020,39001,2020,31,train,31,38
39001-2022,39001,2022,31,train,31,38
39003-2020,39003,2020,31,train,31,38
39003-2022,39003,2022,31,train,31,38
39005-2019,39005,2019,31,train,31,38
39005-2020,39005,2020,31,train,31,38
39005-2021,39005,2021,31,train,31,38
39007-2019,39007,2019,31,train,31,38
39007-2021,39007,2021,31,train,31,38
39011-2019,39011,2019,31,train,31,38
39011-2020,39011,2020,31,train,31,38
39011-2021,39011,2021,31,train,31,38
39011-2022,39011,2022,31,train,31,38
39015-2022,39015,2022,31,train,31,38
39017-2020,39017,2020,31,train,31,38
39017-2022,39017,2022,31,train,31,38
39021-2019,39021,2019,31,train,31,38
39021-2020,39021,2020,31,train,31,38
39021-2022,39021,2022,31,train,31,38
39023-2022,39023,2022,31,train,31,38
39025-2022,39025,2022,31,train,31,38
39027-2022,39027,2022,31,train,31,38
39029-2019,39029,2019,31,train,31,38
39031-2019,39031,2019,31,train,31,38
39031-2020,39031,2020,31,train,31,38
39031-2021,39031,2021,31,train,31,38
39031-2022,39031,2022,31,train,31,38
39033-2022,39033,2022,31,train,31,38
39037-2019,39037,2019,31,train,31,38
39037-2020,39037,2020,31,train,31,38
39037-2021,39037,2021,31,train,31,38
39037-2022,39037,2022,31,train,31,38
39039-2019,39039,2019,31,train,31,38
39039-2020,39039,2020,31,train,31,38
39039-2022,39039,2022,31,train,31,38
39041-2022,39041,2022,31,train,31,38
39043-2020,39043,2020,31,train,31,38
39043-2022,39043,2022,31,train,31,38
39045-2019,39045,2019,31,train,31,38
39045-2020,39045,2020,31,train,31,38
39045-2022,39045,2022,31,train,31,38
39047-2020,39047,2020,31,train,31,38
39047-2022,39047,2022,31,train,31,38
39049-2022,39049,2022,31,train,31,38
39051-2019,39051,2019,31,train,31,38
39051-2020,39051,2020,31,train,31,38
39051-2022,39051,2022,31,train,31,38
39053-2019,39053,2019,31,train,31,38
39053-2020,39053,2020,31,train,31,38
39053-2021,39053,2021,31,train,31,38
39057-2022,39057,2022,31,train,31,38
39061-2020,39061,2020,31,train,31,38
39063-2020,39063,2020,31,train,31,38
39063-2022,39063,2022,31,train,31,38
39065-2019,39065,2019,31,train,31,38
39065-2020,39065,2020,31,train,31,38
39065-2021,39065,2021,31,train,31,38
39065-2022,39065,2022,31,train,31,38
39069-2020,39069,2020,31,train,31,38
39069-2022,39069,2022,31,train,31,38
39071-2022,39071,2022,31,train,31,38
39075-2019,39075,2019,31,train,31,38
39075-2020,39075,2020,31,train,31,38
39075-2021,39075,2021,31,train,31,38
39075-2022,39075,2022,31,train,31,38
39077-2022,39077,2022,31,train,31,38
39079-2022,39079,2022,31,train,31,38
39083-2019,39083,2019,31,train,31,38
39083-2020,39083,2020,31,train,31,38
39083-2021,39083,2021,31,train,31,38
39083-2022,39083,2022,31,train,31,38
39089-2020,39089,2020,31,train,31,38
39089-2021,39089,2021,31,train,31,38
39089-2022,39089,2022,31,train,31,38
39091-2019,39091,2019,31,train,31,38
39091-2020,39091,2020,31,train,31,38
39091-2021,39091,2021,31,train,31,38
39091-2022,39091,2022,31,train,31,38
39093-2020,39093,2020,31,train,31,38
39093-2021,39093,2021,31,train,31,38
39093-2022,39093,2022,31,train,31,38
39095-2019,39095,2019,31,train,31,38
39095-2020,39095,2020,31,train,31,38
39095-2022,39095,2022,31,train,31,38
39097-2020,39097,2020,31,train,31,38
39097-2022,39097,2022,31,train,31,38
39099-2019,39099,2019,31,train,31,38
39101-2019,39101,2019,31,train,31,38
39101-2020,39101,2020,31,train,31,38
39101-2022,39101,2022,31,train,31,38
39103-2019,39103,2019,31,train,31,38
39103-2020,39103,2020,31,train,31,38
39103-2021,39103,2021,31,train,31,38
39103-2022,39103,2022,31,train,31,38
39107-2019,39107,2019,31,train,31,38
39107-2020,39107,2020,31,train,31,38
39107-2021,39107,2021,31,train,31,38
39107-2022,39107,2022,31,train,31,38
39109-2019,39109,2019,31,train,31,38
39109-2020,39109,2020,31,train,31,38
39109-2022,39109,2022,31,train,31,38
39113-2019,39113,2019,31,train,31,38
39117-2022,39117,2022,31,train,31,38
39119-2019,39119,2019,31,train,31,38
39119-2020,39119,2020,31,train,31,38
39119-2021,39119,2021,31,train,31,38
39119-2022,39119,2022,31,train,31,38
39123-2020,39123,2020,31,train,31,38
39123-2022,39123,2022,31,train,31,38
39125-2020,39125,2020,31,train,31,38
39125-2022,39125,2022,31,train,31,38
39127-2020,39127,2020,31,train,31,38
39127-2021,39127,2021,31,train,31,38
39129-2019,39129,2019,31,train,31,38
39129-2020,39129,2020,31,train,31,38
39129-2021,39129,2021,31,train,31,38
39129-2022,39129,2022,31,train,31,38
39131-2019,39131,2019,31,train,31,38
39131-2021,39131,2021,31,train,31,38
39131-2022,39131,2022,31,train,31,38
39133-2019,39133,2019,31,train,31,38
39133-2021,39133,2021,31,train,31,38
39135-2019,39135,2019,31,train,31,38
39135-2020,39135,2020,31,train,31,38
39135-2021,39135,2021,31,train,31,38
39135-2022,39135,2022,31,train,31,38
39137-2019,39137,2019,31,train,31,38
39137-2020,39137,2020,31,train,31,38
39137-2022,39137,2022,31,train,31,38
39139-2019,39139,2019,31,train,31,38
39139-2020,39139,2020,31,train,31,38
39139-2022,39139,2022,31,train,31,38
39141-2019,39141,2019,31,train,31,38
39141-2021,39141,2021,31,train,31,38
39141-2022,39141,2022,31,train,31,38
39143-2019,39143,2019,31,train,31,38
39143-2020,39143,2020,31,train,31,38
39143-2022,39143,2022,31,train,31,38
39145-2019,39145,2019,31,train,31,38
39145-2020,39145,2020,31,train,31,38
39145-2021,39145,2021,31,train,31,38
39147-2019,39147,2019,31,train,31,38
39147-2020,39147,2020,31,train,31,38
39147-2022,39147,2022,31,train,31,38
39149-2019,39149,2019,31,train,31,38
39149-2020,39149,2020,31,train,31,38
39149-2022,39149,2022,31,train,31,38
39151-2019,39151,2019,31,train,31,38
39151-2020,39151,2020,31,train,31,38
39151-2021,39151,2021,31,train,31,38
39155-2019,39155,2019,31,train,31,38
39157-2019,39157,2019,31,train,31,38
39157-2020,39157,2020,31,train,31,38
39157-2021,39157,2021,31,train,31,38
39159-2019,39159,2019,31,train,31,38
39159-2022,39159,2022,31,train,31,38
39161-2019,39161,2019,31,train,31,38
39161-2020,39161,2020,31,train,31,38
39161-2022,39161,2022,31,train,31,38
39165-2019,39165,2019,31,train,31,38
39165-2020,39165,2020,31,train,31,38
39165-2022,39165,2022,31,train,31,38
39167-2019,39167,2019,31,train,31,38
39167-2020,39167,2020,31,train,31,38
39167-2021,39167,2021,31,train,31,38
39169-2019,39169,2019,31,train,31,38
39169-2020,39169,2020,31,train,31,38
39169-2021,39169,2021,31,train,31,38
39169-2022,39169,2022,31,train,31,38
39171-2019,39171,2019,31,train,31,38
39171-2020,39171,2020,31,train,31,38
39171-2022,39171,2022,31,train,31,38
39173-2020,39173,2020,31,train,31,38
39173-2022,39173,2022,31,train,31,38
39175-2019,39175,2019,31,train,31,38
39175-2020,39175,2020,31,train,31,38
39175-2022,39175,2022,31,train,31,38
46003-2020,46003,2020,31,train,31,38
46003-2021,46003,2021,31,train,31,38
46005-2020,46005,2020,31,train,31,38
46005-2021,46005,2021,31,train,31,38
46007-2020,46007,2020,31,train,31,38
46007-2021,46007,2021,31,train,31,38
46009-2020,46009,2020,31,train,31,38
46009-2021,46009,2021,31,train,31,38
46009-2022,46009,2022,31,train,31,38
46011-2020,46011,2020,31,train,31,38
46011-2021,46011,2021,31,train,31,38
46013-2020,46013,2020,31,train,31,38
46013-2021,46013,2021,31,train,31,38
46015-2020,46015,2020,31,train,31,38
46015-2021,46015,2021,31,train,31,38
46017-2020,46017,2020,31,train,31,38
46017-2021,46017,2021,31,train,31,38
46019-2020,46019,2020,31,train,31,38
46019-2021,46019,2021,31,train,31,38
46021-2020,46021,2020,31,train,31,38
46021-2021,46021,2021,31,train,31,38
46023-2020,46023,2020,31,train,31,38
46023-2021,46023,2021,31,train,31,38
46023-2022,46023,2022,31,train,31,38
46025-2020,46025,2020,31,train,31,38
46025-2021,46025,2021,31,train,31,38
46027-2020,46027,2020,31,train,31,38
46027-2021,46027,2021,31,train,31,38
46027-2022,46027,2022,31,train,31,38
46029-2020,46029,2020,31,train,31,38
46029-2021,46029,2021,31,train,31,38
46031-2020,46031,2020,31,train,31,38
46031-2021,46031,2021,31,train,31,38
46035-2020,46035,2020,31,train,31,38
46037-2020,46037,2020,31,train,31,38
46037-2021,46037,2021,31,train,31,38
46039-2020,46039,2020,31,train,31,38
46041-2020,46041,2020,31,train,31,38
46043-2020,46043,2020,31,train,31,38
46043-2021,46043,2021,31,train,31,38
46045-2019,46045,2019,31,train,31,38
46045-2020,46045,2020,31,train,31,38
46049-2020,46049,2020,31,train,31,38
46049-2021,46049,2021,31,train,31,38
46051-2020,46051,2020,31,train,31,38
46051-2021,46051,2021,31,train,31,38
46053-2020,46053,2020,31,train,31,38
46053-2021,46053,2021,31,train,31,38
46057-2020,46057,2020,31,train,31,38
46057-2021,46057,2021,31,train,31,38
46059-2020,46059,2020,31,train,31,38
46059-2021,46059,2021,31,train,31,38
46061-2020,46061,2020,31,train,31,38
46061-2021,46061,2021,31,train,31,38
46063-2021,46063,2021,31,train,31,38
46065-2020,46065,2020,31,train,31,38
46065-2021,46065,2021,31,train,31,38
46067-2020,46067,2020,31,train,31,38
46067-2021,46067,2021,31,train,31,38
46069-2020,46069,2020,31,train,31,38
46073-2020,46073,2020,31,train,31,38
46073-2021,46073,2021,31,train,31,38
46075-2020,46075,2020,31,train,31,38
46077-2020,46077,2020,31,train,31,38
46077-2021,46077,2021,31,train,31,38
46079-2020,46079,2020,31,train,31,38
46079-2021,46079,2021,31,train,31,38
46083-2019,46083,2019,31,train,31,38
46083-2020,46083,2020,31,train,31,38
46083-2021,46083,2021,31,train,31,38
46083-2022,46083,2022,31,train,31,38
46085-2019,46085,2019,31,train,31,38
46085-2020,46085,2020,31,train,31,38
46085-2021,46085,2021,31,train,31,38
46091-2020,46091,2020,31,train,31,38
46091-2021,46091,2021,31,train,31,38
46093-2021,46093,2021,31,train,31,38
46095-2020,46095,2020,31,train,31,38
46097-2020,46097,2020,31,train,31,38
46097-2021,46097,2021,31,train,31,38
46099-2019,46099,2019,31,train,31,38
46099-2020,46099,2020,31,train,31,38
46099-2022,46099,2022,31,train,31,38
46101-2020,46101,2020,31,train,31,38
46102-2020,46102,2020,31,train,31,38
46102-2021,46102,2021,31,train,31,38
46103-2021,46103,2021,31,train,31,38
46107-2020,46107,2020,31,train,31,38
46107-2021,46107,2021,31,train,31,38
46109-2020,46109,2020,31,train,31,38
46111-2020,46111,2020,31,train,31,38
46111-2021,46111,2021,31,train,31,38
46115-2020,46115,2020,31,train,31,38
46119-2020,46119,2020,31,train,31,38
46119-2021,46119,2021,31,train,31,38
46121-2021,46121,2021,31,train,31,38
46123-2020,46123,2020,31,train,31,38
46123-2021,46123,2021,31,train,31,38
46125-2020,46125,2020,31,train,31,38
46125-2021,46125,2021,31,train,31,38
46125-2022,46125,2022,31,train,31,38
46127-2019,46127,2019,31,train,31,38
46127-2020,46127,2020,31,train,31,38
46127-2022,46127,2022,31,train,31,38
46129-2020,46129,2020,31,train,31,38
46129-2021,46129,2021,31,train,31,38
46135-2021,46135,2021,31,train,31,38
46135-2022,46135,2022,31,train,31,38
46137-2019,46137,2019,31,train,31,38
46137-2020,46137,2020,31,train,31,38
55001-2019,55001,2019,31,train,31,38
55001-2020,55001,2020,31,train,31,38
55005-2020,55005,2020,31,train,31,38
55009-2020,55009,2020,31,train,31,38
55011-2020,55011,2020,31,train,31,38
55013-2020,55013,2020,31,train,31,38
55015-2020,55015,2020,31,train,31,38
55017-2019,55017,2019,31,train,31,38
55017-2020,55017,2020,31,train,31,38
55017-2021,55017,2021,31,train,31,38
55019-2019,55019,2019,31,train,31,38
55019-2020,55019,2020,31,train,31,38
55019-2021,55019,2021,31,train,31,38
55021-2019,55021,2019,31,train,31,38
55021-2020,55021,2020,31,train,31,38
55021-2021,55021,2021,31,train,31,38
55023-2019,55023,2019,31,train,31,38
55023-2020,55023,2020,31,train,31,38
55023-2021,55023,2021,31,train,31,38
55023-2022,55023,2022,31,train,31,38
55025-2019,55025,2019,31,train,31,38
55025-2020,55025,2020,31,train,31,38
55025-2021,55025,2021,31,train,31,38
55025-2022,55025,2022,31,train,31,38
55027-2019,55027,2019,31,train,31,38
55027-2020,55027,2020,31,train,31,38
55029-2019,55029,2019,31,train,31,38
55029-2020,55029,2020,31,train,31,38
55029-2021,55029,2021,31,train,31,38
55033-2020,55033,2020,31,train,31,38
55035-2019,55035,2019,31,train,31,38
55035-2020,55035,2020,31,train,31,38
55035-2021,55035,2021,31,train,31,38
55043-2019,55043,2019,31,train,31,38
55043-2020,55043,2020,31,train,31,38
55043-2021,55043,2021,31,train,31,38
55043-2022,55043,2022,31,train,31,38
55045-2019,55045,2019,31,train,31,38
55045-2020,55045,2020,31,train,31,38
55045-2021,55045,2021,31,train,31,38
55045-2022,55045,2022,31,train,31,38
55047-2019,55047,2019,31,train,31,38
55047-2020,55047,2020,31,train,31,38
55047-2021,55047,2021,31,train,31,38
55049-2020,55049,2020,31,train,31,38
55049-2022,55049,2022,31,train,31,38
55053-2019,55053,2019,31,train,31,38
55053-2020,55053,2020,31,train,31,38
55053-2021,55053,2021,31,train,31,38
55055-2019,55055,2019,31,train,31,38
55055-2020,55055,2020,31,train,31,38
55055-2022,55055,2022,31,train,31,38
55057-2019,55057,2019,31,train,31,38
55057-2020,55057,2020,31,train,31,38
55057-2021,55057,2021,31,train,31,38
55059-2020,55059,2020,31,train,31,38
55059-2022,55059,2022,31,train,31,38
55061-2020,55061,2020,31,train,31,38
55063-2019,55063,2019,31,train,31,38
55063-2020,55063,2020,31,train,31,38
55063-2021,55063,2021,31,train,31,38
55065-2020,55065,2020,31,train,31,38
55065-2022,55065,2022,31,train,31,38
55067-2020,55067,2020,31,train,31,38
55067-2021,55067,2021,31,train,31,38
55069-2020,55069,2020,31,train,31,38
55069-2021,55069,2021,31,train,31,38
55071-2019,55071,2019,31,train,31,38
55071-2020,55071,2020,31,train,31,38
55073-2020,55073,2020,31,train,31,38
55073-2021,55073,2021,31,train,31,38
55075-2019,55075,2019,31,train,31,38
55075-2020,55075,2020,31,train,31,38
55075-2021,55075,2021,31,train,31,38
55077-2020,55077,2020,31,train,31,38
55079-2020,55079,2020,31,train,31,38
55081-2019,55081,2019,31,train,31,38
55081-2020,55081,2020,31,train,31,38
55081-2021,55081,2021,31,train,31,38
55083-2019,55083,2019,31,train,31,38
55083-2020,55083,2020,31,train,31,38
55083-2021,55083,2021,31,train,31,38
55087-2019,55087,2019,31,train,31,38
55087-2020,55087,2020,31,train,31,38
55089-2019,55089,2019,31,train,31,38
55089-2020,55089,2020,31,train,31,38
55091-2020,55091,2020,31,train,31,38
55093-2020,55093,2020,31,train,31,38
55095-2020,55095,2020,31,train,31,38
55097-2019,55097,2019,31,train,31,38
55097-2020,55097,2020,31,train,31,38
55101-2019,55101,2019,31,train,31,38
55101-2020,55101,2020,31,train,31,38
55101-2022,55101,2022,31,train,31,38
55103-2019,55103,2019,31,train,31,38
55103-2020,55103,2020,31,train,31,38
55103-2021,55103,2021,31,train,31,38
55103-2022,55103,2022,31,train,31,38
55105-2019,55105,2019,31,train,31,38
55105-2020,55105,2020,31,train,31,38
55105-2021,55105,2021,31,train,31,38
55105-2022,55105,2022,31,train,31,38
55107-2019,55107,2019,31,train,31,38
55107-2020,55107,2020,31,train,31,38
55107-2021,55107,2021,31,train,31,38
55111-2019,55111,2019,31,train,31,38
55111-2020,55111,2020,31,train,31,38
55111-2021,55111,2021,31,train,31,38
55113-2020,55113,2020,31,train,31,38
55113-2021,55113,2021,31,train,31,38
55115-2019,55115,2019,31,train,31,38
55115-2020,55115,2020,31,train,31,38
55115-2021,55115,2021,31,train,31,38
55117-2019,55117,2019,31,train,31,38
55117-2020,55117,2020,31,train,31,38
55119-2020,55119,2020,31,train,31,38
55119-2021,55119,2021,31,train,31,38
55121-2019,55121,2019,31,train,31,38
55121-2020,55121,2020,31,train,31,38
55121-2021,55121,2021,31,train,31,38
55123-2019,55123,2019,31,train,31,38
55123-2020,55123,2020,31,train,31,38
55123-2021,55123,2021,31,train,31,38
55123-2022,55123,2022,31,train,31,38
55127-2019,55127,2019,31,train,31,38
55127-2020,55127,2020,31,train,31,38
55127-2022,55127,2022,31,train,31,38
55129-2019,55129,2019,31,train,31,38
55129-2020,55129,2020,31,train,31,38
55131-2019,55131,2019,31,train,31,38
55131-2020,55131,2020,31,train,31,38
55133-2019,55133,2019,31,train,31,38
55133-2020,55133,2020,31,train,31,38
55133-2022,55133,2022,31,train,31,38
55135-2019,55135,2019,31,train,31,38
55135-2020,55135,2020,31,train,31,38
55137-2019,55137,2019,31,train,31,38
55137-2020,55137,2020,31,train,31,38
55137-2021,55137,2021,31,train,31,38
55139-2019,55139,2019,31,train,31,38
55139-2020,55139,2020,31,train,31,38
55141-2019,55141,2019,31,train,31,38
55141-2020,55141,2020,31,train,31,38
17001-2020,17001,2020,38,train,38,39
17001-2022,17001,2022,38,train,38,39
17003-2019,17003,2019,38,train,38,39
17003-2020,17003,2020,38,train,38,39
17005-2019,17005,2019,38,train,38,39
17005-2020,17005,2020,38,train,38,39
17005-2021,17005,2021,38,train,38,39
17005-2022,17005,2022,38,train,38,39
17007-2019,17007,2019,38,train,38,39
17007-2020,17007,2020,38,train,38,39
17007-2022,17007,2022,38,train,38,39
17009-2020,17009,2020,38,train,38,39
17009-2022,17009,2022,38,train,38,39
17011-2019,17011,2019,38,train,38,39
17011-2020,17011,2020,38,train,38,39
17011-2021,17011,2021,38,train,38,39
17011-2022,17011,2022,38,train,38,39
17013-2020,17013,2020,38,train,38,39
17013-2022,17013,2022,38,train,38,39
17015-2020,17015,2020,38,train,38,39
17015-2022,17015,2022,38,train,38,39
17017-2019,17017,2019,38,train,38,39
17017-2020,17017,2020,38,train,38,39
17017-2021,17017,2021,38,train,38,39
17017-2022,17017,2022,38,train,38,39
17019-2021,17019,2021,38,train,38,39
17019-2022,17019,2022,38,train,38,39
17021-2020,17021,2020,38,train,38,39
17021-2021,17021,2021,38,train,38,39
17021-2022,17021,2022,38,train,38,39
17023-2020,17023,2020,38,train,38,39
17023-2022,17023,2022,38,train,38,39
17025-2019,17025,2019,38,train,38,39
17025-2020,17025,2020,38,train,38,39
17025-2021,17025,2021,38,train,38,39
17025-2022,17025,2022,38,train,38,39
17027-2019,17027,2019,38,train,38,39
17027-2020,17027,2020,38,train,38,39
17027-2021,17027,2021,38,train,38,39
17027-2022,17027,2022,38,train,38,39
17029-2019,17029,2019,38,train,38,39
17029-2021,17029,2021,38,train,38,39
17031-2019,17031,2019,38,train,38,39
17033-2019,17033,2019,38,train,38,39
17033-2020,17033,2020,38,train,38,39
17033-2022,17033,2022,38,train,38,39
17035-2019,17035,2019,38,train,38,39
17035-2022,17035,2022,38,train,38,39
17039-2020,17039,2020,38,train,38,39
17039-2021,17039,2021,38,train,38,39
17039-2022,17039,2022,38,train,38,39
17041-2019,17041,2019,38,train,38,39
17041-2022,17041,2022,38,train,38,39
17045-2020,17045,2020,38,train,38,39
17045-2021,17045,2021,38,train,38,39
17045-2022,17045,2022,38,train,38,39
17047-2020,17047,2020,38,train,38,39
17047-2021,17047,2021,38,train,38,39
17047-2022,17047,2022,38,train,38,39
17049-2021,17049,2021,38,train,38,39
17049-2022,17049,2022,38,train,38,39
17051-2019,17051,2019,38,train,38,39
17051-2020,17051,2020,38,train,38,39
17051-2021,17051,2021,38,train,38,39
17053-2019,17053,2019,38,train,38,39
17053-2020,17053,2020,38,train,38,39
17053-2021,17053,2021,38,train,38,39
17053-2022,17053,2022,38,train,38,39
17055-2019,17055,2019,38,train,38,39
17055-2020,17055,2020,38,train,38,39
17055-2021,17055,2021,38,train,38,39
17055-2022,17055,2022,38,train,38,39
17057-2020,17057,2020,38,train,38,39
17057-2021,17057,2021,38,train,38,39
17057-2022,17057,2022,38,train,38,39
17059-2019,17059,2019,38,train,38,39
17059-2020,17059,2020,38,train,38,39
17059-2021,17059,2021,38,train,38,39
17059-2022,17059,2022,38,train,38,39
17061-2020,17061,2020,38,train,38,39
17061-2021,17061,2021,38,train,38,39
17061-2022,17061,2022,38,train,38,39
17063-2019,17063,2019,38,train,38,39
17063-2020,17063,2020,38,train,38,39
17063-2022,17063,2022,38,train,38,39
17065-2020,17065,2020,38,train,38,39
17065-2022,17065,2022,38,train,38,39
17067-2020,17067,2020,38,train,38,39
17067-2022,17067,2022,38,train,38,39
17071-2020,17071,2020,38,train,38,39
17071-2022,17071,2022,38,train,38,39
17073-2020,17073,2020,38,train,38,39
17073-2022,17073,2022,38,train,38,39
17075-2019,17075,2019,38,train,38,39
17075-2020,17075,2020,38,train,38,39
17075-2021,17075,2021,38,train,38,39
17075-2022,17075,2022,38,train,38,39
17077-2019,17077,2019,38,train,38,39
17077-2020,17077,2020,38,train,38,39
17077-2021,17077,2021,38,train,38,39
17077-2022,17077,2022,38,train,38,39
17079-2019,17079,2019,38,train,38,39
17079-2020,17079,2020,38,train,38,39
17079-2022,17079,2022,38,train,38,39
17081-2019,17081,2019,38,train,38,39
17081-2021,17081,2021,38,train,38,39
17081-2022,17081,2022,38,train,38,39
17083-2020,17083,2020,38,train,38,39
17083-2022,17083,2022,38,train,38,39
17085-2020,17085,2020,38,train,38,39
17085-2022,17085,2022,38,train,38,39
17087-2020,17087,2020,38,train,38,39
17089-2019,17089,2019,38,train,38,39
17089-2020,17089,2020,38,train,38,39
17089-2022,17089,2022,38,train,38,39
17091-2020,17091,2020,38,train,38,39
17091-2022,17091,2022,38,train,38,39
17093-2019,17093,2019,38,train,38,39
17093-2020,17093,2020,38,train,38,39
17093-2022,17093,2022,38,train,38,39
17095-2020,17095,2020,38,train,38,39
17095-2022,17095,2022,38,train,38,39
17097-2019,17097,2019,38,train,38,39
17097-2020,17097,2020,38,train,38,39
17101-2019,17101,2019,38,train,38,39
17101-2020,17101,2020,38,train,38,39
17101-2022,17101,2022,38,train,38,39
17103-2019,17103,2019,38,train,38,39
17103-2020,17103,2020,38,train,38,39
17103-2022,17103,2022,38,train,38,39
17105-2019,17105,2019,38,train,38,39
17105-2020,17105,2020,38,train,38,39
17105-2021,17105,2021,38,train,38,39
17105-2022,17105,2022,38,train,38,39
17107-2020,17107,2020,38,train,38,39
17107-2021,17107,2021,38,train,38,39
17107-2022,17107,2022,38,train,38,39
17115-2020,17115,2020,38,train,38,39
17115-2021,17115,2021,38,train,38,39
17115-2022,17115,2022,38,train,38,39
17117-2020,17117,2020,38,train,38,39
17117-2021,17117,2021,38,train,38,39
17117-2022,17117,2022,38,train,38,39
17119-2019,17119,2019,38,train,38,39
17119-2020,17119,2020,38,train,38,39
17119-2021,17119,2021,38,train,38,39
17119-2022,17119,2022,38,train,38,39
17121-2019,17121,2019,38,train,38,39
17121-2020,17121,2020,38,train,38,39
17121-2021,17121,2021,38,train,38,39
17121-2022,17121,2022,38,train,38,39
17123-2019,17123,2019,38,train,38,39
17123-2020,17123,2020,38,train,38,39
17123-2021,17123,2021,38,train,38,39
17123-2022,17123,2022,38,train,38,39
17125-2020,17125,2020,38,train,38,39
17125-2021,17125,2021,38,train,38,39
17125-2022,17125,2022,38,train,38,39
17127-2019,17127,2019,38,train,38,39
17127-2020,17127,2020,38,train,38,39
17129-2021,17129,2021,38,train,38,39
17131-2020,17131,2020,38,train,38,39
17131-2022,17131,2022,38,train,38,39
17133-2019,17133,2019,38,train,38,39
17133-2020,17133,2020,38,train,38,39
17133-2022,17133,2022,38,train,38,39
17135-2020,17135,2020,38,train,38,39
17135-2021,17135,2021,38,train,38,39
17135-2022,17135,2022,38,train,38,39
17137-2019,17137,2019,38,train,38,39
17137-2020,17137,2020,38,train,38,39
17137-2022,17137,2022,38,train,38,39
17139-2021,17139,2021,38,train,38,39
17139-2022,17139,2022,38,train,38,39
17141-2019,17141,2019,38,train,38,39
17141-2020,17141,2020,38,train,38,39
17141-2022,17141,2022,38,train,38,39
17143-2019,17143,2019,38,train,38,39
17143-2020,17143,2020,38,train,38,39
17143-2021,17143,2021,38,train,38,39
17143-2022,17143,2022,38,train,38,39
17145-2020,17145,2020,38,train,38,39
17145-2022,17145,2022,38,train,38,39
17147-2021,17147,2021,38,train,38,39
17147-2022,17147,2022,38,train,38,39
17149-2020,17149,2020,38,train,38,39
17151-2020,17151,2020,38,train,38,39
17153-2019,17153,2019,38,train,38,39
17153-2020,17153,2020,38,train,38,39
17153-2021,17153,2021,38,train,38,39
17155-2020,17155,2020,38,train,38,39
17155-2021,17155,2021,38,train,38,39
17155-2022,17155,2022,38,train,38,39
17157-2019,17157,2019,38,train,38,39
17157-2020,17157,2020,38,train,38,39
17157-2021,17157,2021,38,train,38,39
17157-2022,17157,2022,38,train,38,39
17159-2020,17159,2020,38,train,38,39
17161-2020,17161,2020,38,train,38,39
17161-2022,17161,2022,38,train,38,39
17165-2020,17165,2020,38,train,38,39
17165-2021,17165,2021,38,train,38,39
17165-2022,17165,2022,38,train,38,39
17167-2021,17167,2021,38,train,38,39
17169-2020,17169,2020,38,train,38,39
17169-2022,17169,2022,38,train,38,39
17171-2020,17171,2020,38,train,38,39
17171-2022,17171,2022,38,train,38,39
17173-2021,17173,2021,38,train,38,39
17173-2022,17173,2022,38,train,38,39
17175-2019,17175,2019,38,train,38,39
17175-2020,17175,2020,38,train,38,39
17175-2021,17175,2021,38,train,38,39
17175-2022,17175,2022,38,train,38,39
17177-2019,17177,2019,38,train,38,39
17177-2020,17177,2020,38,train,38,39
17177-2021,17177,2021,38,train,38,39
17177-2022,17177,2022,38,train,38,39
17179-2020,17179,2020,38,train,38,39
17179-2021,17179,2021,38,train,38,39
17179-2022,17179,2022,38,train,38,39
17181-2019,17181,2019,38,train,38,39
17181-2020,17181,2020,38,train,38,39
17181-2021,17181,2021,38,train,38,39
17183-2020,17183,2020,38,train,38,39
17183-2021,17183,2021,38,train,38,39
17183-2022,17183,2022,38,train,38,39
17185-2019,17185,2019,38,train,38,39
17185-2020,17185,2020,38,train,38,39
17185-2022,17185,2022,38,train,38,39
17187-2020,17187,2020,38,train,38,39
17187-2022,17187,2022,38,train,38,39
17189-2019,17189,2019,38,train,38,39
17189-2020,17189,2020,38,train,38,39
17189-2021,17189,2021,38,train,38,39
17189-2022,17189,2022,38,train,38,39
17191-2020,17191,2020,38,train,38,39
17191-2022,17191,2022,38,train,38,39
17193-2019,17193,2019,38,train,38,39
17193-2020,17193,2020,38,train,38,39
17193-2021,17193,2021,38,train,38,39
17193-2022,17193,2022,38,train,38,39
17195-2019,17195,2019,38,train,38,39
17195-2020,17195,2020,38,train,38,39
17195-2022,17195,2022,38,train,38,39
17197-2020,17197,2020,38,train,38,39
17197-2022,17197,2022,38,train,38,39
17199-2019,17199,2019,38,train,38,39
17199-2020,17199,2020,38,train,38,39
17199-2022,17199,2022,38,train,38,39
17201-2019,17201,2019,38,train,38,39
17201-2020,17201,2020,38,train,38,39
17201-2021,17201,2021,38,train,38,39
17201-2022,17201,2022,38,train,38,39
17203-2019,17203,2019,38,train,38,39
17203-2020,17203,2020,38,train,38,39
17203-2021,17203,2021,38,train,38,39
17203-2022,17203,2022,38,train,38,39
18001-2019,18001,2019,38,train,38,39
18001-2020,18001,2020,38,train,38,39
18001-2022,18001,2022,38,train,38,39
18003-2019,18003,2019,38,train,38,39
18003-2020,18003,2020,38,train,38,39
18003-2022,18003,2022,38,train,38,39
18005-2022,18005,2022,38,train,38,39
18007-2019,18007,2019,38,train,38,39
18007-2020,18007,2020,38,train,38,39
18007-2021,18007,2021,38,train,38,39
18007-2022,18007,2022,38,train,38,39
18009-2022,18009,2022,38,train,38,39
18011-2019,18011,2019,38,train,38,39
18011-2020,18011,2020,38,train,38,39
18011-2021,18011,2021,38,train,38,39
18011-2022,18011,2022,38,train,38,39
18015-2019,18015,2019,38,train,38,39
18015-2020,18015,2020,38,train,38,39
18015-2022,18015,2022,38,train,38,39
18017-2020,18017,2020,38,train,38,39
18017-2022,18017,2022,38,train,38,39
18019-2020,18019,2020,38,train,38,39
18021-2020,18021,2020,38,train,38,39
18021-2021,18021,2021,38,train,38,39
18021-2022,18021,2022,38,train,38,39
18023-2020,18023,2020,38,train,38,39
18023-2021,18023,2021,38,train,38,39
18023-2022,18023,2022,38,train,38,39
18027-2019,18027,2019,38,train,38,39
18027-2020,18027,2020,38,train,38,39
18027-2021,18027,2021,38,train,38,39
18027-2022,18027,2022,38,train,38,39
18029-2019,18029,2019,38,train,38,39
18029-2020,18029,2020,38,train,38,39
18029-2022,18029,2022,38,train,38,39
18031-2019,18031,2019,38,train,38,39
18031-2020,18031,2020,38,train,38,39
18031-2022,18031,2022,38,train,38,39
18035-2022,18035,2022,38,train,38,39
18037-2022,18037,2022,38,train,38,39
18039-2019,18039,2019,38,train,38,39
18039-2020,18039,2020,38,train,38,39
18039-2021,18039,2021,38,train,38,39
18039-2022,18039,2022,38,train,38,39
18041-2019,18041,2019,38,train,38,39
18041-2020,18041,2020,38,train,38,39
18041-2021,18041,2021,38,train,38,39
18041-2022,18041,2022,38,train,38,39
18045-2020,18045,2020,38,train,38,39
18045-2022,18045,2022,38,train,38,39
18047-2019,18047,2019,38,train,38,39
18047-2020,18047,2020,38,train,38,39
18047-2022,18047,2022,38,train,38,39
18049-2019,18049,2019,38,train,38,39
18049-2020,18049,2020,38,train,38,39
18049-2021,18049,2021,38,train,38,39
18051-2019,18051,2019,38,train,38,39
18051-2020,18051,2020,38,train,38,39
18051-2022,18051,2022,38,train,38,39
18053-2020,18053,2020,38,train,38,39
18053-2022,18053,2022,38,train,38,39
18055-2019,18055,2019,38,train,38,39
18055-2020,18055,2020,38,train,38,39
18055-2021,18055,2021,38,train,38,39
18057-2022,18057,2022,38,train,38,39
18059-2020,18059,2020,38,train,38,39
18059-2022,18059,2022,38,train,38,39
18063-2019,18063,2019,38,train,38,39
18063-2020,18063,2020,38,train,38,39
18063-2021,18063,2021,38,train,38,39
18063-2022,18063,2022,38,train,38,39
18065-2022,18065,2022,38,train,38,39
18067-2020,18067,2020,38,train,38,39
18067-2022,18067,2022,38,train,38,39
18069-2022,18069,2022,38,train,38,39
18071-2022,18071,2022,38,train,38,39
18073-2020,18073,2020,38,train,38,39
18073-2022,18073,2022,38,train,38,39
18075-2019,18075,2019,38,train,38,39
18075-2020,18075,2020,38,train,38,39
18075-2022,18075,2022,38,train,38,39
18077-2019,18077,2019,38,train,38,39
18077-2020,18077,2020,38,train,38,39
18077-2022,18077,2022,38,train,38,39
18079-2022,18079,2022,38,train,38,39
18081-2022,18081,2022,38,train,38,39
18083-2020,18083,2020,38,train,38,39
18083-2022,18083,2022,38,train,38,39
18085-2022,18085,2022,38,train,38,39
18089-2020,18089,2020,38,train,38,39
18089-2022,18089,2022,38,train,38,39
18093-2022,18093,2022,38,train,38,39
18095-2022,18095,2022,38,train,38,39
18097-2020,18097,2020,38,train,38,39
18099-2019,18099,2019,38,train,38,39
18099-2020,18099,2020,38,train,38,39
18099-2021,18099,2021,38,train,38,39
18099-2022,18099,2022,38,train,38,39
18101-2022,18101,2022,38,train,38,39
18103-2020,18103,2020,38,train,38,39
18103-2022,18103,2022,38,train,38,39
18105-2022,18105,2022,38,train,38,39
18107-2019,18107,2019,38,train,38,39
18107-2020,18107,2020,38,train,38,39
18107-2021,18107,2021,38,train,38,39
18109-2022,18109,2022,38,train,38,39
18111-2019,18111,2019,38,train,38,39
18111-2020,18111,2020,38,train,38,39
18111-2021,18111,2021,38,train,38,39
18111-2022,18111,2022,38,train,38,39
18113-2020,18113,2020,38,train,38,39
18113-2022,18113,2022,38,train,38,39
18115-2019,18115,2019,38,train,38,39
18115-2020,18115,2020,38,train,38,39
18119-2020,18119,2020,38,train,38,39
18119-2021,18119,2021,38,train,38,39
18119-2022,18119,2022,38,train,38,39
18121-2019,18121,2019,38,train,38,39
18121-2020,18121,2020,38,train,38,39
18121-2022,18121,2022,38,train,38,39
18123-2022,18123,2022,38,train,38,39
18125-2020,18125,2020,38,train,38,39
18125-2022,18125,2022,38,train,38,39
18127-2019,18127,2019,38,train,38,39
18127-2020,18127,2020,38,train,38,39
18127-2021,18127,2021,38,train,38,39
18127-2022,18127,2022,38,train,38,39
18129-2019,18129,2019,38,train,38,39
18129-2020,18129,2020,38,train,38,39
18129-2021,18129,2021,38,train,38,39
18129-2022,18129,2022,38,train,38,39
18131-2019,18131,2019,38,train,38,39
18131-2020,18131,2020,38,train,38,39
18131-2022,18131,2022,38,train,38,39
18133-2019,18133,2019,38,train,38,39
18133-2020,18133,2020,38,train,38,39
18133-2021,18133,2021,38,train,38,39
18133-2022,18133,2022,38,train,38,39
18135-2019,18135,2019,38,train,38,39
18135-2020,18135,2020,38,train,38,39
18135-2022,18135,2022,38,train,38,39
18137-2020,18137,2020,38,train,38,39
18137-2022,18137,2022,38,train,38,39
18139-2022,18139,2022,38,train,38,39
18141-2019,18141,2019,38,train,38,39
18141-2020,18141,2020,38,train,38,39
18141-2021,18141,2021,38,train,38,39
18141-2022,18141,2022,38,train,38,39
18143-2022,18143,2022,38,train,38,39
18145-2020,18145,2020,38,train,38,39
18145-2022,18145,2022,38,train,38,39
18147-2020,18147,2020,38,train,38,39
18149-2019,18149,2019,38,train,38,39
18149-2020,18149,2020,38,train,38,39
18149-2022,18149,2022,38,train,38,39
18151-2020,18151,2020,38,train,38,39
18151-2022,18151,2022,38,train,38,39
18153-2019,18153,2019,38,train,38,39
18153-2020,18153,2020,38,train,38,39
18153-2022,18153,2022,38,train,38,39
18155-2019,18155,2019,38,train,38,39
18155-2020,18155,2020,38,train,38,39
18157-2019,18157,2019,38,train,38,39
18157-2020,18157,2020,38,train,38,39
18157-2021,18157,2021,38,train,38,39
18157-2022,18157,2022,38,train,38,39
18159-2022,18159,2022,38,train,38,39
18161-2019,18161,2019,38,train,38,39
18161-2020,18161,2020,38,train,38,39
18161-2021,18161,2021,38,train,38,39
18161-2022,18161,2022,38,train,38,39
18163-2019,18163,2019,38,train,38,39
18163-2020,18163,2020,38,train,38,39
18163-2021,18163,2021,38,train,38,39
18163-2022,18163,2022,38,train,38,39
18165-2019,18165,2019,38,train,38,39
18165-2020,18165,2020,38,train,38,39
18165-2021,18165,2021,38,train,38,39
18165-2022,18165,2022,38,train,38,39
18167-2019,18167,2019,38,train,38,39
18167-2020,18167,2020,38,train,38,39
18167-2022,18167,2022,38,train,38,39
18169-2022,18169,2022,38,train,38,39
18171-2019,18171,2019,38,train,38,39
18171-2020,18171,2020,38,train,38,39
18171-2021,18171,2021,38,train,38,39
18173-2019,18173,2019,38,train,38,39
18173-2020,18173,2020,38,train,38,39
18173-2022,18173,2022,38,train,38,39
18177-2019,18177,2019,38,train,38,39
18177-2020,18177,2020,38,train,38,39
18177-2021,18177,2021,38,train,38,39
18177-2022,18177,2022,38,train,38,39
18179-2022,18179,2022,38,train,38,39
18181-2019,18181,2019,38,train,38,39
18181-2020,18181,2020,38,train,38,39
18181-2022,18181,2022,38,train,38,39
18183-2022,18183,2022,38,train,38,39
19001-2019,19001,2019,38,train,38,39
19001-2020,19001,2020,38,train,38,39
19001-2022,19001,2022,38,train,38,39
19003-2020,19003,2020,38,train,38,39
19005-2019,19005,2019,38,train,38,39
19005-2020,19005,2020,38,train,38,39
19005-2021,19005,2021,38,train,38,39
19005-2022,19005,2022,38,train,38,39
19007-2020,19007,2020,38,train,38,39
19007-2021,19007,2021,38,train,38,39
19007-2022,19007,2022,38,train,38,39
19009-2019,19009,2019,38,train,38,39
19009-2020,19009,2020,38,train,38,39
19009-2021,19009,2021,38,train,38,39
19009-2022,19009,2022,38,train,38,39
19011-2019,19011,2019,38,train,38,39
19011-2020,19011,2020,38,train,38,39
19011-2021,19011,2021,38,train,38,39
19011-2022,19011,2022,38,train,38,39
19013-2020,19013,2020,38,train,38,39
19013-2022,19013,2022,38,train,38,39
19015-2019,19015,2019,38,train,38,39
19015-2020,19015,2020,38,train,38,39
19015-2021,19015,2021,38,train,38,39
19015-2022,19015,2022,38,train,38,39
19017-2022,19017,2022,38,train,38,39
19019-2019,19019,2019,38,train,38,39
19019-2020,19019,2020,38,train,38,39
19019-2021,19019,2021,38,train,38,39
19019-2022,19019,2022,38,train,38,39
19021-2019,19021,2019,38,train,38,39
19021-2020,19021,2020,38,train,38,39
19021-2022,19021,2022,38,train,38,39
19023-2021,19023,2021,38,train,38,39
19023-2022,19023,2022,38,train,38,39
19025-2019,19025,2019,38,train,38,39
19025-2020,19025,2020,38,train,38,39
19025-2021,19025,2021,38,train,38,39
19025-2022,19025,2022,38,train,38,39
19027-2020,19027,2020,38,train,38,39
19027-2022,19027,2022,38,train,38,39
19029-2019,19029,2019,38,train,38,39
19029-2020,19029,2020,38,train,38,39
19029-2021,19029,2021,38,train,38,39
19029-2022,19029,2022,38,train,38,39
19031-2020,19031,2020,38,train,38,39
19031-2022,19031,2022,38,train,38,39
19033-2019,19033,2019,38,train,38,39
19033-2020,19033,2020,38,train,38,39
19033-2021,19033,2021,38,train,38,39
19033-2022,19033,2022,38,train,38,39
19035-2019,19035,2019,38,train,38,39
19035-2020,19035,2020,38,train,38,39
19035-2022,19035,2022,38,train,38,39
19037-2022,19037,2022,38,train,38,39
19039-2020,19039,2020,38,train,38,39
19041-2019,19041,2019,38,train,38,39
19041-2020,19041,2020,38,train,38,39
19041-2022,19041,2022,38,train,38,39
19043-2020,19043,2020,38,train,38,39
19043-2021,19043,2021,38,train,38,39
19043-2022,19043,2022,38,train,38,39
19045-2020,19045,2020,38,train,38,39
19045-2022,19045,2022,38,train,38,39
19047-2019,19047,2019,38,train,38,39
19047-2020,19047,2020,38,train,38,39
19047-2022,19047,2022,38,train,38,39
19049-2019,19049,2019,38,train,38,39
19049-2020,19049,2020,38,train,38,39
19049-2021,19049,2021,38,train,38,39
19049-2022,19049,2022,38,train,38,39
19051-2019,19051,2019,38,train,38,39
19051-2020,19051,2020,38,train,38,39
19051-2021,19051,2021,38,train,38,39
19051-2022,19051,2022,38,train,38,39
19053-2020,19053,2020,38,train,38,39
19053-2022,19053,2022,38,train,38,39
19055-2020,19055,2020,38,train,38,39
19055-2021,19055,2021,38,train,38,39
19055-2022,19055,2022,38,train,38,39
19057-2019,19057,2019,38,train,38,39
19057-2020,19057,2020,38,train,38,39
19057-2022,19057,2022,38,train,38,39
19059-2019,19059,2019,38,train,38,39
19059-2020,19059,2020,38,train,38,39
19059-2021,19059,2021,38,train,38,39
19059-2022,19059,2022,38,train,38,39
19061-2020,19061,2020,38,train,38,39
19061-2021,19061,2021,38,train,38,39
19061-2022,19061,2022,38,train,38,39
19063-2022,19063,2022,38,train,38,39
19065-2020,19065,2020,38,train,38,39
19065-2021,19065,2021,38,train,38,39
19065-2022,19065,2022,38,train,38,39
19067-2019,19067,2019,38,train,38,39
19067-2020,19067,2020,38,train,38,39
19067-2021,19067,2021,38,train,38,39
19067-2022,19067,2022,38,train,38,39
19069-2019,19069,2019,38,train,38,39
19069-2020,19069,2020,38,train,38,39
19069-2021,19069,2021,38,train,38,39
19069-2022,19069,2022,38,train,38,39
19071-2020,19071,2020,38,train,38,39
19071-2022,19071,2022,38,train,38,39
19073-2019,19073,2019,38,train,38,39
19073-2020,19073,2020,38,train,38,39
19073-2021,19073,2021,38,train,38,39
19073-2022,19073,2022,38,train,38,39
19075-2020,19075,2020,38,train,38,39
19075-2021,19075,2021,38,train,38,39
19075-2022,19075,2022,38,train,38,39
19077-2019,19077,2019,38,train,38,39
19077-2020,19077,2020,38,train,38,39
19077-2021,19077,2021,38,train,38,39
19077-2022,19077,2022,38,train,38,39
19079-2019,19079,2019,38,train,38,39
19079-2020,19079,2020,38,train,38,39
19079-2022,19079,2022,38,train,38,39
19081-2019,19081,2019,38,train,38,39
19081-2020,19081,2020,38,train,38,39
19081-2021,19081,2021,38,train,38,39
19081-2022,19081,2022,38,train,38,39
19083-2019,19083,2019,38,train,38,39
19083-2020,19083,2020,38,train,38,39
19083-2021,19083,2021,38,train,38,39
19083-2022,19083,2022,38,train,38,39
19085-2020,19085,2020,38,train,38,39
19085-2022,19085,2022,38,train,38,39
19087-2019,19087,2019,38,train,38,39
19087-2020,19087,2020,38,train,38,39
19087-2021,19087,2021,38,train,38,39
19087-2022,19087,2022,38,train,38,39
19089-2020,19089,2020,38,train,38,39
19089-2022,19089,2022,38,train,38,39
19091-2019,19091,2019,38,train,38,39
19091-2020,19091,2020,38,train,38,39
19091-2021,19091,2021,38,train,38,39
19091-2022,19091,2022,38,train,38,39
19093-2020,19093,2020,38,train,38,39
19093-2021,19093,2021,38,train,38,39
19093-2022,19093,2022,38,train,38,39
19095-2019,19095,2019,38,train,38,39
19095-2020,19095,2020,38,train,38,39
19095-2022,19095,2022,38,train,38,39
19097-2020,19097,2020,38,train,38,39
19097-2021,19097,2021,38,train,38,39
19097-2022,19097,2022,38,train,38,39
19099-2021,19099,2021,38,train,38,39
19099-2022,19099,2022,38,train,38,39
19101-2019,19101,2019,38,train,38,39
19101-2020,19101,2020,38,train,38,39
19101-2021,19101,2021,38,train,38,39
19101-2022,19101,2022,38,train,38,39
19103-2019,19103,2019,38,train,38,39
19103-2020,19103,2020,38,train,38,39
19103-2022,19103,2022,38,train,38,39
19105-2020,19105,2020,38,train,38,39
19105-2022,19105,2022,38,train,38,39
19107-2019,19107,2019,38,train,38,39
19107-2020,19107,2020,38,train,38,39
19107-2021,19107,2021,38,train,38,39
19107-2022,19107,2022,38,train,38,39
19109-2019,19109,2019,38,train,38,39
19109-2020,19109,2020,38,train,38,39
19109-2021,19109,2021,38,train,38,39
19109-2022,19109,2022,38,train,38,39
19111-2019,19111,2019,38,train,38,39
19111-2020,19111,2020,38,train,38,39
19111-2021,19111,2021,38,train,38,39
19111-2022,19111,2022,38,train,38,39
19113-2019,19113,2019,38,train,38,39
19113-2020,19113,2020,38,train,38,39
19113-2022,19113,2022,38,train,38,39
19115-2019,19115,2019,38,train,38,39
19115-2020,19115,2020,38,train,38,39
19115-2022,19115,2022,38,train,38,39
19117-2021,19117,2021,38,train,38,39
19117-2022,19117,2022,38,train,38,39
19119-2019,19119,2019,38,train,38,39
19119-2020,19119,2020,38,train,38,39
19119-2021,19119,2021,38,train,38,39
19119-2022,19119,2022,38,train,38,39
19121-2019,19121,2019,38,train,38,39
19121-2020,19121,2020,38,train,38,39
19121-2021,19121,2021,38,train,38,39
19121-2022,19121,2022,38,train,38,39
19123-2021,19123,2021,38,train,38,39
19123-2022,19123,2022,38,train,38,39
19125-2021,19125,2021,38,train,38,39
19125-2022,19125,2022,38,train,38,39
19127-2021,19127,2021,38,train,38,39
19127-2022,19127,2022,38,train,38,39
19129-2020,19129,2020,38,train,38,39
19129-2022,19129,2022,38,train,38,39
19131-2019,19131,2019,38,train,38,39
19131-2020,19131,2020,38,train,38,39
19131-2021,19131,2021,38,train,38,39
19131-2022,19131,2022,38,train,38,39
19133-2019,19133,2019,38,train,38,39
19133-2022,19133,2022,38,train,38,39
19135-2021,19135,2021,38,train,38,39
19135-2022,19135,2022,38,train,38,39
19137-2020,19137,2020,38,train,38,39
19137-2022,19137,2022,38,train,38,39
19139-2020,19139,2020,38,train,38,39
19139-2022,19139,2022,38,train,38,39
19143-2019,19143,2019,38,train,38,39
19143-2020,19143,2020,38,train,38,39
19143-2021,19143,2021,38,train,38,39
19143-2022,19143,2022,38,train,38,39
19145-2019,19145,2019,38,train,38,39
19145-2020,19145,2020,38,train,38,39
19145-2021,19145,2021,38,train,38,39
19145-2022,19145,2022,38,train,38,39
19147-2019,19147,2019,38,train,38,39
19147-2022,19147,2022,38,train,38,39
19149-2019,19149,2019,38,train,38,39
19149-2021,19149,2021,38,train,38,39
19149-2022,19149,2022,38,train,38,39
19151-2022,19151,2022,38,train,38,39
19153-2019,19153,2019,38,train,38,39
19153-2020,19153,2020,38,train,38,39
19153-2021,19153,2021,38,train,38,39
19153-2022,19153,2022,38,train,38,39
19155-2020,19155,2020,38,train,38,39
19155-2022,19155,2022,38,train,38,39
19157-2021,19157,2021,38,train,38,39
19157-2022,19157,2022,38,train,38,39
19159-2020,19159,2020,38,train,38,39
19159-2021,19159,2021,38,train,38,39
19159-2022,19159,2022,38,train,38,39
19161-2019,19161,2019,38,train,38,39
19161-2020,19161,2020,38,train,38,39
19161-2022,19161,2022,38,train,38,39
19163-2020,19163,2020,38,train,38,39
19163-2022,19163,2022,38,train,38,39
19165-2019,19165,2019,38,train,38,39
19165-2020,19165,2020,38,train,38,39
19165-2022,19165,2022,38,train,38,39
19167-2019,19167,2019,38,train,38,39
19167-2020,19167,2020,38,train,38,39
19167-2021,19167,2021,38,train,38,39
19167-2022,19167,2022,38,train,38,39
19169-2019,19169,2019,38,train,38,39
19169-2020,19169,2020,38,train,38,39
19169-2021,19169,2021,38,train,38,39
19169-2022,19169,2022,38,train,38,39
19171-2022,19171,2022,38,train,38,39
19173-2020,19173,2020,38,train,38,39
19173-2021,19173,2021,38,train,38,39
19173-2022,19173,2022,38,train,38,39
19175-2020,19175,2020,38,train,38,39
19175-2021,19175,2021,38,train,38,39
19175-2022,19175,2022,38,train,38,39
19177-2019,19177,2019,38,train,38,39
19177-2020,19177,2020,38,train,38,39
19177-2021,19177,2021,38,train,38,39
19177-2022,19177,2022,38,train,38,39
19179-2019,19179,2019,38,train,38,39
19179-2020,19179,2020,38,train,38,39
19179-2021,19179,2021,38,train,38,39
19179-2022,19179,2022,38,train,38,39
19181-2020,19181,2020,38,train,38,39
19181-2022,19181,2022,38,train,38,39
19183-2019,19183,2019,38,train,38,39
19183-2020,19183,2020,38,train,38,39
19183-2022,19183,2022,38,train,38,39
19185-2021,19185,2021,38,train,38,39
19187-2019,19187,2019,38,train,38,39
19187-2020,19187,2020,38,train,38,39
19187-2021,19187,2021,38,train,38,39
19187-2022,19187,2022,38,train,38,39
19189-2019,19189,2019,38,train,38,39
19189-2020,19189,2020,38,train,38,39
19189-2021,19189,2021,38,train,38,39
19189-2022,19189,2022,38,train,38,39
19191-2019,19191,2019,38,train,38,39
19191-2020,19191,2020,38,train,38,39
19191-2021,19191,2021,38,train,38,39
19191-2022,19191,2022,38,train,38,39
19193-2019,19193,2019,38,train,38,39
19193-2020,19193,2020,38,train,38,39
19193-2021,19193,2021,38,train,38,39
19193-2022,19193,2022,38,train,38,39
19195-2019,19195,2019,38,train,38,39
19195-2020,19195,2020,38,train,38,39
19195-2021,19195,2021,38,train,38,39
19195-2022,19195,2022,38,train,38,39
19197-2019,19197,2019,38,train,38,39
19197-2020,19197,2020,38,train,38,39
19197-2021,19197,2021,38,train,38,39
19197-2022,19197,2022,38,train,38,39
20001-2020,20001,2020,38,train,38,39
20001-2021,20001,2021,38,train,38,39
20003-2019,20003,2019,38,train,38,39
20003-2020,20003,2020,38,train,38,39
20003-2021,20003,2021,38,train,38,39
20005-2020,20005,2020,38,train,38,39
20005-2021,20005,2021,38,train,38,39
20005-2022,20005,2022,38,train,38,39
20009-2020,20009,2020,38,train,38,39
20011-2020,20011,2020,38,train,38,39
20011-2021,20011,2021,38,train,38,39
20013-2019,20013,2019,38,train,38,39
20013-2020,20013,2020,38,train,38,39
20013-2022,20013,2022,38,train,38,39
20015-2020,20015,2020,38,train,38,39
20015-2021,20015,2021,38,train,38,39
20017-2020,20017,2020,38,train,38,39
20017-2021,20017,2021,38,train,38,39
20021-2019,20021,2019,38,train,38,39
20023-2020,20023,2020,38,train,38,39
20023-2021,20023,2021,38,train,38,39
20027-2019,20027,2019,38,train,38,39
20027-2020,20027,2020,38,train,38,39
20027-2022,20027,2022,38,train,38,39
20029-2020,20029,2020,38,train,38,39
20029-2021,20029,2021,38,train,38,39
20029-2022,20029,2022,38,train,38,39
20031-2019,20031,2019,38,train,38,39
20031-2020,20031,2020,38,train,38,39
20035-2019,20035,2019,38,train,38,39
20035-2020,20035,2020,38,train,38,39
20035-2021,20035,2021,38,train,38,39
20037-2020,20037,2020,38,train,38,39
20037-2021,20037,2021,38,train,38,39
20039-2020,20039,2020,38,train,38,39
20041-2020,20041,2020,38,train,38,39
20041-2021,20041,2021,38,train,38,39
20043-2020,20043,2020,38,train,38,39
20043-2021,20043,2021,38,train,38,39
20043-2022,20043,2022,38,train,38,39
20045-2019,20045,2019,38,train,38,39
20045-2020,20045,2020,38,train,38,39
20045-2021,20045,2021,38,train,38,39
20047-2019,20047,2019,38,train,38,39
20047-2020,20047,2020,38,train,38,39
20049-2019,20049,2019,38,train,38,39
20053-2019,20053,2019,38,train,38,39
20053-2020,20053,2020,38,train,38,39
20053-2021,20053,2021,38,train,38,39
20055-2019,20055,2019,38,train,38,39
20055-2020,20055,2020,38,train,38,39
20057-2019,20057,2019,38,train,38,39
20057-2020,20057,2020,38,train,38,39
20057-2021,20057,2021,38,train,38,39
20059-2019,20059,2019,38,train,38,39
20059-2020,20059,2020,38,train,38,39
20061-2020,20061,2020,38,train,38,39
20063-2020,20063,2020,38,train,38,39
20063-2021,20063,2021,38,train,38,39
20065-2020,20065,2020,38,train,38,39
20065-2021,20065,2021,38,train,38,39
20067-2019,20067,2019,38,train,38,39
20067-2020,20067,2020,38,train,38,39
20067-2021,20067,2021,38,train,38,39
20069-2020,20069,2020,38,train,38,39
20069-2021,20069,2021,38,train,38,39
20071-2019,20071,2019,38,train,38,39
20071-2020,20071,2020,38,train,38,39
20071-2021,20071,2021,38,train,38,39
20075-2019,20075,2019,38,train,38,39
20079-2019,20079,2019,38,train,38,39
20079-2020,20079,2020,38,train,38,39
20079-2021,20079,2021,38,train,38,39
20081-2019,20081,2019,38,train,38,39
20081-2020,20081,2020,38,train,38,39
20081-2021,20081,2021,38,train,38,39
20083-2020,20083,2020,38,train,38,39
20085-2019,20085,2019,38,train,38,39
20085-2020,20085,2020,38,train,38,39
20087-2019,20087,2019,38,train,38,39
20087-2020,20087,2020,38,train,38,39
20087-2021,20087,2021,38,train,38,39
20089-2020,20089,2020,38,train,38,39
20095-2019,20095,2019,38,train,38,39
20095-2020,20095,2020,38,train,38,39
20095-2021,20095,2021,38,train,38,39
20097-2020,20097,2020,38,train,38,39
20099-2020,20099,2020,38,train,38,39
20099-2021,20099,2021,38,train,38,39
20101-2020,20101,2020,38,train,38,39
20101-2021,20101,2021,38,train,38,39
20103-2019,20103,2019,38,train,38,39
20103-2020,20103,2020,38,train,38,39
20103-2021,20103,2021,38,train,38,39
20105-2019,20105,2019,38,train,38,39
20107-2020,20107,2020,38,train,38,39
20109-2020,20109,2020,38,train,38,39
20109-2021,20109,2021,38,train,38,39
20111-2019,20111,2019,38,train,38,39
20115-2019,20115,2019,38,train,38,39
20115-2020,20115,2020,38,train,38,39
20115-2021,20115,2021,38,train,38,39
20117-2019,20117,2019,38,train,38,39
20117-2022,20117,2022,38,train,38,39
20119-2020,20119,2020,38,train,38,39
20119-2021,20119,2021,38,train,38,39
20121-2019,20121,2019,38,train,38,39
20121-2020,20121,2020,38,train,38,39
20123-2019,20123,2019,38,train,38,39
20123-2020,20123,2020,38,train,38,39
20123-2021,20123,2021,38,train,38,39
20125-2019,20125,2019,38,train,38,39
20125-2020,20125,2020,38,train,38,39
20127-2019,20127,2019,38,train,38,39
20127-2020,20127,2020,38,train,38,39
20127-2021,20127,2021,38,train,38,39
20129-2019,20129,2019,38,train,38,39
20129-2020,20129,2020,38,train,38,39
20129-2021,20129,2021,38,train,38,39
20131-2020,20131,2020,38,train,38,39
20133-2019,20133,2019,38,train,38,39
20133-2020,20133,2020,38,train,38,39
20133-2021,20133,2021,38,train,38,39
20135-2019,20135,2019,38,train,38,39
20135-2020,20135,2020,38,train,38,39
20135-2021,20135,2021,38,train,38,39
20137-2020,20137,2020,38,train,38,39
20137-2021,20137,2021,38,train,38,39
20137-2022,20137,2022,38,train,38,39
20139-2019,20139,2019,38,train,38,39
20139-2020,20139,2020,38,train,38,39
20141-2020,20141,2020,38,train,38,39
20143-2020,20143,2020,38,train,38,39
20145-2020,20145,2020,38,train,38,39
20147-2020,20147,2020,38,train,38,39
20147-2021,20147,2021,38,train,38,39
20147-2022,20147,2022,38,train,38,39
20149-2019,20149,2019,38,train,38,39
20151-2020,20151,2020,38,train,38,39
20153-2019,20153,2019,38,train,38,39
20153-2020,20153,2020,38,train,38,39
20153-2021,20153,2021,38,train,38,39
20155-2019,20155,2019,38,train,38,39
20155-2020,20155,2020,38,train,38,39
20155-2021,20155,2021,38,train,38,39
20157-2020,20157,2020,38,train,38,39
20157-2021,20157,2021,38,train,38,39
20157-2022,20157,2022,38,train,38,39
20159-2020,20159,2020,38,train,38,39
20161-2019,20161,2019,38,train,38,39
20161-2020,20161,2020,38,train,38,39
20161-2022,20161,2022,38,train,38,39
20163-2019,20163,2019,38,train,38,39
20163-2020,20163,2020,38,train,38,39
20169-2020,20169,2020,38,train,38,39
20169-2021,20169,2021,38,train,38,39
20171-2019,20171,2019,38,train,38,39
20171-2020,20171,2020,38,train,38,39
20173-2019,20173,2019,38,train,38,39
20173-2020,20173,2020,38,train,38,39
20175-2020,20175,2020,38,train,38,39
20175-2021,20175,2021,38,train,38,39
20177-2019,20177,2019,38,train,38,39
20177-2020,20177,2020,38,train,38,39
20177-2021,20177,2021,38,train,38,39
20179-2021,20179,2021,38,train,38,39
20181-2019,20181,2019,38,train,38,39
20181-2020,20181,2020,38,train,38,39
20181-2021,20181,2021,38,train,38,39
20183-2020,20183,2020,38,train,38,39
20183-2021,20183,2021,38,train,38,39
20183-2022,20183,2022,38,train,38,39
20185-2020,20185,2020,38,train,38,39
20187-2019,20187,2019,38,train,38,39
20187-2020,20187,2020,38,train,38,39
20189-2020,20189,2020,38,train,38,39
20189-2021,20189,2021,38,train,38,39
20191-2019,20191,2019,38,train,38,39
20191-2020,20191,2020,38,train,38,39
20191-2021,20191,2021,38,train,38,39
20193-2020,20193,2020,38,train,38,39
20195-2020,20195,2020,38,train,38,39
20195-2021,20195,2021,38,train,38,39
20197-2019,20197,2019,38,train,38,39
20201-2020,20201,2020,38,train,38,39
20201-2022,20201,2022,38,train,38,39
20203-2019,20203,2019,38,train,38,39
20203-2020,20203,2020,38,train,38,39
20203-2021,20203,2021,38,train,38,39
20205-2019,20205,2019,38,train,38,39
20205-2020,20205,2020,38,train,38,39
20207-2020,20207,2020,38,train,38,39
21001-2019,21001,2019,38,train,38,39
21001-2020,21001,2020,38,train,38,39
21007-2020,21007,2020,38,train,38,39
21007-2021,21007,2021,38,train,38,39
21009-2020,21009,2020,38,train,38,39
21031-2020,21031,2020,38,train,38,39
21033-2019,21033,2019,38,train,38,39
21033-2020,21033,2020,38,train,38,39
21033-2021,21033,2021,38,train,38,39
21035-2020,21035,2020,38,train,38,39
21035-2021,21035,2021,38,train,38,39
21039-2020,21039,2020,38,train,38,39
21039-2021,21039,2021,38,train,38,39
21047-2019,21047,2019,38,train,38,39
21047-2020,21047,2020,38,train,38,39
21047-2021,21047,2021,38,train,38,39
21055-2020,21055,2020,38,train,38,39
21055-2021,21055,2021,38,train,38,39
21059-2020,21059,2020,38,train,38,39
21059-2022,21059,2022,38,train,38,39
21075-2019,21075,2019,38,train,38,39
21075-2020,21075,2020,38,train,38,39
21075-2021,21075,2021,38,train,38,39
21083-2020,21083,2020,38,train,38,39
21091-2020,21091,2020,38,train,38,39
21093-2019,21093,2019,38,train,38,39
21093-2020,21093,2020,38,train,38,39
21099-2020,21099,2020,38,train,38,39
21101-2019,21101,2019,38,train,38,39
21101-2020,21101,2020,38,train,38,39
21101-2022,21101,2022,38,train,38,39
21103-2020,21103,2020,38,train,38,39
21105-2019,21105,2019,38,train,38,39
21105-2020,21105,2020,38,train,38,39
21105-2021,21105,2021,38,train,38,39
21107-2020,21107,2020,38,train,38,39
21123-2020,21123,2020,38,train,38,39
21139-2019,21139,2019,38,train,38,39
21139-2020,21139,2020,38,train,38,39
21139-2021,21139,2021,38,train,38,39
21141-2020,21141,2020,38,train,38,39
21143-2019,21143,2019,38,train,38,39
21157-2019,21157,2019,38,train,38,39
21157-2020,21157,2020,38,train,38,39
21157-2021,21157,2021,38,train,38,39
21167-2021,21167,2021,38,train,38,39
21169-2020,21169,2020,38,train,38,39
21177-2020,21177,2020,38,train,38,39
21183-2020,21183,2020,38,train,38,39
21211-2020,21211,2020,38,train,38,39
21213-2020,21213,2020,38,train,38,39
21215-2020,21215,2020,38,train,38,39
21219-2020,21219,2020,38,train,38,39
21221-2019,21221,2019,38,train,38,39
21221-2020,21221,2020,38,train,38,39
21221-2021,21221,2021,38,train,38,39
21223-2020,21223,2020,38,train,38,39
21225-2019,21225,2019,38,train,38,39
21225-2020,21225,2020,38,train,38,39
21225-2021,21225,2021,38,train,38,39
21225-2022,21225,2022,38,train,38,39
21227-2020,21227,2020,38,train,38,39
21229-2020,21229,2020,38,train,38,39
21233-2019,21233,2019,38,train,38,39
21233-2020,21233,2020,38,train,38,39
21233-2021,21233,2021,38,train,38,39
26005-2019,26005,2019,38,train,38,39
26005-2020,26005,2020,38,train,38,39
26007-2019,26007,2019,38,train,38,39
26007-2021,26007,2021,38,train,38,39
26011-2019,26011,2019,38,train,38,39
26011-2020,26011,2020,38,train,38,39
26015-2020,26015,2020,38,train,38,39
26021-2020,26021,2020,38,train,38,39
26021-2022,26021,2022,38,train,38,39
26023-2020,26023,2020,38,train,38,39
26023-2022,26023,2022,38,train,38,39
26025-2020,26025,2020,38,train,38,39
26027-2019,26027,2019,38,train,38,39
26027-2020,26027,2020,38,train,38,39
26027-2022,26027,2022,38,train,38,39
26037-2020,26037,2020,38,train,38,39
26045-2020,26045,2020,38,train,38,39
26049-2019,26049,2019,38,train,38,39
26049-2020,26049,2020,38,train,38,39
26051-2020,26051,2020,38,train,38,39
26059-2019,26059,2019,38,train,38,39
26059-2020,26059,2020,38,train,38,39
26059-2022,26059,2022,38,train,38,39
26063-2020,26063,2020,38,train,38,39
26065-2019,26065,2019,38,train,38,39
26065-2020,26065,2020,38,train,38,39
26067-2020,26067,2020,38,train,38,39
26069-2019,26069,2019,38,train,38,39
26069-2020,26069,2020,38,train,38,39
26069-2021,26069,2021,38,train,38,39
26075-2019,26075,2019,38,train,38,39
26075-2020,26075,2020,38,train,38,39
26077-2019,26077,2019,38,train,38,39
26077-2020,26077,2020,38,train,38,39
26081-2019,26081,2019,38,train,38,39
26081-2020,26081,2020,38,train,38,39
26087-2019,26087,2019,38,train,38,39
26087-2020,26087,2020,38,train,38,39
26091-2019,26091,2019,38,train,38,39
26091-2020,26091,2020,38,train,38,39
26099-2020,26099,2020,38,train,38,39
26105-2019,26105,2019,38,train,38,39
26105-2020,26105,2020,38,train,38,39
26107-2020,26107,2020,38,train,38,39
26109-2019,26109,2019,38,train,38,39
26109-2020,26109,2020,38,train,38,39
26115-2019,26115,2019,38,train,38,39
26115-2020,26115,2020,38,train,38,39
26117-2020,26117,2020,38,train,38,39
26121-2020,26121,2020,38,train,38,39
26123-2019,26123,2019,38,train,38,39
26123-2020,26123,2020,38,train,38,39
26127-2019,26127,2019,38,train,38,39
26127-2020,26127,2020,38,train,38,39
26129-2020,26129,2020,38,train,38,39
26139-2020,26139,2020,38,train,38,39
26141-2019,26141,2019,38,train,38,39
26141-2021,26141,2021,38,train,38,39
26151-2019,26151,2019,38,train,38,39
26151-2020,26151,2020,38,train,38,39
26157-2019,26157,2019,38,train,38,39
26157-2020,26157,2020,38,train,38,39
26159-2020,26159,2020,38,train,38,39
26161-2019,26161,2019,38,train,38,39
26161-2020,26161,2020,38,train,38,39
26165-2020,26165,2020,38,train,38,39
27001-2020,27001,2020,38,train,38,39
27005-2019,27005,2019,38,train,38,39
27005-2020,27005,2020,38,train,38,39
27005-2021,27005,2021,38,train,38,39
27007-2020,27007,2020,38,train,38,39
27007-2021,27007,2021,38,train,38,39
27011-2020,27011,2020,38,train,38,39
27011-2021,27011,2021,38,train,38,39
27013-2019,27013,2019,38,train,38,39
27013-2020,27013,2020,38,train,38,39
27013-2021,27013,2021,38,train,38,39
27015-2019,27015,2019,38,train,38,39
27015-2020,27015,2020,38,train,38,39
27015-2021,27015,2021,38,train,38,39
27019-2020,27019,2020,38,train,38,39
27023-2019,27023,2019,38,train,38,39
27023-2021,27023,2021,38,train,38,39
27025-2019,27025,2019,38,train,38,39
27025-2020,27025,2020,38,train,38,39
27027-2021,27027,2021,38,train,38,39
27029-2019,27029,2019,38,train,38,39
27029-2020,27029,2020,38,train,38,39
27029-2021,27029,2021,38,train,38,39
27033-2019,27033,2019,38,train,38,39
27033-2020,27033,2020,38,train,38,39
27033-2021,27033,2021,38,train,38,39
27035-2020,27035,2020,38,train,38,39
27035-2021,27035,2021,38,train,38,39
27037-2020,27037,2020,38,train,38,39
27039-2020,27039,2020,38,train,38,39
27041-2020,27041,2020,38,train,38,39
27041-2021,27041,2021,38,train,38,39
27043-2020,27043,2020,38,train,38,39
27043-2021,27043,2021,38,train,38,39
27043-2022,27043,2022,38,train,38,39
27045-2020,27045,2020,38,train,38,39
27045-2022,27045,2022,38,train,38,39
27047-2020,27047,2020,38,train,38,39
27047-2021,27047,2021,38,train,38,39
27047-2022,27047,2022,38,train,38,39
27049-2020,27049,2020,38,train,38,39
27049-2021,27049,2021,38,train,38,39
27051-2019,27051,2019,38,train,38,39
27051-2020,27051,2020,38,train,38,39
27051-2021,27051,2021,38,train,38,39
27053-2019,27053,2019,38,train,38,39
27053-2020,27053,2020,38,train,38,39
27055-2019,27055,2019,38,train,38,39
27055-2020,27055,2020,38,train,38,39
27055-2021,27055,2021,38,train,38,39
27055-2022,27055,2022,38,train,38,39
27057-2020,27057,2020,38,train,38,39
27057-2021,27057,2021,38,train,38,39
27059-2019,27059,2019,38,train,38,39
27059-2020,27059,2020,38,train,38,39
27063-2019,27063,2019,38,train,38,39
27063-2020,27063,2020,38,train,38,39
27063-2021,27063,2021,38,train,38,39
27063-2022,27063,2022,38,train,38,39
27067-2020,27067,2020,38,train,38,39
27069-2019,27069,2019,38,train,38,39
27069-2020,27069,2020,38,train,38,39
27079-2020,27079,2020,38,train,38,39
27079-2021,27079,2021,38,train,38,39
27081-2019,27081,2019,38,train,38,39
27081-2020,27081,2020,38,train,38,39
27081-2021,27081,2021,38,train,38,39
27083-2019,27083,2019,38,train,38,39
27083-2020,27083,2020,38,train,38,39
27083-2021,27083,2021,38,train,38,39
27087-2020,27087,2020,38,train,38,39
27087-2021,27087,2021,38,train,38,39
27089-2019,27089,2019,38,train,38,39
27089-2020,27089,2020,38,train,38,39
27089-2021,27089,2021,38,train,38,39
27091-2022,27091,2022,38,train,38,39
27093-2019,27093,2019,38,train,38,39
27093-2020,27093,2020,38,train,38,39
27093-2021,27093,2021,38,train,38,39
27097-2019,27097,2019,38,train,38,39
27097-2020,27097,2020,38,train,38,39
27097-2021,27097,2021,38,train,38,39
27099-2020,27099,2020,38,train,38,39
27099-2022,27099,2022,38,train,38,39
27101-2019,27101,2019,38,train,38,39
27101-2020,27101,2020,38,train,38,39
27101-2021,27101,2021,38,train,38,39
27103-2019,27103,2019,38,train,38,39
27105-2019,27105,2019,38,train,38,39
27105-2020,27105,2020,38,train,38,39
27105-2021,27105,2021,38,train,38,39
27105-2022,27105,2022,38,train,38,39
27107-2020,27107,2020,38,train,38,39
27109-2020,27109,2020,38,train,38,39
27111-2019,27111,2019,38,train,38,39
27111-2020,27111,2020,38,train,38,39
27111-2021,27111,2021,38,train,38,39
27115-2019,27115,2019,38,train,38,39
27115-2020,27115,2020,38,train,38,39
27117-2021,27117,2021,38,train,38,39
27119-2020,27119,2020,38,train,38,39
27119-2021,27119,2021,38,train,38,39
27121-2019,27121,2019,38,train,38,39
27121-2020,27121,2020,38,train,38,39
27121-2021,27121,2021,38,train,38,39
27125-2020,27125,2020,38,train,38,39
27125-2021,27125,2021,38,train,38,39
27127-2019,27127,2019,38,train,38,39
27127-2020,27127,2020,38,train,38,39
27127-2021,27127,2021,38,train,38,39
27129-2019,27129,2019,38,train,38,39
27129-2020,27129,2020,38,train,38,39
27129-2021,27129,2021,38,train,38,39
27131-2020,27131,2020,38,train,38,39
27131-2021,27131,2021,38,train,38,39
27133-2019,27133,2019,38,train,38,39
27133-2020,27133,2020,38,train,38,39
27133-2021,27133,2021,38,train,38,39
27133-2022,27133,2022,38,train,38,39
27135-2019,27135,2019,38,train,38,39
27135-2020,27135,2020,38,train,38,39
27135-2021,27135,2021,38,train,38,39
27139-2020,27139,2020,38,train,38,39
27143-2019,27143,2019,38,train,38,39
27145-2019,27145,2019,38,train,38,39
27145-2020,27145,2020,38,train,38,39
27145-2021,27145,2021,38,train,38,39
27147-2020,27147,2020,38,train,38,39
27147-2021,27147,2021,38,train,38,39
27149-2019,27149,2019,38,train,38,39
27149-2020,27149,2020,38,train,38,39
27149-2021,27149,2021,38,train,38,39
27151-2019,27151,2019,38,train,38,39
27151-2020,27151,2020,38,train,38,39
27153-2019,27153,2019,38,train,38,39
27153-2020,27153,2020,38,train,38,39
27153-2021,27153,2021,38,train,38,39
27155-2020,27155,2020,38,train,38,39
27155-2021,27155,2021,38,train,38,39
27157-2020,27157,2020,38,train,38,39
27159-2019,27159,2019,38,train,38,39
27159-2020,27159,2020,38,train,38,39
27159-2021,27159,2021,38,train,38,39
27161-2020,27161,2020,38,train,38,39
27161-2021,27161,2021,38,train,38,39
27163-2019,27163,2019,38,train,38,39
27163-2020,27163,2020,38,train,38,39
27167-2020,27167,2020,38,train,38,39
27167-2021,27167,2021,38,train,38,39
27169-2019,27169,2019,38,train,38,39
27169-2020,27169,2020,38,train,38,39
27169-2021,27169,2021,38,train,38,39
27173-2019,27173,2019,38,train,38,39
27173-2020,27173,2020,38,train,38,39
29001-2019,29001,2019,38,train,38,39
29001-2020,29001,2020,38,train,38,39
29001-2021,29001,2021,38,train,38,39
29003-2020,29003,2020,38,train,38,39
29005-2020,29005,2020,38,train,38,39
29005-2022,29005,2022,38,train,38,39
29007-2020,29007,2020,38,train,38,39
29011-2019,29011,2019,38,train,38,39
29013-2019,29013,2019,38,train,38,39
29015-2020,29015,2020,38,train,38,39
29017-2019,29017,2019,38,train,38,39
29017-2020,29017,2020,38,train,38,39
29017-2021,29017,2021,38,train,38,39
29019-2020,29019,2020,38,train,38,39
29021-2020,29021,2020,38,train,38,39
29021-2021,29021,2021,38,train,38,39
29021-2022,29021,2022,38,train,38,39
29023-2019,29023,2019,38,train,38,39
29023-2020,29023,2020,38,train,38,39
29023-2021,29023,2021,38,train,38,39
29025-2021,29025,2021,38,train,38,39
29027-2020,29027,2020,38,train,38,39
29031-2020,29031,2020,38,train,38,39
29031-2021,29031,2021,38,train,38,39
29037-2020,29037,2020,38,train,38,39
29037-2021,29037,2021,38,train,38,39
29039-2019,29039,2019,38,train,38,39
29039-2021,29039,2021,38,train,38,39
29041-2020,29041,2020,38,train,38,39
29045-2020,29045,2020,38,train,38,39
29047-2020,29047,2020,38,train,38,39
29047-2021,29047,2021,38,train,38,39
29049-2019,29049,2019,38,train,38,39
29049-2020,29049,2020,38,train,38,39
29049-2021,29049,2021,38,train,38,39
29051-2020,29051,2020,38,train,38,39
29053-2020,29053,2020,38,train,38,39
29053-2021,29053,2021,38,train,38,39
29057-2019,29057,2019,38,train,38,39
29061-2020,29061,2020,38,train,38,39
29061-2021,29061,2021,38,train,38,39
29069-2019,29069,2019,38,train,38,39
29069-2020,29069,2020,38,train,38,39
29069-2021,29069,2021,38,train,38,39
29071-2020,29071,2020,38,train,38,39
29073-2020,29073,2020,38,train,38,39
29075-2020,29075,2020,38,train,38,39
29081-2020,29081,2020,38,train,38,39
29081-2021,29081,2021,38,train,38,39
29083-2021,29083,2021,38,train,38,39
29087-2020,29087,2020,38,train,38,39
29089-2020,29089,2020,38,train,38,39
29089-2021,29089,2021,38,train,38,39
29095-2019,29095,2019,38,train,38,39
29095-2020,29095,2020,38,train,38,39
29101-2021,29101,2021,38,train,38,39
29103-2020,29103,2020,38,train,38,39
29109-2020,29109,2020,38,train,38,39
29109-2021,29109,2021,38,train,38,39
29111-2020,29111,2020,38,train,38,39
29111-2022,29111,2022,38,train,38,39
29113-2020,29113,2020,38,train,38,39
29113-2022,29113,2022,38,train,38,39
29115-2020,29115,2020,38,train,38,39
29115-2021,29115,2021,38,train,38,39
29121-2020,29121,2020,38,train,38,39
29127-2019,29127,2019,38,train,38,39
29127-2020,29127,2020,38,train,38,39
29127-2021,29127,2021,38,train,38,39
29127-2022,29127,2022,38,train,38,39
29133-2019,29133,2019,38,train,38,39
29133-2020,29133,2020,38,train,38,39
29133-2021,29133,2021,38,train,38,39
29135-2020,29135,2020,38,train,38,39
29137-2020,29137,2020,38,train,38,39
29137-2021,29137,2021,38,train,38,39
29139-2020,29139,2020,38,train,38,39
29141-2019,29141,2019,38,train,38,39
29141-2020,29141,2020,38,train,38,39
29143-2019,29143,2019,38,train,38,39
29145-2019,29145,2019,38,train,38,39
29145-2020,29145,2020,38,train,38,39
29145-2021,29145,2021,38,train,38,39
29151-2020,29151,2020,38,train,38,39
29155-2020,29155,2020,38,train,38,39
29155-2021,29155,2021,38,train,38,39
29157-2020,29157,2020,38,train,38,39
29157-2021,29157,2021,38,train,38,39
29157-2022,29157,2022,38,train,38,39
29159-2020,29159,2020,38,train,38,39
29163-2020,29163,2020,38,train,38,39
29163-2022,29163,2022,38,train,38,39
29165-2019,29165,2019,38,train,38,39
29165-2020,29165,2020,38,train,38,39
29165-2021,29165,2021,38,train,38,39
29173-2019,29173,2019,38,train,38,39
29173-2020,29173,2020,38,train,38,39
29173-2022,29173,2022,38,train,38,39
29175-2020,29175,2020,38,train,38,39
29195-2020,29195,2020,38,train,38,39
29197-2022,29197,2022,38,train,38,39
29199-2020,29199,2020,38,train,38,39
29199-2022,29199,2022,38,train,38,39
29201-2019,29201,2019,38,train,38,39
29201-2020,29201,2020,38,train,38,39
29201-2021,29201,2021,38,train,38,39
29205-2020,29205,2020,38,train,38,39
29205-2021,29205,2021,38,train,38,39
29207-2019,29207,2019,38,train,38,39
29207-2020,29207,2020,38,train,38,39
29207-2021,29207,2021,38,train,38,39
29211-2020,29211,2020,38,train,38,39
29219-2020,29219,2020,38,train,38,39
29227-2020,29227,2020,38,train,38,39
29227-2021,29227,2021,38,train,38,39
29227-2022,29227,2022,38,train,38,39
31001-2019,31001,2019,38,train,38,39
31001-2020,31001,2020,38,train,38,39
31001-2022,31001,2022,38,train,38,39
31011-2019,31011,2019,38,train,38,39
31011-2022,31011,2022,38,train,38,39
31013-2019,31013,2019,38,train,38,39
31013-2020,31013,2020,38,train,38,39
31013-2021,31013,2021,38,train,38,39
31015-2020,31015,2020,38,train,38,39
31015-2022,31015,2022,38,train,38,39
31017-2020,31017,2020,38,train,38,39
31017-2021,31017,2021,38,train,38,39
31019-2019,31019,2019,38,train,38,39
31019-2020,31019,2020,38,train,38,39
31019-2022,31019,2022,38,train,38,39
31021-2019,31021,2019,38,train,38,39
31021-2022,31021,2022,38,train,38,39
31023-2019,31023,2019,38,train,38,39
31023-2020,31023,2020,38,train,38,39
31023-2022,31023,2022,38,train,38,39
31025-2019,31025,2019,38,train,38,39
31025-2020,31025,2020,38,train,38,39
31025-2022,31025,2022,38,train,38,39
31027-2021,31027,2021,38,train,38,39
31027-2022,31027,2022,38,train,38,39
31029-2019,31029,2019,38,train,38,39
31029-2020,31029,2020,38,train,38,39
31029-2021,31029,2021,38,train,38,39
31031-2021,31031,2021,38,train,38,39
31033-2020,31033,2020,38,train,38,39
31035-2019,31035,2019,38,train,38,39
31035-2020,31035,2020,38,train,38,39
31035-2022,31035,2022,38,train,38,39
31037-2019,31037,2019,38,train,38,39
31037-2020,31037,2020,38,train,38,39
31037-2022,31037,2022,38,train,38,39
31039-2022,31039,2022,38,train,38,39
31041-2019,31041,2019,38,train,38,39
31041-2020,31041,2020,38,train,38,39
31043-2020,31043,2020,38,train,38,39
31043-2021,31043,2021,38,train,38,39
31043-2022,31043,2022,38,train,38,39
31045-2020,31045,2020,38,train,38,39
31047-2019,31047,2019,38,train,38,39
31047-2020,31047,2020,38,train,38,39
31047-2022,31047,2022,38,train,38,39
31049-2019,31049,2019,38,train,38,39
31049-2020,31049,2020,38,train,38,39
31051-2020,31051,2020,38,train,38,39
31053-2019,31053,2019,38,train,38,39
31053-2020,31053,2020,38,train,38,39
31053-2022,31053,2022,38,train,38,39
31055-2019,31055,2019,38,train,38,39
31055-2020,31055,2020,38,train,38,39
31055-2022,31055,2022,38,train,38,39
31057-2020,31057,2020,38,train,38,39
31057-2021,31057,2021,38,train,38,39
31059-2019,31059,2019,38,train,38,39
31059-2020,31059,2020,38,train,38,39
31059-2022,31059,2022,38,train,38,39
31061-2019,31061,2019,38,train,38,39
31061-2020,31061,2020,38,train,38,39
31061-2021,31061,2021,38,train,38,39
31061-2022,31061,2022,38,train,38,39
31063-2019,31063,2019,38,train,38,39
31063-2020,31063,2020,38,train,38,39
31063-2021,31063,2021,38,train,38,39
31063-2022,31063,2022,38,train,38,39
31065-2019,31065,2019,38,train,38,39
31065-2020,31065,2020,38,train,38,39
31065-2021,31065,2021,38,train,38,39
31065-2022,31065,2022,38,train,38,39
31067-2019,31067,2019,38,train,38,39
31067-2020,31067,2020,38,train,38,39
31067-2022,31067,2022,38,train,38,39
31069-2020,31069,2020,38,train,38,39
31071-2019,31071,2019,38,train,38,39
31071-2020,31071,2020,38,train,38,39
31071-2021,31071,2021,38,train,38,39
31071-2022,31071,2022,38,train,38,39
31073-2020,31073,2020,38,train,38,39
31073-2021,31073,2021,38,train,38,39
31073-2022,31073,2022,38,train,38,39
31077-2019,31077,2019,38,train,38,39
31077-2020,31077,2020,38,train,38,39
31077-2021,31077,2021,38,train,38,39
31077-2022,31077,2022,38,train,38,39
31079-2019,31079,2019,38,train,38,39
31079-2022,31079,2022,38,train,38,39
31081-2019,31081,2019,38,train,38,39
31081-2022,31081,2022,38,train,38,39
31083-2019,31083,2019,38,train,38,39
31083-2020,31083,2020,38,train,38,39
31083-2021,31083,2021,38,train,38,39
31083-2022,31083,2022,38,train,38,39
31085-2019,31085,2019,38,train,38,39
31085-2020,31085,2020,38,train,38,39
31085-2021,31085,2021,38,train,38,39
31087-2020,31087,2020,38,train,38,39
31089-2019,31089,2019,38,train,38,39
31089-2020,31089,2020,38,train,38,39
31089-2022,31089,2022,38,train,38,39
31093-2019,31093,2019,38,train,38,39
31093-2020,31093,2020,38,train,38,39
31093-2021,31093,2021,38,train,38,39
31093-2022,31093,2022,38,train,38,39
31095-2019,31095,2019,38,train,38,39
31095-2020,31095,2020,38,train,38,39
31095-2022,31095,2022,38,train,38,39
31097-2020,31097,2020,38,train,38,39
31097-2022,31097,2022,38,train,38,39
31099-2019,31099,2019,38,train,38,39
31099-2020,31099,2020,38,train,38,39
31099-2022,31099,2022,38,train,38,39
31101-2020,31101,2020,38,train,38,39
31101-2021,31101,2021,38,train,38,39
31103-2020,31103,2020,38,train,38,39
31107-2020,31107,2020,38,train,38,39
31107-2021,31107,2021,38,train,38,39
31107-2022,31107,2022,38,train,38,39
31109-2019,31109,2019,38,train,38,39
31109-2020,31109,2020,38,train,38,39
31109-2022,31109,2022,38,train,38,39
31111-2019,31111,2019,38,train,38,39
31111-2020,31111,2020,38,train,38,39
31111-2021,31111,2021,38,train,38,39
31111-2022,31111,2022,38,train,38,39
31113-2019,31113,2019,38,train,38,39
31113-2020,31113,2020,38,train,38,39
31115-2020,31115,2020,38,train,38,39
31119-2022,31119,2022,38,train,38,39
31121-2019,31121,2019,38,train,38,39
31123-2019,31123,2019,38,train,38,39
31123-2020,31123,2020,38,train,38,39
31123-2021,31123,2021,38,train,38,39
31125-2019,31125,2019,38,train,38,39
31125-2020,31125,2020,38,train,38,39
31125-2022,31125,2022,38,train,38,39
31127-2020,31127,2020,38,train,38,39
31127-2022,31127,2022,38,train,38,39
31129-2020,31129,2020,38,train,38,39
31129-2022,31129,2022,38,train,38,39
31131-2019,31131,2019,38,train,38,39
31131-2020,31131,2020,38,train,38,39
31131-2022,31131,2022,38,train,38,39
31135-2019,31135,2019,38,train,38,39
31135-2020,31135,2020,38,train,38,39
31135-2021,31135,2021,38,train,38,39
31137-2019,31137,2019,38,train,38,39
31137-2020,31137,2020,38,train,38,39
31137-2021,31137,2021,38,train,38,39
31137-2022,31137,2022,38,train,38,39
31139-2020,31139,2020,38,train,38,39
31139-2021,31139,2021,38,train,38,39
31139-2022,31139,2022,38,train,38,39
31141-2019,31141,2019,38,train,38,39
31141-2020,31141,2020,38,train,38,39
31141-2021,31141,2021,38,train,38,39
31141-2022,31141,2022,38,train,38,39
31143-2020,31143,2020,38,train,38,39
31143-2022,31143,2022,38,train,38,39
31145-2019,31145,2019,38,train,38,39
31145-2020,31145,2020,38,train,38,39
31145-2021,31145,2021,38,train,38,39
31147-2020,31147,2020,38,train,38,39
31147-2022,31147,2022,38,train,38,39
31149-2019,31149,2019,38,train,38,39
31149-2020,31149,2020,38,train,38,39
31149-2021,31149,2021,38,train,38,39
31151-2019,31151,2019,38,train,38,39
31151-2020,31151,2020,38,train,38,39
31151-2022,31151,2022,38,train,38,39
31153-2020,31153,2020,38,train,38,39
31153-2022,31153,2022,38,train,38,39
31155-2019,31155,2019,38,train,38,39
31155-2020,31155,2020,38,train,38,39
31155-2022,31155,2022,38,train,38,39
31157-2019,31157,2019,38,train,38,39
31157-2020,31157,2020,38,train,38,39
31157-2021,31157,2021,38,train,38,39
31159-2019,31159,2019,38,train,38,39
31159-2020,31159,2020,38,train,38,39
31159-2022,31159,2022,38,train,38,39
31161-2020,31161,2020,38,train,38,39
31161-2021,31161,2021,38,train,38,39
31163-2019,31163,2019,38,train,38,39
31163-2020,31163,2020,38,train,38,39
31163-2021,31163,2021,38,train,38,39
31163-2022,31163,2022,38,train,38,39
31165-2019,31165,2019,38,train,38,39
31165-2020,31165,2020,38,train,38,39
31165-2021,31165,2021,38,train,38,39
31167-2019,31167,2019,38,train,38,39
31167-2022,31167,2022,38,train,38,39
31169-2019,31169,2019,38,train,38,39
31169-2020,31169,2020,38,train,38,39
31169-2021,31169,2021,38,train,38,39
31169-2022,31169,2022,38,train,38,39
31173-2019,31173,2019,38,train,38,39
31173-2022,31173,2022,38,train,38,39
31175-2019,31175,2019,38,train,38,39
31175-2020,31175,2020,38,train,38,39
31175-2021,31175,2021,38,train,38,39
31175-2022,31175,2022,38,train,38,39
31177-2019,31177,2019,38,train,38,39
31177-2020,31177,2020,38,train,38,39
31177-2022,31177,2022,38,train,38,39
31179-2019,31179,2019,38,train,38,39
31179-2021,31179,2021,38,train,38,39
31179-2022,31179,2022,38,train,38,39
31181-2020,31181,2020,38,train,38,39
31181-2022,31181,2022,38,train,38,39
31183-2020,31183,2020,38,train,38,39
31185-2019,31185,2019,38,train,38,39
31185-2020,31185,2020,38,train,38,39
31185-2022,31185,2022,38,train,38,39
38001-2020,38001,2020,38,test,38,39
38001-2021,38001,2021,38,test,38,39
38003-2020,38003,2020,38,test,38,39
38003-2021,38003,2021,38,test,38,39
38005-2020,38005,2020,38,test,38,39
38005-2021,38005,2021,38,test,38,39
38007-2020,38007,2020,38,test,38,39
38007-2021,38007,2021,38,test,38,39
38009-2020,38009,2020,38,test,38,39
38009-2021,38009,2021,38,test,38,39
38011-2020,38011,2020,38,test,38,39
38015-2019,38015,2019,38,test,38,39
38015-2020,38015,2020,38,test,38,39
38017-2019,38017,2019,38,test,38,39
38017-2020,38017,2020,38,test,38,39
38017-2021,38017,2021,38,test,38,39
38021-2020,38021,2020,38,test,38,39
38021-2021,38021,2021,38,test,38,39
38025-2020,38025,2020,38,test,38,39
38025-2021,38025,2021,38,test,38,39
38027-2020,38027,2020,38,test,38,39
38027-2021,38027,2021,38,test,38,39
38029-2020,38029,2020,38,test,38,39
38029-2021,38029,2021,38,test,38,39
38031-2020,38031,2020,38,test,38,39
38031-2021,38031,2021,38,test,38,39
38033-2021,38033,2021,38,test,38,39
38035-2019,38035,2019,38,test,38,39
38035-2020,38035,2020,38,test,38,39
38035-2021,38035,2021,38,test,38,39
38037-2020,38037,2020,38,test,38,39
38037-2021,38037,2021,38,test,38,39
38041-2019,38041,2019,38,test,38,39
38041-2020,38041,2020,38,test,38,39
38041-2021,38041,2021,38,test,38,39
38043-2019,38043,2019,38,test,38,39
38043-2020,38043,2020,38,test,38,39
38043-2021,38043,2021,38,test,38,39
38047-2020,38047,2020,38,test,38,39
38047-2021,38047,2021,38,test,38,39
38057-2020,38057,2020,38,test,38,39
38057-2021,38057,2021,38,test,38,39
38059-2020,38059,2020,38,test,38,39
38061-2019,38061,2019,38,test,38,39
38061-2020,38061,2020,38,test,38,39
38063-2020,38063,2020,38,test,38,39
38065-2020,38065,2020,38,test,38,39
38067-2020,38067,2020,38,test,38,39
38067-2021,38067,2021,38,test,38,39
38069-2020,38069,2020,38,test,38,39
38069-2021,38069,2021,38,test,38,39
38071-2020,38071,2020,38,test,38,39
38071-2021,38071,2021,38,test,38,39
38073-2020,38073,2020,38,test,38,39
38073-2021,38073,2021,38,test,38,39
38075-2020,38075,2020,38,test,38,39
38075-2021,38075,2021,38,test,38,39
38077-2019,38077,2019,38,test,38,39
38077-2020,38077,2020,38,test,38,39
38077-2021,38077,2021,38,test,38,39
38079-2021,38079,2021,38,test,38,39
38081-2019,38081,2019,38,test,38,39
38081-2020,38081,2020,38,test,38,39
38081-2021,38081,2021,38,test,38,39
38083-2019,38083,2019,38,test,38,39
38083-2020,38083,2020,38,test,38,39
38087-2019,38087,2019,38,test,38,39
38087-2020,38087,2020,38,test,38,39
38087-2021,38087,2021,38,test,38,39
38089-2020,38089,2020,38,test,38,39
38089-2021,38089,2021,38,test,38,39
38091-2019,38091,2019,38,test,38,39
38091-2020,38091,2020,38,test,38,39
38091-2021,38091,2021,38,test,38,39
38093-2019,38093,2019,38,test,38,39
38093-2020,38093,2020,38,test,38,39
38093-2021,38093,2021,38,test,38,39
38095-2020,38095,2020,38,test,38,39
38095-2021,38095,2021,38,test,38,39
38097-2020,38097,2020,38,test,38,39
38099-2020,38099,2020,38,test,38,39
38099-2021,38099,2021,38,test,38,39
38101-2019,38101,2019,38,test,38,39
38101-2020,38101,2020,38,test,38,39
38101-2021,38101,2021,38,test,38,39
38103-2020,38103,2020,38,test,38,39
38103-2021,38103,2021,38,test,38,39
38105-2021,38105,2021,38,test,38,39
39001-2020,39001,2020,38,val,38,39
39001-2022,39001,2022,38,val,38,39
39003-2020,39003,2020,38,val,38,39
39003-2022,39003,2022,38,val,38,39
39005-2019,39005,2019,38,val,38,39
39005-2020,39005,2020,38,val,38,39
39005-2021,39005,2021,38,val,38,39
39007-2019,39007,2019,38,val,38,39
39007-2021,39007,2021,38,val,38,39
39011-2019,39011,2019,38,val,38,39
39011-2020,39011,2020,38,val,38,39
39011-2021,39011,2021,38,val,38,39
39011-2022,39011,2022,38,val,38,39
39015-2022,39015,2022,38,val,38,39
39017-2020,39017,2020,38,val,38,39
39017-2022,39017,2022,38,val,38,39
39021-2019,39021,2019,38,val,38,39
39021-2020,39021,2020,38,val,38,39
39021-2022,39021,2022,38,val,38,39
39023-2022,39023,2022,38,val,38,39
39025-2022,39025,2022,38,val,38,39
39027-2022,39027,2022,38,val,38,39
39029-2019,39029,2019,38,val,38,39
39031-2019,39031,2019,38,val,38,39
39031-2020,39031,2020,38,val,38,39
39031-2021,39031,2021,38,val,38,39
39031-2022,39031,2022,38,val,38,39
39033-2022,39033,2022,38,val,38,39
39037-2019,39037,2019,38,val,38,39
39037-2020,39037,2020,38,val,38,39
39037-2021,39037,2021,38,val,38,39
39037-2022,39037,2022,38,val,38,39
39039-2019,39039,2019,38,val,38,39
39039-2020,39039,2020,38,val,38,39
39039-2022,39039,2022,38,val,38,39
39041-2022,39041,2022,38,val,38,39
39043-2020,39043,2020,38,val,38,39
39043-2022,39043,2022,38,val,38,39
39045-2019,39045,2019,38,val,38,39
39045-2020,39045,2020,38,val,38,39
39045-2022,39045,2022,38,val,38,39
39047-2020,39047,2020,38,val,38,39
39047-2022,39047,2022,38,val,38,39
39049-2022,39049,2022,38,val,38,39
39051-2019,39051,2019,38,val,38,39
39051-2020,39051,2020,38,val,38,39
39051-2022,39051,2022,38,val,38,39
39053-2019,39053,2019,38,val,38,39
39053-2020,39053,2020,38,val,38,39
39053-2021,39053,2021,38,val,38,39
39057-2022,39057,2022,38,val,38,39
39061-2020,39061,2020,38,val,38,39
39063-2020,39063,2020,38,val,38,39
39063-2022,39063,2022,38,val,38,39
39065-2019,39065,2019,38,val,38,39
39065-2020,39065,2020,38,val,38,39
39065-2021,39065,2021,38,val,38,39
39065-2022,39065,2022,38,val,38,39
39069-2020,39069,2020,38,val,38,39
39069-2022,39069,2022,38,val,38,39
39071-2022,39071,2022,38,val,38,39
39075-2019,39075,2019,38,val,38,39
39075-2020,39075,2020,38,val,38,39
39075-2021,39075,2021,38,val,38,39
39075-2022,39075,2022,38,val,38,39
39077-2022,39077,2022,38,val,38,39
39079-2022,39079,2022,38,val,38,39
39083-2019,39083,2019,38,val,38,39
39083-2020,39083,2020,38,val,38,39
39083-2021,39083,2021,38,val,38,39
39083-2022,39083,2022,38,val,38,39
39089-2020,39089,2020,38,val,38,39
39089-2021,39089,2021,38,val,38,39
39089-2022,39089,2022,38,val,38,39
39091-2019,39091,2019,38,val,38,39
39091-2020,39091,2020,38,val,38,39
39091-2021,39091,2021,38,val,38,39
39091-2022,39091,2022,38,val,38,39
39093-2020,39093,2020,38,val,38,39
39093-2021,39093,2021,38,val,38,39
39093-2022,39093,2022,38,val,38,39
39095-2019,39095,2019,38,val,38,39
39095-2020,39095,2020,38,val,38,39
39095-2022,39095,2022,38,val,38,39
39097-2020,39097,2020,38,val,38,39
39097-2022,39097,2022,38,val,38,39
39099-2019,39099,2019,38,val,38,39
39101-2019,39101,2019,38,val,38,39
39101-2020,39101,2020,38,val,38,39
39101-2022,39101,2022,38,val,38,39
39103-2019,39103,2019,38,val,38,39
39103-2020,39103,2020,38,val,38,39
39103-2021,39103,2021,38,val,38,39
39103-2022,39103,2022,38,val,38,39
39107-2019,39107,2019,38,val,38,39
39107-2020,39107,2020,38,val,38,39
39107-2021,39107,2021,38,val,38,39
39107-2022,39107,2022,38,val,38,39
39109-2019,39109,2019,38,val,38,39
39109-2020,39109,2020,38,val,38,39
39109-2022,39109,2022,38,val,38,39
39113-2019,39113,2019,38,val,38,39
39117-2022,39117,2022,38,val,38,39
39119-2019,39119,2019,38,val,38,39
39119-2020,39119,2020,38,val,38,39
39119-2021,39119,2021,38,val,38,39
39119-2022,39119,2022,38,val,38,39
39123-2020,39123,2020,38,val,38,39
39123-2022,39123,2022,38,val,38,39
39125-2020,39125,2020,38,val,38,39
39125-2022,39125,2022,38,val,38,39
39127-2020,39127,2020,38,val,38,39
39127-2021,39127,2021,38,val,38,39
39129-2019,39129,2019,38,val,38,39
39129-2020,39129,2020,38,val,38,39
39129-2021,39129,2021,38,val,38,39
39129-2022,39129,2022,38,val,38,39
39131-2019,39131,2019,38,val,38,39
39131-2021,39131,2021,38,val,38,39
39131-2022,39131,2022,38,val,38,39
39133-2019,39133,2019,38,val,38,39
39133-2021,39133,2021,38,val,38,39
39135-2019,39135,2019,38,val,38,39
39135-2020,39135,2020,38,val,38,39
39135-2021,39135,2021,38,val,38,39
39135-2022,39135,2022,38,val,38,39
39137-2019,39137,2019,38,val,38,39
39137-2020,39137,2020,38,val,38,39
39137-2022,39137,2022,38,val,38,39
39139-2019,39139,2019,38,val,38,39
39139-2020,39139,2020,38,val,38,39
39139-2022,39139,2022,38,val,38,39
39141-2019,39141,2019,38,val,38,39
39141-2021,39141,2021,38,val,38,39
39141-2022,39141,2022,38,val,38,39
39143-2019,39143,2019,38,val,38,39
39143-2020,39143,2020,38,val,38,39
39143-2022,39143,2022,38,val,38,39
39145-2019,39145,2019,38,val,38,39
39145-2020,39145,2020,38,val,38,39
39145-2021,39145,2021,38,val,38,39
39147-2019,39147,2019,38,val,38,39
39147-2020,39147,2020,38,val,38,39
39147-2022,39147,2022,38,val,38,39
39149-2019,39149,2019,38,val,38,39
39149-2020,39149,2020,38,val,38,39
39149-2022,39149,2022,38,val,38,39
39151-2019,39151,2019,38,val,38,39
39151-2020,39151,2020,38,val,38,39
39151-2021,39151,2021,38,val,38,39
39155-2019,39155,2019,38,val,38,39
39157-2019,39157,2019,38,val,38,39
39157-2020,39157,2020,38,val,38,39
39157-2021,39157,2021,38,val,38,39
39159-2019,39159,2019,38,val,38,39
39159-2022,39159,2022,38,val,38,39
39161-2019,39161,2019,38,val,38,39
39161-2020,39161,2020,38,val,38,39
39161-2022,39161,2022,38,val,38,39
39165-2019,39165,2019,38,val,38,39
39165-2020,39165,2020,38,val,38,39
39165-2022,39165,2022,38,val,38,39
39167-2019,39167,2019,38,val,38,39
39167-2020,39167,2020,38,val,38,39
39167-2021,39167,2021,38,val,38,39
39169-2019,39169,2019,38,val,38,39
39169-2020,39169,2020,38,val,38,39
39169-2021,39169,2021,38,val,38,39
39169-2022,39169,2022,38,val,38,39
39171-2019,39171,2019,38,val,38,39
39171-2020,39171,2020,38,val,38,39
39171-2022,39171,2022,38,val,38,39
39173-2020,39173,2020,38,val,38,39
39173-2022,39173,2022,38,val,38,39
39175-2019,39175,2019,38,val,38,39
39175-2020,39175,2020,38,val,38,39
39175-2022,39175,2022,38,val,38,39
46003-2020,46003,2020,38,train,38,39
46003-2021,46003,2021,38,train,38,39
46005-2020,46005,2020,38,train,38,39
46005-2021,46005,2021,38,train,38,39
46007-2020,46007,2020,38,train,38,39
46007-2021,46007,2021,38,train,38,39
46009-2020,46009,2020,38,train,38,39
46009-2021,46009,2021,38,train,38,39
46009-2022,46009,2022,38,train,38,39
46011-2020,46011,2020,38,train,38,39
46011-2021,46011,2021,38,train,38,39
46013-2020,46013,2020,38,train,38,39
46013-2021,46013,2021,38,train,38,39
46015-2020,46015,2020,38,train,38,39
46015-2021,46015,2021,38,train,38,39
46017-2020,46017,2020,38,train,38,39
46017-2021,46017,2021,38,train,38,39
46019-2020,46019,2020,38,train,38,39
46019-2021,46019,2021,38,train,38,39
46021-2020,46021,2020,38,train,38,39
46021-2021,46021,2021,38,train,38,39
46023-2020,46023,2020,38,train,38,39
46023-2021,46023,2021,38,train,38,39
46023-2022,46023,2022,38,train,38,39
46025-2020,46025,2020,38,train,38,39
46025-2021,46025,2021,38,train,38,39
46027-2020,46027,2020,38,train,38,39
46027-2021,46027,2021,38,train,38,39
46027-2022,46027,2022,38,train,38,39
46029-2020,46029,2020,38,train,38,39
46029-2021,46029,2021,38,train,38,39
46031-2020,46031,2020,38,train,38,39
46031-2021,46031,2021,38,train,38,39
46035-2020,46035,2020,38,train,38,39
46037-2020,46037,2020,38,train,38,39
46037-2021,46037,2021,38,train,38,39
46039-2020,46039,2020,38,train,38,39
46041-2020,46041,2020,38,train,38,39
46043-2020,46043,2020,38,train,38,39
46043-2021,46043,2021,38,train,38,39
46045-2019,46045,2019,38,train,38,39
46045-2020,46045,2020,38,train,38,39
46049-2020,46049,2020,38,train,38,39
46049-2021,46049,2021,38,train,38,39
46051-2020,46051,2020,38,train,38,39
46051-2021,46051,2021,38,train,38,39
46053-2020,46053,2020,38,train,38,39
46053-2021,46053,2021,38,train,38,39
46057-2020,46057,2020,38,train,38,39
46057-2021,46057,2021,38,train,38,39
46059-2020,46059,2020,38,train,38,39
46059-2021,46059,2021,38,train,38,39
46061-2020,46061,2020,38,train,38,39
46061-2021,46061,2021,38,train,38,39
46063-2021,46063,2021,38,train,38,39
46065-2020,46065,2020,38,train,38,39
46065-2021,46065,2021,38,train,38,39
46067-2020,46067,2020,38,train,38,39
46067-2021,46067,2021,38,train,38,39
46069-2020,46069,2020,38,train,38,39
46073-2020,46073,2020,38,train,38,39
46073-2021,46073,2021,38,train,38,39
46075-2020,46075,2020,38,train,38,39
46077-2020,46077,2020,38,train,38,39
46077-2021,46077,2021,38,train,38,39
46079-2020,46079,2020,38,train,38,39
46079-2021,46079,2021,38,train,38,39
46083-2019,46083,2019,38,train,38,39
46083-2020,46083,2020,38,train,38,39
46083-2021,46083,2021,38,train,38,39
46083-2022,46083,2022,38,train,38,39
46085-2019,46085,2019,38,train,38,39
46085-2020,46085,2020,38,train,38,39
46085-2021,46085,2021,38,train,38,39
46091-2020,46091,2020,38,train,38,39
46091-2021,46091,2021,38,train,38,39
46093-2021,46093,2021,38,train,38,39
46095-2020,46095,2020,38,train,38,39
46097-2020,46097,2020,38,train,38,39
46097-2021,46097,2021,38,train,38,39
46099-2019,46099,2019,38,train,38,39
46099-2020,46099,2020,38,train,38,39
46099-2022,46099,2022,38,train,38,39
46101-2020,46101,2020,38,train,38,39
46102-2020,46102,2020,38,train,38,39
46102-2021,46102,2021,38,train,38,39
46103-2021,46103,2021,38,train,38,39
46107-2020,46107,2020,38,train,38,39
46107-2021,46107,2021,38,train,38,39
46109-2020,46109,2020,38,train,38,39
46111-2020,46111,2020,38,train,38,39
46111-2021,46111,2021,38,train,38,39
46115-2020,46115,2020,38,train,38,39
46119-2020,46119,2020,38,train,38,39
46119-2021,46119,2021,38,train,38,39
46121-2021,46121,2021,38,train,38,39
46123-2020,46123,2020,38,train,38,39
46123-2021,46123,2021,38,train,38,39
46125-2020,46125,2020,38,train,38,39
46125-2021,46125,2021,38,train,38,39
46125-2022,46125,2022,38,train,38,39
46127-2019,46127,2019,38,train,38,39
46127-2020,46127,2020,38,train,38,39
46127-2022,46127,2022,38,train,38,39
46129-2020,46129,2020,38,train,38,39
46129-2021,46129,2021,38,train,38,39
46135-2021,46135,2021,38,train,38,39
46135-2022,46135,2022,38,train,38,39
46137-2019,46137,2019,38,train,38,39
46137-2020,46137,2020,38,train,38,39
55001-2019,55001,2019,38,train,38,39
55001-2020,55001,2020,38,train,38,39
55005-2020,55005,2020,38,train,38,39
55009-2020,55009,2020,38,train,38,39
55011-2020,55011,2020,38,train,38,39
55013-2020,55013,2020,38,train,38,39
55015-2020,55015,2020,38,train,38,39
55017-2019,55017,2019,38,train,38,39
55017-2020,55017,2020,38,train,38,39
55017-2021,55017,2021,38,train,38,39
55019-2019,55019,2019,38,train,38,39
55019-2020,55019,2020,38,train,38,39
55019-2021,55019,2021,38,train,38,39
55021-2019,55021,2019,38,train,38,39
55021-2020,55021,2020,38,train,38,39
55021-2021,55021,2021,38,train,38,39
55023-2019,55023,2019,38,train,38,39
55023-2020,55023,2020,38,train,38,39
55023-2021,55023,2021,38,train,38,39
55023-2022,55023,2022,38,train,38,39
55025-2019,55025,2019,38,train,38,39
55025-2020,55025,2020,38,train,38,39
55025-2021,55025,2021,38,train,38,39
55025-2022,55025,2022,38,train,38,39
55027-2019,55027,2019,38,train,38,39
55027-2020,55027,2020,38,train,38,39
55029-2019,55029,2019,38,train,38,39
55029-2020,55029,2020,38,train,38,39
55029-2021,55029,2021,38,train,38,39
55033-2020,55033,2020,38,train,38,39
55035-2019,55035,2019,38,train,38,39
55035-2020,55035,2020,38,train,38,39
55035-2021,55035,2021,38,train,38,39
55043-2019,55043,2019,38,train,38,39
55043-2020,55043,2020,38,train,38,39
55043-2021,55043,2021,38,train,38,39
55043-2022,55043,2022,38,train,38,39
55045-2019,55045,2019,38,train,38,39
55045-2020,55045,2020,38,train,38,39
55045-2021,55045,2021,38,train,38,39
55045-2022,55045,2022,38,train,38,39
55047-2019,55047,2019,38,train,38,39
55047-2020,55047,2020,38,train,38,39
55047-2021,55047,2021,38,train,38,39
55049-2020,55049,2020,38,train,38,39
55049-2022,55049,2022,38,train,38,39
55053-2019,55053,2019,38,train,38,39
55053-2020,55053,2020,38,train,38,39
55053-2021,55053,2021,38,train,38,39
55055-2019,55055,2019,38,train,38,39
55055-2020,55055,2020,38,train,38,39
55055-2022,55055,2022,38,train,38,39
55057-2019,55057,2019,38,train,38,39
55057-2020,55057,2020,38,train,38,39
55057-2021,55057,2021,38,train,38,39
55059-2020,55059,2020,38,train,38,39
55059-2022,55059,2022,38,train,38,39
55061-2020,55061,2020,38,train,38,39
55063-2019,55063,2019,38,train,38,39
55063-2020,55063,2020,38,train,38,39
55063-2021,55063,2021,38,train,38,39
55065-2020,55065,2020,38,train,38,39
55065-2022,55065,2022,38,train,38,39
55067-2020,55067,2020,38,train,38,39
55067-2021,55067,2021,38,train,38,39
55069-2020,55069,2020,38,train,38,39
55069-2021,55069,2021,38,train,38,39
55071-2019,55071,2019,38,train,38,39
55071-2020,55071,2020,38,train,38,39
55073-2020,55073,2020,38,train,38,39
55073-2021,55073,2021,38,train,38,39
55075-2019,55075,2019,38,train,38,39
55075-2020,55075,2020,38,train,38,39
55075-2021,55075,2021,38,train,38,39
55077-2020,55077,2020,38,train,38,39
55079-2020,55079,2020,38,train,38,39
55081-2019,55081,2019,38,train,38,39
55081-2020,55081,2020,38,train,38,39
55081-2021,55081,2021,38,train,38,39
55083-2019,55083,2019,38,train,38,39
55083-2020,55083,2020,38,train,38,39
55083-2021,55083,2021,38,train,38,39
55087-2019,55087,2019,38,train,38,39
55087-2020,55087,2020,38,train,38,39
55089-2019,55089,2019,38,train,38,39
55089-2020,55089,2020,38,train,38,39
55091-2020,55091,2020,38,train,38,39
55093-2020,55093,2020,38,train,38,39
55095-2020,55095,2020,38,train,38,39
55097-2019,55097,2019,38,train,38,39
55097-2020,55097,2020,38,train,38,39
55101-2019,55101,2019,38,train,38,39
55101-2020,55101,2020,38,train,38,39
55101-2022,55101,2022,38,train,38,39
55103-2019,55103,2019,38,train,38,39
55103-2020,55103,2020,38,train,38,39
55103-2021,55103,2021,38,train,38,39
55103-2022,55103,2022,38,train,38,39
55105-2019,55105,2019,38,train,38,39
55105-2020,55105,2020,38,train,38,39
55105-2021,55105,2021,38,train,38,39
55105-2022,55105,2022,38,train,38,39
55107-2019,55107,2019,38,train,38,39
55107-2020,55107,2020,38,train,38,39
55107-2021,55107,2021,38,train,38,39
55111-2019,55111,2019,38,train,38,39
55111-2020,55111,2020,38,train,38,39
55111-2021,55111,2021,38,train,38,39
55113-2020,55113,2020,38,train,38,39
55113-2021,55113,2021,38,train,38,39
55115-2019,55115,2019,38,train,38,39
55115-2020,55115,2020,38,train,38,39
55115-2021,55115,2021,38,train,38,39
55117-2019,55117,2019,38,train,38,39
55117-2020,55117,2020,38,train,38,39
55119-2020,55119,2020,38,train,38,39
55119-2021,55119,2021,38,train,38,39
55121-2019,55121,2019,38,train,38,39
55121-2020,55121,2020,38,train,38,39
55121-2021,55121,2021,38,train,38,39
55123-2019,55123,2019,38,train,38,39
55123-2020,55123,2020,38,train,38,39
55123-2021,55123,2021,38,train,38,39
55123-2022,55123,2022,38,train,38,39
55127-2019,55127,2019,38,train,38,39
55127-2020,55127,2020,38,train,38,39
55127-2022,55127,2022,38,train,38,39
55129-2019,55129,2019,38,train,38,39
55129-2020,55129,2020,38,train,38,39
55131-2019,55131,2019,38,train,38,39
55131-2020,55131,2020,38,train,38,39
55133-2019,55133,2019,38,train,38,39
55133-2020,55133,2020,38,train,38,39
55133-2022,55133,2022,38,train,38,39
55135-2019,55135,2019,38,train,38,39
55135-2020,55135,2020,38,train,38,39
55137-2019,55137,2019,38,train,38,39
55137-2020,55137,2020,38,train,38,39
55137-2021,55137,2021,38,train,38,39
55139-2019,55139,2019,38,train,38,39
55139-2020,55139,2020,38,train,38,39
55141-2019,55141,2019,38,train,38,39
55141-2020,55141,2020,38,train,38,39
17001-2020,17001,2020,39,train,39,46
17001-2022,17001,2022,39,train,39,46
17003-2019,17003,2019,39,train,39,46
17003-2020,17003,2020,39,train,39,46
17005-2019,17005,2019,39,train,39,46
17005-2020,17005,2020,39,train,39,46
17005-2021,17005,2021,39,train,39,46
17005-2022,17005,2022,39,train,39,46
17007-2019,17007,2019,39,train,39,46
17007-2020,17007,2020,39,train,39,46
17007-2022,17007,2022,39,train,39,46
17009-2020,17009,2020,39,train,39,46
17009-2022,17009,2022,39,train,39,46
17011-2019,17011,2019,39,train,39,46
17011-2020,17011,2020,39,train,39,46
17011-2021,17011,2021,39,train,39,46
17011-2022,17011,2022,39,train,39,46
17013-2020,17013,2020,39,train,39,46
17013-2022,17013,2022,39,train,39,46
17015-2020,17015,2020,39,train,39,46
17015-2022,17015,2022,39,train,39,46
17017-2019,17017,2019,39,train,39,46
17017-2020,17017,2020,39,train,39,46
17017-2021,17017,2021,39,train,39,46
17017-2022,17017,2022,39,train,39,46
17019-2021,17019,2021,39,train,39,46
17019-2022,17019,2022,39,train,39,46
17021-2020,17021,2020,39,train,39,46
17021-2021,17021,2021,39,train,39,46
17021-2022,17021,2022,39,train,39,46
17023-2020,17023,2020,39,train,39,46
17023-2022,17023,2022,39,train,39,46
17025-2019,17025,2019,39,train,39,46
17025-2020,17025,2020,39,train,39,46
17025-2021,17025,2021,39,train,39,46
17025-2022,17025,2022,39,train,39,46
17027-2019,17027,2019,39,train,39,46
17027-2020,17027,2020,39,train,39,46
17027-2021,17027,2021,39,train,39,46
17027-2022,17027,2022,39,train,39,46
17029-2019,17029,2019,39,train,39,46
17029-2021,17029,2021,39,train,39,46
17031-2019,17031,2019,39,train,39,46
17033-2019,17033,2019,39,train,39,46
17033-2020,17033,2020,39,train,39,46
17033-2022,17033,2022,39,train,39,46
17035-2019,17035,2019,39,train,39,46
17035-2022,17035,2022,39,train,39,46
17039-2020,17039,2020,39,train,39,46
17039-2021,17039,2021,39,train,39,46
17039-2022,17039,2022,39,train,39,46
17041-2019,17041,2019,39,train,39,46
17041-2022,17041,2022,39,train,39,46
17045-2020,17045,2020,39,train,39,46
17045-2021,17045,2021,39,train,39,46
17045-2022,17045,2022,39,train,39,46
17047-2020,17047,2020,39,train,39,46
17047-2021,17047,2021,39,train,39,46
17047-2022,17047,2022,39,train,39,46
17049-2021,17049,2021,39,train,39,46
17049-2022,17049,2022,39,train,39,46
17051-2019,17051,2019,39,train,39,46
17051-2020,17051,2020,39,train,39,46
17051-2021,17051,2021,39,train,39,46
17053-2019,17053,2019,39,train,39,46
17053-2020,17053,2020,39,train,39,46
17053-2021,17053,2021,39,train,39,46
17053-2022,17053,2022,39,train,39,46
17055-2019,17055,2019,39,train,39,46
17055-2020,17055,2020,39,train,39,46
17055-2021,17055,2021,39,train,39,46
17055-2022,17055,2022,39,train,39,46
17057-2020,17057,2020,39,train,39,46
17057-2021,17057,2021,39,train,39,46
17057-2022,17057,2022,39,train,39,46
17059-2019,17059,2019,39,train,39,46
17059-2020,17059,2020,39,train,39,46
17059-2021,17059,2021,39,train,39,46
17059-2022,17059,2022,39,train,39,46
17061-2020,17061,2020,39,train,39,46
17061-2021,17061,2021,39,train,39,46
17061-2022,17061,2022,39,train,39,46
17063-2019,17063,2019,39,train,39,46
17063-2020,17063,2020,39,train,39,46
17063-2022,17063,2022,39,train,39,46
17065-2020,17065,2020,39,train,39,46
17065-2022,17065,2022,39,train,39,46
17067-2020,17067,2020,39,train,39,46
17067-2022,17067,2022,39,train,39,46
17071-2020,17071,2020,39,train,39,46
17071-2022,17071,2022,39,train,39,46
17073-2020,17073,2020,39,train,39,46
17073-2022,17073,2022,39,train,39,46
17075-2019,17075,2019,39,train,39,46
17075-2020,17075,2020,39,train,39,46
17075-2021,17075,2021,39,train,39,46
17075-2022,17075,2022,39,train,39,46
17077-2019,17077,2019,39,train,39,46
17077-2020,17077,2020,39,train,39,46
17077-2021,17077,2021,39,train,39,46
17077-2022,17077,2022,39,train,39,46
17079-2019,17079,2019,39,train,39,46
17079-2020,17079,2020,39,train,39,46
17079-2022,17079,2022,39,train,39,46
17081-2019,17081,2019,39,train,39,46
17081-2021,17081,2021,39,train,39,46
17081-2022,17081,2022,39,train,39,46
17083-2020,17083,2020,39,train,39,46
17083-2022,17083,2022,39,train,39,46
17085-2020,17085,2020,39,train,39,46
17085-2022,17085,2022,39,train,39,46
17087-2020,17087,2020,39,train,39,46
17089-2019,17089,2019,39,train,39,46
17089-2020,17089,2020,39,train,39,46
17089-2022,17089,2022,39,train,39,46
17091-2020,17091,2020,39,train,39,46
17091-2022,17091,2022,39,train,39,46
17093-2019,17093,2019,39,train,39,46
17093-2020,17093,2020,39,train,39,46
17093-2022,17093,2022,39,train,39,46
17095-2020,17095,2020,39,train,39,46
17095-2022,17095,2022,39,train,39,46
17097-2019,17097,2019,39,train,39,46
17097-2020,17097,2020,39,train,39,46
17101-2019,17101,2019,39,train,39,46
17101-2020,17101,2020,39,train,39,46
17101-2022,17101,2022,39,train,39,46
17103-2019,17103,2019,39,train,39,46
17103-2020,17103,2020,39,train,39,46
17103-2022,17103,2022,39,train,39,46
17105-2019,17105,2019,39,train,39,46
17105-2020,17105,2020,39,train,39,46
17105-2021,17105,2021,39,train,39,46
17105-2022,17105,2022,39,train,39,46
17107-2020,17107,2020,39,train,39,46
17107-2021,17107,2021,39,train,39,46
17107-2022,17107,2022,39,train,39,46
17115-2020,17115,2020,39,train,39,46
17115-2021,17115,2021,39,train,39,46
17115-2022,17115,2022,39,train,39,46
17117-2020,17117,2020,39,train,39,46
17117-2021,17117,2021,39,train,39,46
17117-2022,17117,2022,39,train,39,46
17119-2019,17119,2019,39,train,39,46
17119-2020,17119,2020,39,train,39,46
17119-2021,17119,2021,39,train,39,46
17119-2022,17119,2022,39,train,39,46
17121-2019,17121,2019,39,train,39,46
17121-2020,17121,2020,39,train,39,46
17121-2021,17121,2021,39,train,39,46
17121-2022,17121,2022,39,train,39,46
17123-2019,17123,2019,39,train,39,46
17123-2020,17123,2020,39,train,39,46
17123-2021,17123,2021,39,train,39,46
17123-2022,17123,2022,39,train,39,46
17125-2020,17125,2020,39,train,39,46
17125-2021,17125,2021,39,train,39,46
17125-2022,17125,2022,39,train,39,46
17127-2019,17127,2019,39,train,39,46
17127-2020,17127,2020,39,train,39,46
17129-2021,17129,2021,39,train,39,46
17131-2020,17131,2020,39,train,39,46
17131-2022,17131,2022,39,train,39,46
17133-2019,17133,2019,39,train,39,46
17133-2020,17133,2020,39,train,39,46
17133-2022,17133,2022,39,train,39,46
17135-2020,17135,2020,39,train,39,46
17135-2021,17135,2021,39,train,39,46
17135-2022,17135,2022,39,train,39,46
17137-2019,17137,2019,39,train,39,46
17137-2020,17137,2020,39,train,39,46
17137-2022,17137,2022,39,train,39,46
17139-2021,17139,2021,39,train,39,46
17139-2022,17139,2022,39,train,39,46
17141-2019,17141,2019,39,train,39,46
17141-2020,17141,2020,39,train,39,46
17141-2022,17141,2022,39,train,39,46
17143-2019,17143,2019,39,train,39,46
17143-2020,17143,2020,39,train,39,46
17143-2021,17143,2021,39,train,39,46
17143-2022,17143,2022,39,train,39,46
17145-2020,17145,2020,39,train,39,46
17145-2022,17145,2022,39,train,39,46
17147-2021,17147,2021,39,train,39,46
17147-2022,17147,2022,39,train,39,46
17149-2020,17149,2020,39,train,39,46
17151-2020,17151,2020,39,train,39,46
17153-2019,17153,2019,39,train,39,46
17153-2020,17153,2020,39,train,39,46
17153-2021,17153,2021,39,train,39,46
17155-2020,17155,2020,39,train,39,46
17155-2021,17155,2021,39,train,39,46
17155-2022,17155,2022,39,train,39,46
17157-2019,17157,2019,39,train,39,46
17157-2020,17157,2020,39,train,39,46
17157-2021,17157,2021,39,train,39,46
17157-2022,17157,2022,39,train,39,46
17159-2020,17159,2020,39,train,39,46
17161-2020,17161,2020,39,train,39,46
17161-2022,17161,2022,39,train,39,46
17165-2020,17165,2020,39,train,39,46
17165-2021,17165,2021,39,train,39,46
17165-2022,17165,2022,39,train,39,46
17167-2021,17167,2021,39,train,39,46
17169-2020,17169,2020,39,train,39,46
17169-2022,17169,2022,39,train,39,46
17171-2020,17171,2020,39,train,39,46
17171-2022,17171,2022,39,train,39,46
17173-2021,17173,2021,39,train,39,46
17173-2022,17173,2022,39,train,39,46
17175-2019,17175,2019,39,train,39,46
17175-2020,17175,2020,39,train,39,46
17175-2021,17175,2021,39,train,39,46
17175-2022,17175,2022,39,train,39,46
17177-2019,17177,2019,39,train,39,46
17177-2020,17177,2020,39,train,39,46
17177-2021,17177,2021,39,train,39,46
17177-2022,17177,2022,39,train,39,46
17179-2020,17179,2020,39,train,39,46
17179-2021,17179,2021,39,train,39,46
17179-2022,17179,2022,39,train,39,46
17181-2019,17181,2019,39,train,39,46
17181-2020,17181,2020,39,train,39,46
17181-2021,17181,2021,39,train,39,46
17183-2020,17183,2020,39,train,39,46
17183-2021,17183,2021,39,train,39,46
17183-2022,17183,2022,39,train,39,46
17185-2019,17185,2019,39,train,39,46
17185-2020,17185,2020,39,train,39,46
17185-2022,17185,2022,39,train,39,46
17187-2020,17187,2020,39,train,39,46
17187-2022,17187,2022,39,train,39,46
17189-2019,17189,2019,39,train,39,46
17189-2020,17189,2020,39,train,39,46
17189-2021,17189,2021,39,train,39,46
17189-2022,17189,2022,39,train,39,46
17191-2020,17191,2020,39,train,39,46
17191-2022,17191,2022,39,train,39,46
17193-2019,17193,2019,39,train,39,46
17193-2020,17193,2020,39,train,39,46
17193-2021,17193,2021,39,train,39,46
17193-2022,17193,2022,39,train,39,46
17195-2019,17195,2019,39,train,39,46
17195-2020,17195,2020,39,train,39,46
17195-2022,17195,2022,39,train,39,46
17197-2020,17197,2020,39,train,39,46
17197-2022,17197,2022,39,train,39,46
17199-2019,17199,2019,39,train,39,46
17199-2020,17199,2020,39,train,39,46
17199-2022,17199,2022,39,train,39,46
17201-2019,17201,2019,39,train,39,46
17201-2020,17201,2020,39,train,39,46
17201-2021,17201,2021,39,train,39,46
17201-2022,17201,2022,39,train,39,46
17203-2019,17203,2019,39,train,39,46
17203-2020,17203,2020,39,train,39,46
17203-2021,17203,2021,39,train,39,46
17203-2022,17203,2022,39,train,39,46
18001-2019,18001,2019,39,train,39,46
18001-2020,18001,2020,39,train,39,46
18001-2022,18001,2022,39,train,39,46
18003-2019,18003,2019,39,train,39,46
18003-2020,18003,2020,39,train,39,46
18003-2022,18003,2022,39,train,39,46
18005-2022,18005,2022,39,train,39,46
18007-2019,18007,2019,39,train,39,46
18007-2020,18007,2020,39,train,39,46
18007-2021,18007,2021,39,train,39,46
18007-2022,18007,2022,39,train,39,46
18009-2022,18009,2022,39,train,39,46
18011-2019,18011,2019,39,train,39,46
18011-2020,18011,2020,39,train,39,46
18011-2021,18011,2021,39,train,39,46
18011-2022,18011,2022,39,train,39,46
18015-2019,18015,2019,39,train,39,46
18015-2020,18015,2020,39,train,39,46
18015-2022,18015,2022,39,train,39,46
18017-2020,18017,2020,39,train,39,46
18017-2022,18017,2022,39,train,39,46
18019-2020,18019,2020,39,train,39,46
18021-2020,18021,2020,39,train,39,46
18021-2021,18021,2021,39,train,39,46
18021-2022,18021,2022,39,train,39,46
18023-2020,18023,2020,39,train,39,46
18023-2021,18023,2021,39,train,39,46
18023-2022,18023,2022,39,train,39,46
18027-2019,18027,2019,39,train,39,46
18027-2020,18027,2020,39,train,39,46
18027-2021,18027,2021,39,train,39,46
18027-2022,18027,2022,39,train,39,46
18029-2019,18029,2019,39,train,39,46
18029-2020,18029,2020,39,train,39,46
18029-2022,18029,2022,39,train,39,46
18031-2019,18031,2019,39,train,39,46
18031-2020,18031,2020,39,train,39,46
18031-2022,18031,2022,39,train,39,46
18035-2022,18035,2022,39,train,39,46
18037-2022,18037,2022,39,train,39,46
18039-2019,18039,2019,39,train,39,46
18039-2020,18039,2020,39,train,39,46
18039-2021,18039,2021,39,train,39,46
18039-2022,18039,2022,39,train,39,46
18041-2019,18041,2019,39,train,39,46
18041-2020,18041,2020,39,train,39,46
18041-2021,18041,2021,39,train,39,46
18041-2022,18041,2022,39,train,39,46
18045-2020,18045,2020,39,train,39,46
18045-2022,18045,2022,39,train,39,46
18047-2019,18047,2019,39,train,39,46
18047-2020,18047,2020,39,train,39,46
18047-2022,18047,2022,39,train,39,46
18049-2019,18049,2019,39,train,39,46
18049-2020,18049,2020,39,train,39,46
18049-2021,18049,2021,39,train,39,46
18051-2019,18051,2019,39,train,39,46
18051-2020,18051,2020,39,train,39,46
18051-2022,18051,2022,39,train,39,46
18053-2020,18053,2020,39,train,39,46
18053-2022,18053,2022,39,train,39,46
18055-2019,18055,2019,39,train,39,46
18055-2020,18055,2020,39,train,39,46
18055-2021,18055,2021,39,train,39,46
18057-2022,18057,2022,39,train,39,46
18059-2020,18059,2020,39,train,39,46
18059-2022,18059,2022,39,train,39,46
18063-2019,18063,2019,39,train,39,46
18063-2020,18063,2020,39,train,39,46
18063-2021,18063,2021,39,train,39,46
18063-2022,18063,2022,39,train,39,46
18065-2022,18065,2022,39,train,39,46
18067-2020,18067,2020,39,train,39,46
18067-2022,18067,2022,39,train,39,46
18069-2022,18069,2022,39,train,39,46
18071-2022,18071,2022,39,train,39,46
18073-2020,18073,2020,39,train,39,46
18073-2022,18073,2022,39,train,39,46
18075-2019,18075,2019,39,train,39,46
18075-2020,18075,2020,39,train,39,46
18075-2022,18075,2022,39,train,39,46
18077-2019,18077,2019,39,train,39,46
18077-2020,18077,2020,39,train,39,46
18077-2022,18077,2022,39,train,39,46
18079-2022,18079,2022,39,train,39,46
18081-2022,18081,2022,39,train,39,46
18083-2020,18083,2020,39,train,39,46
18083-2022,18083,2022,39,train,39,46
18085-2022,18085,2022,39,train,39,46
18089-2020,18089,2020,39,train,39,46
18089-2022,18089,2022,39,train,39,46
18093-2022,18093,2022,39,train,39,46
18095-2022,18095,2022,39,train,39,46
18097-2020,18097,2020,39,train,39,46
18099-2019,18099,2019,39,train,39,46
18099-2020,18099,2020,39,train,39,46
18099-2021,18099,2021,39,train,39,46
18099-2022,18099,2022,39,train,39,46
18101-2022,18101,2022,39,train,39,46
18103-2020,18103,2020,39,train,39,46
18103-2022,18103,2022,39,train,39,46
18105-2022,18105,2022,39,train,39,46
18107-2019,18107,2019,39,train,39,46
18107-2020,18107,2020,39,train,39,46
18107-2021,18107,2021,39,train,39,46
18109-2022,18109,2022,39,train,39,46
18111-2019,18111,2019,39,train,39,46
18111-2020,18111,2020,39,train,39,46
18111-2021,18111,2021,39,train,39,46
18111-2022,18111,2022,39,train,39,46
18113-2020,18113,2020,39,train,39,46
18113-2022,18113,2022,39,train,39,46
18115-2019,18115,2019,39,train,39,46
18115-2020,18115,2020,39,train,39,46
18119-2020,18119,2020,39,train,39,46
18119-2021,18119,2021,39,train,39,46
18119-2022,18119,2022,39,train,39,46
18121-2019,18121,2019,39,train,39,46
18121-2020,18121,2020,39,train,39,46
18121-2022,18121,2022,39,train,39,46
18123-2022,18123,2022,39,train,39,46
18125-2020,18125,2020,39,train,39,46
18125-2022,18125,2022,39,train,39,46
18127-2019,18127,2019,39,train,39,46
18127-2020,18127,2020,39,train,39,46
18127-2021,18127,2021,39,train,39,46
18127-2022,18127,2022,39,train,39,46
18129-2019,18129,2019,39,train,39,46
18129-2020,18129,2020,39,train,39,46
18129-2021,18129,2021,39,train,39,46
18129-2022,18129,2022,39,train,39,46
18131-2019,18131,2019,39,train,39,46
18131-2020,18131,2020,39,train,39,46
18131-2022,18131,2022,39,train,39,46
18133-2019,18133,2019,39,train,39,46
18133-2020,18133,2020,39,train,39,46
18133-2021,18133,2021,39,train,39,46
18133-2022,18133,2022,39,train,39,46
18135-2019,18135,2019,39,train,39,46
18135-2020,18135,2020,39,train,39,46
18135-2022,18135,2022,39,train,39,46
18137-2020,18137,2020,39,train,39,46
18137-2022,18137,2022,39,train,39,46
18139-2022,18139,2022,39,train,39,46
18141-2019,18141,2019,39,train,39,46
18141-2020,18141,2020,39,train,39,46
18141-2021,18141,2021,39,train,39,46
18141-2022,18141,2022,39,train,39,46
18143-2022,18143,2022,39,train,39,46
18145-2020,18145,2020,39,train,39,46
18145-2022,18145,2022,39,train,39,46
18147-2020,18147,2020,39,train,39,46
18149-2019,18149,2019,39,train,39,46
18149-2020,18149,2020,39,train,39,46
18149-2022,18149,2022,39,train,39,46
18151-2020,18151,2020,39,train,39,46
18151-2022,18151,2022,39,train,39,46
18153-2019,18153,2019,39,train,39,46
18153-2020,18153,2020,39,train,39,46
18153-2022,18153,2022,39,train,39,46
18155-2019,18155,2019,39,train,39,46
18155-2020,18155,2020,39,train,39,46
18157-2019,18157,2019,39,train,39,46
18157-2020,18157,2020,39,train,39,46
18157-2021,18157,2021,39,train,39,46
18157-2022,18157,2022,39,train,39,46
18159-2022,18159,2022,39,train,39,46
18161-2019,18161,2019,39,train,39,46
18161-2020,18161,2020,39,train,39,46
18161-2021,18161,2021,39,train,39,46
18161-2022,18161,2022,39,train,39,46
18163-2019,18163,2019,39,train,39,46
18163-2020,18163,2020,39,train,39,46
18163-2021,18163,2021,39,train,39,46
18163-2022,18163,2022,39,train,39,46
18165-2019,18165,2019,39,train,39,46
18165-2020,18165,2020,39,train,39,46
18165-2021,18165,2021,39,train,39,46
18165-2022,18165,2022,39,train,39,46
18167-2019,18167,2019,39,train,39,46
18167-2020,18167,2020,39,train,39,46
18167-2022,18167,2022,39,train,39,46
18169-2022,18169,2022,39,train,39,46
18171-2019,18171,2019,39,train,39,46
18171-2020,18171,2020,39,train,39,46
18171-2021,18171,2021,39,train,39,46
18173-2019,18173,2019,39,train,39,46
18173-2020,18173,2020,39,train,39,46
18173-2022,18173,2022,39,train,39,46
18177-2019,18177,2019,39,train,39,46
18177-2020,18177,2020,39,train,39,46
18177-2021,18177,2021,39,train,39,46
18177-2022,18177,2022,39,train,39,46
18179-2022,18179,2022,39,train,39,46
18181-2019,18181,2019,39,train,39,46
18181-2020,18181,2020,39,train,39,46
18181-2022,18181,2022,39,train,39,46
18183-2022,18183,2022,39,train,39,46
19001-2019,19001,2019,39,train,39,46
19001-2020,19001,2020,39,train,39,46
19001-2022,19001,2022,39,train,39,46
19003-2020,19003,2020,39,train,39,46
19005-2019,19005,2019,39,train,39,46
19005-2020,19005,2020,39,train,39,46
19005-2021,19005,2021,39,train,39,46
19005-2022,19005,2022,39,train,39,46
19007-2020,19007,2020,39,train,39,46
19007-2021,19007,2021,39,train,39,46
19007-2022,19007,2022,39,train,39,46
19009-2019,19009,2019,39,train,39,46
19009-2020,19009,2020,39,train,39,46
19009-2021,19009,2021,39,train,39,46
19009-2022,19009,2022,39,train,39,46
19011-2019,19011,2019,39,train,39,46
19011-2020,19011,2020,39,train,39,46
19011-2021,19011,2021,39,train,39,46
19011-2022,19011,2022,39,train,39,46
19013-2020,19013,2020,39,train,39,46
19013-2022,19013,2022,39,train,39,46
19015-2019,19015,2019,39,train,39,46
19015-2020,19015,2020,39,train,39,46
19015-2021,19015,2021,39,train,39,46
19015-2022,19015,2022,39,train,39,46
19017-2022,19017,2022,39,train,39,46
19019-2019,19019,2019,39,train,39,46
19019-2020,19019,2020,39,train,39,46
19019-2021,19019,2021,39,train,39,46
19019-2022,19019,2022,39,train,39,46
19021-2019,19021,2019,39,train,39,46
19021-2020,19021,2020,39,train,39,46
19021-2022,19021,2022,39,train,39,46
19023-2021,19023,2021,39,train,39,46
19023-2022,19023,2022,39,train,39,46
19025-2019,19025,2019,39,train,39,46
19025-2020,19025,2020,39,train,39,46
19025-2021,19025,2021,39,train,39,46
19025-2022,19025,2022,39,train,39,46
19027-2020,19027,2020,39,train,39,46
19027-2022,19027,2022,39,train,39,46
19029-2019,19029,2019,39,train,39,46
19029-2020,19029,2020,39,train,39,46
19029-2021,19029,2021,39,train,39,46
19029-2022,19029,2022,39,train,39,46
19031-2020,19031,2020,39,train,39,46
19031-2022,19031,2022,39,train,39,46
19033-2019,19033,2019,39,train,39,46
19033-2020,19033,2020,39,train,39,46
19033-2021,19033,2021,39,train,39,46
19033-2022,19033,2022,39,train,39,46
19035-2019,19035,2019,39,train,39,46
19035-2020,19035,2020,39,train,39,46
19035-2022,19035,2022,39,train,39,46
19037-2022,19037,2022,39,train,39,46
19039-2020,19039,2020,39,train,39,46
19041-2019,19041,2019,39,train,39,46
19041-2020,19041,2020,39,train,39,46
19041-2022,19041,2022,39,train,39,46
19043-2020,19043,2020,39,train,39,46
19043-2021,19043,2021,39,train,39,46
19043-2022,19043,2022,39,train,39,46
19045-2020,19045,2020,39,train,39,46
19045-2022,19045,2022,39,train,39,46
19047-2019,19047,2019,39,train,39,46
19047-2020,19047,2020,39,train,39,46
19047-2022,19047,2022,39,train,39,46
19049-2019,19049,2019,39,train,39,46
19049-2020,19049,2020,39,train,39,46
19049-2021,19049,2021,39,train,39,46
19049-2022,19049,2022,39,train,39,46
19051-2019,19051,2019,39,train,39,46
19051-2020,19051,2020,39,train,39,46
19051-2021,19051,2021,39,train,39,46
19051-2022,19051,2022,39,train,39,46
19053-2020,19053,2020,39,train,39,46
19053-2022,19053,2022,39,train,39,46
19055-2020,19055,2020,39,train,39,46
19055-2021,19055,2021,39,train,39,46
19055-2022,19055,2022,39,train,39,46
19057-2019,19057,2019,39,train,39,46
19057-2020,19057,2020,39,train,39,46
19057-2022,19057,2022,39,train,39,46
19059-2019,19059,2019,39,train,39,46
19059-2020,19059,2020,39,train,39,46
19059-2021,19059,2021,39,train,39,46
19059-2022,19059,2022,39,train,39,46
19061-2020,19061,2020,39,train,39,46
19061-2021,19061,2021,39,train,39,46
19061-2022,19061,2022,39,train,39,46
19063-2022,19063,2022,39,train,39,46
19065-2020,19065,2020,39,train,39,46
19065-2021,19065,2021,39,train,39,46
19065-2022,19065,2022,39,train,39,46
19067-2019,19067,2019,39,train,39,46
19067-2020,19067,2020,39,train,39,46
19067-2021,19067,2021,39,train,39,46
19067-2022,19067,2022,39,train,39,46
19069-2019,19069,2019,39,train,39,46
19069-2020,19069,2020,39,train,39,46
19069-2021,19069,2021,39,train,39,46
19069-2022,19069,2022,39,train,39,46
19071-2020,19071,2020,39,train,39,46
19071-2022,19071,2022,39,train,39,46
19073-2019,19073,2019,39,train,39,46
19073-2020,19073,2020,39,train,39,46
19073-2021,19073,2021,39,train,39,46
19073-2022,19073,2022,39,train,39,46
19075-2020,19075,2020,39,train,39,46
19075-2021,19075,2021,39,train,39,46
19075-2022,19075,2022,39,train,39,46
19077-2019,19077,2019,39,train,39,46
19077-2020,19077,2020,39,train,39,46
19077-2021,19077,2021,39,train,39,46
19077-2022,19077,2022,39,train,39,46
19079-2019,19079,2019,39,train,39,46
19079-2020,19079,2020,39,train,39,46
19079-2022,19079,2022,39,train,39,46
19081-2019,19081,2019,39,train,39,46
19081-2020,19081,2020,39,train,39,46
19081-2021,19081,2021,39,train,39,46
19081-2022,19081,2022,39,train,39,46
19083-2019,19083,2019,39,train,39,46
19083-2020,19083,2020,39,train,39,46
19083-2021,19083,2021,39,train,39,46
19083-2022,19083,2022,39,train,39,46
19085-2020,19085,2020,39,train,39,46
19085-2022,19085,2022,39,train,39,46
19087-2019,19087,2019,39,train,39,46
19087-2020,19087,2020,39,train,39,46
19087-2021,19087,2021,39,train,39,46
19087-2022,19087,2022,39,train,39,46
19089-2020,19089,2020,39,train,39,46
19089-2022,19089,2022,39,train,39,46
19091-2019,19091,2019,39,train,39,46
19091-2020,19091,2020,39,train,39,46
19091-2021,19091,2021,39,train,39,46
19091-2022,19091,2022,39,train,39,46
19093-2020,19093,2020,39,train,39,46
19093-2021,19093,2021,39,train,39,46
19093-2022,19093,2022,39,train,39,46
19095-2019,19095,2019,39,train,39,46
19095-2020,19095,2020,39,train,39,46
19095-2022,19095,2022,39,train,39,46
19097-2020,19097,2020,39,train,39,46
19097-2021,19097,2021,39,train,39,46
19097-2022,19097,2022,39,train,39,46
19099-2021,19099,2021,39,train,39,46
19099-2022,19099,2022,39,train,39,46
19101-2019,19101,2019,39,train,39,46
19101-2020,19101,2020,39,train,39,46
19101-2021,19101,2021,39,train,39,46
19101-2022,19101,2022,39,train,39,46
19103-2019,19103,2019,39,train,39,46
19103-2020,19103,2020,39,train,39,46
19103-2022,19103,2022,39,train,39,46
19105-2020,19105,2020,39,train,39,46
19105-2022,19105,2022,39,train,39,46
19107-2019,19107,2019,39,train,39,46
19107-2020,19107,2020,39,train,39,46
19107-2021,19107,2021,39,train,39,46
19107-2022,19107,2022,39,train,39,46
19109-2019,19109,2019,39,train,39,46
19109-2020,19109,2020,39,train,39,46
19109-2021,19109,2021,39,train,39,46
19109-2022,19109,2022,39,train,39,46
19111-2019,19111,2019,39,train,39,46
19111-2020,19111,2020,39,train,39,46
19111-2021,19111,2021,39,train,39,46
19111-2022,19111,2022,39,train,39,46
19113-2019,19113,2019,39,train,39,46
19113-2020,19113,2020,39,train,39,46
19113-2022,19113,2022,39,train,39,46
19115-2019,19115,2019,39,train,39,46
19115-2020,19115,2020,39,train,39,46
19115-2022,19115,2022,39,train,39,46
19117-2021,19117,2021,39,train,39,46
19117-2022,19117,2022,39,train,39,46
19119-2019,19119,2019,39,train,39,46
19119-2020,19119,2020,39,train,39,46
19119-2021,19119,2021,39,train,39,46
19119-2022,19119,2022,39,train,39,46
19121-2019,19121,2019,39,train,39,46
19121-2020,19121,2020,39,train,39,46
19121-2021,19121,2021,39,train,39,46
19121-2022,19121,2022,39,train,39,46
19123-2021,19123,2021,39,train,39,46
19123-2022,19123,2022,39,train,39,46
19125-2021,19125,2021,39,train,39,46
19125-2022,19125,2022,39,train,39,46
19127-2021,19127,2021,39,train,39,46
19127-2022,19127,2022,39,train,39,46
19129-2020,19129,2020,39,train,39,46
19129-2022,19129,2022,39,train,39,46
19131-2019,19131,2019,39,train,39,46
19131-2020,19131,2020,39,train,39,46
19131-2021,19131,2021,39,train,39,46
19131-2022,19131,2022,39,train,39,46
19133-2019,19133,2019,39,train,39,46
19133-2022,19133,2022,39,train,39,46
19135-2021,19135,2021,39,train,39,46
19135-2022,19135,2022,39,train,39,46
19137-2020,19137,2020,39,train,39,46
19137-2022,19137,2022,39,train,39,46
19139-2020,19139,2020,39,train,39,46
19139-2022,19139,2022,39,train,39,46
19143-2019,19143,2019,39,train,39,46
19143-2020,19143,2020,39,train,39,46
19143-2021,19143,2021,39,train,39,46
19143-2022,19143,2022,39,train,39,46
19145-2019,19145,2019,39,train,39,46
19145-2020,19145,2020,39,train,39,46
19145-2021,19145,2021,39,train,39,46
19145-2022,19145,2022,39,train,39,46
19147-2019,19147,2019,39,train,39,46
19147-2022,19147,2022,39,train,39,46
19149-2019,19149,2019,39,train,39,46
19149-2021,19149,2021,39,train,39,46
19149-2022,19149,2022,39,train,39,46
19151-2022,19151,2022,39,train,39,46
19153-2019,19153,2019,39,train,39,46
19153-2020,19153,2020,39,train,39,46
19153-2021,19153,2021,39,train,39,46
19153-2022,19153,2022,39,train,39,46
19155-2020,19155,2020,39,train,39,46
19155-2022,19155,2022,39,train,39,46
19157-2021,19157,2021,39,train,39,46
19157-2022,19157,2022,39,train,39,46
19159-2020,19159,2020,39,train,39,46
19159-2021,19159,2021,39,train,39,46
19159-2022,19159,2022,39,train,39,46
19161-2019,19161,2019,39,train,39,46
19161-2020,19161,2020,39,train,39,46
19161-2022,19161,2022,39,train,39,46
19163-2020,19163,2020,39,train,39,46
19163-2022,19163,2022,39,train,39,46
19165-2019,19165,2019,39,train,39,46
19165-2020,19165,2020,39,train,39,46
19165-2022,19165,2022,39,train,39,46
19167-2019,19167,2019,39,train,39,46
19167-2020,19167,2020,39,train,39,46
19167-2021,19167,2021,39,train,39,46
19167-2022,19167,2022,39,train,39,46
19169-2019,19169,2019,39,train,39,46
19169-2020,19169,2020,39,train,39,46
19169-2021,19169,2021,39,train,39,46
19169-2022,19169,2022,39,train,39,46
19171-2022,19171,2022,39,train,39,46
19173-2020,19173,2020,39,train,39,46
19173-2021,19173,2021,39,train,39,46
19173-2022,19173,2022,39,train,39,46
19175-2020,19175,2020,39,train,39,46
19175-2021,19175,2021,39,train,39,46
19175-2022,19175,2022,39,train,39,46
19177-2019,19177,2019,39,train,39,46
19177-2020,19177,2020,39,train,39,46
19177-2021,19177,2021,39,train,39,46
19177-2022,19177,2022,39,train,39,46
19179-2019,19179,2019,39,train,39,46
19179-2020,19179,2020,39,train,39,46
19179-2021,19179,2021,39,train,39,46
19179-2022,19179,2022,39,train,39,46
19181-2020,19181,2020,39,train,39,46
19181-2022,19181,2022,39,train,39,46
19183-2019,19183,2019,39,train,39,46
19183-2020,19183,2020,39,train,39,46
19183-2022,19183,2022,39,train,39,46
19185-2021,19185,2021,39,train,39,46
19187-2019,19187,2019,39,train,39,46
19187-2020,19187,2020,39,train,39,46
19187-2021,19187,2021,39,train,39,46
19187-2022,19187,2022,39,train,39,46
19189-2019,19189,2019,39,train,39,46
19189-2020,19189,2020,39,train,39,46
19189-2021,19189,2021,39,train,39,46
19189-2022,19189,2022,39,train,39,46
19191-2019,19191,2019,39,train,39,46
19191-2020,19191,2020,39,train,39,46
19191-2021,19191,2021,39,train,39,46
19191-2022,19191,2022,39,train,39,46
19193-2019,19193,2019,39,train,39,46
19193-2020,19193,2020,39,train,39,46
19193-2021,19193,2021,39,train,39,46
19193-2022,19193,2022,39,train,39,46
19195-2019,19195,2019,39,train,39,46
19195-2020,19195,2020,39,train,39,46
19195-2021,19195,2021,39,train,39,46
19195-2022,19195,2022,39,train,39,46
19197-2019,19197,2019,39,train,39,46
19197-2020,19197,2020,39,train,39,46
19197-2021,19197,2021,39,train,39,46
19197-2022,19197,2022,39,train,39,46
20001-2020,20001,2020,39,train,39,46
20001-2021,20001,2021,39,train,39,46
20003-2019,20003,2019,39,train,39,46
20003-2020,20003,2020,39,train,39,46
20003-2021,20003,2021,39,train,39,46
20005-2020,20005,2020,39,train,39,46
20005-2021,20005,2021,39,train,39,46
20005-2022,20005,2022,39,train,39,46
20009-2020,20009,2020,39,train,39,46
20011-2020,20011,2020,39,train,39,46
20011-2021,20011,2021,39,train,39,46
20013-2019,20013,2019,39,train,39,46
20013-2020,20013,2020,39,train,39,46
20013-2022,20013,2022,39,train,39,46
20015-2020,20015,2020,39,train,39,46
20015-2021,20015,2021,39,train,39,46
20017-2020,20017,2020,39,train,39,46
20017-2021,20017,2021,39,train,39,46
20021-2019,20021,2019,39,train,39,46
20023-2020,20023,2020,39,train,39,46
20023-2021,20023,2021,39,train,39,46
20027-2019,20027,2019,39,train,39,46
20027-2020,20027,2020,39,train,39,46
20027-2022,20027,2022,39,train,39,46
20029-2020,20029,2020,39,train,39,46
20029-2021,20029,2021,39,train,39,46
20029-2022,20029,2022,39,train,39,46
20031-2019,20031,2019,39,train,39,46
20031-2020,20031,2020,39,train,39,46
20035-2019,20035,2019,39,train,39,46
20035-2020,20035,2020,39,train,39,46
20035-2021,20035,2021,39,train,39,46
20037-2020,20037,2020,39,train,39,46
20037-2021,20037,2021,39,train,39,46
20039-2020,20039,2020,39,train,39,46
20041-2020,20041,2020,39,train,39,46
20041-2021,20041,2021,39,train,39,46
20043-2020,20043,2020,39,train,39,46
20043-2021,20043,2021,39,train,39,46
20043-2022,20043,2022,39,train,39,46
20045-2019,20045,2019,39,train,39,46
20045-2020,20045,2020,39,train,39,46
20045-2021,20045,2021,39,train,39,46
20047-2019,20047,2019,39,train,39,46
20047-2020,20047,2020,39,train,39,46
20049-2019,20049,2019,39,train,39,46
20053-2019,20053,2019,39,train,39,46
20053-2020,20053,2020,39,train,39,46
20053-2021,20053,2021,39,train,39,46
20055-2019,20055,2019,39,train,39,46
20055-2020,20055,2020,39,train,39,46
20057-2019,20057,2019,39,train,39,46
20057-2020,20057,2020,39,train,39,46
20057-2021,20057,2021,39,train,39,46
20059-2019,20059,2019,39,train,39,46
20059-2020,20059,2020,39,train,39,46
20061-2020,20061,2020,39,train,39,46
20063-2020,20063,2020,39,train,39,46
20063-2021,20063,2021,39,train,39,46
20065-2020,20065,2020,39,train,39,46
20065-2021,20065,2021,39,train,39,46
20067-2019,20067,2019,39,train,39,46
20067-2020,20067,2020,39,train,39,46
20067-2021,20067,2021,39,train,39,46
20069-2020,20069,2020,39,train,39,46
20069-2021,20069,2021,39,train,39,46
20071-2019,20071,2019,39,train,39,46
20071-2020,20071,2020,39,train,39,46
20071-2021,20071,2021,39,train,39,46
20075-2019,20075,2019,39,train,39,46
20079-2019,20079,2019,39,train,39,46
20079-2020,20079,2020,39,train,39,46
20079-2021,20079,2021,39,train,39,46
20081-2019,20081,2019,39,train,39,46
20081-2020,20081,2020,39,train,39,46
20081-2021,20081,2021,39,train,39,46
20083-2020,20083,2020,39,train,39,46
20085-2019,20085,2019,39,train,39,46
20085-2020,20085,2020,39,train,39,46
20087-2019,20087,2019,39,train,39,46
20087-2020,20087,2020,39,train,39,46
20087-2021,20087,2021,39,train,39,46
20089-2020,20089,2020,39,train,39,46
20095-2019,20095,2019,39,train,39,46
20095-2020,20095,2020,39,train,39,46
20095-2021,20095,2021,39,train,39,46
20097-2020,20097,2020,39,train,39,46
20099-2020,20099,2020,39,train,39,46
20099-2021,20099,2021,39,train,39,46
20101-2020,20101,2020,39,train,39,46
20101-2021,20101,2021,39,train,39,46
20103-2019,20103,2019,39,train,39,46
20103-2020,20103,2020,39,train,39,46
20103-2021,20103,2021,39,train,39,46
20105-2019,20105,2019,39,train,39,46
20107-2020,20107,2020,39,train,39,46
20109-2020,20109,2020,39,train,39,46
20109-2021,20109,2021,39,train,39,46
20111-2019,20111,2019,39,train,39,46
20115-2019,20115,2019,39,train,39,46
20115-2020,20115,2020,39,train,39,46
20115-2021,20115,2021,39,train,39,46
20117-2019,20117,2019,39,train,39,46
20117-2022,20117,2022,39,train,39,46
20119-2020,20119,2020,39,train,39,46
20119-2021,20119,2021,39,train,39,46
20121-2019,20121,2019,39,train,39,46
20121-2020,20121,2020,39,train,39,46
20123-2019,20123,2019,39,train,39,46
20123-2020,20123,2020,39,train,39,46
20123-2021,20123,2021,39,train,39,46
20125-2019,20125,2019,39,train,39,46
20125-2020,20125,2020,39,train,39,46
20127-2019,20127,2019,39,train,39,46
20127-2020,20127,2020,39,train,39,46
20127-2021,20127,2021,39,train,39,46
20129-2019,20129,2019,39,train,39,46
20129-2020,20129,2020,39,train,39,46
20129-2021,20129,2021,39,train,39,46
20131-2020,20131,2020,39,train,39,46
20133-2019,20133,2019,39,train,39,46
20133-2020,20133,2020,39,train,39,46
20133-2021,20133,2021,39,train,39,46
20135-2019,20135,2019,39,train,39,46
20135-2020,20135,2020,39,train,39,46
20135-2021,20135,2021,39,train,39,46
20137-2020,20137,2020,39,train,39,46
20137-2021,20137,2021,39,train,39,46
20137-2022,20137,2022,39,train,39,46
20139-2019,20139,2019,39,train,39,46
20139-2020,20139,2020,39,train,39,46
20141-2020,20141,2020,39,train,39,46
20143-2020,20143,2020,39,train,39,46
20145-2020,20145,2020,39,train,39,46
20147-2020,20147,2020,39,train,39,46
20147-2021,20147,2021,39,train,39,46
20147-2022,20147,2022,39,train,39,46
20149-2019,20149,2019,39,train,39,46
20151-2020,20151,2020,39,train,39,46
20153-2019,20153,2019,39,train,39,46
20153-2020,20153,2020,39,train,39,46
20153-2021,20153,2021,39,train,39,46
20155-2019,20155,2019,39,train,39,46
20155-2020,20155,2020,39,train,39,46
20155-2021,20155,2021,39,train,39,46
20157-2020,20157,2020,39,train,39,46
20157-2021,20157,2021,39,train,39,46
20157-2022,20157,2022,39,train,39,46
20159-2020,20159,2020,39,train,39,46
20161-2019,20161,2019,39,train,39,46
20161-2020,20161,2020,39,train,39,46
20161-2022,20161,2022,39,train,39,46
20163-2019,20163,2019,39,train,39,46
20163-2020,20163,2020,39,train,39,46
20169-2020,20169,2020,39,train,39,46
20169-2021,20169,2021,39,train,39,46
20171-2019,20171,2019,39,train,39,46
20171-2020,20171,2020,39,train,39,46
20173-2019,20173,2019,39,train,39,46
20173-2020,20173,2020,39,train,39,46
20175-2020,20175,2020,39,train,39,46
20175-2021,20175,2021,39,train,39,46
20177-2019,20177,2019,39,train,39,46
20177-2020,20177,2020,39,train,39,46
20177-2021,20177,2021,39,train,39,46
20179-2021,20179,2021,39,train,39,46
20181-2019,20181,2019,39,train,39,46
20181-2020,20181,2020,39,train,39,46
20181-2021,20181,2021,39,train,39,46
20183-2020,20183,2020,39,train,39,46
20183-2021,20183,2021,39,train,39,46
20183-2022,20183,2022,39,train,39,46
20185-2020,20185,2020,39,train,39,46
20187-2019,20187,2019,39,train,39,46
20187-2020,20187,2020,39,train,39,46
20189-2020,20189,2020,39,train,39,46
20189-2021,20189,2021,39,train,39,46
20191-2019,20191,2019,39,train,39,46
20191-2020,20191,2020,39,train,39,46
20191-2021,20191,2021,39,train,39,46
20193-2020,20193,2020,39,train,39,46
20195-2020,20195,2020,39,train,39,46
20195-2021,20195,2021,39,train,39,46
20197-2019,20197,2019,39,train,39,46
20201-2020,20201,2020,39,train,39,46
20201-2022,20201,2022,39,train,39,46
20203-2019,20203,2019,39,train,39,46
20203-2020,20203,2020,39,train,39,46
20203-2021,20203,2021,39,train,39,46
20205-2019,20205,2019,39,train,39,46
20205-2020,20205,2020,39,train,39,46
20207-2020,20207,2020,39,train,39,46
21001-2019,21001,2019,39,train,39,46
21001-2020,21001,2020,39,train,39,46
21007-2020,21007,2020,39,train,39,46
21007-2021,21007,2021,39,train,39,46
21009-2020,21009,2020,39,train,39,46
21031-2020,21031,2020,39,train,39,46
21033-2019,21033,2019,39,train,39,46
21033-2020,21033,2020,39,train,39,46
21033-2021,21033,2021,39,train,39,46
21035-2020,21035,2020,39,train,39,46
21035-2021,21035,2021,39,train,39,46
21039-2020,21039,2020,39,train,39,46
21039-2021,21039,2021,39,train,39,46
21047-2019,21047,2019,39,train,39,46
21047-2020,21047,2020,39,train,39,46
21047-2021,21047,2021,39,train,39,46
21055-2020,21055,2020,39,train,39,46
21055-2021,21055,2021,39,train,39,46
21059-2020,21059,2020,39,train,39,46
21059-2022,21059,2022,39,train,39,46
21075-2019,21075,2019,39,train,39,46
21075-2020,21075,2020,39,train,39,46
21075-2021,21075,2021,39,train,39,46
21083-2020,21083,2020,39,train,39,46
21091-2020,21091,2020,39,train,39,46
21093-2019,21093,2019,39,train,39,46
21093-2020,21093,2020,39,train,39,46
21099-2020,21099,2020,39,train,39,46
21101-2019,21101,2019,39,train,39,46
21101-2020,21101,2020,39,train,39,46
21101-2022,21101,2022,39,train,39,46
21103-2020,21103,2020,39,train,39,46
21105-2019,21105,2019,39,train,39,46
21105-2020,21105,2020,39,train,39,46
21105-2021,21105,2021,39,train,39,46
21107-2020,21107,2020,39,train,39,46
21123-2020,21123,2020,39,train,39,46
21139-2019,21139,2019,39,train,39,46
21139-2020,21139,2020,39,train,39,46
21139-2021,21139,2021,39,train,39,46
21141-2020,21141,2020,39,train,39,46
21143-2019,21143,2019,39,train,39,46
21157-2019,21157,2019,39,train,39,46
21157-2020,21157,2020,39,train,39,46
21157-2021,21157,2021,39,train,39,46
21167-2021,21167,2021,39,train,39,46
21169-2020,21169,2020,39,train,39,46
21177-2020,21177,2020,39,train,39,46
21183-2020,21183,2020,39,train,39,46
21211-2020,21211,2020,39,train,39,46
21213-2020,21213,2020,39,train,39,46
21215-2020,21215,2020,39,train,39,46
21219-2020,21219,2020,39,train,39,46
21221-2019,21221,2019,39,train,39,46
21221-2020,21221,2020,39,train,39,46
21221-2021,21221,2021,39,train,39,46
21223-2020,21223,2020,39,train,39,46
21225-2019,21225,2019,39,train,39,46
21225-2020,21225,2020,39,train,39,46
21225-2021,21225,2021,39,train,39,46
21225-2022,21225,2022,39,train,39,46
21227-2020,21227,2020,39,train,39,46
21229-2020,21229,2020,39,train,39,46
21233-2019,21233,2019,39,train,39,46
21233-2020,21233,2020,39,train,39,46
21233-2021,21233,2021,39,train,39,46
26005-2019,26005,2019,39,train,39,46
26005-2020,26005,2020,39,train,39,46
26007-2019,26007,2019,39,train,39,46
26007-2021,26007,2021,39,train,39,46
26011-2019,26011,2019,39,train,39,46
26011-2020,26011,2020,39,train,39,46
26015-2020,26015,2020,39,train,39,46
26021-2020,26021,2020,39,train,39,46
26021-2022,26021,2022,39,train,39,46
26023-2020,26023,2020,39,train,39,46
26023-2022,26023,2022,39,train,39,46
26025-2020,26025,2020,39,train,39,46
26027-2019,26027,2019,39,train,39,46
26027-2020,26027,2020,39,train,39,46
26027-2022,26027,2022,39,train,39,46
26037-2020,26037,2020,39,train,39,46
26045-2020,26045,2020,39,train,39,46
26049-2019,26049,2019,39,train,39,46
26049-2020,26049,2020,39,train,39,46
26051-2020,26051,2020,39,train,39,46
26059-2019,26059,2019,39,train,39,46
26059-2020,26059,2020,39,train,39,46
26059-2022,26059,2022,39,train,39,46
26063-2020,26063,2020,39,train,39,46
26065-2019,26065,2019,39,train,39,46
26065-2020,26065,2020,39,train,39,46
26067-2020,26067,2020,39,train,39,46
26069-2019,26069,2019,39,train,39,46
26069-2020,26069,2020,39,train,39,46
26069-2021,26069,2021,39,train,39,46
26075-2019,26075,2019,39,train,39,46
26075-2020,26075,2020,39,train,39,46
26077-2019,26077,2019,39,train,39,46
26077-2020,26077,2020,39,train,39,46
26081-2019,26081,2019,39,train,39,46
26081-2020,26081,2020,39,train,39,46
26087-2019,26087,2019,39,train,39,46
26087-2020,26087,2020,39,train,39,46
26091-2019,26091,2019,39,train,39,46
26091-2020,26091,2020,39,train,39,46
26099-2020,26099,2020,39,train,39,46
26105-2019,26105,2019,39,train,39,46
26105-2020,26105,2020,39,train,39,46
26107-2020,26107,2020,39,train,39,46
26109-2019,26109,2019,39,train,39,46
26109-2020,26109,2020,39,train,39,46
26115-2019,26115,2019,39,train,39,46
26115-2020,26115,2020,39,train,39,46
26117-2020,26117,2020,39,train,39,46
26121-2020,26121,2020,39,train,39,46
26123-2019,26123,2019,39,train,39,46
26123-2020,26123,2020,39,train,39,46
26127-2019,26127,2019,39,train,39,46
26127-2020,26127,2020,39,train,39,46
26129-2020,26129,2020,39,train,39,46
26139-2020,26139,2020,39,train,39,46
26141-2019,26141,2019,39,train,39,46
26141-2021,26141,2021,39,train,39,46
26151-2019,26151,2019,39,train,39,46
26151-2020,26151,2020,39,train,39,46
26157-2019,26157,2019,39,train,39,46
26157-2020,26157,2020,39,train,39,46
26159-2020,26159,2020,39,train,39,46
26161-2019,26161,2019,39,train,39,46
26161-2020,26161,2020,39,train,39,46
26165-2020,26165,2020,39,train,39,46
27001-2020,27001,2020,39,train,39,46
27005-2019,27005,2019,39,train,39,46
27005-2020,27005,2020,39,train,39,46
27005-2021,27005,2021,39,train,39,46
27007-2020,27007,2020,39,train,39,46
27007-2021,27007,2021,39,train,39,46
27011-2020,27011,2020,39,train,39,46
27011-2021,27011,2021,39,train,39,46
27013-2019,27013,2019,39,train,39,46
27013-2020,27013,2020,39,train,39,46
27013-2021,27013,2021,39,train,39,46
27015-2019,27015,2019,39,train,39,46
27015-2020,27015,2020,39,train,39,46
27015-2021,27015,2021,39,train,39,46
27019-2020,27019,2020,39,train,39,46
27023-2019,27023,2019,39,train,39,46
27023-2021,27023,2021,39,train,39,46
27025-2019,27025,2019,39,train,39,46
27025-2020,27025,2020,39,train,39,46
27027-2021,27027,2021,39,train,39,46
27029-2019,27029,2019,39,train,39,46
27029-2020,27029,2020,39,train,39,46
27029-2021,27029,2021,39,train,39,46
27033-2019,27033,2019,39,train,39,46
27033-2020,27033,2020,39,train,39,46
27033-2021,27033,2021,39,train,39,46
27035-2020,27035,2020,39,train,39,46
27035-2021,27035,2021,39,train,39,46
27037-2020,27037,2020,39,train,39,46
27039-2020,27039,2020,39,train,39,46
27041-2020,27041,2020,39,train,39,46
27041-2021,27041,2021,39,train,39,46
27043-2020,27043,2020,39,train,39,46
27043-2021,27043,2021,39,train,39,46
27043-2022,27043,2022,39,train,39,46
27045-2020,27045,2020,39,train,39,46
27045-2022,27045,2022,39,train,39,46
27047-2020,27047,2020,39,train,39,46
27047-2021,27047,2021,39,train,39,46
27047-2022,27047,2022,39,train,39,46
27049-2020,27049,2020,39,train,39,46
27049-2021,27049,2021,39,train,39,46
27051-2019,27051,2019,39,train,39,46
27051-2020,27051,2020,39,train,39,46
27051-2021,27051,2021,39,train,39,46
27053-2019,27053,2019,39,train,39,46
27053-2020,27053,2020,39,train,39,46
27055-2019,27055,2019,39,train,39,46
27055-2020,27055,2020,39,train,39,46
27055-2021,27055,2021,39,train,39,46
27055-2022,27055,2022,39,train,39,46
27057-2020,27057,2020,39,train,39,46
27057-2021,27057,2021,39,train,39,46
27059-2019,27059,2019,39,train,39,46
27059-2020,27059,2020,39,train,39,46
27063-2019,27063,2019,39,train,39,46
27063-2020,27063,2020,39,train,39,46
27063-2021,27063,2021,39,train,39,46
27063-2022,27063,2022,39,train,39,46
27067-2020,27067,2020,39,train,39,46
27069-2019,27069,2019,39,train,39,46
27069-2020,27069,2020,39,train,39,46
27079-2020,27079,2020,39,train,39,46
27079-2021,27079,2021,39,train,39,46
27081-2019,27081,2019,39,train,39,46
27081-2020,27081,2020,39,train,39,46
27081-2021,27081,2021,39,train,39,46
27083-2019,27083,2019,39,train,39,46
27083-2020,27083,2020,39,train,39,46
27083-2021,27083,2021,39,train,39,46
27087-2020,27087,2020,39,train,39,46
27087-2021,27087,2021,39,train,39,46
27089-2019,27089,2019,39,train,39,46
27089-2020,27089,2020,39,train,39,46
27089-2021,27089,2021,39,train,39,46
27091-2022,27091,2022,39,train,39,46
27093-2019,27093,2019,39,train,39,46
27093-2020,27093,2020,39,train,39,46
27093-2021,27093,2021,39,train,39,46
27097-2019,27097,2019,39,train,39,46
27097-2020,27097,2020,39,train,39,46
27097-2021,27097,2021,39,train,39,46
27099-2020,27099,2020,39,train,39,46
27099-2022,27099,2022,39,train,39,46
27101-2019,27101,2019,39,train,39,46
27101-2020,27101,2020,39,train,39,46
27101-2021,27101,2021,39,train,39,46
27103-2019,27103,2019,39,train,39,46
27105-2019,27105,2019,39,train,39,46
27105-2020,27105,2020,39,train,39,46
27105-2021,27105,2021,39,train,39,46
27105-2022,27105,2022,39,train,39,46
27107-2020,27107,2020,39,train,39,46
27109-2020,27109,2020,39,train,39,46
27111-2019,27111,2019,39,train,39,46
27111-2020,27111,2020,39,train,39,46
27111-2021,27111,2021,39,train,39,46
27115-2019,27115,2019,39,train,39,46
27115-2020,27115,2020,39,train,39,46
27117-2021,27117,2021,39,train,39,46
27119-2020,27119,2020,39,train,39,46
27119-2021,27119,2021,39,train,39,46
27121-2019,27121,2019,39,train,39,46
27121-2020,27121,2020,39,train,39,46
27121-2021,27121,2021,39,train,39,46
27125-2020,27125,2020,39,train,39,46
27125-2021,27125,2021,39,train,39,46
27127-2019,27127,2019,39,train,39,46
27127-2020,27127,2020,39,train,39,46
27127-2021,27127,2021,39,train,39,46
27129-2019,27129,2019,39,train,39,46
27129-2020,27129,2020,39,train,39,46
27129-2021,27129,2021,39,train,39,46
27131-2020,27131,2020,39,train,39,46
27131-2021,27131,2021,39,train,39,46
27133-2019,27133,2019,39,train,39,46
27133-2020,27133,2020,39,train,39,46
27133-2021,27133,2021,39,train,39,46
27133-2022,27133,2022,39,train,39,46
27135-2019,27135,2019,39,train,39,46
27135-2020,27135,2020,39,train,39,46
27135-2021,27135,2021,39,train,39,46
27139-2020,27139,2020,39,train,39,46
27143-2019,27143,2019,39,train,39,46
27145-2019,27145,2019,39,train,39,46
27145-2020,27145,2020,39,train,39,46
27145-2021,27145,2021,39,train,39,46
27147-2020,27147,2020,39,train,39,46
27147-2021,27147,2021,39,train,39,46
27149-2019,27149,2019,39,train,39,46
27149-2020,27149,2020,39,train,39,46
27149-2021,27149,2021,39,train,39,46
27151-2019,27151,2019,39,train,39,46
27151-2020,27151,2020,39,train,39,46
27153-2019,27153,2019,39,train,39,46
27153-2020,27153,2020,39,train,39,46
27153-2021,27153,2021,39,train,39,46
27155-2020,27155,2020,39,train,39,46
27155-2021,27155,2021,39,train,39,46
27157-2020,27157,2020,39,train,39,46
27159-2019,27159,2019,39,train,39,46
27159-2020,27159,2020,39,train,39,46
27159-2021,27159,2021,39,train,39,46
27161-2020,27161,2020,39,train,39,46
27161-2021,27161,2021,39,train,39,46
27163-2019,27163,2019,39,train,39,46
27163-2020,27163,2020,39,train,39,46
27167-2020,27167,2020,39,train,39,46
27167-2021,27167,2021,39,train,39,46
27169-2019,27169,2019,39,train,39,46
27169-2020,27169,2020,39,train,39,46
27169-2021,27169,2021,39,train,39,46
27173-2019,27173,2019,39,train,39,46
27173-2020,27173,2020,39,train,39,46
29001-2019,29001,2019,39,train,39,46
29001-2020,29001,2020,39,train,39,46
29001-2021,29001,2021,39,train,39,46
29003-2020,29003,2020,39,train,39,46
29005-2020,29005,2020,39,train,39,46
29005-2022,29005,2022,39,train,39,46
29007-2020,29007,2020,39,train,39,46
29011-2019,29011,2019,39,train,39,46
29013-2019,29013,2019,39,train,39,46
29015-2020,29015,2020,39,train,39,46
29017-2019,29017,2019,39,train,39,46
29017-2020,29017,2020,39,train,39,46
29017-2021,29017,2021,39,train,39,46
29019-2020,29019,2020,39,train,39,46
29021-2020,29021,2020,39,train,39,46
29021-2021,29021,2021,39,train,39,46
29021-2022,29021,2022,39,train,39,46
29023-2019,29023,2019,39,train,39,46
29023-2020,29023,2020,39,train,39,46
29023-2021,29023,2021,39,train,39,46
29025-2021,29025,2021,39,train,39,46
29027-2020,29027,2020,39,train,39,46
29031-2020,29031,2020,39,train,39,46
29031-2021,29031,2021,39,train,39,46
29037-2020,29037,2020,39,train,39,46
29037-2021,29037,2021,39,train,39,46
29039-2019,29039,2019,39,train,39,46
29039-2021,29039,2021,39,train,39,46
29041-2020,29041,2020,39,train,39,46
29045-2020,29045,2020,39,train,39,46
29047-2020,29047,2020,39,train,39,46
29047-2021,29047,2021,39,train,39,46
29049-2019,29049,2019,39,train,39,46
29049-2020,29049,2020,39,train,39,46
29049-2021,29049,2021,39,train,39,46
29051-2020,29051,2020,39,train,39,46
29053-2020,29053,2020,39,train,39,46
29053-2021,29053,2021,39,train,39,46
29057-2019,29057,2019,39,train,39,46
29061-2020,29061,2020,39,train,39,46
29061-2021,29061,2021,39,train,39,46
29069-2019,29069,2019,39,train,39,46
29069-2020,29069,2020,39,train,39,46
29069-2021,29069,2021,39,train,39,46
29071-2020,29071,2020,39,train,39,46
29073-2020,29073,2020,39,train,39,46
29075-2020,29075,2020,39,train,39,46
29081-2020,29081,2020,39,train,39,46
29081-2021,29081,2021,39,train,39,46
29083-2021,29083,2021,39,train,39,46
29087-2020,29087,2020,39,train,39,46
29089-2020,29089,2020,39,train,39,46
29089-2021,29089,2021,39,train,39,46
29095-2019,29095,2019,39,train,39,46
29095-2020,29095,2020,39,train,39,46
29101-2021,29101,2021,39,train,39,46
29103-2020,29103,2020,39,train,39,46
29109-2020,29109,2020,39,train,39,46
29109-2021,29109,2021,39,train,39,46
29111-2020,29111,2020,39,train,39,46
29111-2022,29111,2022,39,train,39,46
29113-2020,29113,2020,39,train,39,46
29113-2022,29113,2022,39,train,39,46
29115-2020,29115,2020,39,train,39,46
29115-2021,29115,2021,39,train,39,46
29121-2020,29121,2020,39,train,39,46
29127-2019,29127,2019,39,train,39,46
29127-2020,29127,2020,39,train,39,46
29127-2021,29127,2021,39,train,39,46
29127-2022,29127,2022,39,train,39,46
29133-2019,29133,2019,39,train,39,46
29133-2020,29133,2020,39,train,39,46
29133-2021,29133,2021,39,train,39,46
29135-2020,29135,2020,39,train,39,46
29137-2020,29137,2020,39,train,39,46
29137-2021,29137,2021,39,train,39,46
29139-2020,29139,2020,39,train,39,46
29141-2019,29141,2019,39,train,39,46
29141-2020,29141,2020,39,train,39,46
29143-2019,29143,2019,39,train,39,46
29145-2019,29145,2019,39,train,39,46
29145-2020,29145,2020,39,train,39,46
29145-2021,29145,2021,39,train,39,46
29151-2020,29151,2020,39,train,39,46
29155-2020,29155,2020,39,train,39,46
29155-2021,29155,2021,39,train,39,46
29157-2020,29157,2020,39,train,39,46
29157-2021,29157,2021,39,train,39,46
29157-2022,29157,2022,39,train,39,46
29159-2020,29159,2020,39,train,39,46
29163-2020,29163,2020,39,train,39,46
29163-2022,29163,2022,39,train,39,46
29165-2019,29165,2019,39,train,39,46
29165-2020,29165,2020,39,train,39,46
29165-2021,29165,2021,39,train,39,46
29173-2019,29173,2019,39,train,39,46
29173-2020,29173,2020,39,train,39,46
29173-2022,29173,2022,39,train,39,46
29175-2020,29175,2020,39,train,39,46
29195-2020,29195,2020,39,train,39,46
29197-2022,29197,2022,39,train,39,46
29199-2020,29199,2020,39,train,39,46
29199-2022,29199,2022,39,train,39,46
29201-2019,29201,2019,39,train,39,46
29201-2020,29201,2020,39,train,39,46
29201-2021,29201,2021,39,train,39,46
29205-2020,29205,2020,39,train,39,46
29205-2021,29205,2021,39,train,39,46
29207-2019,29207,2019,39,train,39,46
29207-2020,29207,2020,39,train,39,46
29207-2021,29207,2021,39,train,39,46
29211-2020,29211,2020,39,train,39,46
29219-2020,29219,2020,39,train,39,46
29227-2020,29227,2020,39,train,39,46
29227-2021,29227,2021,39,train,39,46
29227-2022,29227,2022,39,train,39,46
31001-2019,31001,2019,39,train,39,46
31001-2020,31001,2020,39,train,39,46
31001-2022,31001,2022,39,train,39,46
31011-2019,31011,2019,39,train,39,46
31011-2022,31011,2022,39,train,39,46
31013-2019,31013,2019,39,train,39,46
31013-2020,31013,2020,39,train,39,46
31013-2021,31013,2021,39,train,39,46
31015-2020,31015,2020,39,train,39,46
31015-2022,31015,2022,39,train,39,46
31017-2020,31017,2020,39,train,39,46
31017-2021,31017,2021,39,train,39,46
31019-2019,31019,2019,39,train,39,46
31019-2020,31019,2020,39,train,39,46
31019-2022,31019,2022,39,train,39,46
31021-2019,31021,2019,39,train,39,46
31021-2022,31021,2022,39,train,39,46
31023-2019,31023,2019,39,train,39,46
31023-2020,31023,2020,39,train,39,46
31023-2022,31023,2022,39,train,39,46
31025-2019,31025,2019,39,train,39,46
31025-2020,31025,2020,39,train,39,46
31025-2022,31025,2022,39,train,39,46
31027-2021,31027,2021,39,train,39,46
31027-2022,31027,2022,39,train,39,46
31029-2019,31029,2019,39,train,39,46
31029-2020,31029,2020,39,train,39,46
31029-2021,31029,2021,39,train,39,46
31031-2021,31031,2021,39,train,39,46
31033-2020,31033,2020,39,train,39,46
31035-2019,31035,2019,39,train,39,46
31035-2020,31035,2020,39,train,39,46
31035-2022,31035,2022,39,train,39,46
31037-2019,31037,2019,39,train,39,46
31037-2020,31037,2020,39,train,39,46
31037-2022,31037,2022,39,train,39,46
31039-2022,31039,2022,39,train,39,46
31041-2019,31041,2019,39,train,39,46
31041-2020,31041,2020,39,train,39,46
31043-2020,31043,2020,39,train,39,46
31043-2021,31043,2021,39,train,39,46
31043-2022,31043,2022,39,train,39,46
31045-2020,31045,2020,39,train,39,46
31047-2019,31047,2019,39,train,39,46
31047-2020,31047,2020,39,train,39,46
31047-2022,31047,2022,39,train,39,46
31049-2019,31049,2019,39,train,39,46
31049-2020,31049,2020,39,train,39,46
31051-2020,31051,2020,39,train,39,46
31053-2019,31053,2019,39,train,39,46
31053-2020,31053,2020,39,train,39,46
31053-2022,31053,2022,39,train,39,46
31055-2019,31055,2019,39,train,39,46
31055-2020,31055,2020,39,train,39,46
31055-2022,31055,2022,39,train,39,46
31057-2020,31057,2020,39,train,39,46
31057-2021,31057,2021,39,train,39,46
31059-2019,31059,2019,39,train,39,46
31059-2020,31059,2020,39,train,39,46
31059-2022,31059,2022,39,train,39,46
31061-2019,31061,2019,39,train,39,46
31061-2020,31061,2020,39,train,39,46
31061-2021,31061,2021,39,train,39,46
31061-2022,31061,2022,39,train,39,46
31063-2019,31063,2019,39,train,39,46
31063-2020,31063,2020,39,train,39,46
31063-2021,31063,2021,39,train,39,46
31063-2022,31063,2022,39,train,39,46
31065-2019,31065,2019,39,train,39,46
31065-2020,31065,2020,39,train,39,46
31065-2021,31065,2021,39,train,39,46
31065-2022,31065,2022,39,train,39,46
31067-2019,31067,2019,39,train,39,46
31067-2020,31067,2020,39,train,39,46
31067-2022,31067,2022,39,train,39,46
31069-2020,31069,2020,39,train,39,46
31071-2019,31071,2019,39,train,39,46
31071-2020,31071,2020,39,train,39,46
31071-2021,31071,2021,39,train,39,46
31071-2022,31071,2022,39,train,39,46
31073-2020,31073,2020,39,train,39,46
31073-2021,31073,2021,39,train,39,46
31073-2022,31073,2022,39,train,39,46
31077-2019,31077,2019,39,train,39,46
31077-2020,31077,2020,39,train,39,46
31077-2021,31077,2021,39,train,39,46
31077-2022,31077,2022,39,train,39,46
31079-2019,31079,2019,39,train,39,46
31079-2022,31079,2022,39,train,39,46
31081-2019,31081,2019,39,train,39,46
31081-2022,31081,2022,39,train,39,46
31083-2019,31083,2019,39,train,39,46
31083-2020,31083,2020,39,train,39,46
31083-2021,31083,2021,39,train,39,46
31083-2022,31083,2022,39,train,39,46
31085-2019,31085,2019,39,train,39,46
31085-2020,31085,2020,39,train,39,46
31085-2021,31085,2021,39,train,39,46
31087-2020,31087,2020,39,train,39,46
31089-2019,31089,2019,39,train,39,46
31089-2020,31089,2020,39,train,39,46
31089-2022,31089,2022,39,train,39,46
31093-2019,31093,2019,39,train,39,46
31093-2020,31093,2020,39,train,39,46
31093-2021,31093,2021,39,train,39,46
31093-2022,31093,2022,39,train,39,46
31095-2019,31095,2019,39,train,39,46
31095-2020,31095,2020,39,train,39,46
31095-2022,31095,2022,39,train,39,46
31097-2020,31097,2020,39,train,39,46
31097-2022,31097,2022,39,train,39,46
31099-2019,31099,2019,39,train,39,46
31099-2020,31099,2020,39,train,39,46
31099-2022,31099,2022,39,train,39,46
31101-2020,31101,2020,39,train,39,46
31101-2021,31101,2021,39,train,39,46
31103-2020,31103,2020,39,train,39,46
31107-2020,31107,2020,39,train,39,46
31107-2021,31107,2021,39,train,39,46
31107-2022,31107,2022,39,train,39,46
31109-2019,31109,2019,39,train,39,46
31109-2020,31109,2020,39,train,39,46
31109-2022,31109,2022,39,train,39,46
31111-2019,31111,2019,39,train,39,46
31111-2020,31111,2020,39,train,39,46
31111-2021,31111,2021,39,train,39,46
31111-2022,31111,2022,39,train,39,46
31113-2019,31113,2019,39,train,39,46
31113-2020,31113,2020,39,train,39,46
31115-2020,31115,2020,39,train,39,46
31119-2022,31119,2022,39,train,39,46
31121-2019,31121,2019,39,train,39,46
31123-2019,31123,2019,39,train,39,46
31123-2020,31123,2020,39,train,39,46
31123-2021,31123,2021,39,train,39,46
31125-2019,31125,2019,39,train,39,46
31125-2020,31125,2020,39,train,39,46
31125-2022,31125,2022,39,train,39,46
31127-2020,31127,2020,39,train,39,46
31127-2022,31127,2022,39,train,39,46
31129-2020,31129,2020,39,train,39,46
31129-2022,31129,2022,39,train,39,46
31131-2019,31131,2019,39,train,39,46
31131-2020,31131,2020,39,train,39,46
31131-2022,31131,2022,39,train,39,46
31135-2019,31135,2019,39,train,39,46
31135-2020,31135,2020,39,train,39,46
31135-2021,31135,2021,39,train,39,46
31137-2019,31137,2019,39,train,39,46
31137-2020,31137,2020,39,train,39,46
31137-2021,31137,2021,39,train,39,46
31137-2022,31137,2022,39,train,39,46
31139-2020,31139,2020,39,train,39,46
31139-2021,31139,2021,39,train,39,46
31139-2022,31139,2022,39,train,39,46
31141-2019,31141,2019,39,train,39,46
31141-2020,31141,2020,39,train,39,46
31141-2021,31141,2021,39,train,39,46
31141-2022,31141,2022,39,train,39,46
31143-2020,31143,2020,39,train,39,46
31143-2022,31143,2022,39,train,39,46
31145-2019,31145,2019,39,train,39,46
31145-2020,31145,2020,39,train,39,46
31145-2021,31145,2021,39,train,39,46
31147-2020,31147,2020,39,train,39,46
31147-2022,31147,2022,39,train,39,46
31149-2019,31149,2019,39,train,39,46
31149-2020,31149,2020,39,train,39,46
31149-2021,31149,2021,39,train,39,46
31151-2019,31151,2019,39,train,39,46
31151-2020,31151,2020,39,train,39,46
31151-2022,31151,2022,39,train,39,46
31153-2020,31153,2020,39,train,39,46
31153-2022,31153,2022,39,train,39,46
31155-2019,31155,2019,39,train,39,46
31155-2020,31155,2020,39,train,39,46
31155-2022,31155,2022,39,train,39,46
31157-2019,31157,2019,39,train,39,46
31157-2020,31157,2020,39,train,39,46
31157-2021,31157,2021,39,train,39,46
31159-2019,31159,2019,39,train,39,46
31159-2020,31159,2020,39,train,39,46
31159-2022,31159,2022,39,train,39,46
31161-2020,31161,2020,39,train,39,46
31161-2021,31161,2021,39,train,39,46
31163-2019,31163,2019,39,train,39,46
31163-2020,31163,2020,39,train,39,46
31163-2021,31163,2021,39,train,39,46
31163-2022,31163,2022,39,train,39,46
31165-2019,31165,2019,39,train,39,46
31165-2020,31165,2020,39,train,39,46
31165-2021,31165,2021,39,train,39,46
31167-2019,31167,2019,39,train,39,46
31167-2022,31167,2022,39,train,39,46
31169-2019,31169,2019,39,train,39,46
31169-2020,31169,2020,39,train,39,46
31169-2021,31169,2021,39,train,39,46
31169-2022,31169,2022,39,train,39,46
31173-2019,31173,2019,39,train,39,46
31173-2022,31173,2022,39,train,39,46
31175-2019,31175,2019,39,train,39,46
31175-2020,31175,2020,39,train,39,46
31175-2021,31175,2021,39,train,39,46
31175-2022,31175,2022,39,train,39,46
31177-2019,31177,2019,39,train,39,46
31177-2020,31177,2020,39,train,39,46
31177-2022,31177,2022,39,train,39,46
31179-2019,31179,2019,39,train,39,46
31179-2021,31179,2021,39,train,39,46
31179-2022,31179,2022,39,train,39,46
31181-2020,31181,2020,39,train,39,46
31181-2022,31181,2022,39,train,39,46
31183-2020,31183,2020,39,train,39,46
31185-2019,31185,2019,39,train,39,46
31185-2020,31185,2020,39,train,39,46
31185-2022,31185,2022,39,train,39,46
38001-2020,38001,2020,39,train,39,46
38001-2021,38001,2021,39,train,39,46
38003-2020,38003,2020,39,train,39,46
38003-2021,38003,2021,39,train,39,46
38005-2020,38005,2020,39,train,39,46
38005-2021,38005,2021,39,train,39,46
38007-2020,38007,2020,39,train,39,46
38007-2021,38007,2021,39,train,39,46
38009-2020,38009,2020,39,train,39,46
38009-2021,38009,2021,39,train,39,46
38011-2020,38011,2020,39,train,39,46
38015-2019,38015,2019,39,train,39,46
38015-2020,38015,2020,39,train,39,46
38017-2019,38017,2019,39,train,39,46
38017-2020,38017,2020,39,train,39,46
38017-2021,38017,2021,39,train,39,46
38021-2020,38021,2020,39,train,39,46
38021-2021,38021,2021,39,train,39,46
38025-2020,38025,2020,39,train,39,46
38025-2021,38025,2021,39,train,39,46
38027-2020,38027,2020,39,train,39,46
38027-2021,38027,2021,39,train,39,46
38029-2020,38029,2020,39,train,39,46
38029-2021,38029,2021,39,train,39,46
38031-2020,38031,2020,39,train,39,46
38031-2021,38031,2021,39,train,39,46
38033-2021,38033,2021,39,train,39,46
38035-2019,38035,2019,39,train,39,46
38035-2020,38035,2020,39,train,39,46
38035-2021,38035,2021,39,train,39,46
38037-2020,38037,2020,39,train,39,46
38037-2021,38037,2021,39,train,39,46
38041-2019,38041,2019,39,train,39,46
38041-2020,38041,2020,39,train,39,46
38041-2021,38041,2021,39,train,39,46
38043-2019,38043,2019,39,train,39,46
38043-2020,38043,2020,39,train,39,46
38043-2021,38043,2021,39,train,39,46
38047-2020,38047,2020,39,train,39,46
38047-2021,38047,2021,39,train,39,46
38057-2020,38057,2020,39,train,39,46
38057-2021,38057,2021,39,train,39,46
38059-2020,38059,2020,39,train,39,46
38061-2019,38061,2019,39,train,39,46
38061-2020,38061,2020,39,train,39,46
38063-2020,38063,2020,39,train,39,46
38065-2020,38065,2020,39,train,39,46
38067-2020,38067,2020,39,train,39,46
38067-2021,38067,2021,39,train,39,46
38069-2020,38069,2020,39,train,39,46
38069-2021,38069,2021,39,train,39,46
38071-2020,38071,2020,39,train,39,46
38071-2021,38071,2021,39,train,39,46
38073-2020,38073,2020,39,train,39,46
38073-2021,38073,2021,39,train,39,46
38075-2020,38075,2020,39,train,39,46
38075-2021,38075,2021,39,train,39,46
38077-2019,38077,2019,39,train,39,46
38077-2020,38077,2020,39,train,39,46
38077-2021,38077,2021,39,train,39,46
38079-2021,38079,2021,39,train,39,46
38081-2019,38081,2019,39,train,39,46
38081-2020,38081,2020,39,train,39,46
38081-2021,38081,2021,39,train,39,46
38083-2019,38083,2019,39,train,39,46
38083-2020,38083,2020,39,train,39,46
38087-2019,38087,2019,39,train,39,46
38087-2020,38087,2020,39,train,39,46
38087-2021,38087,2021,39,train,39,46
38089-2020,38089,2020,39,train,39,46
38089-2021,38089,2021,39,train,39,46
38091-2019,38091,2019,39,train,39,46
38091-2020,38091,2020,39,train,39,46
38091-2021,38091,2021,39,train,39,46
38093-2019,38093,2019,39,train,39,46
38093-2020,38093,2020,39,train,39,46
38093-2021,38093,2021,39,train,39,46
38095-2020,38095,2020,39,train,39,46
38095-2021,38095,2021,39,train,39,46
38097-2020,38097,2020,39,train,39,46
38099-2020,38099,2020,39,train,39,46
38099-2021,38099,2021,39,train,39,46
38101-2019,38101,2019,39,train,39,46
38101-2020,38101,2020,39,train,39,46
38101-2021,38101,2021,39,train,39,46
38103-2020,38103,2020,39,train,39,46
38103-2021,38103,2021,39,train,39,46
38105-2021,38105,2021,39,train,39,46
39001-2020,39001,2020,39,test,39,46
39001-2022,39001,2022,39,test,39,46
39003-2020,39003,2020,39,test,39,46
39003-2022,39003,2022,39,test,39,46
39005-2019,39005,2019,39,test,39,46
39005-2020,39005,2020,39,test,39,46
39005-2021,39005,2021,39,test,39,46
39007-2019,39007,2019,39,test,39,46
39007-2021,39007,2021,39,test,39,46
39011-2019,39011,2019,39,test,39,46
39011-2020,39011,2020,39,test,39,46
39011-2021,39011,2021,39,test,39,46
39011-2022,39011,2022,39,test,39,46
39015-2022,39015,2022,39,test,39,46
39017-2020,39017,2020,39,test,39,46
39017-2022,39017,2022,39,test,39,46
39021-2019,39021,2019,39,test,39,46
39021-2020,39021,2020,39,test,39,46
39021-2022,39021,2022,39,test,39,46
39023-2022,39023,2022,39,test,39,46
39025-2022,39025,2022,39,test,39,46
39027-2022,39027,2022,39,test,39,46
39029-2019,39029,2019,39,test,39,46
39031-2019,39031,2019,39,test,39,46
39031-2020,39031,2020,39,test,39,46
39031-2021,39031,2021,39,test,39,46
39031-2022,39031,2022,39,test,39,46
39033-2022,39033,2022,39,test,39,46
39037-2019,39037,2019,39,test,39,46
39037-2020,39037,2020,39,test,39,46
39037-2021,39037,2021,39,test,39,46
39037-2022,39037,2022,39,test,39,46
39039-2019,39039,2019,39,test,39,46
39039-2020,39039,2020,39,test,39,46
39039-2022,39039,2022,39,test,39,46
39041-2022,39041,2022,39,test,39,46
39043-2020,39043,2020,39,test,39,46
39043-2022,39043,2022,39,test,39,46
39045-2019,39045,2019,39,test,39,46
39045-2020,39045,2020,39,test,39,46
39045-2022,39045,2022,39,test,39,46
39047-2020,39047,2020,39,test,39,46
39047-2022,39047,2022,39,test,39,46
39049-2022,39049,2022,39,test,39,46
39051-2019,39051,2019,39,test,39,46
39051-2020,39051,2020,39,test,39,46
39051-2022,39051,2022,39,test,39,46
39053-2019,39053,2019,39,test,39,46
39053-2020,39053,2020,39,test,39,46
39053-2021,39053,2021,39,test,39,46
39057-2022,39057,2022,39,test,39,46
39061-2020,39061,2020,39,test,39,46
39063-2020,39063,2020,39,test,39,46
39063-2022,39063,2022,39,test,39,46
39065-2019,39065,2019,39,test,39,46
39065-2020,39065,2020,39,test,39,46
39065-2021,39065,2021,39,test,39,46
39065-2022,39065,2022,39,test,39,46
39069-2020,39069,2020,39,test,39,46
39069-2022,39069,2022,39,test,39,46
39071-2022,39071,2022,39,test,39,46
39075-2019,39075,2019,39,test,39,46
39075-2020,39075,2020,39,test,39,46
39075-2021,39075,2021,39,test,39,46
39075-2022,39075,2022,39,test,39,46
39077-2022,39077,2022,39,test,39,46
39079-2022,39079,2022,39,test,39,46
39083-2019,39083,2019,39,test,39,46
39083-2020,39083,2020,39,test,39,46
39083-2021,39083,2021,39,test,39,46
39083-2022,39083,2022,39,test,39,46
39089-2020,39089,2020,39,test,39,46
39089-2021,39089,2021,39,test,39,46
39089-2022,39089,2022,39,test,39,46
39091-2019,39091,2019,39,test,39,46
39091-2020,39091,2020,39,test,39,46
39091-2021,39091,2021,39,test,39,46
39091-2022,39091,2022,39,test,39,46
39093-2020,39093,2020,39,test,39,46
39093-2021,39093,2021,39,test,39,46
39093-2022,39093,2022,39,test,39,46
39095-2019,39095,2019,39,test,39,46
39095-2020,39095,2020,39,test,39,46
39095-2022,39095,2022,39,test,39,46
39097-2020,39097,2020,39,test,39,46
39097-2022,39097,2022,39,test,39,46
39099-2019,39099,2019,39,test,39,46
39101-2019,39101,2019,39,test,39,46
39101-2020,39101,2020,39,test,39,46
39101-2022,39101,2022,39,test,39,46
39103-2019,39103,2019,39,test,39,46
39103-2020,39103,2020,39,test,39,46
39103-2021,39103,2021,39,test,39,46
39103-2022,39103,2022,39,test,39,46
39107-2019,39107,2019,39,test,39,46
39107-2020,39107,2020,39,test,39,46
39107-2021,39107,2021,39,test,39,46
39107-2022,39107,2022,39,test,39,46
39109-2019,39109,2019,39,test,39,46
39109-2020,39109,2020,39,test,39,46
39109-2022,39109,2022,39,test,39,46
39113-2019,39113,2019,39,test,39,46
39117-2022,39117,2022,39,test,39,46
39119-2019,39119,2019,39,test,39,46
39119-2020,39119,2020,39,test,39,46
39119-2021,39119,2021,39,test,39,46
39119-2022,39119,2022,39,test,39,46
39123-2020,39123,2020,39,test,39,46
39123-2022,39123,2022,39,test,39,46
39125-2020,39125,2020,39,test,39,46
39125-2022,39125,2022,39,test,39,46
39127-2020,39127,2020,39,test,39,46
39127-2021,39127,2021,39,test,39,46
39129-2019,39129,2019,39,test,39,46
39129-2020,39129,2020,39,test,39,46
39129-2021,39129,2021,39,test,39,46
39129-2022,39129,2022,39,test,39,46
39131-2019,39131,2019,39,test,39,46
39131-2021,39131,2021,39,test,39,46
39131-2022,39131,2022,39,test,39,46
39133-2019,39133,2019,39,test,39,46
39133-2021,39133,2021,39,test,39,46
39135-2019,39135,2019,39,test,39,46
39135-2020,39135,2020,39,test,39,46
39135-2021,39135,2021,39,test,39,46
39135-2022,39135,2022,39,test,39,46
39137-2019,39137,2019,39,test,39,46
39137-2020,39137,2020,39,test,39,46
39137-2022,39137,2022,39,test,39,46
39139-2019,39139,2019,39,test,39,46
39139-2020,39139,2020,39,test,39,46
39139-2022,39139,2022,39,test,39,46
39141-2019,39141,2019,39,test,39,46
39141-2021,39141,2021,39,test,39,46
39141-2022,39141,2022,39,test,39,46
39143-2019,39143,2019,39,test,39,46
39143-2020,39143,2020,39,test,39,46
39143-2022,39143,2022,39,test,39,46
39145-2019,39145,2019,39,test,39,46
39145-2020,39145,2020,39,test,39,46
39145-2021,39145,2021,39,test,39,46
39147-2019,39147,2019,39,test,39,46
39147-2020,39147,2020,39,test,39,46
39147-2022,39147,2022,39,test,39,46
39149-2019,39149,2019,39,test,39,46
39149-2020,39149,2020,39,test,39,46
39149-2022,39149,2022,39,test,39,46
39151-2019,39151,2019,39,test,39,46
39151-2020,39151,2020,39,test,39,46
39151-2021,39151,2021,39,test,39,46
39155-2019,39155,2019,39,test,39,46
39157-2019,39157,2019,39,test,39,46
39157-2020,39157,2020,39,test,39,46
39157-2021,39157,2021,39,test,39,46
39159-2019,39159,2019,39,test,39,46
39159-2022,39159,2022,39,test,39,46
39161-2019,39161,2019,39,test,39,46
39161-2020,39161,2020,39,test,39,46
39161-2022,39161,2022,39,test,39,46
39165-2019,39165,2019,39,test,39,46
39165-2020,39165,2020,39,test,39,46
39165-2022,39165,2022,39,test,39,46
39167-2019,39167,2019,39,test,39,46
39167-2020,39167,2020,39,test,39,46
39167-2021,39167,2021,39,test,39,46
39169-2019,39169,2019,39,test,39,46
39169-2020,39169,2020,39,test,39,46
39169-2021,39169,2021,39,test,39,46
39169-2022,39169,2022,39,test,39,46
39171-2019,39171,2019,39,test,39,46
39171-2020,39171,2020,39,test,39,46
39171-2022,39171,2022,39,test,39,46
39173-2020,39173,2020,39,test,39,46
39173-2022,39173,2022,39,test,39,46
39175-2019,39175,2019,39,test,39,46
39175-2020,39175,2020,39,test,39,46
39175-2022,39175,2022,39,test,39,46
46003-2020,46003,2020,39,val,39,46
46003-2021,46003,2021,39,val,39,46
46005-2020,46005,2020,39,val,39,46
46005-2021,46005,2021,39,val,39,46
46007-2020,46007,2020,39,val,39,46
46007-2021,46007,2021,39,val,39,46
46009-2020,46009,2020,39,val,39,46
46009-2021,46009,2021,39,val,39,46
46009-2022,46009,2022,39,val,39,46
46011-2020,46011,2020,39,val,39,46
46011-2021,46011,2021,39,val,39,46
46013-2020,46013,2020,39,val,39,46
46013-2021,46013,2021,39,val,39,46
46015-2020,46015,2020,39,val,39,46
46015-2021,46015,2021,39,val,39,46
46017-2020,46017,2020,39,val,39,46
46017-2021,46017,2021,39,val,39,46
46019-2020,46019,2020,39,val,39,46
46019-2021,46019,2021,39,val,39,46
46021-2020,46021,2020,39,val,39,46
46021-2021,46021,2021,39,val,39,46
46023-2020,46023,2020,39,val,39,46
46023-2021,46023,2021,39,val,39,46
46023-2022,46023,2022,39,val,39,46
46025-2020,46025,2020,39,val,39,46
46025-2021,46025,2021,39,val,39,46
46027-2020,46027,2020,39,val,39,46
46027-2021,46027,2021,39,val,39,46
46027-2022,46027,2022,39,val,39,46
46029-2020,46029,2020,39,val,39,46
46029-2021,46029,2021,39,val,39,46
46031-2020,46031,2020,39,val,39,46
46031-2021,46031,2021,39,val,39,46
46035-2020,46035,2020,39,val,39,46
46037-2020,46037,2020,39,val,39,46
46037-2021,46037,2021,39,val,39,46
46039-2020,46039,2020,39,val,39,46
46041-2020,46041,2020,39,val,39,46
46043-2020,46043,2020,39,val,39,46
46043-2021,46043,2021,39,val,39,46
46045-2019,46045,2019,39,val,39,46
46045-2020,46045,2020,39,val,39,46
46049-2020,46049,2020,39,val,39,46
46049-2021,46049,2021,39,val,39,46
46051-2020,46051,2020,39,val,39,46
46051-2021,46051,2021,39,val,39,46
46053-2020,46053,2020,39,val,39,46
46053-2021,46053,2021,39,val,39,46
46057-2020,46057,2020,39,val,39,46
46057-2021,46057,2021,39,val,39,46
46059-2020,46059,2020,39,val,39,46
46059-2021,46059,2021,39,val,39,46
46061-2020,46061,2020,39,val,39,46
46061-2021,46061,2021,39,val,39,46
46063-2021,46063,2021,39,val,39,46
46065-2020,46065,2020,39,val,39,46
46065-2021,46065,2021,39,val,39,46
46067-2020,46067,2020,39,val,39,46
46067-2021,46067,2021,39,val,39,46
46069-2020,46069,2020,39,val,39,46
46073-2020,46073,2020,39,val,39,46
46073-2021,46073,2021,39,val,39,46
46075-2020,46075,2020,39,val,39,46
46077-2020,46077,2020,39,val,39,46
46077-2021,46077,2021,39,val,39,46
46079-2020,46079,2020,39,val,39,46
46079-2021,46079,2021,39,val,39,46
46083-2019,46083,2019,39,val,39,46
46083-2020,46083,2020,39,val,39,46
46083-2021,46083,2021,39,val,39,46
46083-2022,46083,2022,39,val,39,46
46085-2019,46085,2019,39,val,39,46
46085-2020,46085,2020,39,val,39,46
46085-2021,46085,2021,39,val,39,46
46091-2020,46091,2020,39,val,39,46
46091-2021,46091,2021,39,val,39,46
46093-2021,46093,2021,39,val,39,46
46095-2020,46095,2020,39,val,39,46
46097-2020,46097,2020,39,val,39,46
46097-2021,46097,2021,39,val,39,46
46099-2019,46099,2019,39,val,39,46
46099-2020,46099,2020,39,val,39,46
46099-2022,46099,2022,39,val,39,46
46101-2020,46101,2020,39,val,39,46
46102-2020,46102,2020,39,val,39,46
46102-2021,46102,2021,39,val,39,46
46103-2021,46103,2021,39,val,39,46
46107-2020,46107,2020,39,val,39,46
46107-2021,46107,2021,39,val,39,46
46109-2020,46109,2020,39,val,39,46
46111-2020,46111,2020,39,val,39,46
46111-2021,46111,2021,39,val,39,46
46115-2020,46115,2020,39,val,39,46
46119-2020,46119,2020,39,val,39,46
46119-2021,46119,2021,39,val,39,46
46121-2021,46121,2021,39,val,39,46
46123-2020,46123,2020,39,val,39,46
46123-2021,46123,2021,39,val,39,46
46125-2020,46125,2020,39,val,39,46
46125-2021,46125,2021,39,val,39,46
46125-2022,46125,2022,39,val,39,46
46127-2019,46127,2019,39,val,39,46
46127-2020,46127,2020,39,val,39,46
46127-2022,46127,2022,39,val,39,46
46129-2020,46129,2020,39,val,39,46
46129-2021,46129,2021,39,val,39,46
46135-2021,46135,2021,39,val,39,46
46135-2022,46135,2022,39,val,39,46
46137-2019,46137,2019,39,val,39,46
46137-2020,46137,2020,39,val,39,46
55001-2019,55001,2019,39,train,39,46
55001-2020,55001,2020,39,train,39,46
55005-2020,55005,2020,39,train,39,46
55009-2020,55009,2020,39,train,39,46
55011-2020,55011,2020,39,train,39,46
55013-2020,55013,2020,39,train,39,46
55015-2020,55015,2020,39,train,39,46
55017-2019,55017,2019,39,train,39,46
55017-2020,55017,2020,39,train,39,46
55017-2021,55017,2021,39,train,39,46
55019-2019,55019,2019,39,train,39,46
55019-2020,55019,2020,39,train,39,46
55019-2021,55019,2021,39,train,39,46
55021-2019,55021,2019,39,train,39,46
55021-2020,55021,2020,39,train,39,46
55021-2021,55021,2021,39,train,39,46
55023-2019,55023,2019,39,train,39,46
55023-2020,55023,2020,39,train,39,46
55023-2021,55023,2021,39,train,39,46
55023-2022,55023,2022,39,train,39,46
55025-2019,55025,2019,39,train,39,46
55025-2020,55025,2020,39,train,39,46
55025-2021,55025,2021,39,train,39,46
55025-2022,55025,2022,39,train,39,46
55027-2019,55027,2019,39,train,39,46
55027-2020,55027,2020,39,train,39,46
55029-2019,55029,2019,39,train,39,46
55029-2020,55029,2020,39,train,39,46
55029-2021,55029,2021,39,train,39,46
55033-2020,55033,2020,39,train,39,46
55035-2019,55035,2019,39,train,39,46
55035-2020,55035,2020,39,train,39,46
55035-2021,55035,2021,39,train,39,46
55043-2019,55043,2019,39,train,39,46
55043-2020,55043,2020,39,train,39,46
55043-2021,55043,2021,39,train,39,46
55043-2022,55043,2022,39,train,39,46
55045-2019,55045,2019,39,train,39,46
55045-2020,55045,2020,39,train,39,46
55045-2021,55045,2021,39,train,39,46
55045-2022,55045,2022,39,train,39,46
55047-2019,55047,2019,39,train,39,46
55047-2020,55047,2020,39,train,39,46
55047-2021,55047,2021,39,train,39,46
55049-2020,55049,2020,39,train,39,46
55049-2022,55049,2022,39,train,39,46
55053-2019,55053,2019,39,train,39,46
55053-2020,55053,2020,39,train,39,46
55053-2021,55053,2021,39,train,39,46
55055-2019,55055,2019,39,train,39,46
55055-2020,55055,2020,39,train,39,46
55055-2022,55055,2022,39,train,39,46
55057-2019,55057,2019,39,train,39,46
55057-2020,55057,2020,39,train,39,46
55057-2021,55057,2021,39,train,39,46
55059-2020,55059,2020,39,train,39,46
55059-2022,55059,2022,39,train,39,46
55061-2020,55061,2020,39,train,39,46
55063-2019,55063,2019,39,train,39,46
55063-2020,55063,2020,39,train,39,46
55063-2021,55063,2021,39,train,39,46
55065-2020,55065,2020,39,train,39,46
55065-2022,55065,2022,39,train,39,46
55067-2020,55067,2020,39,train,39,46
55067-2021,55067,2021,39,train,39,46
55069-2020,55069,2020,39,train,39,46
55069-2021,55069,2021,39,train,39,46
55071-2019,55071,2019,39,train,39,46
55071-2020,55071,2020,39,train,39,46
55073-2020,55073,2020,39,train,39,46
55073-2021,55073,2021,39,train,39,46
55075-2019,55075,2019,39,train,39,46
55075-2020,55075,2020,39,train,39,46
55075-2021,55075,2021,39,train,39,46
55077-2020,55077,2020,39,train,39,46
55079-2020,55079,2020,39,train,39,46
55081-2019,55081,2019,39,train,39,46
55081-2020,55081,2020,39,train,39,46
55081-2021,55081,2021,39,train,39,46
55083-2019,55083,2019,39,train,39,46
55083-2020,55083,2020,39,train,39,46
55083-2021,55083,2021,39,train,39,46
55087-2019,55087,2019,39,train,39,46
55087-2020,55087,2020,39,train,39,46
55089-2019,55089,2019,39,train,39,46
55089-2020,55089,2020,39,train,39,46
55091-2020,55091,2020,39,train,39,46
55093-2020,55093,2020,39,train,39,46
55095-2020,55095,2020,39,train,39,46
55097-2019,55097,2019,39,train,39,46
55097-2020,55097,2020,39,train,39,46
55101-2019,55101,2019,39,train,39,46
55101-2020,55101,2020,39,train,39,46
55101-2022,55101,2022,39,train,39,46
55103-2019,55103,2019,39,train,39,46
55103-2020,55103,2020,39,train,39,46
55103-2021,55103,2021,39,train,39,46
55103-2022,55103,2022,39,train,39,46
55105-2019,55105,2019,39,train,39,46
55105-2020,55105,2020,39,train,39,46
55105-2021,55105,2021,39,train,39,46
55105-2022,55105,2022,39,train,39,46
55107-2019,55107,2019,39,train,39,46
55107-2020,55107,2020,39,train,39,46
55107-2021,55107,2021,39,train,39,46
55111-2019,55111,2019,39,train,39,46
55111-2020,55111,2020,39,train,39,46
55111-2021,55111,2021,39,train,39,46
55113-2020,55113,2020,39,train,39,46
55113-2021,55113,2021,39,train,39,46
55115-2019,55115,2019,39,train,39,46
55115-2020,55115,2020,39,train,39,46
55115-2021,55115,2021,39,train,39,46
55117-2019,55117,2019,39,train,39,46
55117-2020,55117,2020,39,train,39,46
55119-2020,55119,2020,39,train,39,46
55119-2021,55119,2021,39,train,39,46
55121-2019,55121,2019,39,train,39,46
55121-2020,55121,2020,39,train,39,46
55121-2021,55121,2021,39,train,39,46
55123-2019,55123,2019,39,train,39,46
55123-2020,55123,2020,39,train,39,46
55123-2021,55123,2021,39,train,39,46
55123-2022,55123,2022,39,train,39,46
55127-2019,55127,2019,39,train,39,46
55127-2020,55127,2020,39,train,39,46
55127-2022,55127,2022,39,train,39,46
55129-2019,55129,2019,39,train,39,46
55129-2020,55129,2020,39,train,39,46
55131-2019,55131,2019,39,train,39,46
55131-2020,55131,2020,39,train,39,46
55133-2019,55133,2019,39,train,39,46
55133-2020,55133,2020,39,train,39,46
55133-2022,55133,2022,39,train,39,46
55135-2019,55135,2019,39,train,39,46
55135-2020,55135,2020,39,train,39,46
55137-2019,55137,2019,39,train,39,46
55137-2020,55137,2020,39,train,39,46
55137-2021,55137,2021,39,train,39,46
55139-2019,55139,2019,39,train,39,46
55139-2020,55139,2020,39,train,39,46
55141-2019,55141,2019,39,train,39,46
55141-2020,55141,2020,39,train,39,46
17001-2020,17001,2020,46,train,46,55
17001-2022,17001,2022,46,train,46,55
17003-2019,17003,2019,46,train,46,55
17003-2020,17003,2020,46,train,46,55
17005-2019,17005,2019,46,train,46,55
17005-2020,17005,2020,46,train,46,55
17005-2021,17005,2021,46,train,46,55
17005-2022,17005,2022,46,train,46,55
17007-2019,17007,2019,46,train,46,55
17007-2020,17007,2020,46,train,46,55
17007-2022,17007,2022,46,train,46,55
17009-2020,17009,2020,46,train,46,55
17009-2022,17009,2022,46,train,46,55
17011-2019,17011,2019,46,train,46,55
17011-2020,17011,2020,46,train,46,55
17011-2021,17011,2021,46,train,46,55
17011-2022,17011,2022,46,train,46,55
17013-2020,17013,2020,46,train,46,55
17013-2022,17013,2022,46,train,46,55
17015-2020,17015,2020,46,train,46,55
17015-2022,17015,2022,46,train,46,55
17017-2019,17017,2019,46,train,46,55
17017-2020,17017,2020,46,train,46,55
17017-2021,17017,2021,46,train,46,55
17017-2022,17017,2022,46,train,46,55
17019-2021,17019,2021,46,train,46,55
17019-2022,17019,2022,46,train,46,55
17021-2020,17021,2020,46,train,46,55
17021-2021,17021,2021,46,train,46,55
17021-2022,17021,2022,46,train,46,55
17023-2020,17023,2020,46,train,46,55
17023-2022,17023,2022,46,train,46,55
17025-2019,17025,2019,46,train,46,55
17025-2020,17025,2020,46,train,46,55
17025-2021,17025,2021,46,train,46,55
17025-2022,17025,2022,46,train,46,55
17027-2019,17027,2019,46,train,46,55
17027-2020,17027,2020,46,train,46,55
17027-2021,17027,2021,46,train,46,55
17027-2022,17027,2022,46,train,46,55
17029-2019,17029,2019,46,train,46,55
17029-2021,17029,2021,46,train,46,55
17031-2019,17031,2019,46,train,46,55
17033-2019,17033,2019,46,train,46,55
17033-2020,17033,2020,46,train,46,55
17033-2022,17033,2022,46,train,46,55
17035-2019,17035,2019,46,train,46,55
17035-2022,17035,2022,46,train,46,55
17039-2020,17039,2020,46,train,46,55
17039-2021,17039,2021,46,train,46,55
17039-2022,17039,2022,46,train,46,55
17041-2019,17041,2019,46,train,46,55
17041-2022,17041,2022,46,train,46,55
17045-2020,17045,2020,46,train,46,55
17045-2021,17045,2021,46,train,46,55
17045-2022,17045,2022,46,train,46,55
17047-2020,17047,2020,46,train,46,55
17047-2021,17047,2021,46,train,46,55
17047-2022,17047,2022,46,train,46,55
17049-2021,17049,2021,46,train,46,55
17049-2022,17049,2022,46,train,46,55
17051-2019,17051,2019,46,train,46,55
17051-2020,17051,2020,46,train,46,55
17051-2021,17051,2021,46,train,46,55
17053-2019,17053,2019,46,train,46,55
17053-2020,17053,2020,46,train,46,55
17053-2021,17053,2021,46,train,46,55
17053-2022,17053,2022,46,train,46,55
17055-2019,17055,2019,46,train,46,55
17055-2020,17055,2020,46,train,46,55
17055-2021,17055,2021,46,train,46,55
17055-2022,17055,2022,46,train,46,55
17057-2020,17057,2020,46,train,46,55
17057-2021,17057,2021,46,train,46,55
17057-2022,17057,2022,46,train,46,55
17059-2019,17059,2019,46,train,46,55
17059-2020,17059,2020,46,train,46,55
17059-2021,17059,2021,46,train,46,55
17059-2022,17059,2022,46,train,46,55
17061-2020,17061,2020,46,train,46,55
17061-2021,17061,2021,46,train,46,55
17061-2022,17061,2022,46,train,46,55
17063-2019,17063,2019,46,train,46,55
17063-2020,17063,2020,46,train,46,55
17063-2022,17063,2022,46,train,46,55
17065-2020,17065,2020,46,train,46,55
17065-2022,17065,2022,46,train,46,55
17067-2020,17067,2020,46,train,46,55
17067-2022,17067,2022,46,train,46,55
17071-2020,17071,2020,46,train,46,55
17071-2022,17071,2022,46,train,46,55
17073-2020,17073,2020,46,train,46,55
17073-2022,17073,2022,46,train,46,55
17075-2019,17075,2019,46,train,46,55
17075-2020,17075,2020,46,train,46,55
17075-2021,17075,2021,46,train,46,55
17075-2022,17075,2022,46,train,46,55
17077-2019,17077,2019,46,train,46,55
17077-2020,17077,2020,46,train,46,55
17077-2021,17077,2021,46,train,46,55
17077-2022,17077,2022,46,train,46,55
17079-2019,17079,2019,46,train,46,55
17079-2020,17079,2020,46,train,46,55
17079-2022,17079,2022,46,train,46,55
17081-2019,17081,2019,46,train,46,55
17081-2021,17081,2021,46,train,46,55
17081-2022,17081,2022,46,train,46,55
17083-2020,17083,2020,46,train,46,55
17083-2022,17083,2022,46,train,46,55
17085-2020,17085,2020,46,train,46,55
17085-2022,17085,2022,46,train,46,55
17087-2020,17087,2020,46,train,46,55
17089-2019,17089,2019,46,train,46,55
17089-2020,17089,2020,46,train,46,55
17089-2022,17089,2022,46,train,46,55
17091-2020,17091,2020,46,train,46,55
17091-2022,17091,2022,46,train,46,55
17093-2019,17093,2019,46,train,46,55
17093-2020,17093,2020,46,train,46,55
17093-2022,17093,2022,46,train,46,55
17095-2020,17095,2020,46,train,46,55
17095-2022,17095,2022,46,train,46,55
17097-2019,17097,2019,46,train,46,55
17097-2020,17097,2020,46,train,46,55
17101-2019,17101,2019,46,train,46,55
17101-2020,17101,2020,46,train,46,55
17101-2022,17101,2022,46,train,46,55
17103-2019,17103,2019,46,train,46,55
17103-2020,17103,2020,46,train,46,55
17103-2022,17103,2022,46,train,46,55
17105-2019,17105,2019,46,train,46,55
17105-2020,17105,2020,46,train,46,55
17105-2021,17105,2021,46,train,46,55
17105-2022,17105,2022,46,train,46,55
17107-2020,17107,2020,46,train,46,55
17107-2021,17107,2021,46,train,46,55
17107-2022,17107,2022,46,train,46,55
17115-2020,17115,2020,46,train,46,55
17115-2021,17115,2021,46,train,46,55
17115-2022,17115,2022,46,train,46,55
17117-2020,17117,2020,46,train,46,55
17117-2021,17117,2021,46,train,46,55
17117-2022,17117,2022,46,train,46,55
17119-2019,17119,2019,46,train,46,55
17119-2020,17119,2020,46,train,46,55
17119-2021,17119,2021,46,train,46,55
17119-2022,17119,2022,46,train,46,55
17121-2019,17121,2019,46,train,46,55
17121-2020,17121,2020,46,train,46,55
17121-2021,17121,2021,46,train,46,55
17121-2022,17121,2022,46,train,46,55
17123-2019,17123,2019,46,train,46,55
17123-2020,17123,2020,46,train,46,55
17123-2021,17123,2021,46,train,46,55
17123-2022,17123,2022,46,train,46,55
17125-2020,17125,2020,46,train,46,55
17125-2021,17125,2021,46,train,46,55
17125-2022,17125,2022,46,train,46,55
17127-2019,17127,2019,46,train,46,55
17127-2020,17127,2020,46,train,46,55
17129-2021,17129,2021,46,train,46,55
17131-2020,17131,2020,46,train,46,55
17131-2022,17131,2022,46,train,46,55
17133-2019,17133,2019,46,train,46,55
17133-2020,17133,2020,46,train,46,55
17133-2022,17133,2022,46,train,46,55
17135-2020,17135,2020,46,train,46,55
17135-2021,17135,2021,46,train,46,55
17135-2022,17135,2022,46,train,46,55
17137-2019,17137,2019,46,train,46,55
17137-2020,17137,2020,46,train,46,55
17137-2022,17137,2022,46,train,46,55
17139-2021,17139,2021,46,train,46,55
17139-2022,17139,2022,46,train,46,55
17141-2019,17141,2019,46,train,46,55
17141-2020,17141,2020,46,train,46,55
17141-2022,17141,2022,46,train,46,55
17143-2019,17143,2019,46,train,46,55
17143-2020,17143,2020,46,train,46,55
17143-2021,17143,2021,46,train,46,55
17143-2022,17143,2022,46,train,46,55
17145-2020,17145,2020,46,train,46,55
17145-2022,17145,2022,46,train,46,55
17147-2021,17147,2021,46,train,46,55
17147-2022,17147,2022,46,train,46,55
17149-2020,17149,2020,46,train,46,55
17151-2020,17151,2020,46,train,46,55
17153-2019,17153,2019,46,train,46,55
17153-2020,17153,2020,46,train,46,55
17153-2021,17153,2021,46,train,46,55
17155-2020,17155,2020,46,train,46,55
17155-2021,17155,2021,46,train,46,55
17155-2022,17155,2022,46,train,46,55
17157-2019,17157,2019,46,train,46,55
17157-2020,17157,2020,46,train,46,55
17157-2021,17157,2021,46,train,46,55
17157-2022,17157,2022,46,train,46,55
17159-2020,17159,2020,46,train,46,55
17161-2020,17161,2020,46,train,46,55
17161-2022,17161,2022,46,train,46,55
17165-2020,17165,2020,46,train,46,55
17165-2021,17165,2021,46,train,46,55
17165-2022,17165,2022,46,train,46,55
17167-2021,17167,2021,46,train,46,55
17169-2020,17169,2020,46,train,46,55
17169-2022,17169,2022,46,train,46,55
17171-2020,17171,2020,46,train,46,55
17171-2022,17171,2022,46,train,46,55
17173-2021,17173,2021,46,train,46,55
17173-2022,17173,2022,46,train,46,55
17175-2019,17175,2019,46,train,46,55
17175-2020,17175,2020,46,train,46,55
17175-2021,17175,2021,46,train,46,55
17175-2022,17175,2022,46,train,46,55
17177-2019,17177,2019,46,train,46,55
17177-2020,17177,2020,46,train,46,55
17177-2021,17177,2021,46,train,46,55
17177-2022,17177,2022,46,train,46,55
17179-2020,17179,2020,46,train,46,55
17179-2021,17179,2021,46,train,46,55
17179-2022,17179,2022,46,train,46,55
17181-2019,17181,2019,46,train,46,55
17181-2020,17181,2020,46,train,46,55
17181-2021,17181,2021,46,train,46,55
17183-2020,17183,2020,46,train,46,55
17183-2021,17183,2021,46,train,46,55
17183-2022,17183,2022,46,train,46,55
17185-2019,17185,2019,46,train,46,55
17185-2020,17185,2020,46,train,46,55
17185-2022,17185,2022,46,train,46,55
17187-2020,17187,2020,46,train,46,55
17187-2022,17187,2022,46,train,46,55
17189-2019,17189,2019,46,train,46,55
17189-2020,17189,2020,46,train,46,55
17189-2021,17189,2021,46,train,46,55
17189-2022,17189,2022,46,train,46,55
17191-2020,17191,2020,46,train,46,55
17191-2022,17191,2022,46,train,46,55
17193-2019,17193,2019,46,train,46,55
17193-2020,17193,2020,46,train,46,55
17193-2021,17193,2021,46,train,46,55
17193-2022,17193,2022,46,train,46,55
17195-2019,17195,2019,46,train,46,55
17195-2020,17195,2020,46,train,46,55
17195-2022,17195,2022,46,train,46,55
17197-2020,17197,2020,46,train,46,55
17197-2022,17197,2022,46,train,46,55
17199-2019,17199,2019,46,train,46,55
17199-2020,17199,2020,46,train,46,55
17199-2022,17199,2022,46,train,46,55
17201-2019,17201,2019,46,train,46,55
17201-2020,17201,2020,46,train,46,55
17201-2021,17201,2021,46,train,46,55
17201-2022,17201,2022,46,train,46,55
17203-2019,17203,2019,46,train,46,55
17203-2020,17203,2020,46,train,46,55
17203-2021,17203,2021,46,train,46,55
17203-2022,17203,2022,46,train,46,55
18001-2019,18001,2019,46,train,46,55
18001-2020,18001,2020,46,train,46,55
18001-2022,18001,2022,46,train,46,55
18003-2019,18003,2019,46,train,46,55
18003-2020,18003,2020,46,train,46,55
18003-2022,18003,2022,46,train,46,55
18005-2022,18005,2022,46,train,46,55
18007-2019,18007,2019,46,train,46,55
18007-2020,18007,2020,46,train,46,55
18007-2021,18007,2021,46,train,46,55
18007-2022,18007,2022,46,train,46,55
18009-2022,18009,2022,46,train,46,55
18011-2019,18011,2019,46,train,46,55
18011-2020,18011,2020,46,train,46,55
18011-2021,18011,2021,46,train,46,55
18011-2022,18011,2022,46,train,46,55
18015-2019,18015,2019,46,train,46,55
18015-2020,18015,2020,46,train,46,55
18015-2022,18015,2022,46,train,46,55
18017-2020,18017,2020,46,train,46,55
18017-2022,18017,2022,46,train,46,55
18019-2020,18019,2020,46,train,46,55
18021-2020,18021,2020,46,train,46,55
18021-2021,18021,2021,46,train,46,55
18021-2022,18021,2022,46,train,46,55
18023-2020,18023,2020,46,train,46,55
18023-2021,18023,2021,46,train,46,55
18023-2022,18023,2022,46,train,46,55
18027-2019,18027,2019,46,train,46,55
18027-2020,18027,2020,46,train,46,55
18027-2021,18027,2021,46,train,46,55
18027-2022,18027,2022,46,train,46,55
18029-2019,18029,2019,46,train,46,55
18029-2020,18029,2020,46,train,46,55
18029-2022,18029,2022,46,train,46,55
18031-2019,18031,2019,46,train,46,55
18031-2020,18031,2020,46,train,46,55
18031-2022,18031,2022,46,train,46,55
18035-2022,18035,2022,46,train,46,55
18037-2022,18037,2022,46,train,46,55
18039-2019,18039,2019,46,train,46,55
18039-2020,18039,2020,46,train,46,55
18039-2021,18039,2021,46,train,46,55
18039-2022,18039,2022,46,train,46,55
18041-2019,18041,2019,46,train,46,55
18041-2020,18041,2020,46,train,46,55
18041-2021,18041,2021,46,train,46,55
18041-2022,18041,2022,46,train,46,55
18045-2020,18045,2020,46,train,46,55
18045-2022,18045,2022,46,train,46,55
18047-2019,18047,2019,46,train,46,55
18047-2020,18047,2020,46,train,46,55
18047-2022,18047,2022,46,train,46,55
18049-2019,18049,2019,46,train,46,55
18049-2020,18049,2020,46,train,46,55
18049-2021,18049,2021,46,train,46,55
18051-2019,18051,2019,46,train,46,55
18051-2020,18051,2020,46,train,46,55
18051-2022,18051,2022,46,train,46,55
18053-2020,18053,2020,46,train,46,55
18053-2022,18053,2022,46,train,46,55
18055-2019,18055,2019,46,train,46,55
18055-2020,18055,2020,46,train,46,55
18055-2021,18055,2021,46,train,46,55
18057-2022,18057,2022,46,train,46,55
18059-2020,18059,2020,46,train,46,55
18059-2022,18059,2022,46,train,46,55
18063-2019,18063,2019,46,train,46,55
18063-2020,18063,2020,46,train,46,55
18063-2021,18063,2021,46,train,46,55
18063-2022,18063,2022,46,train,46,55
18065-2022,18065,2022,46,train,46,55
18067-2020,18067,2020,46,train,46,55
18067-2022,18067,2022,46,train,46,55
18069-2022,18069,2022,46,train,46,55
18071-2022,18071,2022,46,train,46,55
18073-2020,18073,2020,46,train,46,55
18073-2022,18073,2022,46,train,46,55
18075-2019,18075,2019,46,train,46,55
18075-2020,18075,2020,46,train,46,55
18075-2022,18075,2022,46,train,46,55
18077-2019,18077,2019,46,train,46,55
18077-2020,18077,2020,46,train,46,55
18077-2022,18077,2022,46,train,46,55
18079-2022,18079,2022,46,train,46,55
18081-2022,18081,2022,46,train,46,55
18083-2020,18083,2020,46,train,46,55
18083-2022,18083,2022,46,train,46,55
18085-2022,18085,2022,46,train,46,55
18089-2020,18089,2020,46,train,46,55
18089-2022,18089,2022,46,train,46,55
18093-2022,18093,2022,46,train,46,55
18095-2022,18095,2022,46,train,46,55
18097-2020,18097,2020,46,train,46,55
18099-2019,18099,2019,46,train,46,55
18099-2020,18099,2020,46,train,46,55
18099-2021,18099,2021,46,train,46,55
18099-2022,18099,2022,46,train,46,55
18101-2022,18101,2022,46,train,46,55
18103-2020,18103,2020,46,train,46,55
18103-2022,18103,2022,46,train,46,55
18105-2022,18105,2022,46,train,46,55
18107-2019,18107,2019,46,train,46,55
18107-2020,18107,2020,46,train,46,55
18107-2021,18107,2021,46,train,46,55
18109-2022,18109,2022,46,train,46,55
18111-2019,18111,2019,46,train,46,55
18111-2020,18111,2020,46,train,46,55
18111-2021,18111,2021,46,train,46,55
18111-2022,18111,2022,46,train,46,55
18113-2020,18113,2020,46,train,46,55
18113-2022,18113,2022,46,train,46,55
18115-2019,18115,2019,46,train,46,55
18115-2020,18115,2020,46,train,46,55
18119-2020,18119,2020,46,train,46,55
18119-2021,18119,2021,46,train,46,55
18119-2022,18119,2022,46,train,46,55
18121-2019,18121,2019,46,train,46,55
18121-2020,18121,2020,46,train,46,55
18121-2022,18121,2022,46,train,46,55
18123-2022,18123,2022,46,train,46,55
18125-2020,18125,2020,46,train,46,55
18125-2022,18125,2022,46,train,46,55
18127-2019,18127,2019,46,train,46,55
18127-2020,18127,2020,46,train,46,55
18127-2021,18127,2021,46,train,46,55
18127-2022,18127,2022,46,train,46,55
18129-2019,18129,2019,46,train,46,55
18129-2020,18129,2020,46,train,46,55
18129-2021,18129,2021,46,train,46,55
18129-2022,18129,2022,46,train,46,55
18131-2019,18131,2019,46,train,46,55
18131-2020,18131,2020,46,train,46,55
18131-2022,18131,2022,46,train,46,55
18133-2019,18133,2019,46,train,46,55
18133-2020,18133,2020,46,train,46,55
18133-2021,18133,2021,46,train,46,55
18133-2022,18133,2022,46,train,46,55
18135-2019,18135,2019,46,train,46,55
18135-2020,18135,2020,46,train,46,55
18135-2022,18135,2022,46,train,46,55
18137-2020,18137,2020,46,train,46,55
18137-2022,18137,2022,46,train,46,55
18139-2022,18139,2022,46,train,46,55
18141-2019,18141,2019,46,train,46,55
18141-2020,18141,2020,46,train,46,55
18141-2021,18141,2021,46,train,46,55
18141-2022,18141,2022,46,train,46,55
18143-2022,18143,2022,46,train,46,55
18145-2020,18145,2020,46,train,46,55
18145-2022,18145,2022,46,train,46,55
18147-2020,18147,2020,46,train,46,55
18149-2019,18149,2019,46,train,46,55
18149-2020,18149,2020,46,train,46,55
18149-2022,18149,2022,46,train,46,55
18151-2020,18151,2020,46,train,46,55
18151-2022,18151,2022,46,train,46,55
18153-2019,18153,2019,46,train,46,55
18153-2020,18153,2020,46,train,46,55
18153-2022,18153,2022,46,train,46,55
18155-2019,18155,2019,46,train,46,55
18155-2020,18155,2020,46,train,46,55
18157-2019,18157,2019,46,train,46,55
18157-2020,18157,2020,46,train,46,55
18157-2021,18157,2021,46,train,46,55
18157-2022,18157,2022,46,train,46,55
18159-2022,18159,2022,46,train,46,55
18161-2019,18161,2019,46,train,46,55
18161-2020,18161,2020,46,train,46,55
18161-2021,18161,2021,46,train,46,55
18161-2022,18161,2022,46,train,46,55
18163-2019,18163,2019,46,train,46,55
18163-2020,18163,2020,46,train,46,55
18163-2021,18163,2021,46,train,46,55
18163-2022,18163,2022,46,train,46,55
18165-2019,18165,2019,46,train,46,55
18165-2020,18165,2020,46,train,46,55
18165-2021,18165,2021,46,train,46,55
18165-2022,18165,2022,46,train,46,55
18167-2019,18167,2019,46,train,46,55
18167-2020,18167,2020,46,train,46,55
18167-2022,18167,2022,46,train,46,55
18169-2022,18169,2022,46,train,46,55
18171-2019,18171,2019,46,train,46,55
18171-2020,18171,2020,46,train,46,55
18171-2021,18171,2021,46,train,46,55
18173-2019,18173,2019,46,train,46,55
18173-2020,18173,2020,46,train,46,55
18173-2022,18173,2022,46,train,46,55
18177-2019,18177,2019,46,train,46,55
18177-2020,18177,2020,46,train,46,55
18177-2021,18177,2021,46,train,46,55
18177-2022,18177,2022,46,train,46,55
18179-2022,18179,2022,46,train,46,55
18181-2019,18181,2019,46,train,46,55
18181-2020,18181,2020,46,train,46,55
18181-2022,18181,2022,46,train,46,55
18183-2022,18183,2022,46,train,46,55
19001-2019,19001,2019,46,train,46,55
19001-2020,19001,2020,46,train,46,55
19001-2022,19001,2022,46,train,46,55
19003-2020,19003,2020,46,train,46,55
19005-2019,19005,2019,46,train,46,55
19005-2020,19005,2020,46,train,46,55
19005-2021,19005,2021,46,train,46,55
19005-2022,19005,2022,46,train,46,55
19007-2020,19007,2020,46,train,46,55
19007-2021,19007,2021,46,train,46,55
19007-2022,19007,2022,46,train,46,55
19009-2019,19009,2019,46,train,46,55
19009-2020,19009,2020,46,train,46,55
19009-2021,19009,2021,46,train,46,55
19009-2022,19009,2022,46,train,46,55
19011-2019,19011,2019,46,train,46,55
19011-2020,19011,2020,46,train,46,55
19011-2021,19011,2021,46,train,46,55
19011-2022,19011,2022,46,train,46,55
19013-2020,19013,2020,46,train,46,55
19013-2022,19013,2022,46,train,46,55
19015-2019,19015,2019,46,train,46,55
19015-2020,19015,2020,46,train,46,55
19015-2021,19015,2021,46,train,46,55
19015-2022,19015,2022,46,train,46,55
19017-2022,19017,2022,46,train,46,55
19019-2019,19019,2019,46,train,46,55
19019-2020,19019,2020,46,train,46,55
19019-2021,19019,2021,46,train,46,55
19019-2022,19019,2022,46,train,46,55
19021-2019,19021,2019,46,train,46,55
19021-2020,19021,2020,46,train,46,55
19021-2022,19021,2022,46,train,46,55
19023-2021,19023,2021,46,train,46,55
19023-2022,19023,2022,46,train,46,55
19025-2019,19025,2019,46,train,46,55
19025-2020,19025,2020,46,train,46,55
19025-2021,19025,2021,46,train,46,55
19025-2022,19025,2022,46,train,46,55
19027-2020,19027,2020,46,train,46,55
19027-2022,19027,2022,46,train,46,55
19029-2019,19029,2019,46,train,46,55
19029-2020,19029,2020,46,train,46,55
19029-2021,19029,2021,46,train,46,55
19029-2022,19029,2022,46,train,46,55
19031-2020,19031,2020,46,train,46,55
19031-2022,19031,2022,46,train,46,55
19033-2019,19033,2019,46,train,46,55
19033-2020,19033,2020,46,train,46,55
19033-2021,19033,2021,46,train,46,55
19033-2022,19033,2022,46,train,46,55
19035-2019,19035,2019,46,train,46,55
19035-2020,19035,2020,46,train,46,55
19035-2022,19035,2022,46,train,46,55
19037-2022,19037,2022,46,train,46,55
19039-2020,19039,2020,46,train,46,55
19041-2019,19041,2019,46,train,46,55
19041-2020,19041,2020,46,train,46,55
19041-2022,19041,2022,46,train,46,55
19043-2020,19043,2020,46,train,46,55
19043-2021,19043,2021,46,train,46,55
19043-2022,19043,2022,46,train,46,55
19045-2020,19045,2020,46,train,46,55
19045-2022,19045,2022,46,train,46,55
19047-2019,19047,2019,46,train,46,55
19047-2020,19047,2020,46,train,46,55
19047-2022,19047,2022,46,train,46,55
19049-2019,19049,2019,46,train,46,55
19049-2020,19049,2020,46,train,46,55
19049-2021,19049,2021,46,train,46,55
19049-2022,19049,2022,46,train,46,55
19051-2019,19051,2019,46,train,46,55
19051-2020,19051,2020,46,train,46,55
19051-2021,19051,2021,46,train,46,55
19051-2022,19051,2022,46,train,46,55
19053-2020,19053,2020,46,train,46,55
19053-2022,19053,2022,46,train,46,55
19055-2020,19055,2020,46,train,46,55
19055-2021,19055,2021,46,train,46,55
19055-2022,19055,2022,46,train,46,55
19057-2019,19057,2019,46,train,46,55
19057-2020,19057,2020,46,train,46,55
19057-2022,19057,2022,46,train,46,55
19059-2019,19059,2019,46,train,46,55
19059-2020,19059,2020,46,train,46,55
19059-2021,19059,2021,46,train,46,55
19059-2022,19059,2022,46,train,46,55
19061-2020,19061,2020,46,train,46,55
19061-2021,19061,2021,46,train,46,55
19061-2022,19061,2022,46,train,46,55
19063-2022,19063,2022,46,train,46,55
19065-2020,19065,2020,46,train,46,55
19065-2021,19065,2021,46,train,46,55
19065-2022,19065,2022,46,train,46,55
19067-2019,19067,2019,46,train,46,55
19067-2020,19067,2020,46,train,46,55
19067-2021,19067,2021,46,train,46,55
19067-2022,19067,2022,46,train,46,55
19069-2019,19069,2019,46,train,46,55
19069-2020,19069,2020,46,train,46,55
19069-2021,19069,2021,46,train,46,55
19069-2022,19069,2022,46,train,46,55
19071-2020,19071,2020,46,train,46,55
19071-2022,19071,2022,46,train,46,55
19073-2019,19073,2019,46,train,46,55
19073-2020,19073,2020,46,train,46,55
19073-2021,19073,2021,46,train,46,55
19073-2022,19073,2022,46,train,46,55
19075-2020,19075,2020,46,train,46,55
19075-2021,19075,2021,46,train,46,55
19075-2022,19075,2022,46,train,46,55
19077-2019,19077,2019,46,train,46,55
19077-2020,19077,2020,46,train,46,55
19077-2021,19077,2021,46,train,46,55
19077-2022,19077,2022,46,train,46,55
19079-2019,19079,2019,46,train,46,55
19079-2020,19079,2020,46,train,46,55
19079-2022,19079,2022,46,train,46,55
19081-2019,19081,2019,46,train,46,55
19081-2020,19081,2020,46,train,46,55
19081-2021,19081,2021,46,train,46,55
19081-2022,19081,2022,46,train,46,55
19083-2019,19083,2019,46,train,46,55
19083-2020,19083,2020,46,train,46,55
19083-2021,19083,2021,46,train,46,55
19083-2022,19083,2022,46,train,46,55
19085-2020,19085,2020,46,train,46,55
19085-2022,19085,2022,46,train,46,55
19087-2019,19087,2019,46,train,46,55
19087-2020,19087,2020,46,train,46,55
19087-2021,19087,2021,46,train,46,55
19087-2022,19087,2022,46,train,46,55
19089-2020,19089,2020,46,train,46,55
19089-2022,19089,2022,46,train,46,55
19091-2019,19091,2019,46,train,46,55
19091-2020,19091,2020,46,train,46,55
19091-2021,19091,2021,46,train,46,55
19091-2022,19091,2022,46,train,46,55
19093-2020,19093,2020,46,train,46,55
19093-2021,19093,2021,46,train,46,55
19093-2022,19093,2022,46,train,46,55
19095-2019,19095,2019,46,train,46,55
19095-2020,19095,2020,46,train,46,55
19095-2022,19095,2022,46,train,46,55
19097-2020,19097,2020,46,train,46,55
19097-2021,19097,2021,46,train,46,55
19097-2022,19097,2022,46,train,46,55
19099-2021,19099,2021,46,train,46,55
19099-2022,19099,2022,46,train,46,55
19101-2019,19101,2019,46,train,46,55
19101-2020,19101,2020,46,train,46,55
19101-2021,19101,2021,46,train,46,55
19101-2022,19101,2022,46,train,46,55
19103-2019,19103,2019,46,train,46,55
19103-2020,19103,2020,46,train,46,55
19103-2022,19103,2022,46,train,46,55
19105-2020,19105,2020,46,train,46,55
19105-2022,19105,2022,46,train,46,55
19107-2019,19107,2019,46,train,46,55
19107-2020,19107,2020,46,train,46,55
19107-2021,19107,2021,46,train,46,55
19107-2022,19107,2022,46,train,46,55
19109-2019,19109,2019,46,train,46,55
19109-2020,19109,2020,46,train,46,55
19109-2021,19109,2021,46,train,46,55
19109-2022,19109,2022,46,train,46,55
19111-2019,19111,2019,46,train,46,55
19111-2020,19111,2020,46,train,46,55
19111-2021,19111,2021,46,train,46,55
19111-2022,19111,2022,46,train,46,55
19113-2019,19113,2019,46,train,46,55
19113-2020,19113,2020,46,train,46,55
19113-2022,19113,2022,46,train,46,55
19115-2019,19115,2019,46,train,46,55
19115-2020,19115,2020,46,train,46,55
19115-2022,19115,2022,46,train,46,55
19117-2021,19117,2021,46,train,46,55
19117-2022,19117,2022,46,train,46,55
19119-2019,19119,2019,46,train,46,55
19119-2020,19119,2020,46,train,46,55
19119-2021,19119,2021,46,train,46,55
19119-2022,19119,2022,46,train,46,55
19121-2019,19121,2019,46,train,46,55
19121-2020,19121,2020,46,train,46,55
19121-2021,19121,2021,46,train,46,55
19121-2022,19121,2022,46,train,46,55
19123-2021,19123,2021,46,train,46,55
19123-2022,19123,2022,46,train,46,55
19125-2021,19125,2021,46,train,46,55
19125-2022,19125,2022,46,train,46,55
19127-2021,19127,2021,46,train,46,55
19127-2022,19127,2022,46,train,46,55
19129-2020,19129,2020,46,train,46,55
19129-2022,19129,2022,46,train,46,55
19131-2019,19131,2019,46,train,46,55
19131-2020,19131,2020,46,train,46,55
19131-2021,19131,2021,46,train,46,55
19131-2022,19131,2022,46,train,46,55
19133-2019,19133,2019,46,train,46,55
19133-2022,19133,2022,46,train,46,55
19135-2021,19135,2021,46,train,46,55
19135-2022,19135,2022,46,train,46,55
19137-2020,19137,2020,46,train,46,55
19137-2022,19137,2022,46,train,46,55
19139-2020,19139,2020,46,train,46,55
19139-2022,19139,2022,46,train,46,55
19143-2019,19143,2019,46,train,46,55
19143-2020,19143,2020,46,train,46,55
19143-2021,19143,2021,46,train,46,55
19143-2022,19143,2022,46,train,46,55
19145-2019,19145,2019,46,train,46,55
19145-2020,19145,2020,46,train,46,55
19145-2021,19145,2021,46,train,46,55
19145-2022,19145,2022,46,train,46,55
19147-2019,19147,2019,46,train,46,55
19147-2022,19147,2022,46,train,46,55
19149-2019,19149,2019,46,train,46,55
19149-2021,19149,2021,46,train,46,55
19149-2022,19149,2022,46,train,46,55
19151-2022,19151,2022,46,train,46,55
19153-2019,19153,2019,46,train,46,55
19153-2020,19153,2020,46,train,46,55
19153-2021,19153,2021,46,train,46,55
19153-2022,19153,2022,46,train,46,55
19155-2020,19155,2020,46,train,46,55
19155-2022,19155,2022,46,train,46,55
19157-2021,19157,2021,46,train,46,55
19157-2022,19157,2022,46,train,46,55
19159-2020,19159,2020,46,train,46,55
19159-2021,19159,2021,46,train,46,55
19159-2022,19159,2022,46,train,46,55
19161-2019,19161,2019,46,train,46,55
19161-2020,19161,2020,46,train,46,55
19161-2022,19161,2022,46,train,46,55
19163-2020,19163,2020,46,train,46,55
19163-2022,19163,2022,46,train,46,55
19165-2019,19165,2019,46,train,46,55
19165-2020,19165,2020,46,train,46,55
19165-2022,19165,2022,46,train,46,55
19167-2019,19167,2019,46,train,46,55
19167-2020,19167,2020,46,train,46,55
19167-2021,19167,2021,46,train,46,55
19167-2022,19167,2022,46,train,46,55
19169-2019,19169,2019,46,train,46,55
19169-2020,19169,2020,46,train,46,55
19169-2021,19169,2021,46,train,46,55
19169-2022,19169,2022,46,train,46,55
19171-2022,19171,2022,46,train,46,55
19173-2020,19173,2020,46,train,46,55
19173-2021,19173,2021,46,train,46,55
19173-2022,19173,2022,46,train,46,55
19175-2020,19175,2020,46,train,46,55
19175-2021,19175,2021,46,train,46,55
19175-2022,19175,2022,46,train,46,55
19177-2019,19177,2019,46,train,46,55
19177-2020,19177,2020,46,train,46,55
19177-2021,19177,2021,46,train,46,55
19177-2022,19177,2022,46,train,46,55
19179-2019,19179,2019,46,train,46,55
19179-2020,19179,2020,46,train,46,55
19179-2021,19179,2021,46,train,46,55
19179-2022,19179,2022,46,train,46,55
19181-2020,19181,2020,46,train,46,55
19181-2022,19181,2022,46,train,46,55
19183-2019,19183,2019,46,train,46,55
19183-2020,19183,2020,46,train,46,55
19183-2022,19183,2022,46,train,46,55
19185-2021,19185,2021,46,train,46,55
19187-2019,19187,2019,46,train,46,55
19187-2020,19187,2020,46,train,46,55
19187-2021,19187,2021,46,train,46,55
19187-2022,19187,2022,46,train,46,55
19189-2019,19189,2019,46,train,46,55
19189-2020,19189,2020,46,train,46,55
19189-2021,19189,2021,46,train,46,55
19189-2022,19189,2022,46,train,46,55
19191-2019,19191,2019,46,train,46,55
19191-2020,19191,2020,46,train,46,55
19191-2021,19191,2021,46,train,46,55
19191-2022,19191,2022,46,train,46,55
19193-2019,19193,2019,46,train,46,55
19193-2020,19193,2020,46,train,46,55
19193-2021,19193,2021,46,train,46,55
19193-2022,19193,2022,46,train,46,55
19195-2019,19195,2019,46,train,46,55
19195-2020,19195,2020,46,train,46,55
19195-2021,19195,2021,46,train,46,55
19195-2022,19195,2022,46,train,46,55
19197-2019,19197,2019,46,train,46,55
19197-2020,19197,2020,46,train,46,55
19197-2021,19197,2021,46,train,46,55
19197-2022,19197,2022,46,train,46,55
20001-2020,20001,2020,46,train,46,55
20001-2021,20001,2021,46,train,46,55
20003-2019,20003,2019,46,train,46,55
20003-2020,20003,2020,46,train,46,55
20003-2021,20003,2021,46,train,46,55
20005-2020,20005,2020,46,train,46,55
20005-2021,20005,2021,46,train,46,55
20005-2022,20005,2022,46,train,46,55
20009-2020,20009,2020,46,train,46,55
20011-2020,20011,2020,46,train,46,55
20011-2021,20011,2021,46,train,46,55
20013-2019,20013,2019,46,train,46,55
20013-2020,20013,2020,46,train,46,55
20013-2022,20013,2022,46,train,46,55
20015-2020,20015,2020,46,train,46,55
20015-2021,20015,2021,46,train,46,55
20017-2020,20017,2020,46,train,46,55
20017-2021,20017,2021,46,train,46,55
20021-2019,20021,2019,46,train,46,55
20023-2020,20023,2020,46,train,46,55
20023-2021,20023,2021,46,train,46,55
20027-2019,20027,2019,46,train,46,55
20027-2020,20027,2020,46,train,46,55
20027-2022,20027,2022,46,train,46,55
20029-2020,20029,2020,46,train,46,55
20029-2021,20029,2021,46,train,46,55
20029-2022,20029,2022,46,train,46,55
20031-2019,20031,2019,46,train,46,55
20031-2020,20031,2020,46,train,46,55
20035-2019,20035,2019,46,train,46,55
20035-2020,20035,2020,46,train,46,55
20035-2021,20035,2021,46,train,46,55
20037-2020,20037,2020,46,train,46,55
20037-2021,20037,2021,46,train,46,55
20039-2020,20039,2020,46,train,46,55
20041-2020,20041,2020,46,train,46,55
20041-2021,20041,2021,46,train,46,55
20043-2020,20043,2020,46,train,46,55
20043-2021,20043,2021,46,train,46,55
20043-2022,20043,2022,46,train,46,55
20045-2019,20045,2019,46,train,46,55
20045-2020,20045,2020,46,train,46,55
20045-2021,20045,2021,46,train,46,55
20047-2019,20047,2019,46,train,46,55
20047-2020,20047,2020,46,train,46,55
20049-2019,20049,2019,46,train,46,55
20053-2019,20053,2019,46,train,46,55
20053-2020,20053,2020,46,train,46,55
20053-2021,20053,2021,46,train,46,55
20055-2019,20055,2019,46,train,46,55
20055-2020,20055,2020,46,train,46,55
20057-2019,20057,2019,46,train,46,55
20057-2020,20057,2020,46,train,46,55
20057-2021,20057,2021,46,train,46,55
20059-2019,20059,2019,46,train,46,55
20059-2020,20059,2020,46,train,46,55
20061-2020,20061,2020,46,train,46,55
20063-2020,20063,2020,46,train,46,55
20063-2021,20063,2021,46,train,46,55
20065-2020,20065,2020,46,train,46,55
20065-2021,20065,2021,46,train,46,55
20067-2019,20067,2019,46,train,46,55
20067-2020,20067,2020,46,train,46,55
20067-2021,20067,2021,46,train,46,55
20069-2020,20069,2020,46,train,46,55
20069-2021,20069,2021,46,train,46,55
20071-2019,20071,2019,46,train,46,55
20071-2020,20071,2020,46,train,46,55
20071-2021,20071,2021,46,train,46,55
20075-2019,20075,2019,46,train,46,55
20079-2019,20079,2019,46,train,46,55
20079-2020,20079,2020,46,train,46,55
20079-2021,20079,2021,46,train,46,55
20081-2019,20081,2019,46,train,46,55
20081-2020,20081,2020,46,train,46,55
20081-2021,20081,2021,46,train,46,55
20083-2020,20083,2020,46,train,46,55
20085-2019,20085,2019,46,train,46,55
20085-2020,20085,2020,46,train,46,55
20087-2019,20087,2019,46,train,46,55
20087-2020,20087,2020,46,train,46,55
20087-2021,20087,2021,46,train,46,55
20089-2020,20089,2020,46,train,46,55
20095-2019,20095,2019,46,train,46,55
20095-2020,20095,2020,46,train,46,55
20095-2021,20095,2021,46,train,46,55
20097-2020,20097,2020,46,train,46,55
20099-2020,20099,2020,46,train,46,55
20099-2021,20099,2021,46,train,46,55
20101-2020,20101,2020,46,train,46,55
20101-2021,20101,2021,46,train,46,55
20103-2019,20103,2019,46,train,46,55
20103-2020,20103,2020,46,train,46,55
20103-2021,20103,2021,46,train,46,55
20105-2019,20105,2019,46,train,46,55
20107-2020,20107,2020,46,train,46,55
20109-2020,20109,2020,46,train,46,55
20109-2021,20109,2021,46,train,46,55
20111-2019,20111,2019,46,train,46,55
20115-2019,20115,2019,46,train,46,55
20115-2020,20115,2020,46,train,46,55
20115-2021,20115,2021,46,train,46,55
20117-2019,20117,2019,46,train,46,55
20117-2022,20117,2022,46,train,46,55
20119-2020,20119,2020,46,train,46,55
20119-2021,20119,2021,46,train,46,55
20121-2019,20121,2019,46,train,46,55
20121-2020,20121,2020,46,train,46,55
20123-2019,20123,2019,46,train,46,55
20123-2020,20123,2020,46,train,46,55
20123-2021,20123,2021,46,train,46,55
20125-2019,20125,2019,46,train,46,55
20125-2020,20125,2020,46,train,46,55
20127-2019,20127,2019,46,train,46,55
20127-2020,20127,2020,46,train,46,55
20127-2021,20127,2021,46,train,46,55
20129-2019,20129,2019,46,train,46,55
20129-2020,20129,2020,46,train,46,55
20129-2021,20129,2021,46,train,46,55
20131-2020,20131,2020,46,train,46,55
20133-2019,20133,2019,46,train,46,55
20133-2020,20133,2020,46,train,46,55
20133-2021,20133,2021,46,train,46,55
20135-2019,20135,2019,46,train,46,55
20135-2020,20135,2020,46,train,46,55
20135-2021,20135,2021,46,train,46,55
20137-2020,20137,2020,46,train,46,55
20137-2021,20137,2021,46,train,46,55
20137-2022,20137,2022,46,train,46,55
20139-2019,20139,2019,46,train,46,55
20139-2020,20139,2020,46,train,46,55
20141-2020,20141,2020,46,train,46,55
20143-2020,20143,2020,46,train,46,55
20145-2020,20145,2020,46,train,46,55
20147-2020,20147,2020,46,train,46,55
20147-2021,20147,2021,46,train,46,55
20147-2022,20147,2022,46,train,46,55
20149-2019,20149,2019,46,train,46,55
20151-2020,20151,2020,46,train,46,55
20153-2019,20153,2019,46,train,46,55
20153-2020,20153,2020,46,train,46,55
20153-2021,20153,2021,46,train,46,55
20155-2019,20155,2019,46,train,46,55
20155-2020,20155,2020,46,train,46,55
20155-2021,20155,2021,46,train,46,55
20157-2020,20157,2020,46,train,46,55
20157-2021,20157,2021,46,train,46,55
20157-2022,20157,2022,46,train,46,55
20159-2020,20159,2020,46,train,46,55
20161-2019,20161,2019,46,train,46,55
20161-2020,20161,2020,46,train,46,55
20161-2022,20161,2022,46,train,46,55
20163-2019,20163,2019,46,train,46,55
20163-2020,20163,2020,46,train,46,55
20169-2020,20169,2020,46,train,46,55
20169-2021,20169,2021,46,train,46,55
20171-2019,20171,2019,46,train,46,55
20171-2020,20171,2020,46,train,46,55
20173-2019,20173,2019,46,train,46,55
20173-2020,20173,2020,46,train,46,55
20175-2020,20175,2020,46,train,46,55
20175-2021,20175,2021,46,train,46,55
20177-2019,20177,2019,46,train,46,55
20177-2020,20177,2020,46,train,46,55
20177-2021,20177,2021,46,train,46,55
20179-2021,20179,2021,46,train,46,55
20181-2019,20181,2019,46,train,46,55
20181-2020,20181,2020,46,train,46,55
20181-2021,20181,2021,46,train,46,55
20183-2020,20183,2020,46,train,46,55
20183-2021,20183,2021,46,train,46,55
20183-2022,20183,2022,46,train,46,55
20185-2020,20185,2020,46,train,46,55
20187-2019,20187,2019,46,train,46,55
20187-2020,20187,2020,46,train,46,55
20189-2020,20189,2020,46,train,46,55
20189-2021,20189,2021,46,train,46,55
20191-2019,20191,2019,46,train,46,55
20191-2020,20191,2020,46,train,46,55
20191-2021,20191,2021,46,train,46,55
20193-2020,20193,2020,46,train,46,55
20195-2020,20195,2020,46,train,46,55
20195-2021,20195,2021,46,train,46,55
20197-2019,20197,2019,46,train,46,55
20201-2020,20201,2020,46,train,46,55
20201-2022,20201,2022,46,train,46,55
20203-2019,20203,2019,46,train,46,55
20203-2020,20203,2020,46,train,46,55
20203-2021,20203,2021,46,train,46,55
20205-2019,20205,2019,46,train,46,55
20205-2020,20205,2020,46,train,46,55
20207-2020,20207,2020,46,train,46,55
21001-2019,21001,2019,46,train,46,55
21001-2020,21001,2020,46,train,46,55
21007-2020,21007,2020,46,train,46,55
21007-2021,21007,2021,46,train,46,55
21009-2020,21009,2020,46,train,46,55
21031-2020,21031,2020,46,train,46,55
21033-2019,21033,2019,46,train,46,55
21033-2020,21033,2020,46,train,46,55
21033-2021,21033,2021,46,train,46,55
21035-2020,21035,2020,46,train,46,55
21035-2021,21035,2021,46,train,46,55
21039-2020,21039,2020,46,train,46,55
21039-2021,21039,2021,46,train,46,55
21047-2019,21047,2019,46,train,46,55
21047-2020,21047,2020,46,train,46,55
21047-2021,21047,2021,46,train,46,55
21055-2020,21055,2020,46,train,46,55
21055-2021,21055,2021,46,train,46,55
21059-2020,21059,2020,46,train,46,55
21059-2022,21059,2022,46,train,46,55
21075-2019,21075,2019,46,train,46,55
21075-2020,21075,2020,46,train,46,55
21075-2021,21075,2021,46,train,46,55
21083-2020,21083,2020,46,train,46,55
21091-2020,21091,2020,46,train,46,55
21093-2019,21093,2019,46,train,46,55
21093-2020,21093,2020,46,train,46,55
21099-2020,21099,2020,46,train,46,55
21101-2019,21101,2019,46,train,46,55
21101-2020,21101,2020,46,train,46,55
21101-2022,21101,2022,46,train,46,55
21103-2020,21103,2020,46,train,46,55
21105-2019,21105,2019,46,train,46,55
21105-2020,21105,2020,46,train,46,55
21105-2021,21105,2021,46,train,46,55
21107-2020,21107,2020,46,train,46,55
21123-2020,21123,2020,46,train,46,55
21139-2019,21139,2019,46,train,46,55
21139-2020,21139,2020,46,train,46,55
21139-2021,21139,2021,46,train,46,55
21141-2020,21141,2020,46,train,46,55
21143-2019,21143,2019,46,train,46,55
21157-2019,21157,2019,46,train,46,55
21157-2020,21157,2020,46,train,46,55
21157-2021,21157,2021,46,train,46,55
21167-2021,21167,2021,46,train,46,55
21169-2020,21169,2020,46,train,46,55
21177-2020,21177,2020,46,train,46,55
21183-2020,21183,2020,46,train,46,55
21211-2020,21211,2020,46,train,46,55
21213-2020,21213,2020,46,train,46,55
21215-2020,21215,2020,46,train,46,55
21219-2020,21219,2020,46,train,46,55
21221-2019,21221,2019,46,train,46,55
21221-2020,21221,2020,46,train,46,55
21221-2021,21221,2021,46,train,46,55
21223-2020,21223,2020,46,train,46,55
21225-2019,21225,2019,46,train,46,55
21225-2020,21225,2020,46,train,46,55
21225-2021,21225,2021,46,train,46,55
21225-2022,21225,2022,46,train,46,55
21227-2020,21227,2020,46,train,46,55
21229-2020,21229,2020,46,train,46,55
21233-2019,21233,2019,46,train,46,55
21233-2020,21233,2020,46,train,46,55
21233-2021,21233,2021,46,train,46,55
26005-2019,26005,2019,46,train,46,55
26005-2020,26005,2020,46,train,46,55
26007-2019,26007,2019,46,train,46,55
26007-2021,26007,2021,46,train,46,55
26011-2019,26011,2019,46,train,46,55
26011-2020,26011,2020,46,train,46,55
26015-2020,26015,2020,46,train,46,55
26021-2020,26021,2020,46,train,46,55
26021-2022,26021,2022,46,train,46,55
26023-2020,26023,2020,46,train,46,55
26023-2022,26023,2022,46,train,46,55
26025-2020,26025,2020,46,train,46,55
26027-2019,26027,2019,46,train,46,55
26027-2020,26027,2020,46,train,46,55
26027-2022,26027,2022,46,train,46,55
26037-2020,26037,2020,46,train,46,55
26045-2020,26045,2020,46,train,46,55
26049-2019,26049,2019,46,train,46,55
26049-2020,26049,2020,46,train,46,55
26051-2020,26051,2020,46,train,46,55
26059-2019,26059,2019,46,train,46,55
26059-2020,26059,2020,46,train,46,55
26059-2022,26059,2022,46,train,46,55
26063-2020,26063,2020,46,train,46,55
26065-2019,26065,2019,46,train,46,55
26065-2020,26065,2020,46,train,46,55
26067-2020,26067,2020,46,train,46,55
26069-2019,26069,2019,46,train,46,55
26069-2020,26069,2020,46,train,46,55
26069-2021,26069,2021,46,train,46,55
26075-2019,26075,2019,46,train,46,55
26075-2020,26075,2020,46,train,46,55
26077-2019,26077,2019,46,train,46,55
26077-2020,26077,2020,46,train,46,55
26081-2019,26081,2019,46,train,46,55
26081-2020,26081,2020,46,train,46,55
26087-2019,26087,2019,46,train,46,55
26087-2020,26087,2020,46,train,46,55
26091-2019,26091,2019,46,train,46,55
26091-2020,26091,2020,46,train,46,55
26099-2020,26099,2020,46,train,46,55
26105-2019,26105,2019,46,train,46,55
26105-2020,26105,2020,46,train,46,55
26107-2020,26107,2020,46,train,46,55
26109-2019,26109,2019,46,train,46,55
26109-2020,26109,2020,46,train,46,55
26115-2019,26115,2019,46,train,46,55
26115-2020,26115,2020,46,train,46,55
26117-2020,26117,2020,46,train,46,55
26121-2020,26121,2020,46,train,46,55
26123-2019,26123,2019,46,train,46,55
26123-2020,26123,2020,46,train,46,55
26127-2019,26127,2019,46,train,46,55
26127-2020,26127,2020,46,train,46,55
26129-2020,26129,2020,46,train,46,55
26139-2020,26139,2020,46,train,46,55
26141-2019,26141,2019,46,train,46,55
26141-2021,26141,2021,46,train,46,55
26151-2019,26151,2019,46,train,46,55
26151-2020,26151,2020,46,train,46,55
26157-2019,26157,2019,46,train,46,55
26157-2020,26157,2020,46,train,46,55
26159-2020,26159,2020,46,train,46,55
26161-2019,26161,2019,46,train,46,55
26161-2020,26161,2020,46,train,46,55
26165-2020,26165,2020,46,train,46,55
27001-2020,27001,2020,46,train,46,55
27005-2019,27005,2019,46,train,46,55
27005-2020,27005,2020,46,train,46,55
27005-2021,27005,2021,46,train,46,55
27007-2020,27007,2020,46,train,46,55
27007-2021,27007,2021,46,train,46,55
27011-2020,27011,2020,46,train,46,55
27011-2021,27011,2021,46,train,46,55
27013-2019,27013,2019,46,train,46,55
27013-2020,27013,2020,46,train,46,55
27013-2021,27013,2021,46,train,46,55
27015-2019,27015,2019,46,train,46,55
27015-2020,27015,2020,46,train,46,55
27015-2021,27015,2021,46,train,46,55
27019-2020,27019,2020,46,train,46,55
27023-2019,27023,2019,46,train,46,55
27023-2021,27023,2021,46,train,46,55
27025-2019,27025,2019,46,train,46,55
27025-2020,27025,2020,46,train,46,55
27027-2021,27027,2021,46,train,46,55
27029-2019,27029,2019,46,train,46,55
27029-2020,27029,2020,46,train,46,55
27029-2021,27029,2021,46,train,46,55
27033-2019,27033,2019,46,train,46,55
27033-2020,27033,2020,46,train,46,55
27033-2021,27033,2021,46,train,46,55
27035-2020,27035,2020,46,train,46,55
27035-2021,27035,2021,46,train,46,55
27037-2020,27037,2020,46,train,46,55
27039-2020,27039,2020,46,train,46,55
27041-2020,27041,2020,46,train,46,55
27041-2021,27041,2021,46,train,46,55
27043-2020,27043,2020,46,train,46,55
27043-2021,27043,2021,46,train,46,55
27043-2022,27043,2022,46,train,46,55
27045-2020,27045,2020,46,train,46,55
27045-2022,27045,2022,46,train,46,55
27047-2020,27047,2020,46,train,46,55
27047-2021,27047,2021,46,train,46,55
27047-2022,27047,2022,46,train,46,55
27049-2020,27049,2020,46,train,46,55
27049-2021,27049,2021,46,train,46,55
27051-2019,27051,2019,46,train,46,55
27051-2020,27051,2020,46,train,46,55
27051-2021,27051,2021,46,train,46,55
27053-2019,27053,2019,46,train,46,55
27053-2020,27053,2020,46,train,46,55
27055-2019,27055,2019,46,train,46,55
27055-2020,27055,2020,46,train,46,55
27055-2021,27055,2021,46,train,46,55
27055-2022,27055,2022,46,train,46,55
27057-2020,27057,2020,46,train,46,55
27057-2021,27057,2021,46,train,46,55
27059-2019,27059,2019,46,train,46,55
27059-2020,27059,2020,46,train,46,55
27063-2019,27063,2019,46,train,46,55
27063-2020,27063,2020,46,train,46,55
27063-2021,27063,2021,46,train,46,55
27063-2022,27063,2022,46,train,46,55
27067-2020,27067,2020,46,train,46,55
27069-2019,27069,2019,46,train,46,55
27069-2020,27069,2020,46,train,46,55
27079-2020,27079,2020,46,train,46,55
27079-2021,27079,2021,46,train,46,55
27081-2019,27081,2019,46,train,46,55
27081-2020,27081,2020,46,train,46,55
27081-2021,27081,2021,46,train,46,55
27083-2019,27083,2019,46,train,46,55
27083-2020,27083,2020,46,train,46,55
27083-2021,27083,2021,46,train,46,55
27087-2020,27087,2020,46,train,46,55
27087-2021,27087,2021,46,train,46,55
27089-2019,27089,2019,46,train,46,55
27089-2020,27089,2020,46,train,46,55
27089-2021,27089,2021,46,train,46,55
27091-2022,27091,2022,46,train,46,55
27093-2019,27093,2019,46,train,46,55
27093-2020,27093,2020,46,train,46,55
27093-2021,27093,2021,46,train,46,55
27097-2019,27097,2019,46,train,46,55
27097-2020,27097,2020,46,train,46,55
27097-2021,27097,2021,46,train,46,55
27099-2020,27099,2020,46,train,46,55
27099-2022,27099,2022,46,train,46,55
27101-2019,27101,2019,46,train,46,55
27101-2020,27101,2020,46,train,46,55
27101-2021,27101,2021,46,train,46,55
27103-2019,27103,2019,46,train,46,55
27105-2019,27105,2019,46,train,46,55
27105-2020,27105,2020,46,train,46,55
27105-2021,27105,2021,46,train,46,55
27105-2022,27105,2022,46,train,46,55
27107-2020,27107,2020,46,train,46,55
27109-2020,27109,2020,46,train,46,55
27111-2019,27111,2019,46,train,46,55
27111-2020,27111,2020,46,train,46,55
27111-2021,27111,2021,46,train,46,55
27115-2019,27115,2019,46,train,46,55
27115-2020,27115,2020,46,train,46,55
27117-2021,27117,2021,46,train,46,55
27119-2020,27119,2020,46,train,46,55
27119-2021,27119,2021,46,train,46,55
27121-2019,27121,2019,46,train,46,55
27121-2020,27121,2020,46,train,46,55
27121-2021,27121,2021,46,train,46,55
27125-2020,27125,2020,46,train,46,55
27125-2021,27125,2021,46,train,46,55
27127-2019,27127,2019,46,train,46,55
27127-2020,27127,2020,46,train,46,55
27127-2021,27127,2021,46,train,46,55
27129-2019,27129,2019,46,train,46,55
27129-2020,27129,2020,46,train,46,55
27129-2021,27129,2021,46,train,46,55
27131-2020,27131,2020,46,train,46,55
27131-2021,27131,2021,46,train,46,55
27133-2019,27133,2019,46,train,46,55
27133-2020,27133,2020,46,train,46,55
27133-2021,27133,2021,46,train,46,55
27133-2022,27133,2022,46,train,46,55
27135-2019,27135,2019,46,train,46,55
27135-2020,27135,2020,46,train,46,55
27135-2021,27135,2021,46,train,46,55
27139-2020,27139,2020,46,train,46,55
27143-2019,27143,2019,46,train,46,55
27145-2019,27145,2019,46,train,46,55
27145-2020,27145,2020,46,train,46,55
27145-2021,27145,2021,46,train,46,55
27147-2020,27147,2020,46,train,46,55
27147-2021,27147,2021,46,train,46,55
27149-2019,27149,2019,46,train,46,55
27149-2020,27149,2020,46,train,46,55
27149-2021,27149,2021,46,train,46,55
27151-2019,27151,2019,46,train,46,55
27151-2020,27151,2020,46,train,46,55
27153-2019,27153,2019,46,train,46,55
27153-2020,27153,2020,46,train,46,55
27153-2021,27153,2021,46,train,46,55
27155-2020,27155,2020,46,train,46,55
27155-2021,27155,2021,46,train,46,55
27157-2020,27157,2020,46,train,46,55
27159-2019,27159,2019,46,train,46,55
27159-2020,27159,2020,46,train,46,55
27159-2021,27159,2021,46,train,46,55
27161-2020,27161,2020,46,train,46,55
27161-2021,27161,2021,46,train,46,55
27163-2019,27163,2019,46,train,46,55
27163-2020,27163,2020,46,train,46,55
27167-2020,27167,2020,46,train,46,55
27167-2021,27167,2021,46,train,46,55
27169-2019,27169,2019,46,train,46,55
27169-2020,27169,2020,46,train,46,55
27169-2021,27169,2021,46,train,46,55
27173-2019,27173,2019,46,train,46,55
27173-2020,27173,2020,46,train,46,55
29001-2019,29001,2019,46,train,46,55
29001-2020,29001,2020,46,train,46,55
29001-2021,29001,2021,46,train,46,55
29003-2020,29003,2020,46,train,46,55
29005-2020,29005,2020,46,train,46,55
29005-2022,29005,2022,46,train,46,55
29007-2020,29007,2020,46,train,46,55
29011-2019,29011,2019,46,train,46,55
29013-2019,29013,2019,46,train,46,55
29015-2020,29015,2020,46,train,46,55
29017-2019,29017,2019,46,train,46,55
29017-2020,29017,2020,46,train,46,55
29017-2021,29017,2021,46,train,46,55
29019-2020,29019,2020,46,train,46,55
29021-2020,29021,2020,46,train,46,55
29021-2021,29021,2021,46,train,46,55
29021-2022,29021,2022,46,train,46,55
29023-2019,29023,2019,46,train,46,55
29023-2020,29023,2020,46,train,46,55
29023-2021,29023,2021,46,train,46,55
29025-2021,29025,2021,46,train,46,55
29027-2020,29027,2020,46,train,46,55
29031-2020,29031,2020,46,train,46,55
29031-2021,29031,2021,46,train,46,55
29037-2020,29037,2020,46,train,46,55
29037-2021,29037,2021,46,train,46,55
29039-2019,29039,2019,46,train,46,55
29039-2021,29039,2021,46,train,46,55
29041-2020,29041,2020,46,train,46,55
29045-2020,29045,2020,46,train,46,55
29047-2020,29047,2020,46,train,46,55
29047-2021,29047,2021,46,train,46,55
29049-2019,29049,2019,46,train,46,55
29049-2020,29049,2020,46,train,46,55
29049-2021,29049,2021,46,train,46,55
29051-2020,29051,2020,46,train,46,55
29053-2020,29053,2020,46,train,46,55
29053-2021,29053,2021,46,train,46,55
29057-2019,29057,2019,46,train,46,55
29061-2020,29061,2020,46,train,46,55
29061-2021,29061,2021,46,train,46,55
29069-2019,29069,2019,46,train,46,55
29069-2020,29069,2020,46,train,46,55
29069-2021,29069,2021,46,train,46,55
29071-2020,29071,2020,46,train,46,55
29073-2020,29073,2020,46,train,46,55
29075-2020,29075,2020,46,train,46,55
29081-2020,29081,2020,46,train,46,55
29081-2021,29081,2021,46,train,46,55
29083-2021,29083,2021,46,train,46,55
29087-2020,29087,2020,46,train,46,55
29089-2020,29089,2020,46,train,46,55
29089-2021,29089,2021,46,train,46,55
29095-2019,29095,2019,46,train,46,55
29095-2020,29095,2020,46,train,46,55
29101-2021,29101,2021,46,train,46,55
29103-2020,29103,2020,46,train,46,55
29109-2020,29109,2020,46,train,46,55
29109-2021,29109,2021,46,train,46,55
29111-2020,29111,2020,46,train,46,55
29111-2022,29111,2022,46,train,46,55
29113-2020,29113,2020,46,train,46,55
29113-2022,29113,2022,46,train,46,55
29115-2020,29115,2020,46,train,46,55
29115-2021,29115,2021,46,train,46,55
29121-2020,29121,2020,46,train,46,55
29127-2019,29127,2019,46,train,46,55
29127-2020,29127,2020,46,train,46,55
29127-2021,29127,2021,46,train,46,55
29127-2022,29127,2022,46,train,46,55
29133-2019,29133,2019,46,train,46,55
29133-2020,29133,2020,46,train,46,55
29133-2021,29133,2021,46,train,46,55
29135-2020,29135,2020,46,train,46,55
29137-2020,29137,2020,46,train,46,55
29137-2021,29137,2021,46,train,46,55
29139-2020,29139,2020,46,train,46,55
29141-2019,29141,2019,46,train,46,55
29141-2020,29141,2020,46,train,46,55
29143-2019,29143,2019,46,train,46,55
29145-2019,29145,2019,46,train,46,55
29145-2020,29145,2020,46,train,46,55
29145-2021,29145,2021,46,train,46,55
29151-2020,29151,2020,46,train,46,55
29155-2020,29155,2020,46,train,46,55
29155-2021,29155,2021,46,train,46,55
29157-2020,29157,2020,46,train,46,55
29157-2021,29157,2021,46,train,46,55
29157-2022,29157,2022,46,train,46,55
29159-2020,29159,2020,46,train,46,55
29163-2020,29163,2020,46,train,46,55
29163-2022,29163,2022,46,train,46,55
29165-2019,29165,2019,46,train,46,55
29165-2020,29165,2020,46,train,46,55
29165-2021,29165,2021,46,train,46,55
29173-2019,29173,2019,46,train,46,55
29173-2020,29173,2020,46,train,46,55
29173-2022,29173,2022,46,train,46,55
29175-2020,29175,2020,46,train,46,55
29195-2020,29195,2020,46,train,46,55
29197-2022,29197,2022,46,train,46,55
29199-2020,29199,2020,46,train,46,55
29199-2022,29199,2022,46,train,46,55
29201-2019,29201,2019,46,train,46,55
29201-2020,29201,2020,46,train,46,55
29201-2021,29201,2021,46,train,46,55
29205-2020,29205,2020,46,train,46,55
29205-2021,29205,2021,46,train,46,55
29207-2019,29207,2019,46,train,46,55
29207-2020,29207,2020,46,train,46,55
29207-2021,29207,2021,46,train,46,55
29211-2020,29211,2020,46,train,46,55
29219-2020,29219,2020,46,train,46,55
29227-2020,29227,2020,46,train,46,55
29227-2021,29227,2021,46,train,46,55
29227-2022,29227,2022,46,train,46,55
31001-2019,31001,2019,46,train,46,55
31001-2020,31001,2020,46,train,46,55
31001-2022,31001,2022,46,train,46,55
31011-2019,31011,2019,46,train,46,55
31011-2022,31011,2022,46,train,46,55
31013-2019,31013,2019,46,train,46,55
31013-2020,31013,2020,46,train,46,55
31013-2021,31013,2021,46,train,46,55
31015-2020,31015,2020,46,train,46,55
31015-2022,31015,2022,46,train,46,55
31017-2020,31017,2020,46,train,46,55
31017-2021,31017,2021,46,train,46,55
31019-2019,31019,2019,46,train,46,55
31019-2020,31019,2020,46,train,46,55
31019-2022,31019,2022,46,train,46,55
31021-2019,31021,2019,46,train,46,55
31021-2022,31021,2022,46,train,46,55
31023-2019,31023,2019,46,train,46,55
31023-2020,31023,2020,46,train,46,55
31023-2022,31023,2022,46,train,46,55
31025-2019,31025,2019,46,train,46,55
31025-2020,31025,2020,46,train,46,55
31025-2022,31025,2022,46,train,46,55
31027-2021,31027,2021,46,train,46,55
31027-2022,31027,2022,46,train,46,55
31029-2019,31029,2019,46,train,46,55
31029-2020,31029,2020,46,train,46,55
31029-2021,31029,2021,46,train,46,55
31031-2021,31031,2021,46,train,46,55
31033-2020,31033,2020,46,train,46,55
31035-2019,31035,2019,46,train,46,55
31035-2020,31035,2020,46,train,46,55
31035-2022,31035,2022,46,train,46,55
31037-2019,31037,2019,46,train,46,55
31037-2020,31037,2020,46,train,46,55
31037-2022,31037,2022,46,train,46,55
31039-2022,31039,2022,46,train,46,55
31041-2019,31041,2019,46,train,46,55
31041-2020,31041,2020,46,train,46,55
31043-2020,31043,2020,46,train,46,55
31043-2021,31043,2021,46,train,46,55
31043-2022,31043,2022,46,train,46,55
31045-2020,31045,2020,46,train,46,55
31047-2019,31047,2019,46,train,46,55
31047-2020,31047,2020,46,train,46,55
31047-2022,31047,2022,46,train,46,55
31049-2019,31049,2019,46,train,46,55
31049-2020,31049,2020,46,train,46,55
31051-2020,31051,2020,46,train,46,55
31053-2019,31053,2019,46,train,46,55
31053-2020,31053,2020,46,train,46,55
31053-2022,31053,2022,46,train,46,55
31055-2019,31055,2019,46,train,46,55
31055-2020,31055,2020,46,train,46,55
31055-2022,31055,2022,46,train,46,55
31057-2020,31057,2020,46,train,46,55
31057-2021,31057,2021,46,train,46,55
31059-2019,31059,2019,46,train,46,55
31059-2020,31059,2020,46,train,46,55
31059-2022,31059,2022,46,train,46,55
31061-2019,31061,2019,46,train,46,55
31061-2020,31061,2020,46,train,46,55
31061-2021,31061,2021,46,train,46,55
31061-2022,31061,2022,46,train,46,55
31063-2019,31063,2019,46,train,46,55
31063-2020,31063,2020,46,train,46,55
31063-2021,31063,2021,46,train,46,55
31063-2022,31063,2022,46,train,46,55
31065-2019,31065,2019,46,train,46,55
31065-2020,31065,2020,46,train,46,55
31065-2021,31065,2021,46,train,46,55
31065-2022,31065,2022,46,train,46,55
31067-2019,31067,2019,46,train,46,55
31067-2020,31067,2020,46,train,46,55
31067-2022,31067,2022,46,train,46,55
31069-2020,31069,2020,46,train,46,55
31071-2019,31071,2019,46,train,46,55
31071-2020,31071,2020,46,train,46,55
31071-2021,31071,2021,46,train,46,55
31071-2022,31071,2022,46,train,46,55
31073-2020,31073,2020,46,train,46,55
31073-2021,31073,2021,46,train,46,55
31073-2022,31073,2022,46,train,46,55
31077-2019,31077,2019,46,train,46,55
31077-2020,31077,2020,46,train,46,55
31077-2021,31077,2021,46,train,46,55
31077-2022,31077,2022,46,train,46,55
31079-2019,31079,2019,46,train,46,55
31079-2022,31079,2022,46,train,46,55
31081-2019,31081,2019,46,train,46,55
31081-2022,31081,2022,46,train,46,55
31083-2019,31083,2019,46,train,46,55
31083-2020,31083,2020,46,train,46,55
31083-2021,31083,2021,46,train,46,55
31083-2022,31083,2022,46,train,46,55
31085-2019,31085,2019,46,train,46,55
31085-2020,31085,2020,46,train,46,55
31085-2021,31085,2021,46,train,46,55
31087-2020,31087,2020,46,train,46,55
31089-2019,31089,2019,46,train,46,55
31089-2020,31089,2020,46,train,46,55
31089-2022,31089,2022,46,train,46,55
31093-2019,31093,2019,46,train,46,55
31093-2020,31093,2020,46,train,46,55
31093-2021,31093,2021,46,train,46,55
31093-2022,31093,2022,46,train,46,55
31095-2019,31095,2019,46,train,46,55
31095-2020,31095,2020,46,train,46,55
31095-2022,31095,2022,46,train,46,55
31097-2020,31097,2020,46,train,46,55
31097-2022,31097,2022,46,train,46,55
31099-2019,31099,2019,46,train,46,55
31099-2020,31099,2020,46,train,46,55
31099-2022,31099,2022,46,train,46,55
31101-2020,31101,2020,46,train,46,55
31101-2021,31101,2021,46,train,46,55
31103-2020,31103,2020,46,train,46,55
31107-2020,31107,2020,46,train,46,55
31107-2021,31107,2021,46,train,46,55
31107-2022,31107,2022,46,train,46,55
31109-2019,31109,2019,46,train,46,55
31109-2020,31109,2020,46,train,46,55
31109-2022,31109,2022,46,train,46,55
31111-2019,31111,2019,46,train,46,55
31111-2020,31111,2020,46,train,46,55
31111-2021,31111,2021,46,train,46,55
31111-2022,31111,2022,46,train,46,55
31113-2019,31113,2019,46,train,46,55
31113-2020,31113,2020,46,train,46,55
31115-2020,31115,2020,46,train,46,55
31119-2022,31119,2022,46,train,46,55
31121-2019,31121,2019,46,train,46,55
31123-2019,31123,2019,46,train,46,55
31123-2020,31123,2020,46,train,46,55
31123-2021,31123,2021,46,train,46,55
31125-2019,31125,2019,46,train,46,55
31125-2020,31125,2020,46,train,46,55
31125-2022,31125,2022,46,train,46,55
31127-2020,31127,2020,46,train,46,55
31127-2022,31127,2022,46,train,46,55
31129-2020,31129,2020,46,train,46,55
31129-2022,31129,2022,46,train,46,55
31131-2019,31131,2019,46,train,46,55
31131-2020,31131,2020,46,train,46,55
31131-2022,31131,2022,46,train,46,55
31135-2019,31135,2019,46,train,46,55
31135-2020,31135,2020,46,train,46,55
31135-2021,31135,2021,46,train,46,55
31137-2019,31137,2019,46,train,46,55
31137-2020,31137,2020,46,train,46,55
31137-2021,31137,2021,46,train,46,55
31137-2022,31137,2022,46,train,46,55
31139-2020,31139,2020,46,train,46,55
31139-2021,31139,2021,46,train,46,55
31139-2022,31139,2022,46,train,46,55
31141-2019,31141,2019,46,train,46,55
31141-2020,31141,2020,46,train,46,55
31141-2021,31141,2021,46,train,46,55
31141-2022,31141,2022,46,train,46,55
31143-2020,31143,2020,46,train,46,55
31143-2022,31143,2022,46,train,46,55
31145-2019,31145,2019,46,train,46,55
31145-2020,31145,2020,46,train,46,55
31145-2021,31145,2021,46,train,46,55
31147-2020,31147,2020,46,train,46,55
31147-2022,31147,2022,46,train,46,55
31149-2019,31149,2019,46,train,46,55
31149-2020,31149,2020,46,train,46,55
31149-2021,31149,2021,46,train,46,55
31151-2019,31151,2019,46,train,46,55
31151-2020,31151,2020,46,train,46,55
31151-2022,31151,2022,46,train,46,55
31153-2020,31153,2020,46,train,46,55
31153-2022,31153,2022,46,train,46,55
31155-2019,31155,2019,46,train,46,55
31155-2020,31155,2020,46,train,46,55
31155-2022,31155,2022,46,train,46,55
31157-2019,31157,2019,46,train,46,55
31157-2020,31157,2020,46,train,46,55
31157-2021,31157,2021,46,train,46,55
31159-2019,31159,2019,46,train,46,55
31159-2020,31159,2020,46,train,46,55
31159-2022,31159,2022,46,train,46,55
31161-2020,31161,2020,46,train,46,55
31161-2021,31161,2021,46,train,46,55
31163-2019,31163,2019,46,train,46,55
31163-2020,31163,2020,46,train,46,55
31163-2021,31163,2021,46,train,46,55
31163-2022,31163,2022,46,train,46,55
31165-2019,31165,2019,46,train,46,55
31165-2020,31165,2020,46,train,46,55
31165-2021,31165,2021,46,train,46,55
31167-2019,31167,2019,46,train,46,55
31167-2022,31167,2022,46,train,46,55
31169-2019,31169,2019,46,train,46,55
31169-2020,31169,2020,46,train,46,55
31169-2021,31169,2021,46,train,46,55
31169-2022,31169,2022,46,train,46,55
31173-2019,31173,2019,46,train,46,55
31173-2022,31173,2022,46,train,46,55
31175-2019,31175,2019,46,train,46,55
31175-2020,31175,2020,46,train,46,55
31175-2021,31175,2021,46,train,46,55
31175-2022,31175,2022,46,train,46,55
31177-2019,31177,2019,46,train,46,55
31177-2020,31177,2020,46,train,46,55
31177-2022,31177,2022,46,train,46,55
31179-2019,31179,2019,46,train,46,55
31179-2021,31179,2021,46,train,46,55
31179-2022,31179,2022,46,train,46,55
31181-2020,31181,2020,46,train,46,55
31181-2022,31181,2022,46,train,46,55
31183-2020,31183,2020,46,train,46,55
31185-2019,31185,2019,46,train,46,55
31185-2020,31185,2020,46,train,46,55
31185-2022,31185,2022,46,train,46,55
38001-2020,38001,2020,46,train,46,55
38001-2021,38001,2021,46,train,46,55
38003-2020,38003,2020,46,train,46,55
38003-2021,38003,2021,46,train,46,55
38005-2020,38005,2020,46,train,46,55
38005-2021,38005,2021,46,train,46,55
38007-2020,38007,2020,46,train,46,55
38007-2021,38007,2021,46,train,46,55
38009-2020,38009,2020,46,train,46,55
38009-2021,38009,2021,46,train,46,55
38011-2020,38011,2020,46,train,46,55
38015-2019,38015,2019,46,train,46,55
38015-2020,38015,2020,46,train,46,55
38017-2019,38017,2019,46,train,46,55
38017-2020,38017,2020,46,train,46,55
38017-2021,38017,2021,46,train,46,55
38021-2020,38021,2020,46,train,46,55
38021-2021,38021,2021,46,train,46,55
38025-2020,38025,2020,46,train,46,55
38025-2021,38025,2021,46,train,46,55
38027-2020,38027,2020,46,train,46,55
38027-2021,38027,2021,46,train,46,55
38029-2020,38029,2020,46,train,46,55
38029-2021,38029,2021,46,train,46,55
38031-2020,38031,2020,46,train,46,55
38031-2021,38031,2021,46,train,46,55
38033-2021,38033,2021,46,train,46,55
38035-2019,38035,2019,46,train,46,55
38035-2020,38035,2020,46,train,46,55
38035-2021,38035,2021,46,train,46,55
38037-2020,38037,2020,46,train,46,55
38037-2021,38037,2021,46,train,46,55
38041-2019,38041,2019,46,train,46,55
38041-2020,38041,2020,46,train,46,55
38041-2021,38041,2021,46,train,46,55
38043-2019,38043,2019,46,train,46,55
38043-2020,38043,2020,46,train,46,55
38043-2021,38043,2021,46,train,46,55
38047-2020,38047,2020,46,train,46,55
38047-2021,38047,2021,46,train,46,55
38057-2020,38057,2020,46,train,46,55
38057-2021,38057,2021,46,train,46,55
38059-2020,38059,2020,46,train,46,55
38061-2019,38061,2019,46,train,46,55
38061-2020,38061,2020,46,train,46,55
38063-2020,38063,2020,46,train,46,55
38065-2020,38065,2020,46,train,46,55
38067-2020,38067,2020,46,train,46,55
38067-2021,38067,2021,46,train,46,55
38069-2020,38069,2020,46,train,46,55
38069-2021,38069,2021,46,train,46,55
38071-2020,38071,2020,46,train,46,55
38071-2021,38071,2021,46,train,46,55
38073-2020,38073,2020,46,train,46,55
38073-2021,38073,2021,46,train,46,55
38075-2020,38075,2020,46,train,46,55
38075-2021,38075,2021,46,train,46,55
38077-2019,38077,2019,46,train,46,55
38077-2020,38077,2020,46,train,46,55
38077-2021,38077,2021,46,train,46,55
38079-2021,38079,2021,46,train,46,55
38081-2019,38081,2019,46,train,46,55
38081-2020,38081,2020,46,train,46,55
38081-2021,38081,2021,46,train,46,55
38083-2019,38083,2019,46,train,46,55
38083-2020,38083,2020,46,train,46,55
38087-2019,38087,2019,46,train,46,55
38087-2020,38087,2020,46,train,46,55
38087-2021,38087,2021,46,train,46,55
38089-2020,38089,2020,46,train,46,55
38089-2021,38089,2021,46,train,46,55
38091-2019,38091,2019,46,train,46,55
38091-2020,38091,2020,46,train,46,55
38091-2021,38091,2021,46,train,46,55
38093-2019,38093,2019,46,train,46,55
38093-2020,38093,2020,46,train,46,55
38093-2021,38093,2021,46,train,46,55
38095-2020,38095,2020,46,train,46,55
38095-2021,38095,2021,46,train,46,55
38097-2020,38097,2020,46,train,46,55
38099-2020,38099,2020,46,train,46,55
38099-2021,38099,2021,46,train,46,55
38101-2019,38101,2019,46,train,46,55
38101-2020,38101,2020,46,train,46,55
38101-2021,38101,2021,46,train,46,55
38103-2020,38103,2020,46,train,46,55
38103-2021,38103,2021,46,train,46,55
38105-2021,38105,2021,46,train,46,55
39001-2020,39001,2020,46,train,46,55
39001-2022,39001,2022,46,train,46,55
39003-2020,39003,2020,46,train,46,55
39003-2022,39003,2022,46,train,46,55
39005-2019,39005,2019,46,train,46,55
39005-2020,39005,2020,46,train,46,55
39005-2021,39005,2021,46,train,46,55
39007-2019,39007,2019,46,train,46,55
39007-2021,39007,2021,46,train,46,55
39011-2019,39011,2019,46,train,46,55
39011-2020,39011,2020,46,train,46,55
39011-2021,39011,2021,46,train,46,55
39011-2022,39011,2022,46,train,46,55
39015-2022,39015,2022,46,train,46,55
39017-2020,39017,2020,46,train,46,55
39017-2022,39017,2022,46,train,46,55
39021-2019,39021,2019,46,train,46,55
39021-2020,39021,2020,46,train,46,55
39021-2022,39021,2022,46,train,46,55
39023-2022,39023,2022,46,train,46,55
39025-2022,39025,2022,46,train,46,55
39027-2022,39027,2022,46,train,46,55
39029-2019,39029,2019,46,train,46,55
39031-2019,39031,2019,46,train,46,55
39031-2020,39031,2020,46,train,46,55
39031-2021,39031,2021,46,train,46,55
39031-2022,39031,2022,46,train,46,55
39033-2022,39033,2022,46,train,46,55
39037-2019,39037,2019,46,train,46,55
39037-2020,39037,2020,46,train,46,55
39037-2021,39037,2021,46,train,46,55
39037-2022,39037,2022,46,train,46,55
39039-2019,39039,2019,46,train,46,55
39039-2020,39039,2020,46,train,46,55
39039-2022,39039,2022,46,train,46,55
39041-2022,39041,2022,46,train,46,55
39043-2020,39043,2020,46,train,46,55
39043-2022,39043,2022,46,train,46,55
39045-2019,39045,2019,46,train,46,55
39045-2020,39045,2020,46,train,46,55
39045-2022,39045,2022,46,train,46,55
39047-2020,39047,2020,46,train,46,55
39047-2022,39047,2022,46,train,46,55
39049-2022,39049,2022,46,train,46,55
39051-2019,39051,2019,46,train,46,55
39051-2020,39051,2020,46,train,46,55
39051-2022,39051,2022,46,train,46,55
39053-2019,39053,2019,46,train,46,55
39053-2020,39053,2020,46,train,46,55
39053-2021,39053,2021,46,train,46,55
39057-2022,39057,2022,46,train,46,55
39061-2020,39061,2020,46,train,46,55
39063-2020,39063,2020,46,train,46,55
39063-2022,39063,2022,46,train,46,55
39065-2019,39065,2019,46,train,46,55
39065-2020,39065,2020,46,train,46,55
39065-2021,39065,2021,46,train,46,55
39065-2022,39065,2022,46,train,46,55
39069-2020,39069,2020,46,train,46,55
39069-2022,39069,2022,46,train,46,55
39071-2022,39071,2022,46,train,46,55
39075-2019,39075,2019,46,train,46,55
39075-2020,39075,2020,46,train,46,55
39075-2021,39075,2021,46,train,46,55
39075-2022,39075,2022,46,train,46,55
39077-2022,39077,2022,46,train,46,55
39079-2022,39079,2022,46,train,46,55
39083-2019,39083,2019,46,train,46,55
39083-2020,39083,2020,46,train,46,55
39083-2021,39083,2021,46,train,46,55
39083-2022,39083,2022,46,train,46,55
39089-2020,39089,2020,46,train,46,55
39089-2021,39089,2021,46,train,46,55
39089-2022,39089,2022,46,train,46,55
39091-2019,39091,2019,46,train,46,55
39091-2020,39091,2020,46,train,46,55
39091-2021,39091,2021,46,train,46,55
39091-2022,39091,2022,46,train,46,55
39093-2020,39093,2020,46,train,46,55
39093-2021,39093,2021,46,train,46,55
39093-2022,39093,2022,46,train,46,55
39095-2019,39095,2019,46,train,46,55
39095-2020,39095,2020,46,train,46,55
39095-2022,39095,2022,46,train,46,55
39097-2020,39097,2020,46,train,46,55
39097-2022,39097,2022,46,train,46,55
39099-2019,39099,2019,46,train,46,55
39101-2019,39101,2019,46,train,46,55
39101-2020,39101,2020,46,train,46,55
39101-2022,39101,2022,46,train,46,55
39103-2019,39103,2019,46,train,46,55
39103-2020,39103,2020,46,train,46,55
39103-2021,39103,2021,46,train,46,55
39103-2022,39103,2022,46,train,46,55
39107-2019,39107,2019,46,train,46,55
39107-2020,39107,2020,46,train,46,55
39107-2021,39107,2021,46,train,46,55
39107-2022,39107,2022,46,train,46,55
39109-2019,39109,2019,46,train,46,55
39109-2020,39109,2020,46,train,46,55
39109-2022,39109,2022,46,train,46,55
39113-2019,39113,2019,46,train,46,55
39117-2022,39117,2022,46,train,46,55
39119-2019,39119,2019,46,train,46,55
39119-2020,39119,2020,46,train,46,55
39119-2021,39119,2021,46,train,46,55
39119-2022,39119,2022,46,train,46,55
39123-2020,39123,2020,46,train,46,55
39123-2022,39123,2022,46,train,46,55
39125-2020,39125,2020,46,train,46,55
39125-2022,39125,2022,46,train,46,55
39127-2020,39127,2020,46,train,46,55
39127-2021,39127,2021,46,train,46,55
39129-2019,39129,2019,46,train,46,55
39129-2020,39129,2020,46,train,46,55
39129-2021,39129,2021,46,train,46,55
39129-2022,39129,2022,46,train,46,55
39131-2019,39131,2019,46,train,46,55
39131-2021,39131,2021,46,train,46,55
39131-2022,39131,2022,46,train,46,55
39133-2019,39133,2019,46,train,46,55
39133-2021,39133,2021,46,train,46,55
39135-2019,39135,2019,46,train,46,55
39135-2020,39135,2020,46,train,46,55
39135-2021,39135,2021,46,train,46,55
39135-2022,39135,2022,46,train,46,55
39137-2019,39137,2019,46,train,46,55
39137-2020,39137,2020,46,train,46,55
39137-2022,39137,2022,46,train,46,55
39139-2019,39139,2019,46,train,46,55
39139-2020,39139,2020,46,train,46,55
39139-2022,39139,2022,46,train,46,55
39141-2019,39141,2019,46,train,46,55
39141-2021,39141,2021,46,train,46,55
39141-2022,39141,2022,46,train,46,55
39143-2019,39143,2019,46,train,46,55
39143-2020,39143,2020,46,train,46,55
39143-2022,39143,2022,46,train,46,55
39145-2019,39145,2019,46,train,46,55
39145-2020,39145,2020,46,train,46,55
39145-2021,39145,2021,46,train,46,55
39147-2019,39147,2019,46,train,46,55
39147-2020,39147,2020,46,train,46,55
39147-2022,39147,2022,46,train,46,55
39149-2019,39149,2019,46,train,46,55
39149-2020,39149,2020,46,train,46,55
39149-2022,39149,2022,46,train,46,55
39151-2019,39151,2019,46,train,46,55
39151-2020,39151,2020,46,train,46,55
39151-2021,39151,2021,46,train,46,55
39155-2019,39155,2019,46,train,46,55
39157-2019,39157,2019,46,train,46,55
39157-2020,39157,2020,46,train,46,55
39157-2021,39157,2021,46,train,46,55
39159-2019,39159,2019,46,train,46,55
39159-2022,39159,2022,46,train,46,55
39161-2019,39161,2019,46,train,46,55
39161-2020,39161,2020,46,train,46,55
39161-2022,39161,2022,46,train,46,55
39165-2019,39165,2019,46,train,46,55
39165-2020,39165,2020,46,train,46,55
39165-2022,39165,2022,46,train,46,55
39167-2019,39167,2019,46,train,46,55
39167-2020,39167,2020,46,train,46,55
39167-2021,39167,2021,46,train,46,55
39169-2019,39169,2019,46,train,46,55
39169-2020,39169,2020,46,train,46,55
39169-2021,39169,2021,46,train,46,55
39169-2022,39169,2022,46,train,46,55
39171-2019,39171,2019,46,train,46,55
39171-2020,39171,2020,46,train,46,55
39171-2022,39171,2022,46,train,46,55
39173-2020,39173,2020,46,train,46,55
39173-2022,39173,2022,46,train,46,55
39175-2019,39175,2019,46,train,46,55
39175-2020,39175,2020,46,train,46,55
39175-2022,39175,2022,46,train,46,55
46003-2020,46003,2020,46,test,46,55
46003-2021,46003,2021,46,test,46,55
46005-2020,46005,2020,46,test,46,55
46005-2021,46005,2021,46,test,46,55
46007-2020,46007,2020,46,test,46,55
46007-2021,46007,2021,46,test,46,55
46009-2020,46009,2020,46,test,46,55
46009-2021,46009,2021,46,test,46,55
46009-2022,46009,2022,46,test,46,55
46011-2020,46011,2020,46,test,46,55
46011-2021,46011,2021,46,test,46,55
46013-2020,46013,2020,46,test,46,55
46013-2021,46013,2021,46,test,46,55
46015-2020,46015,2020,46,test,46,55
46015-2021,46015,2021,46,test,46,55
46017-2020,46017,2020,46,test,46,55
46017-2021,46017,2021,46,test,46,55
46019-2020,46019,2020,46,test,46,55
46019-2021,46019,2021,46,test,46,55
46021-2020,46021,2020,46,test,46,55
46021-2021,46021,2021,46,test,46,55
46023-2020,46023,2020,46,test,46,55
46023-2021,46023,2021,46,test,46,55
46023-2022,46023,2022,46,test,46,55
46025-2020,46025,2020,46,test,46,55
46025-2021,46025,2021,46,test,46,55
46027-2020,46027,2020,46,test,46,55
46027-2021,46027,2021,46,test,46,55
46027-2022,46027,2022,46,test,46,55
46029-2020,46029,2020,46,test,46,55
46029-2021,46029,2021,46,test,46,55
46031-2020,46031,2020,46,test,46,55
46031-2021,46031,2021,46,test,46,55
46035-2020,46035,2020,46,test,46,55
46037-2020,46037,2020,46,test,46,55
46037-2021,46037,2021,46,test,46,55
46039-2020,46039,2020,46,test,46,55
46041-2020,46041,2020,46,test,46,55
46043-2020,46043,2020,46,test,46,55
46043-2021,46043,2021,46,test,46,55
46045-2019,46045,2019,46,test,46,55
46045-2020,46045,2020,46,test,46,55
46049-2020,46049,2020,46,test,46,55
46049-2021,46049,2021,46,test,46,55
46051-2020,46051,2020,46,test,46,55
46051-2021,46051,2021,46,test,46,55
46053-2020,46053,2020,46,test,46,55
46053-2021,46053,2021,46,test,46,55
46057-2020,46057,2020,46,test,46,55
46057-2021,46057,2021,46,test,46,55
46059-2020,46059,2020,46,test,46,55
46059-2021,46059,2021,46,test,46,55
46061-2020,46061,2020,46,test,46,55
46061-2021,46061,2021,46,test,46,55
46063-2021,46063,2021,46,test,46,55
46065-2020,46065,2020,46,test,46,55
46065-2021,46065,2021,46,test,46,55
46067-2020,46067,2020,46,test,46,55
46067-2021,46067,2021,46,test,46,55
46069-2020,46069,2020,46,test,46,55
46073-2020,46073,2020,46,test,46,55
46073-2021,46073,2021,46,test,46,55
46075-2020,46075,2020,46,test,46,55
46077-2020,46077,2020,46,test,46,55
46077-2021,46077,2021,46,test,46,55
46079-2020,46079,2020,46,test,46,55
46079-2021,46079,2021,46,test,46,55
46083-2019,46083,2019,46,test,46,55
46083-2020,46083,2020,46,test,46,55
46083-2021,46083,2021,46,test,46,55
46083-2022,46083,2022,46,test,46,55
46085-2019,46085,2019,46,test,46,55
46085-2020,46085,2020,46,test,46,55
46085-2021,46085,2021,46,test,46,55
46091-2020,46091,2020,46,test,46,55
46091-2021,46091,2021,46,test,46,55
46093-2021,46093,2021,46,test,46,55
46095-2020,46095,2020,46,test,46,55
46097-2020,46097,2020,46,test,46,55
46097-2021,46097,2021,46,test,46,55
46099-2019,46099,2019,46,test,46,55
46099-2020,46099,2020,46,test,46,55
46099-2022,46099,2022,46,test,46,55
46101-2020,46101,2020,46,test,46,55
46102-2020,46102,2020,46,test,46,55
46102-2021,46102,2021,46,test,46,55
46103-2021,46103,2021,46,test,46,55
46107-2020,46107,2020,46,test,46,55
46107-2021,46107,2021,46,test,46,55
46109-2020,46109,2020,46,test,46,55
46111-2020,46111,2020,46,test,46,55
46111-2021,46111,2021,46,test,46,55
46115-2020,46115,2020,46,test,46,55
46119-2020,46119,2020,46,test,46,55
46119-2021,46119,2021,46,test,46,55
46121-2021,46121,2021,46,test,46,55
46123-2020,46123,2020,46,test,46,55
46123-2021,46123,2021,46,test,46,55
46125-2020,46125,2020,46,test,46,55
46125-2021,46125,2021,46,test,46,55
46125-2022,46125,2022,46,test,46,55
46127-2019,46127,2019,46,test,46,55
46127-2020,46127,2020,46,test,46,55
46127-2022,46127,2022,46,test,46,55
46129-2020,46129,2020,46,test,46,55
46129-2021,46129,2021,46,test,46,55
46135-2021,46135,2021,46,test,46,55
46135-2022,46135,2022,46,test,46,55
46137-2019,46137,2019,46,test,46,55
46137-2020,46137,2020,46,test,46,55
55001-2019,55001,2019,46,val,46,55
55001-2020,55001,2020,46,val,46,55
55005-2020,55005,2020,46,val,46,55
55009-2020,55009,2020,46,val,46,55
55011-2020,55011,2020,46,val,46,55
55013-2020,55013,2020,46,val,46,55
55015-2020,55015,2020,46,val,46,55
55017-2019,55017,2019,46,val,46,55
55017-2020,55017,2020,46,val,46,55
55017-2021,55017,2021,46,val,46,55
55019-2019,55019,2019,46,val,46,55
55019-2020,55019,2020,46,val,46,55
55019-2021,55019,2021,46,val,46,55
55021-2019,55021,2019,46,val,46,55
55021-2020,55021,2020,46,val,46,55
55021-2021,55021,2021,46,val,46,55
55023-2019,55023,2019,46,val,46,55
55023-2020,55023,2020,46,val,46,55
55023-2021,55023,2021,46,val,46,55
55023-2022,55023,2022,46,val,46,55
55025-2019,55025,2019,46,val,46,55
55025-2020,55025,2020,46,val,46,55
55025-2021,55025,2021,46,val,46,55
55025-2022,55025,2022,46,val,46,55
55027-2019,55027,2019,46,val,46,55
55027-2020,55027,2020,46,val,46,55
55029-2019,55029,2019,46,val,46,55
55029-2020,55029,2020,46,val,46,55
55029-2021,55029,2021,46,val,46,55
55033-2020,55033,2020,46,val,46,55
55035-2019,55035,2019,46,val,46,55
55035-2020,55035,2020,46,val,46,55
55035-2021,55035,2021,46,val,46,55
55043-2019,55043,2019,46,val,46,55
55043-2020,55043,2020,46,val,46,55
55043-2021,55043,2021,46,val,46,55
55043-2022,55043,2022,46,val,46,55
55045-2019,55045,2019,46,val,46,55
55045-2020,55045,2020,46,val,46,55
55045-2021,55045,2021,46,val,46,55
55045-2022,55045,2022,46,val,46,55
55047-2019,55047,2019,46,val,46,55
55047-2020,55047,2020,46,val,46,55
55047-2021,55047,2021,46,val,46,55
55049-2020,55049,2020,46,val,46,55
55049-2022,55049,2022,46,val,46,55
55053-2019,55053,2019,46,val,46,55
55053-2020,55053,2020,46,val,46,55
55053-2021,55053,2021,46,val,46,55
55055-2019,55055,2019,46,val,46,55
55055-2020,55055,2020,46,val,46,55
55055-2022,55055,2022,46,val,46,55
55057-2019,55057,2019,46,val,46,55
55057-2020,55057,2020,46,val,46,55
55057-2021,55057,2021,46,val,46,55
55059-2020,55059,2020,46,val,46,55
55059-2022,55059,2022,46,val,46,55
55061-2020,55061,2020,46,val,46,55
55063-2019,55063,2019,46,val,46,55
55063-2020,55063,2020,46,val,46,55
55063-2021,55063,2021,46,val,46,55
55065-2020,55065,2020,46,val,46,55
55065-2022,55065,2022,46,val,46,55
55067-2020,55067,2020,46,val,46,55
55067-2021,55067,2021,46,val,46,55
55069-2020,55069,2020,46,val,46,55
55069-2021,55069,2021,46,val,46,55
55071-2019,55071,2019,46,val,46,55
55071-2020,55071,2020,46,val,46,55
55073-2020,55073,2020,46,val,46,55
55073-2021,55073,2021,46,val,46,55
55075-2019,55075,2019,46,val,46,55
55075-2020,55075,2020,46,val,46,55
55075-2021,55075,2021,46,val,46,55
55077-2020,55077,2020,46,val,46,55
55079-2020,55079,2020,46,val,46,55
55081-2019,55081,2019,46,val,46,55
55081-2020,55081,2020,46,val,46,55
55081-2021,55081,2021,46,val,46,55
55083-2019,55083,2019,46,val,46,55
55083-2020,55083,2020,46,val,46,55
55083-2021,55083,2021,46,val,46,55
55087-2019,55087,2019,46,val,46,55
55087-2020,55087,2020,46,val,46,55
55089-2019,55089,2019,46,val,46,55
55089-2020,55089,2020,46,val,46,55
55091-2020,55091,2020,46,val,46,55
55093-2020,55093,2020,46,val,46,55
55095-2020,55095,2020,46,val,46,55
55097-2019,55097,2019,46,val,46,55
55097-2020,55097,2020,46,val,46,55
55101-2019,55101,2019,46,val,46,55
55101-2020,55101,2020,46,val,46,55
55101-2022,55101,2022,46,val,46,55
55103-2019,55103,2019,46,val,46,55
55103-2020,55103,2020,46,val,46,55
55103-2021,55103,2021,46,val,46,55
55103-2022,55103,2022,46,val,46,55
55105-2019,55105,2019,46,val,46,55
55105-2020,55105,2020,46,val,46,55
55105-2021,55105,2021,46,val,46,55
55105-2022,55105,2022,46,val,46,55
55107-2019,55107,2019,46,val,46,55
55107-2020,55107,2020,46,val,46,55
55107-2021,55107,2021,46,val,46,55
55111-2019,55111,2019,46,val,46,55
55111-2020,55111,2020,46,val,46,55
55111-2021,55111,2021,46,val,46,55
55113-2020,55113,2020,46,val,46,55
55113-2021,55113,2021,46,val,46,55
55115-2019,55115,2019,46,val,46,55
55115-2020,55115,2020,46,val,46,55
55115-2021,55115,2021,46,val,46,55
55117-2019,55117,2019,46,val,46,55
55117-2020,55117,2020,46,val,46,55
55119-2020,55119,2020,46,val,46,55
55119-2021,55119,2021,46,val,46,55
55121-2019,55121,2019,46,val,46,55
55121-2020,55121,2020,46,val,46,55
55121-2021,55121,2021,46,val,46,55
55123-2019,55123,2019,46,val,46,55
55123-2020,55123,2020,46,val,46,55
55123-2021,55123,2021,46,val,46,55
55123-2022,55123,2022,46,val,46,55
55127-2019,55127,2019,46,val,46,55
55127-2020,55127,2020,46,val,46,55
55127-2022,55127,2022,46,val,46,55
55129-2019,55129,2019,46,val,46,55
55129-2020,55129,2020,46,val,46,55
55131-2019,55131,2019,46,val,46,55
55131-2020,55131,2020,46,val,46,55
55133-2019,55133,2019,46,val,46,55
55133-2020,55133,2020,46,val,46,55
55133-2022,55133,2022,46,val,46,55
55135-2019,55135,2019,46,val,46,55
55135-2020,55135,2020,46,val,46,55
55137-2019,55137,2019,46,val,46,55
55137-2020,55137,2020,46,val,46,55
55137-2021,55137,2021,46,val,46,55
55139-2019,55139,2019,46,val,46,55
55139-2020,55139,2020,46,val,46,55
55141-2019,55141,2019,46,val,46,55
55141-2020,55141,2020,46,val,46,55
17001-2020,17001,2020,55,val,55,17
17001-2022,17001,2022,55,val,55,17
17003-2019,17003,2019,55,val,55,17
17003-2020,17003,2020,55,val,55,17
17005-2019,17005,2019,55,val,55,17
17005-2020,17005,2020,55,val,55,17
17005-2021,17005,2021,55,val,55,17
17005-2022,17005,2022,55,val,55,17
17007-2019,17007,2019,55,val,55,17
17007-2020,17007,2020,55,val,55,17
17007-2022,17007,2022,55,val,55,17
17009-2020,17009,2020,55,val,55,17
17009-2022,17009,2022,55,val,55,17
17011-2019,17011,2019,55,val,55,17
17011-2020,17011,2020,55,val,55,17
17011-2021,17011,2021,55,val,55,17
17011-2022,17011,2022,55,val,55,17
17013-2020,17013,2020,55,val,55,17
17013-2022,17013,2022,55,val,55,17
17015-2020,17015,2020,55,val,55,17
17015-2022,17015,2022,55,val,55,17
17017-2019,17017,2019,55,val,55,17
17017-2020,17017,2020,55,val,55,17
17017-2021,17017,2021,55,val,55,17
17017-2022,17017,2022,55,val,55,17
17019-2021,17019,2021,55,val,55,17
17019-2022,17019,2022,55,val,55,17
17021-2020,17021,2020,55,val,55,17
17021-2021,17021,2021,55,val,55,17
17021-2022,17021,2022,55,val,55,17
17023-2020,17023,2020,55,val,55,17
17023-2022,17023,2022,55,val,55,17
17025-2019,17025,2019,55,val,55,17
17025-2020,17025,2020,55,val,55,17
17025-2021,17025,2021,55,val,55,17
17025-2022,17025,2022,55,val,55,17
17027-2019,17027,2019,55,val,55,17
17027-2020,17027,2020,55,val,55,17
17027-2021,17027,2021,55,val,55,17
17027-2022,17027,2022,55,val,55,17
17029-2019,17029,2019,55,val,55,17
17029-2021,17029,2021,55,val,55,17
17031-2019,17031,2019,55,val,55,17
17033-2019,17033,2019,55,val,55,17
17033-2020,17033,2020,55,val,55,17
17033-2022,17033,2022,55,val,55,17
17035-2019,17035,2019,55,val,55,17
17035-2022,17035,2022,55,val,55,17
17039-2020,17039,2020,55,val,55,17
17039-2021,17039,2021,55,val,55,17
17039-2022,17039,2022,55,val,55,17
17041-2019,17041,2019,55,val,55,17
17041-2022,17041,2022,55,val,55,17
17045-2020,17045,2020,55,val,55,17
17045-2021,17045,2021,55,val,55,17
17045-2022,17045,2022,55,val,55,17
17047-2020,17047,2020,55,val,55,17
17047-2021,17047,2021,55,val,55,17
17047-2022,17047,2022,55,val,55,17
17049-2021,17049,2021,55,val,55,17
17049-2022,17049,2022,55,val,55,17
17051-2019,17051,2019,55,val,55,17
17051-2020,17051,2020,55,val,55,17
17051-2021,17051,2021,55,val,55,17
17053-2019,17053,2019,55,val,55,17
17053-2020,17053,2020,55,val,55,17
17053-2021,17053,2021,55,val,55,17
17053-2022,17053,2022,55,val,55,17
17055-2019,17055,2019,55,val,55,17
17055-2020,17055,2020,55,val,55,17
17055-2021,17055,2021,55,val,55,17
17055-2022,17055,2022,55,val,55,17
17057-2020,17057,2020,55,val,55,17
17057-2021,17057,2021,55,val,55,17
17057-2022,17057,2022,55,val,55,17
17059-2019,17059,2019,55,val,55,17
17059-2020,17059,2020,55,val,55,17
17059-2021,17059,2021,55,val,55,17
17059-2022,17059,2022,55,val,55,17
17061-2020,17061,2020,55,val,55,17
17061-2021,17061,2021,55,val,55,17
17061-2022,17061,2022,55,val,55,17
17063-2019,17063,2019,55,val,55,17
17063-2020,17063,2020,55,val,55,17
17063-2022,17063,2022,55,val,55,17
17065-2020,17065,2020,55,val,55,17
17065-2022,17065,2022,55,val,55,17
17067-2020,17067,2020,55,val,55,17
17067-2022,17067,2022,55,val,55,17
17071-2020,17071,2020,55,val,55,17
17071-2022,17071,2022,55,val,55,17
17073-2020,17073,2020,55,val,55,17
17073-2022,17073,2022,55,val,55,17
17075-2019,17075,2019,55,val,55,17
17075-2020,17075,2020,55,val,55,17
17075-2021,17075,2021,55,val,55,17
17075-2022,17075,2022,55,val,55,17
17077-2019,17077,2019,55,val,55,17
17077-2020,17077,2020,55,val,55,17
17077-2021,17077,2021,55,val,55,17
17077-2022,17077,2022,55,val,55,17
17079-2019,17079,2019,55,val,55,17
17079-2020,17079,2020,55,val,55,17
17079-2022,17079,2022,55,val,55,17
17081-2019,17081,2019,55,val,55,17
17081-2021,17081,2021,55,val,55,17
17081-2022,17081,2022,55,val,55,17
17083-2020,17083,2020,55,val,55,17
17083-2022,17083,2022,55,val,55,17
17085-2020,17085,2020,55,val,55,17
17085-2022,17085,2022,55,val,55,17
17087-2020,17087,2020,55,val,55,17
17089-2019,17089,2019,55,val,55,17
17089-2020,17089,2020,55,val,55,17
17089-2022,17089,2022,55,val,55,17
17091-2020,17091,2020,55,val,55,17
17091-2022,17091,2022,55,val,55,17
17093-2019,17093,2019,55,val,55,17
17093-2020,17093,2020,55,val,55,17
17093-2022,17093,2022,55,val,55,17
17095-2020,17095,2020,55,val,55,17
17095-2022,17095,2022,55,val,55,17
17097-2019,17097,2019,55,val,55,17
17097-2020,17097,2020,55,val,55,17
17101-2019,17101,2019,55,val,55,17
17101-2020,17101,2020,55,val,55,17
17101-2022,17101,2022,55,val,55,17
17103-2019,17103,2019,55,val,55,17
17103-2020,17103,2020,55,val,55,17
17103-2022,17103,2022,55,val,55,17
17105-2019,17105,2019,55,val,55,17
17105-2020,17105,2020,55,val,55,17
17105-2021,17105,2021,55,val,55,17
17105-2022,17105,2022,55,val,55,17
17107-2020,17107,2020,55,val,55,17
17107-2021,17107,2021,55,val,55,17
17107-2022,17107,2022,55,val,55,17
17115-2020,17115,2020,55,val,55,17
17115-2021,17115,2021,55,val,55,17
17115-2022,17115,2022,55,val,55,17
17117-2020,17117,2020,55,val,55,17
17117-2021,17117,2021,55,val,55,17
17117-2022,17117,2022,55,val,55,17
17119-2019,17119,2019,55,val,55,17
17119-2020,17119,2020,55,val,55,17
17119-2021,17119,2021,55,val,55,17
17119-2022,17119,2022,55,val,55,17
17121-2019,17121,2019,55,val,55,17
17121-2020,17121,2020,55,val,55,17
17121-2021,17121,2021,55,val,55,17
17121-2022,17121,2022,55,val,55,17
17123-2019,17123,2019,55,val,55,17
17123-2020,17123,2020,55,val,55,17
17123-2021,17123,2021,55,val,55,17
17123-2022,17123,2022,55,val,55,17
17125-2020,17125,2020,55,val,55,17
17125-2021,17125,2021,55,val,55,17
17125-2022,17125,2022,55,val,55,17
17127-2019,17127,2019,55,val,55,17
17127-2020,17127,2020,55,val,55,17
17129-2021,17129,2021,55,val,55,17
17131-2020,17131,2020,55,val,55,17
17131-2022,17131,2022,55,val,55,17
17133-2019,17133,2019,55,val,55,17
17133-2020,17133,2020,55,val,55,17
17133-2022,17133,2022,55,val,55,17
17135-2020,17135,2020,55,val,55,17
17135-2021,17135,2021,55,val,55,17
17135-2022,17135,2022,55,val,55,17
17137-2019,17137,2019,55,val,55,17
17137-2020,17137,2020,55,val,55,17
17137-2022,17137,2022,55,val,55,17
17139-2021,17139,2021,55,val,55,17
17139-2022,17139,2022,55,val,55,17
17141-2019,17141,2019,55,val,55,17
17141-2020,17141,2020,55,val,55,17
17141-2022,17141,2022,55,val,55,17
17143-2019,17143,2019,55,val,55,17
17143-2020,17143,2020,55,val,55,17
17143-2021,17143,2021,55,val,55,17
17143-2022,17143,2022,55,val,55,17
17145-2020,17145,2020,55,val,55,17
17145-2022,17145,2022,55,val,55,17
17147-2021,17147,2021,55,val,55,17
17147-2022,17147,2022,55,val,55,17
17149-2020,17149,2020,55,val,55,17
17151-2020,17151,2020,55,val,55,17
17153-2019,17153,2019,55,val,55,17
17153-2020,17153,2020,55,val,55,17
17153-2021,17153,2021,55,val,55,17
17155-2020,17155,2020,55,val,55,17
17155-2021,17155,2021,55,val,55,17
17155-2022,17155,2022,55,val,55,17
17157-2019,17157,2019,55,val,55,17
17157-2020,17157,2020,55,val,55,17
17157-2021,17157,2021,55,val,55,17
17157-2022,17157,2022,55,val,55,17
17159-2020,17159,2020,55,val,55,17
17161-2020,17161,2020,55,val,55,17
17161-2022,17161,2022,55,val,55,17
17165-2020,17165,2020,55,val,55,17
17165-2021,17165,2021,55,val,55,17
17165-2022,17165,2022,55,val,55,17
17167-2021,17167,2021,55,val,55,17
17169-2020,17169,2020,55,val,55,17
17169-2022,17169,2022,55,val,55,17
17171-2020,17171,2020,55,val,55,17
17171-2022,17171,2022,55,val,55,17
17173-2021,17173,2021,55,val,55,17
17173-2022,17173,2022,55,val,55,17
17175-2019,17175,2019,55,val,55,17
17175-2020,17175,2020,55,val,55,17
17175-2021,17175,2021,55,val,55,17
17175-2022,17175,2022,55,val,55,17
17177-2019,17177,2019,55,val,55,17
17177-2020,17177,2020,55,val,55,17
17177-2021,17177,2021,55,val,55,17
17177-2022,17177,2022,55,val,55,17
17179-2020,17179,2020,55,val,55,17
17179-2021,17179,2021,55,val,55,17
17179-2022,17179,2022,55,val,55,17
17181-2019,17181,2019,55,val,55,17
17181-2020,17181,2020,55,val,55,17
17181-2021,17181,2021,55,val,55,17
17183-2020,17183,2020,55,val,55,17
17183-2021,17183,2021,55,val,55,17
17183-2022,17183,2022,55,val,55,17
17185-2019,17185,2019,55,val,55,17
17185-2020,17185,2020,55,val,55,17
17185-2022,17185,2022,55,val,55,17
17187-2020,17187,2020,55,val,55,17
17187-2022,17187,2022,55,val,55,17
17189-2019,17189,2019,55,val,55,17
17189-2020,17189,2020,55,val,55,17
17189-2021,17189,2021,55,val,55,17
17189-2022,17189,2022,55,val,55,17
17191-2020,17191,2020,55,val,55,17
17191-2022,17191,2022,55,val,55,17
17193-2019,17193,2019,55,val,55,17
17193-2020,17193,2020,55,val,55,17
17193-2021,17193,2021,55,val,55,17
17193-2022,17193,2022,55,val,55,17
17195-2019,17195,2019,55,val,55,17
17195-2020,17195,2020,55,val,55,17
17195-2022,17195,2022,55,val,55,17
17197-2020,17197,2020,55,val,55,17
17197-2022,17197,2022,55,val,55,17
17199-2019,17199,2019,55,val,55,17
17199-2020,17199,2020,55,val,55,17
17199-2022,17199,2022,55,val,55,17
17201-2019,17201,2019,55,val,55,17
17201-2020,17201,2020,55,val,55,17
17201-2021,17201,2021,55,val,55,17
17201-2022,17201,2022,55,val,55,17
17203-2019,17203,2019,55,val,55,17
17203-2020,17203,2020,55,val,55,17
17203-2021,17203,2021,55,val,55,17
17203-2022,17203,2022,55,val,55,17
18001-2019,18001,2019,55,train,55,17
18001-2020,18001,2020,55,train,55,17
18001-2022,18001,2022,55,train,55,17
18003-2019,18003,2019,55,train,55,17
18003-2020,18003,2020,55,train,55,17
18003-2022,18003,2022,55,train,55,17
18005-2022,18005,2022,55,train,55,17
18007-2019,18007,2019,55,train,55,17
18007-2020,18007,2020,55,train,55,17
18007-2021,18007,2021,55,train,55,17
18007-2022,18007,2022,55,train,55,17
18009-2022,18009,2022,55,train,55,17
18011-2019,18011,2019,55,train,55,17
18011-2020,18011,2020,55,train,55,17
18011-2021,18011,2021,55,train,55,17
18011-2022,18011,2022,55,train,55,17
18015-2019,18015,2019,55,train,55,17
18015-2020,18015,2020,55,train,55,17
18015-2022,18015,2022,55,train,55,17
18017-2020,18017,2020,55,train,55,17
18017-2022,18017,2022,55,train,55,17
18019-2020,18019,2020,55,train,55,17
18021-2020,18021,2020,55,train,55,17
18021-2021,18021,2021,55,train,55,17
18021-2022,18021,2022,55,train,55,17
18023-2020,18023,2020,55,train,55,17
18023-2021,18023,2021,55,train,55,17
18023-2022,18023,2022,55,train,55,17
18027-2019,18027,2019,55,train,55,17
18027-2020,18027,2020,55,train,55,17
18027-2021,18027,2021,55,train,55,17
18027-2022,18027,2022,55,train,55,17
18029-2019,18029,2019,55,train,55,17
18029-2020,18029,2020,55,train,55,17
18029-2022,18029,2022,55,train,55,17
18031-2019,18031,2019,55,train,55,17
18031-2020,18031,2020,55,train,55,17
18031-2022,18031,2022,55,train,55,17
18035-2022,18035,2022,55,train,55,17
18037-2022,18037,2022,55,train,55,17
18039-2019,18039,2019,55,train,55,17
18039-2020,18039,2020,55,train,55,17
18039-2021,18039,2021,55,train,55,17
18039-2022,18039,2022,55,train,55,17
18041-2019,18041,2019,55,train,55,17
18041-2020,18041,2020,55,train,55,17
18041-2021,18041,2021,55,train,55,17
18041-2022,18041,2022,55,train,55,17
18045-2020,18045,2020,55,train,55,17
18045-2022,18045,2022,55,train,55,17
18047-2019,18047,2019,55,train,55,17
18047-2020,18047,2020,55,train,55,17
18047-2022,18047,2022,55,train,55,17
18049-2019,18049,2019,55,train,55,17
18049-2020,18049,2020,55,train,55,17
18049-2021,18049,2021,55,train,55,17
18051-2019,18051,2019,55,train,55,17
18051-2020,18051,2020,55,train,55,17
18051-2022,18051,2022,55,train,55,17
18053-2020,18053,2020,55,train,55,17
18053-2022,18053,2022,55,train,55,17
18055-2019,18055,2019,55,train,55,17
18055-2020,18055,2020,55,train,55,17
18055-2021,18055,2021,55,train,55,17
18057-2022,18057,2022,55,train,55,17
18059-2020,18059,2020,55,train,55,17
18059-2022,18059,2022,55,train,55,17
18063-2019,18063,2019,55,train,55,17
18063-2020,18063,2020,55,train,55,17
18063-2021,18063,2021,55,train,55,17
18063-2022,18063,2022,55,train,55,17
18065-2022,18065,2022,55,train,55,17
18067-2020,18067,2020,55,train,55,17
18067-2022,18067,2022,55,train,55,17
18069-2022,18069,2022,55,train,55,17
18071-2022,18071,2022,55,train,55,17
18073-2020,18073,2020,55,train,55,17
18073-2022,18073,2022,55,train,55,17
18075-2019,18075,2019,55,train,55,17
18075-2020,18075,2020,55,train,55,17
18075-2022,18075,2022,55,train,55,17
18077-2019,18077,2019,55,train,55,17
18077-2020,18077,2020,55,train,55,17
18077-2022,18077,2022,55,train,55,17
18079-2022,18079,2022,55,train,55,17
18081-2022,18081,2022,55,train,55,17
18083-2020,18083,2020,55,train,55,17
18083-2022,18083,2022,55,train,55,17
18085-2022,18085,2022,55,train,55,17
18089-2020,18089,2020,55,train,55,17
18089-2022,18089,2022,55,train,55,17
18093-2022,18093,2022,55,train,55,17
18095-2022,18095,2022,55,train,55,17
18097-2020,18097,2020,55,train,55,17
18099-2019,18099,2019,55,train,55,17
18099-2020,18099,2020,55,train,55,17
18099-2021,18099,2021,55,train,55,17
18099-2022,18099,2022,55,train,55,17
18101-2022,18101,2022,55,train,55,17
18103-2020,18103,2020,55,train,55,17
18103-2022,18103,2022,55,train,55,17
18105-2022,18105,2022,55,train,55,17
18107-2019,18107,2019,55,train,55,17
18107-2020,18107,2020,55,train,55,17
18107-2021,18107,2021,55,train,55,17
18109-2022,18109,2022,55,train,55,17
18111-2019,18111,2019,55,train,55,17
18111-2020,18111,2020,55,train,55,17
18111-2021,18111,2021,55,train,55,17
18111-2022,18111,2022,55,train,55,17
18113-2020,18113,2020,55,train,55,17
18113-2022,18113,2022,55,train,55,17
18115-2019,18115,2019,55,train,55,17
18115-2020,18115,2020,55,train,55,17
18119-2020,18119,2020,55,train,55,17
18119-2021,18119,2021,55,train,55,17
18119-2022,18119,2022,55,train,55,17
18121-2019,18121,2019,55,train,55,17
18121-2020,18121,2020,55,train,55,17
18121-2022,18121,2022,55,train,55,17
18123-2022,18123,2022,55,train,55,17
18125-2020,18125,2020,55,train,55,17
18125-2022,18125,2022,55,train,55,17
18127-2019,18127,2019,55,train,55,17
18127-2020,18127,2020,55,train,55,17
18127-2021,18127,2021,55,train,55,17
18127-2022,18127,2022,55,train,55,17
18129-2019,18129,2019,55,train,55,17
18129-2020,18129,2020,55,train,55,17
18129-2021,18129,2021,55,train,55,17
18129-2022,18129,2022,55,train,55,17
18131-2019,18131,2019,55,train,55,17
18131-2020,18131,2020,55,train,55,17
18131-2022,18131,2022,55,train,55,17
18133-2019,18133,2019,55,train,55,17
18133-2020,18133,2020,55,train,55,17
18133-2021,18133,2021,55,train,55,17
18133-2022,18133,2022,55,train,55,17
18135-2019,18135,2019,55,train,55,17
18135-2020,18135,2020,55,train,55,17
18135-2022,18135,2022,55,train,55,17
18137-2020,18137,2020,55,train,55,17
18137-2022,18137,2022,55,train,55,17
18139-2022,18139,2022,55,train,55,17
18141-2019,18141,2019,55,train,55,17
18141-2020,18141,2020,55,train,55,17
18141-2021,18141,2021,55,train,55,17
18141-2022,18141,2022,55,train,55,17
18143-2022,18143,2022,55,train,55,17
18145-2020,18145,2020,55,train,55,17
18145-2022,18145,2022,55,train,55,17
18147-2020,18147,2020,55,train,55,17
18149-2019,18149,2019,55,train,55,17
18149-2020,18149,2020,55,train,55,17
18149-2022,18149,2022,55,train,55,17
18151-2020,18151,2020,55,train,55,17
18151-2022,18151,2022,55,train,55,17
18153-2019,18153,2019,55,train,55,17
18153-2020,18153,2020,55,train,55,17
18153-2022,18153,2022,55,train,55,17
18155-2019,18155,2019,55,train,55,17
18155-2020,18155,2020,55,train,55,17
18157-2019,18157,2019,55,train,55,17
18157-2020,18157,2020,55,train,55,17
18157-2021,18157,2021,55,train,55,17
18157-2022,18157,2022,55,train,55,17
18159-2022,18159,2022,55,train,55,17
18161-2019,18161,2019,55,train,55,17
18161-2020,18161,2020,55,train,55,17
18161-2021,18161,2021,55,train,55,17
18161-2022,18161,2022,55,train,55,17
18163-2019,18163,2019,55,train,55,17
18163-2020,18163,2020,55,train,55,17
18163-2021,18163,2021,55,train,55,17
18163-2022,18163,2022,55,train,55,17
18165-2019,18165,2019,55,train,55,17
18165-2020,18165,2020,55,train,55,17
18165-2021,18165,2021,55,train,55,17
18165-2022,18165,2022,55,train,55,17
18167-2019,18167,2019,55,train,55,17
18167-2020,18167,2020,55,train,55,17
18167-2022,18167,2022,55,train,55,17
18169-2022,18169,2022,55,train,55,17
18171-2019,18171,2019,55,train,55,17
18171-2020,18171,2020,55,train,55,17
18171-2021,18171,2021,55,train,55,17
18173-2019,18173,2019,55,train,55,17
18173-2020,18173,2020,55,train,55,17
18173-2022,18173,2022,55,train,55,17
18177-2019,18177,2019,55,train,55,17
18177-2020,18177,2020,55,train,55,17
18177-2021,18177,2021,55,train,55,17
18177-2022,18177,2022,55,train,55,17
18179-2022,18179,2022,55,train,55,17
18181-2019,18181,2019,55,train,55,17
18181-2020,18181,2020,55,train,55,17
18181-2022,18181,2022,55,train,55,17
18183-2022,18183,2022,55,train,55,17
19001-2019,19001,2019,55,train,55,17
19001-2020,19001,2020,55,train,55,17
19001-2022,19001,2022,55,train,55,17
19003-2020,19003,2020,55,train,55,17
19005-2019,19005,2019,55,train,55,17
19005-2020,19005,2020,55,train,55,17
19005-2021,19005,2021,55,train,55,17
19005-2022,19005,2022,55,train,55,17
19007-2020,19007,2020,55,train,55,17
19007-2021,19007,2021,55,train,55,17
19007-2022,19007,2022,55,train,55,17
19009-2019,19009,2019,55,train,55,17
19009-2020,19009,2020,55,train,55,17
19009-2021,19009,2021,55,train,55,17
19009-2022,19009,2022,55,train,55,17
19011-2019,19011,2019,55,train,55,17
19011-2020,19011,2020,55,train,55,17
19011-2021,19011,2021,55,train,55,17
19011-2022,19011,2022,55,train,55,17
19013-2020,19013,2020,55,train,55,17
19013-2022,19013,2022,55,train,55,17
19015-2019,19015,2019,55,train,55,17
19015-2020,19015,2020,55,train,55,17
19015-2021,19015,2021,55,train,55,17
19015-2022,19015,2022,55,train,55,17
19017-2022,19017,2022,55,train,55,17
19019-2019,19019,2019,55,train,55,17
19019-2020,19019,2020,55,train,55,17
19019-2021,19019,2021,55,train,55,17
19019-2022,19019,2022,55,train,55,17
19021-2019,19021,2019,55,train,55,17
19021-2020,19021,2020,55,train,55,17
19021-2022,19021,2022,55,train,55,17
19023-2021,19023,2021,55,train,55,17
19023-2022,19023,2022,55,train,55,17
19025-2019,19025,2019,55,train,55,17
19025-2020,19025,2020,55,train,55,17
19025-2021,19025,2021,55,train,55,17
19025-2022,19025,2022,55,train,55,17
19027-2020,19027,2020,55,train,55,17
19027-2022,19027,2022,55,train,55,17
19029-2019,19029,2019,55,train,55,17
19029-2020,19029,2020,55,train,55,17
19029-2021,19029,2021,55,train,55,17
19029-2022,19029,2022,55,train,55,17
19031-2020,19031,2020,55,train,55,17
19031-2022,19031,2022,55,train,55,17
19033-2019,19033,2019,55,train,55,17
19033-2020,19033,2020,55,train,55,17
19033-2021,19033,2021,55,train,55,17
19033-2022,19033,2022,55,train,55,17
19035-2019,19035,2019,55,train,55,17
19035-2020,19035,2020,55,train,55,17
19035-2022,19035,2022,55,train,55,17
19037-2022,19037,2022,55,train,55,17
19039-2020,19039,2020,55,train,55,17
19041-2019,19041,2019,55,train,55,17
19041-2020,19041,2020,55,train,55,17
19041-2022,19041,2022,55,train,55,17
19043-2020,19043,2020,55,train,55,17
19043-2021,19043,2021,55,train,55,17
19043-2022,19043,2022,55,train,55,17
19045-2020,19045,2020,55,train,55,17
19045-2022,19045,2022,55,train,55,17
19047-2019,19047,2019,55,train,55,17
19047-2020,19047,2020,55,train,55,17
19047-2022,19047,2022,55,train,55,17
19049-2019,19049,2019,55,train,55,17
19049-2020,19049,2020,55,train,55,17
19049-2021,19049,2021,55,train,55,17
19049-2022,19049,2022,55,train,55,17
19051-2019,19051,2019,55,train,55,17
19051-2020,19051,2020,55,train,55,17
19051-2021,19051,2021,55,train,55,17
19051-2022,19051,2022,55,train,55,17
19053-2020,19053,2020,55,train,55,17
19053-2022,19053,2022,55,train,55,17
19055-2020,19055,2020,55,train,55,17
19055-2021,19055,2021,55,train,55,17
19055-2022,19055,2022,55,train,55,17
19057-2019,19057,2019,55,train,55,17
19057-2020,19057,2020,55,train,55,17
19057-2022,19057,2022,55,train,55,17
19059-2019,19059,2019,55,train,55,17
19059-2020,19059,2020,55,train,55,17
19059-2021,19059,2021,55,train,55,17
19059-2022,19059,2022,55,train,55,17
19061-2020,19061,2020,55,train,55,17
19061-2021,19061,2021,55,train,55,17
19061-2022,19061,2022,55,train,55,17
19063-2022,19063,2022,55,train,55,17
19065-2020,19065,2020,55,train,55,17
19065-2021,19065,2021,55,train,55,17
19065-2022,19065,2022,55,train,55,17
19067-2019,19067,2019,55,train,55,17
19067-2020,19067,2020,55,train,55,17
19067-2021,19067,2021,55,train,55,17
19067-2022,19067,2022,55,train,55,17
19069-2019,19069,2019,55,train,55,17
19069-2020,19069,2020,55,train,55,17
19069-2021,19069,2021,55,train,55,17
19069-2022,19069,2022,55,train,55,17
19071-2020,19071,2020,55,train,55,17
19071-2022,19071,2022,55,train,55,17
19073-2019,19073,2019,55,train,55,17
19073-2020,19073,2020,55,train,55,17
19073-2021,19073,2021,55,train,55,17
19073-2022,19073,2022,55,train,55,17
19075-2020,19075,2020,55,train,55,17
19075-2021,19075,2021,55,train,55,17
19075-2022,19075,2022,55,train,55,17
19077-2019,19077,2019,55,train,55,17
19077-2020,19077,2020,55,train,55,17
19077-2021,19077,2021,55,train,55,17
19077-2022,19077,2022,55,train,55,17
19079-2019,19079,2019,55,train,55,17
19079-2020,19079,2020,55,train,55,17
19079-2022,19079,2022,55,train,55,17
19081-2019,19081,2019,55,train,55,17
19081-2020,19081,2020,55,train,55,17
19081-2021,19081,2021,55,train,55,17
19081-2022,19081,2022,55,train,55,17
19083-2019,19083,2019,55,train,55,17
19083-2020,19083,2020,55,train,55,17
19083-2021,19083,2021,55,train,55,17
19083-2022,19083,2022,55,train,55,17
19085-2020,19085,2020,55,train,55,17
19085-2022,19085,2022,55,train,55,17
19087-2019,19087,2019,55,train,55,17
19087-2020,19087,2020,55,train,55,17
19087-2021,19087,2021,55,train,55,17
19087-2022,19087,2022,55,train,55,17
19089-2020,19089,2020,55,train,55,17
19089-2022,19089,2022,55,train,55,17
19091-2019,19091,2019,55,train,55,17
19091-2020,19091,2020,55,train,55,17
19091-2021,19091,2021,55,train,55,17
19091-2022,19091,2022,55,train,55,17
19093-2020,19093,2020,55,train,55,17
19093-2021,19093,2021,55,train,55,17
19093-2022,19093,2022,55,train,55,17
19095-2019,19095,2019,55,train,55,17
19095-2020,19095,2020,55,train,55,17
19095-2022,19095,2022,55,train,55,17
19097-2020,19097,2020,55,train,55,17
19097-2021,19097,2021,55,train,55,17
19097-2022,19097,2022,55,train,55,17
19099-2021,19099,2021,55,train,55,17
19099-2022,19099,2022,55,train,55,17
19101-2019,19101,2019,55,train,55,17
19101-2020,19101,2020,55,train,55,17
19101-2021,19101,2021,55,train,55,17
19101-2022,19101,2022,55,train,55,17
19103-2019,19103,2019,55,train,55,17
19103-2020,19103,2020,55,train,55,17
19103-2022,19103,2022,55,train,55,17
19105-2020,19105,2020,55,train,55,17
19105-2022,19105,2022,55,train,55,17
19107-2019,19107,2019,55,train,55,17
19107-2020,19107,2020,55,train,55,17
19107-2021,19107,2021,55,train,55,17
19107-2022,19107,2022,55,train,55,17
19109-2019,19109,2019,55,train,55,17
19109-2020,19109,2020,55,train,55,17
19109-2021,19109,2021,55,train,55,17
19109-2022,19109,2022,55,train,55,17
19111-2019,19111,2019,55,train,55,17
19111-2020,19111,2020,55,train,55,17
19111-2021,19111,2021,55,train,55,17
19111-2022,19111,2022,55,train,55,17
19113-2019,19113,2019,55,train,55,17
19113-2020,19113,2020,55,train,55,17
19113-2022,19113,2022,55,train,55,17
19115-2019,19115,2019,55,train,55,17
19115-2020,19115,2020,55,train,55,17
19115-2022,19115,2022,55,train,55,17
19117-2021,19117,2021,55,train,55,17
19117-2022,19117,2022,55,train,55,17
19119-2019,19119,2019,55,train,55,17
19119-2020,19119,2020,55,train,55,17
19119-2021,19119,2021,55,train,55,17
19119-2022,19119,2022,55,train,55,17
19121-2019,19121,2019,55,train,55,17
19121-2020,19121,2020,55,train,55,17
19121-2021,19121,2021,55,train,55,17
19121-2022,19121,2022,55,train,55,17
19123-2021,19123,2021,55,train,55,17
19123-2022,19123,2022,55,train,55,17
19125-2021,19125,2021,55,train,55,17
19125-2022,19125,2022,55,train,55,17
19127-2021,19127,2021,55,train,55,17
19127-2022,19127,2022,55,train,55,17
19129-2020,19129,2020,55,train,55,17
19129-2022,19129,2022,55,train,55,17
19131-2019,19131,2019,55,train,55,17
19131-2020,19131,2020,55,train,55,17
19131-2021,19131,2021,55,train,55,17
19131-2022,19131,2022,55,train,55,17
19133-2019,19133,2019,55,train,55,17
19133-2022,19133,2022,55,train,55,17
19135-2021,19135,2021,55,train,55,17
19135-2022,19135,2022,55,train,55,17
19137-2020,19137,2020,55,train,55,17
19137-2022,19137,2022,55,train,55,17
19139-2020,19139,2020,55,train,55,17
19139-2022,19139,2022,55,train,55,17
19143-2019,19143,2019,55,train,55,17
19143-2020,19143,2020,55,train,55,17
19143-2021,19143,2021,55,train,55,17
19143-2022,19143,2022,55,train,55,17
19145-2019,19145,2019,55,train,55,17
19145-2020,19145,2020,55,train,55,17
19145-2021,19145,2021,55,train,55,17
19145-2022,19145,2022,55,train,55,17
19147-2019,19147,2019,55,train,55,17
19147-2022,19147,2022,55,train,55,17
19149-2019,19149,2019,55,train,55,17
19149-2021,19149,2021,55,train,55,17
19149-2022,19149,2022,55,train,55,17
19151-2022,19151,2022,55,train,55,17
19153-2019,19153,2019,55,train,55,17
19153-2020,19153,2020,55,train,55,17
19153-2021,19153,2021,55,train,55,17
19153-2022,19153,2022,55,train,55,17
19155-2020,19155,2020,55,train,55,17
19155-2022,19155,2022,55,train,55,17
19157-2021,19157,2021,55,train,55,17
19157-2022,19157,2022,55,train,55,17
19159-2020,19159,2020,55,train,55,17
19159-2021,19159,2021,55,train,55,17
19159-2022,19159,2022,55,train,55,17
19161-2019,19161,2019,55,train,55,17
19161-2020,19161,2020,55,train,55,17
19161-2022,19161,2022,55,train,55,17
19163-2020,19163,2020,55,train,55,17
19163-2022,19163,2022,55,train,55,17
19165-2019,19165,2019,55,train,55,17
19165-2020,19165,2020,55,train,55,17
19165-2022,19165,2022,55,train,55,17
19167-2019,19167,2019,55,train,55,17
19167-2020,19167,2020,55,train,55,17
19167-2021,19167,2021,55,train,55,17
19167-2022,19167,2022,55,train,55,17
19169-2019,19169,2019,55,train,55,17
19169-2020,19169,2020,55,train,55,17
19169-2021,19169,2021,55,train,55,17
19169-2022,19169,2022,55,train,55,17
19171-2022,19171,2022,55,train,55,17
19173-2020,19173,2020,55,train,55,17
19173-2021,19173,2021,55,train,55,17
19173-2022,19173,2022,55,train,55,17
19175-2020,19175,2020,55,train,55,17
19175-2021,19175,2021,55,train,55,17
19175-2022,19175,2022,55,train,55,17
19177-2019,19177,2019,55,train,55,17
19177-2020,19177,2020,55,train,55,17
19177-2021,19177,2021,55,train,55,17
19177-2022,19177,2022,55,train,55,17
19179-2019,19179,2019,55,train,55,17
19179-2020,19179,2020,55,train,55,17
19179-2021,19179,2021,55,train,55,17
19179-2022,19179,2022,55,train,55,17
19181-2020,19181,2020,55,train,55,17
19181-2022,19181,2022,55,train,55,17
19183-2019,19183,2019,55,train,55,17
19183-2020,19183,2020,55,train,55,17
19183-2022,19183,2022,55,train,55,17
19185-2021,19185,2021,55,train,55,17
19187-2019,19187,2019,55,train,55,17
19187-2020,19187,2020,55,train,55,17
19187-2021,19187,2021,55,train,55,17
19187-2022,19187,2022,55,train,55,17
19189-2019,19189,2019,55,train,55,17
19189-2020,19189,2020,55,train,55,17
19189-2021,19189,2021,55,train,55,17
19189-2022,19189,2022,55,train,55,17
19191-2019,19191,2019,55,train,55,17
19191-2020,19191,2020,55,train,55,17
19191-2021,19191,2021,55,train,55,17
19191-2022,19191,2022,55,train,55,17
19193-2019,19193,2019,55,train,55,17
19193-2020,19193,2020,55,train,55,17
19193-2021,19193,2021,55,train,55,17
19193-2022,19193,2022,55,train,55,17
19195-2019,19195,2019,55,train,55,17
19195-2020,19195,2020,55,train,55,17
19195-2021,19195,2021,55,train,55,17
19195-2022,19195,2022,55,train,55,17
19197-2019,19197,2019,55,train,55,17
19197-2020,19197,2020,55,train,55,17
19197-2021,19197,2021,55,train,55,17
19197-2022,19197,2022,55,train,55,17
20001-2020,20001,2020,55,train,55,17
20001-2021,20001,2021,55,train,55,17
20003-2019,20003,2019,55,train,55,17
20003-2020,20003,2020,55,train,55,17
20003-2021,20003,2021,55,train,55,17
20005-2020,20005,2020,55,train,55,17
20005-2021,20005,2021,55,train,55,17
20005-2022,20005,2022,55,train,55,17
20009-2020,20009,2020,55,train,55,17
20011-2020,20011,2020,55,train,55,17
20011-2021,20011,2021,55,train,55,17
20013-2019,20013,2019,55,train,55,17
20013-2020,20013,2020,55,train,55,17
20013-2022,20013,2022,55,train,55,17
20015-2020,20015,2020,55,train,55,17
20015-2021,20015,2021,55,train,55,17
20017-2020,20017,2020,55,train,55,17
20017-2021,20017,2021,55,train,55,17
20021-2019,20021,2019,55,train,55,17
20023-2020,20023,2020,55,train,55,17
20023-2021,20023,2021,55,train,55,17
20027-2019,20027,2019,55,train,55,17
20027-2020,20027,2020,55,train,55,17
20027-2022,20027,2022,55,train,55,17
20029-2020,20029,2020,55,train,55,17
20029-2021,20029,2021,55,train,55,17
20029-2022,20029,2022,55,train,55,17
20031-2019,20031,2019,55,train,55,17
20031-2020,20031,2020,55,train,55,17
20035-2019,20035,2019,55,train,55,17
20035-2020,20035,2020,55,train,55,17
20035-2021,20035,2021,55,train,55,17
20037-2020,20037,2020,55,train,55,17
20037-2021,20037,2021,55,train,55,17
20039-2020,20039,2020,55,train,55,17
20041-2020,20041,2020,55,train,55,17
20041-2021,20041,2021,55,train,55,17
20043-2020,20043,2020,55,train,55,17
20043-2021,20043,2021,55,train,55,17
20043-2022,20043,2022,55,train,55,17
20045-2019,20045,2019,55,train,55,17
20045-2020,20045,2020,55,train,55,17
20045-2021,20045,2021,55,train,55,17
20047-2019,20047,2019,55,train,55,17
20047-2020,20047,2020,55,train,55,17
20049-2019,20049,2019,55,train,55,17
20053-2019,20053,2019,55,train,55,17
20053-2020,20053,2020,55,train,55,17
20053-2021,20053,2021,55,train,55,17
20055-2019,20055,2019,55,train,55,17
20055-2020,20055,2020,55,train,55,17
20057-2019,20057,2019,55,train,55,17
20057-2020,20057,2020,55,train,55,17
20057-2021,20057,2021,55,train,55,17
20059-2019,20059,2019,55,train,55,17
20059-2020,20059,2020,55,train,55,17
20061-2020,20061,2020,55,train,55,17
20063-2020,20063,2020,55,train,55,17
20063-2021,20063,2021,55,train,55,17
20065-2020,20065,2020,55,train,55,17
20065-2021,20065,2021,55,train,55,17
20067-2019,20067,2019,55,train,55,17
20067-2020,20067,2020,55,train,55,17
20067-2021,20067,2021,55,train,55,17
20069-2020,20069,2020,55,train,55,17
20069-2021,20069,2021,55,train,55,17
20071-2019,20071,2019,55,train,55,17
20071-2020,20071,2020,55,train,55,17
20071-2021,20071,2021,55,train,55,17
20075-2019,20075,2019,55,train,55,17
20079-2019,20079,2019,55,train,55,17
20079-2020,20079,2020,55,train,55,17
20079-2021,20079,2021,55,train,55,17
20081-2019,20081,2019,55,train,55,17
20081-2020,20081,2020,55,train,55,17
20081-2021,20081,2021,55,train,55,17
20083-2020,20083,2020,55,train,55,17
20085-2019,20085,2019,55,train,55,17
20085-2020,20085,2020,55,train,55,17
20087-2019,20087,2019,55,train,55,17
20087-2020,20087,2020,55,train,55,17
20087-2021,20087,2021,55,train,55,17
20089-2020,20089,2020,55,train,55,17
20095-2019,20095,2019,55,train,55,17
20095-2020,20095,2020,55,train,55,17
20095-2021,20095,2021,55,train,55,17
20097-2020,20097,2020,55,train,55,17
20099-2020,20099,2020,55,train,55,17
20099-2021,20099,2021,55,train,55,17
20101-2020,20101,2020,55,train,55,17
20101-2021,20101,2021,55,train,55,17
20103-2019,20103,2019,55,train,55,17
20103-2020,20103,2020,55,train,55,17
20103-2021,20103,2021,55,train,55,17
20105-2019,20105,2019,55,train,55,17
20107-2020,20107,2020,55,train,55,17
20109-2020,20109,2020,55,train,55,17
20109-2021,20109,2021,55,train,55,17
20111-2019,20111,2019,55,train,55,17
20115-2019,20115,2019,55,train,55,17
20115-2020,20115,2020,55,train,55,17
20115-2021,20115,2021,55,train,55,17
20117-2019,20117,2019,55,train,55,17
20117-2022,20117,2022,55,train,55,17
20119-2020,20119,2020,55,train,55,17
20119-2021,20119,2021,55,train,55,17
20121-2019,20121,2019,55,train,55,17
20121-2020,20121,2020,55,train,55,17
20123-2019,20123,2019,55,train,55,17
20123-2020,20123,2020,55,train,55,17
20123-2021,20123,2021,55,train,55,17
20125-2019,20125,2019,55,train,55,17
20125-2020,20125,2020,55,train,55,17
20127-2019,20127,2019,55,train,55,17
20127-2020,20127,2020,55,train,55,17
20127-2021,20127,2021,55,train,55,17
20129-2019,20129,2019,55,train,55,17
20129-2020,20129,2020,55,train,55,17
20129-2021,20129,2021,55,train,55,17
20131-2020,20131,2020,55,train,55,17
20133-2019,20133,2019,55,train,55,17
20133-2020,20133,2020,55,train,55,17
20133-2021,20133,2021,55,train,55,17
20135-2019,20135,2019,55,train,55,17
20135-2020,20135,2020,55,train,55,17
20135-2021,20135,2021,55,train,55,17
20137-2020,20137,2020,55,train,55,17
20137-2021,20137,2021,55,train,55,17
20137-2022,20137,2022,55,train,55,17
20139-2019,20139,2019,55,train,55,17
20139-2020,20139,2020,55,train,55,17
20141-2020,20141,2020,55,train,55,17
20143-2020,20143,2020,55,train,55,17
20145-2020,20145,2020,55,train,55,17
20147-2020,20147,2020,55,train,55,17
20147-2021,20147,2021,55,train,55,17
20147-2022,20147,2022,55,train,55,17
20149-2019,20149,2019,55,train,55,17
20151-2020,20151,2020,55,train,55,17
20153-2019,20153,2019,55,train,55,17
20153-2020,20153,2020,55,train,55,17
20153-2021,20153,2021,55,train,55,17
20155-2019,20155,2019,55,train,55,17
20155-2020,20155,2020,55,train,55,17
20155-2021,20155,2021,55,train,55,17
20157-2020,20157,2020,55,train,55,17
20157-2021,20157,2021,55,train,55,17
20157-2022,20157,2022,55,train,55,17
20159-2020,20159,2020,55,train,55,17
20161-2019,20161,2019,55,train,55,17
20161-2020,20161,2020,55,train,55,17
20161-2022,20161,2022,55,train,55,17
20163-2019,20163,2019,55,train,55,17
20163-2020,20163,2020,55,train,55,17
20169-2020,20169,2020,55,train,55,17
20169-2021,20169,2021,55,train,55,17
20171-2019,20171,2019,55,train,55,17
20171-2020,20171,2020,55,train,55,17
20173-2019,20173,2019,55,train,55,17
20173-2020,20173,2020,55,train,55,17
20175-2020,20175,2020,55,train,55,17
20175-2021,20175,2021,55,train,55,17
20177-2019,20177,2019,55,train,55,17
20177-2020,20177,2020,55,train,55,17
20177-2021,20177,2021,55,train,55,17
20179-2021,20179,2021,55,train,55,17
20181-2019,20181,2019,55,train,55,17
20181-2020,20181,2020,55,train,55,17
20181-2021,20181,2021,55,train,55,17
20183-2020,20183,2020,55,train,55,17
20183-2021,20183,2021,55,train,55,17
20183-2022,20183,2022,55,train,55,17
20185-2020,20185,2020,55,train,55,17
20187-2019,20187,2019,55,train,55,17
20187-2020,20187,2020,55,train,55,17
20189-2020,20189,2020,55,train,55,17
20189-2021,20189,2021,55,train,55,17
20191-2019,20191,2019,55,train,55,17
20191-2020,20191,2020,55,train,55,17
20191-2021,20191,2021,55,train,55,17
20193-2020,20193,2020,55,train,55,17
20195-2020,20195,2020,55,train,55,17
20195-2021,20195,2021,55,train,55,17
20197-2019,20197,2019,55,train,55,17
20201-2020,20201,2020,55,train,55,17
20201-2022,20201,2022,55,train,55,17
20203-2019,20203,2019,55,train,55,17
20203-2020,20203,2020,55,train,55,17
20203-2021,20203,2021,55,train,55,17
20205-2019,20205,2019,55,train,55,17
20205-2020,20205,2020,55,train,55,17
20207-2020,20207,2020,55,train,55,17
21001-2019,21001,2019,55,train,55,17
21001-2020,21001,2020,55,train,55,17
21007-2020,21007,2020,55,train,55,17
21007-2021,21007,2021,55,train,55,17
21009-2020,21009,2020,55,train,55,17
21031-2020,21031,2020,55,train,55,17
21033-2019,21033,2019,55,train,55,17
21033-2020,21033,2020,55,train,55,17
21033-2021,21033,2021,55,train,55,17
21035-2020,21035,2020,55,train,55,17
21035-2021,21035,2021,55,train,55,17
21039-2020,21039,2020,55,train,55,17
21039-2021,21039,2021,55,train,55,17
21047-2019,21047,2019,55,train,55,17
21047-2020,21047,2020,55,train,55,17
21047-2021,21047,2021,55,train,55,17
21055-2020,21055,2020,55,train,55,17
21055-2021,21055,2021,55,train,55,17
21059-2020,21059,2020,55,train,55,17
21059-2022,21059,2022,55,train,55,17
21075-2019,21075,2019,55,train,55,17
21075-2020,21075,2020,55,train,55,17
21075-2021,21075,2021,55,train,55,17
21083-2020,21083,2020,55,train,55,17
21091-2020,21091,2020,55,train,55,17
21093-2019,21093,2019,55,train,55,17
21093-2020,21093,2020,55,train,55,17
21099-2020,21099,2020,55,train,55,17
21101-2019,21101,2019,55,train,55,17
21101-2020,21101,2020,55,train,55,17
21101-2022,21101,2022,55,train,55,17
21103-2020,21103,2020,55,train,55,17
21105-2019,21105,2019,55,train,55,17
21105-2020,21105,2020,55,train,55,17
21105-2021,21105,2021,55,train,55,17
21107-2020,21107,2020,55,train,55,17
21123-2020,21123,2020,55,train,55,17
21139-2019,21139,2019,55,train,55,17
21139-2020,21139,2020,55,train,55,17
21139-2021,21139,2021,55,train,55,17
21141-2020,21141,2020,55,train,55,17
21143-2019,21143,2019,55,train,55,17
21157-2019,21157,2019,55,train,55,17
21157-2020,21157,2020,55,train,55,17
21157-2021,21157,2021,55,train,55,17
21167-2021,21167,2021,55,train,55,17
21169-2020,21169,2020,55,train,55,17
21177-2020,21177,2020,55,train,55,17
21183-2020,21183,2020,55,train,55,17
21211-2020,21211,2020,55,train,55,17
21213-2020,21213,2020,55,train,55,17
21215-2020,21215,2020,55,train,55,17
21219-2020,21219,2020,55,train,55,17
21221-2019,21221,2019,55,train,55,17
21221-2020,21221,2020,55,train,55,17
21221-2021,21221,2021,55,train,55,17
21223-2020,21223,2020,55,train,55,17
21225-2019,21225,2019,55,train,55,17
21225-2020,21225,2020,55,train,55,17
21225-2021,21225,2021,55,train,55,17
21225-2022,21225,2022,55,train,55,17
21227-2020,21227,2020,55,train,55,17
21229-2020,21229,2020,55,train,55,17
21233-2019,21233,2019,55,train,55,17
21233-2020,21233,2020,55,train,55,17
21233-2021,21233,2021,55,train,55,17
26005-2019,26005,2019,55,train,55,17
26005-2020,26005,2020,55,train,55,17
26007-2019,26007,2019,55,train,55,17
26007-2021,26007,2021,55,train,55,17
26011-2019,26011,2019,55,train,55,17
26011-2020,26011,2020,55,train,55,17
26015-2020,26015,2020,55,train,55,17
26021-2020,26021,2020,55,train,55,17
26021-2022,26021,2022,55,train,55,17
26023-2020,26023,2020,55,train,55,17
26023-2022,26023,2022,55,train,55,17
26025-2020,26025,2020,55,train,55,17
26027-2019,26027,2019,55,train,55,17
26027-2020,26027,2020,55,train,55,17
26027-2022,26027,2022,55,train,55,17
26037-2020,26037,2020,55,train,55,17
26045-2020,26045,2020,55,train,55,17
26049-2019,26049,2019,55,train,55,17
26049-2020,26049,2020,55,train,55,17
26051-2020,26051,2020,55,train,55,17
26059-2019,26059,2019,55,train,55,17
26059-2020,26059,2020,55,train,55,17
26059-2022,26059,2022,55,train,55,17
26063-2020,26063,2020,55,train,55,17
26065-2019,26065,2019,55,train,55,17
26065-2020,26065,2020,55,train,55,17
26067-2020,26067,2020,55,train,55,17
26069-2019,26069,2019,55,train,55,17
26069-2020,26069,2020,55,train,55,17
26069-2021,26069,2021,55,train,55,17
26075-2019,26075,2019,55,train,55,17
26075-2020,26075,2020,55,train,55,17
26077-2019,26077,2019,55,train,55,17
26077-2020,26077,2020,55,train,55,17
26081-2019,26081,2019,55,train,55,17
26081-2020,26081,2020,55,train,55,17
26087-2019,26087,2019,55,train,55,17
26087-2020,26087,2020,55,train,55,17
26091-2019,26091,2019,55,train,55,17
26091-2020,26091,2020,55,train,55,17
26099-2020,26099,2020,55,train,55,17
26105-2019,26105,2019,55,train,55,17
26105-2020,26105,2020,55,train,55,17
26107-2020,26107,2020,55,train,55,17
26109-2019,26109,2019,55,train,55,17
26109-2020,26109,2020,55,train,55,17
26115-2019,26115,2019,55,train,55,17
26115-2020,26115,2020,55,train,55,17
26117-2020,26117,2020,55,train,55,17
26121-2020,26121,2020,55,train,55,17
26123-2019,26123,2019,55,train,55,17
26123-2020,26123,2020,55,train,55,17
26127-2019,26127,2019,55,train,55,17
26127-2020,26127,2020,55,train,55,17
26129-2020,26129,2020,55,train,55,17
26139-2020,26139,2020,55,train,55,17
26141-2019,26141,2019,55,train,55,17
26141-2021,26141,2021,55,train,55,17
26151-2019,26151,2019,55,train,55,17
26151-2020,26151,2020,55,train,55,17
26157-2019,26157,2019,55,train,55,17
26157-2020,26157,2020,55,train,55,17
26159-2020,26159,2020,55,train,55,17
26161-2019,26161,2019,55,train,55,17
26161-2020,26161,2020,55,train,55,17
26165-2020,26165,2020,55,train,55,17
27001-2020,27001,2020,55,train,55,17
27005-2019,27005,2019,55,train,55,17
27005-2020,27005,2020,55,train,55,17
27005-2021,27005,2021,55,train,55,17
27007-2020,27007,2020,55,train,55,17
27007-2021,27007,2021,55,train,55,17
27011-2020,27011,2020,55,train,55,17
27011-2021,27011,2021,55,train,55,17
27013-2019,27013,2019,55,train,55,17
27013-2020,27013,2020,55,train,55,17
27013-2021,27013,2021,55,train,55,17
27015-2019,27015,2019,55,train,55,17
27015-2020,27015,2020,55,train,55,17
27015-2021,27015,2021,55,train,55,17
27019-2020,27019,2020,55,train,55,17
27023-2019,27023,2019,55,train,55,17
27023-2021,27023,2021,55,train,55,17
27025-2019,27025,2019,55,train,55,17
27025-2020,27025,2020,55,train,55,17
27027-2021,27027,2021,55,train,55,17
27029-2019,27029,2019,55,train,55,17
27029-2020,27029,2020,55,train,55,17
27029-2021,27029,2021,55,train,55,17
27033-2019,27033,2019,55,train,55,17
27033-2020,27033,2020,55,train,55,17
27033-2021,27033,2021,55,train,55,17
27035-2020,27035,2020,55,train,55,17
27035-2021,27035,2021,55,train,55,17
27037-2020,27037,2020,55,train,55,17
27039-2020,27039,2020,55,train,55,17
27041-2020,27041,2020,55,train,55,17
27041-2021,27041,2021,55,train,55,17
27043-2020,27043,2020,55,train,55,17
27043-2021,27043,2021,55,train,55,17
27043-2022,27043,2022,55,train,55,17
27045-2020,27045,2020,55,train,55,17
27045-2022,27045,2022,55,train,55,17
27047-2020,27047,2020,55,train,55,17
27047-2021,27047,2021,55,train,55,17
27047-2022,27047,2022,55,train,55,17
27049-2020,27049,2020,55,train,55,17
27049-2021,27049,2021,55,train,55,17
27051-2019,27051,2019,55,train,55,17
27051-2020,27051,2020,55,train,55,17
27051-2021,27051,2021,55,train,55,17
27053-2019,27053,2019,55,train,55,17
27053-2020,27053,2020,55,train,55,17
27055-2019,27055,2019,55,train,55,17
27055-2020,27055,2020,55,train,55,17
27055-2021,27055,2021,55,train,55,17
27055-2022,27055,2022,55,train,55,17
27057-2020,27057,2020,55,train,55,17
27057-2021,27057,2021,55,train,55,17
27059-2019,27059,2019,55,train,55,17
27059-2020,27059,2020,55,train,55,17
27063-2019,27063,2019,55,train,55,17
27063-2020,27063,2020,55,train,55,17
27063-2021,27063,2021,55,train,55,17
27063-2022,27063,2022,55,train,55,17
27067-2020,27067,2020,55,train,55,17
27069-2019,27069,2019,55,train,55,17
27069-2020,27069,2020,55,train,55,17
27079-2020,27079,2020,55,train,55,17
27079-2021,27079,2021,55,train,55,17
27081-2019,27081,2019,55,train,55,17
27081-2020,27081,2020,55,train,55,17
27081-2021,27081,2021,55,train,55,17
27083-2019,27083,2019,55,train,55,17
27083-2020,27083,2020,55,train,55,17
27083-2021,27083,2021,55,train,55,17
27087-2020,27087,2020,55,train,55,17
27087-2021,27087,2021,55,train,55,17
27089-2019,27089,2019,55,train,55,17
27089-2020,27089,2020,55,train,55,17
27089-2021,27089,2021,55,train,55,17
27091-2022,27091,2022,55,train,55,17
27093-2019,27093,2019,55,train,55,17
27093-2020,27093,2020,55,train,55,17
27093-2021,27093,2021,55,train,55,17
27097-2019,27097,2019,55,train,55,17
27097-2020,27097,2020,55,train,55,17
27097-2021,27097,2021,55,train,55,17
27099-2020,27099,2020,55,train,55,17
27099-2022,27099,2022,55,train,55,17
27101-2019,27101,2019,55,train,55,17
27101-2020,27101,2020,55,train,55,17
27101-2021,27101,2021,55,train,55,17
27103-2019,27103,2019,55,train,55,17
27105-2019,27105,2019,55,train,55,17
27105-2020,27105,2020,55,train,55,17
27105-2021,27105,2021,55,train,55,17
27105-2022,27105,2022,55,train,55,17
27107-2020,27107,2020,55,train,55,17
27109-2020,27109,2020,55,train,55,17
27111-2019,27111,2019,55,train,55,17
27111-2020,27111,2020,55,train,55,17
27111-2021,27111,2021,55,train,55,17
27115-2019,27115,2019,55,train,55,17
27115-2020,27115,2020,55,train,55,17
27117-2021,27117,2021,55,train,55,17
27119-2020,27119,2020,55,train,55,17
27119-2021,27119,2021,55,train,55,17
27121-2019,27121,2019,55,train,55,17
27121-2020,27121,2020,55,train,55,17
27121-2021,27121,2021,55,train,55,17
27125-2020,27125,2020,55,train,55,17
27125-2021,27125,2021,55,train,55,17
27127-2019,27127,2019,55,train,55,17
27127-2020,27127,2020,55,train,55,17
27127-2021,27127,2021,55,train,55,17
27129-2019,27129,2019,55,train,55,17
27129-2020,27129,2020,55,train,55,17
27129-2021,27129,2021,55,train,55,17
27131-2020,27131,2020,55,train,55,17
27131-2021,27131,2021,55,train,55,17
27133-2019,27133,2019,55,train,55,17
27133-2020,27133,2020,55,train,55,17
27133-2021,27133,2021,55,train,55,17
27133-2022,27133,2022,55,train,55,17
27135-2019,27135,2019,55,train,55,17
27135-2020,27135,2020,55,train,55,17
27135-2021,27135,2021,55,train,55,17
27139-2020,27139,2020,55,train,55,17
27143-2019,27143,2019,55,train,55,17
27145-2019,27145,2019,55,train,55,17
27145-2020,27145,2020,55,train,55,17
27145-2021,27145,2021,55,train,55,17
27147-2020,27147,2020,55,train,55,17
27147-2021,27147,2021,55,train,55,17
27149-2019,27149,2019,55,train,55,17
27149-2020,27149,2020,55,train,55,17
27149-2021,27149,2021,55,train,55,17
27151-2019,27151,2019,55,train,55,17
27151-2020,27151,2020,55,train,55,17
27153-2019,27153,2019,55,train,55,17
27153-2020,27153,2020,55,train,55,17
27153-2021,27153,2021,55,train,55,17
27155-2020,27155,2020,55,train,55,17
27155-2021,27155,2021,55,train,55,17
27157-2020,27157,2020,55,train,55,17
27159-2019,27159,2019,55,train,55,17
27159-2020,27159,2020,55,train,55,17
27159-2021,27159,2021,55,train,55,17
27161-2020,27161,2020,55,train,55,17
27161-2021,27161,2021,55,train,55,17
27163-2019,27163,2019,55,train,55,17
27163-2020,27163,2020,55,train,55,17
27167-2020,27167,2020,55,train,55,17
27167-2021,27167,2021,55,train,55,17
27169-2019,27169,2019,55,train,55,17
27169-2020,27169,2020,55,train,55,17
27169-2021,27169,2021,55,train,55,17
27173-2019,27173,2019,55,train,55,17
27173-2020,27173,2020,55,train,55,17
29001-2019,29001,2019,55,train,55,17
29001-2020,29001,2020,55,train,55,17
29001-2021,29001,2021,55,train,55,17
29003-2020,29003,2020,55,train,55,17
29005-2020,29005,2020,55,train,55,17
29005-2022,29005,2022,55,train,55,17
29007-2020,29007,2020,55,train,55,17
29011-2019,29011,2019,55,train,55,17
29013-2019,29013,2019,55,train,55,17
29015-2020,29015,2020,55,train,55,17
29017-2019,29017,2019,55,train,55,17
29017-2020,29017,2020,55,train,55,17
29017-2021,29017,2021,55,train,55,17
29019-2020,29019,2020,55,train,55,17
29021-2020,29021,2020,55,train,55,17
29021-2021,29021,2021,55,train,55,17
29021-2022,29021,2022,55,train,55,17
29023-2019,29023,2019,55,train,55,17
29023-2020,29023,2020,55,train,55,17
29023-2021,29023,2021,55,train,55,17
29025-2021,29025,2021,55,train,55,17
29027-2020,29027,2020,55,train,55,17
29031-2020,29031,2020,55,train,55,17
29031-2021,29031,2021,55,train,55,17
29037-2020,29037,2020,55,train,55,17
29037-2021,29037,2021,55,train,55,17
29039-2019,29039,2019,55,train,55,17
29039-2021,29039,2021,55,train,55,17
29041-2020,29041,2020,55,train,55,17
29045-2020,29045,2020,55,train,55,17
29047-2020,29047,2020,55,train,55,17
29047-2021,29047,2021,55,train,55,17
29049-2019,29049,2019,55,train,55,17
29049-2020,29049,2020,55,train,55,17
29049-2021,29049,2021,55,train,55,17
29051-2020,29051,2020,55,train,55,17
29053-2020,29053,2020,55,train,55,17
29053-2021,29053,2021,55,train,55,17
29057-2019,29057,2019,55,train,55,17
29061-2020,29061,2020,55,train,55,17
29061-2021,29061,2021,55,train,55,17
29069-2019,29069,2019,55,train,55,17
29069-2020,29069,2020,55,train,55,17
29069-2021,29069,2021,55,train,55,17
29071-2020,29071,2020,55,train,55,17
29073-2020,29073,2020,55,train,55,17
29075-2020,29075,2020,55,train,55,17
29081-2020,29081,2020,55,train,55,17
29081-2021,29081,2021,55,train,55,17
29083-2021,29083,2021,55,train,55,17
29087-2020,29087,2020,55,train,55,17
29089-2020,29089,2020,55,train,55,17
29089-2021,29089,2021,55,train,55,17
29095-2019,29095,2019,55,train,55,17
29095-2020,29095,2020,55,train,55,17
29101-2021,29101,2021,55,train,55,17
29103-2020,29103,2020,55,train,55,17
29109-2020,29109,2020,55,train,55,17
29109-2021,29109,2021,55,train,55,17
29111-2020,29111,2020,55,train,55,17
29111-2022,29111,2022,55,train,55,17
29113-2020,29113,2020,55,train,55,17
29113-2022,29113,2022,55,train,55,17
29115-2020,29115,2020,55,train,55,17
29115-2021,29115,2021,55,train,55,17
29121-2020,29121,2020,55,train,55,17
29127-2019,29127,2019,55,train,55,17
29127-2020,29127,2020,55,train,55,17
29127-2021,29127,2021,55,train,55,17
29127-2022,29127,2022,55,train,55,17
29133-2019,29133,2019,55,train,55,17
29133-2020,29133,2020,55,train,55,17
29133-2021,29133,2021,55,train,55,17
29135-2020,29135,2020,55,train,55,17
29137-2020,29137,2020,55,train,55,17
29137-2021,29137,2021,55,train,55,17
29139-2020,29139,2020,55,train,55,17
29141-2019,29141,2019,55,train,55,17
29141-2020,29141,2020,55,train,55,17
29143-2019,29143,2019,55,train,55,17
29145-2019,29145,2019,55,train,55,17
29145-2020,29145,2020,55,train,55,17
29145-2021,29145,2021,55,train,55,17
29151-2020,29151,2020,55,train,55,17
29155-2020,29155,2020,55,train,55,17
29155-2021,29155,2021,55,train,55,17
29157-2020,29157,2020,55,train,55,17
29157-2021,29157,2021,55,train,55,17
29157-2022,29157,2022,55,train,55,17
29159-2020,29159,2020,55,train,55,17
29163-2020,29163,2020,55,train,55,17
29163-2022,29163,2022,55,train,55,17
29165-2019,29165,2019,55,train,55,17
29165-2020,29165,2020,55,train,55,17
29165-2021,29165,2021,55,train,55,17
29173-2019,29173,2019,55,train,55,17
29173-2020,29173,2020,55,train,55,17
29173-2022,29173,2022,55,train,55,17
29175-2020,29175,2020,55,train,55,17
29195-2020,29195,2020,55,train,55,17
29197-2022,29197,2022,55,train,55,17
29199-2020,29199,2020,55,train,55,17
29199-2022,29199,2022,55,train,55,17
29201-2019,29201,2019,55,train,55,17
29201-2020,29201,2020,55,train,55,17
29201-2021,29201,2021,55,train,55,17
29205-2020,29205,2020,55,train,55,17
29205-2021,29205,2021,55,train,55,17
29207-2019,29207,2019,55,train,55,17
29207-2020,29207,2020,55,train,55,17
29207-2021,29207,2021,55,train,55,17
29211-2020,29211,2020,55,train,55,17
29219-2020,29219,2020,55,train,55,17
29227-2020,29227,2020,55,train,55,17
29227-2021,29227,2021,55,train,55,17
29227-2022,29227,2022,55,train,55,17
31001-2019,31001,2019,55,train,55,17
31001-2020,31001,2020,55,train,55,17
31001-2022,31001,2022,55,train,55,17
31011-2019,31011,2019,55,train,55,17
31011-2022,31011,2022,55,train,55,17
31013-2019,31013,2019,55,train,55,17
31013-2020,31013,2020,55,train,55,17
31013-2021,31013,2021,55,train,55,17
31015-2020,31015,2020,55,train,55,17
31015-2022,31015,2022,55,train,55,17
31017-2020,31017,2020,55,train,55,17
31017-2021,31017,2021,55,train,55,17
31019-2019,31019,2019,55,train,55,17
31019-2020,31019,2020,55,train,55,17
31019-2022,31019,2022,55,train,55,17
31021-2019,31021,2019,55,train,55,17
31021-2022,31021,2022,55,train,55,17
31023-2019,31023,2019,55,train,55,17
31023-2020,31023,2020,55,train,55,17
31023-2022,31023,2022,55,train,55,17
31025-2019,31025,2019,55,train,55,17
31025-2020,31025,2020,55,train,55,17
31025-2022,31025,2022,55,train,55,17
31027-2021,31027,2021,55,train,55,17
31027-2022,31027,2022,55,train,55,17
31029-2019,31029,2019,55,train,55,17
31029-2020,31029,2020,55,train,55,17
31029-2021,31029,2021,55,train,55,17
31031-2021,31031,2021,55,train,55,17
31033-2020,31033,2020,55,train,55,17
31035-2019,31035,2019,55,train,55,17
31035-2020,31035,2020,55,train,55,17
31035-2022,31035,2022,55,train,55,17
31037-2019,31037,2019,55,train,55,17
31037-2020,31037,2020,55,train,55,17
31037-2022,31037,2022,55,train,55,17
31039-2022,31039,2022,55,train,55,17
31041-2019,31041,2019,55,train,55,17
31041-2020,31041,2020,55,train,55,17
31043-2020,31043,2020,55,train,55,17
31043-2021,31043,2021,55,train,55,17
31043-2022,31043,2022,55,train,55,17
31045-2020,31045,2020,55,train,55,17
31047-2019,31047,2019,55,train,55,17
31047-2020,31047,2020,55,train,55,17
31047-2022,31047,2022,55,train,55,17
31049-2019,31049,2019,55,train,55,17
31049-2020,31049,2020,55,train,55,17
31051-2020,31051,2020,55,train,55,17
31053-2019,31053,2019,55,train,55,17
31053-2020,31053,2020,55,train,55,17
31053-2022,31053,2022,55,train,55,17
31055-2019,31055,2019,55,train,55,17
31055-2020,31055,2020,55,train,55,17
31055-2022,31055,2022,55,train,55,17
31057-2020,31057,2020,55,train,55,17
31057-2021,31057,2021,55,train,55,17
31059-2019,31059,2019,55,train,55,17
31059-2020,31059,2020,55,train,55,17
31059-2022,31059,2022,55,train,55,17
31061-2019,31061,2019,55,train,55,17
31061-2020,31061,2020,55,train,55,17
31061-2021,31061,2021,55,train,55,17
31061-2022,31061,2022,55,train,55,17
31063-2019,31063,2019,55,train,55,17
31063-2020,31063,2020,55,train,55,17
31063-2021,31063,2021,55,train,55,17
31063-2022,31063,2022,55,train,55,17
31065-2019,31065,2019,55,train,55,17
31065-2020,31065,2020,55,train,55,17
31065-2021,31065,2021,55,train,55,17
31065-2022,31065,2022,55,train,55,17
31067-2019,31067,2019,55,train,55,17
31067-2020,31067,2020,55,train,55,17
31067-2022,31067,2022,55,train,55,17
31069-2020,31069,2020,55,train,55,17
31071-2019,31071,2019,55,train,55,17
31071-2020,31071,2020,55,train,55,17
31071-2021,31071,2021,55,train,55,17
31071-2022,31071,2022,55,train,55,17
31073-2020,31073,2020,55,train,55,17
31073-2021,31073,2021,55,train,55,17
31073-2022,31073,2022,55,train,55,17
31077-2019,31077,2019,55,train,55,17
31077-2020,31077,2020,55,train,55,17
31077-2021,31077,2021,55,train,55,17
31077-2022,31077,2022,55,train,55,17
31079-2019,31079,2019,55,train,55,17
31079-2022,31079,2022,55,train,55,17
31081-2019,31081,2019,55,train,55,17
31081-2022,31081,2022,55,train,55,17
31083-2019,31083,2019,55,train,55,17
31083-2020,31083,2020,55,train,55,17
31083-2021,31083,2021,55,train,55,17
31083-2022,31083,2022,55,train,55,17
31085-2019,31085,2019,55,train,55,17
31085-2020,31085,2020,55,train,55,17
31085-2021,31085,2021,55,train,55,17
31087-2020,31087,2020,55,train,55,17
31089-2019,31089,2019,55,train,55,17
31089-2020,31089,2020,55,train,55,17
31089-2022,31089,2022,55,train,55,17
31093-2019,31093,2019,55,train,55,17
31093-2020,31093,2020,55,train,55,17
31093-2021,31093,2021,55,train,55,17
31093-2022,31093,2022,55,train,55,17
31095-2019,31095,2019,55,train,55,17
31095-2020,31095,2020,55,train,55,17
31095-2022,31095,2022,55,train,55,17
31097-2020,31097,2020,55,train,55,17
31097-2022,31097,2022,55,train,55,17
31099-2019,31099,2019,55,train,55,17
31099-2020,31099,2020,55,train,55,17
31099-2022,31099,2022,55,train,55,17
31101-2020,31101,2020,55,train,55,17
31101-2021,31101,2021,55,train,55,17
31103-2020,31103,2020,55,train,55,17
31107-2020,31107,2020,55,train,55,17
31107-2021,31107,2021,55,train,55,17
31107-2022,31107,2022,55,train,55,17
31109-2019,31109,2019,55,train,55,17
31109-2020,31109,2020,55,train,55,17
31109-2022,31109,2022,55,train,55,17
31111-2019,31111,2019,55,train,55,17
31111-2020,31111,2020,55,train,55,17
31111-2021,31111,2021,55,train,55,17
31111-2022,31111,2022,55,train,55,17
31113-2019,31113,2019,55,train,55,17
31113-2020,31113,2020,55,train,55,17
31115-2020,31115,2020,55,train,55,17
31119-2022,31119,2022,55,train,55,17
31121-2019,31121,2019,55,train,55,17
31123-2019,31123,2019,55,train,55,17
31123-2020,31123,2020,55,train,55,17
31123-2021,31123,2021,55,train,55,17
31125-2019,31125,2019,55,train,55,17
31125-2020,31125,2020,55,train,55,17
31125-2022,31125,2022,55,train,55,17
31127-2020,31127,2020,55,train,55,17
31127-2022,31127,2022,55,train,55,17
31129-2020,31129,2020,55,train,55,17
31129-2022,31129,2022,55,train,55,17
31131-2019,31131,2019,55,train,55,17
31131-2020,31131,2020,55,train,55,17
31131-2022,31131,2022,55,train,55,17
31135-2019,31135,2019,55,train,55,17
31135-2020,31135,2020,55,train,55,17
31135-2021,31135,2021,55,train,55,17
31137-2019,31137,2019,55,train,55,17
31137-2020,31137,2020,55,train,55,17
31137-2021,31137,2021,55,train,55,17
31137-2022,31137,2022,55,train,55,17
31139-2020,31139,2020,55,train,55,17
31139-2021,31139,2021,55,train,55,17
31139-2022,31139,2022,55,train,55,17
31141-2019,31141,2019,55,train,55,17
31141-2020,31141,2020,55,train,55,17
31141-2021,31141,2021,55,train,55,17
31141-2022,31141,2022,55,train,55,17
31143-2020,31143,2020,55,train,55,17
31143-2022,31143,2022,55,train,55,17
31145-2019,31145,2019,55,train,55,17
31145-2020,31145,2020,55,train,55,17
31145-2021,31145,2021,55,train,55,17
31147-2020,31147,2020,55,train,55,17
31147-2022,31147,2022,55,train,55,17
31149-2019,31149,2019,55,train,55,17
31149-2020,31149,2020,55,train,55,17
31149-2021,31149,2021,55,train,55,17
31151-2019,31151,2019,55,train,55,17
31151-2020,31151,2020,55,train,55,17
31151-2022,31151,2022,55,train,55,17
31153-2020,31153,2020,55,train,55,17
31153-2022,31153,2022,55,train,55,17
31155-2019,31155,2019,55,train,55,17
31155-2020,31155,2020,55,train,55,17
31155-2022,31155,2022,55,train,55,17
31157-2019,31157,2019,55,train,55,17
31157-2020,31157,2020,55,train,55,17
31157-2021,31157,2021,55,train,55,17
31159-2019,31159,2019,55,train,55,17
31159-2020,31159,2020,55,train,55,17
31159-2022,31159,2022,55,train,55,17
31161-2020,31161,2020,55,train,55,17
31161-2021,31161,2021,55,train,55,17
31163-2019,31163,2019,55,train,55,17
31163-2020,31163,2020,55,train,55,17
31163-2021,31163,2021,55,train,55,17
31163-2022,31163,2022,55,train,55,17
31165-2019,31165,2019,55,train,55,17
31165-2020,31165,2020,55,train,55,17
31165-2021,31165,2021,55,train,55,17
31167-2019,31167,2019,55,train,55,17
31167-2022,31167,2022,55,train,55,17
31169-2019,31169,2019,55,train,55,17
31169-2020,31169,2020,55,train,55,17
31169-2021,31169,2021,55,train,55,17
31169-2022,31169,2022,55,train,55,17
31173-2019,31173,2019,55,train,55,17
31173-2022,31173,2022,55,train,55,17
31175-2019,31175,2019,55,train,55,17
31175-2020,31175,2020,55,train,55,17
31175-2021,31175,2021,55,train,55,17
31175-2022,31175,2022,55,train,55,17
31177-2019,31177,2019,55,train,55,17
31177-2020,31177,2020,55,train,55,17
31177-2022,31177,2022,55,train,55,17
31179-2019,31179,2019,55,train,55,17
31179-2021,31179,2021,55,train,55,17
31179-2022,31179,2022,55,train,55,17
31181-2020,31181,2020,55,train,55,17
31181-2022,31181,2022,55,train,55,17
31183-2020,31183,2020,55,train,55,17
31185-2019,31185,2019,55,train,55,17
31185-2020,31185,2020,55,train,55,17
31185-2022,31185,2022,55,train,55,17
38001-2020,38001,2020,55,train,55,17
38001-2021,38001,2021,55,train,55,17
38003-2020,38003,2020,55,train,55,17
38003-2021,38003,2021,55,train,55,17
38005-2020,38005,2020,55,train,55,17
38005-2021,38005,2021,55,train,55,17
38007-2020,38007,2020,55,train,55,17
38007-2021,38007,2021,55,train,55,17
38009-2020,38009,2020,55,train,55,17
38009-2021,38009,2021,55,train,55,17
38011-2020,38011,2020,55,train,55,17
38015-2019,38015,2019,55,train,55,17
38015-2020,38015,2020,55,train,55,17
38017-2019,38017,2019,55,train,55,17
38017-2020,38017,2020,55,train,55,17
38017-2021,38017,2021,55,train,55,17
38021-2020,38021,2020,55,train,55,17
38021-2021,38021,2021,55,train,55,17
38025-2020,38025,2020,55,train,55,17
38025-2021,38025,2021,55,train,55,17
38027-2020,38027,2020,55,train,55,17
38027-2021,38027,2021,55,train,55,17
38029-2020,38029,2020,55,train,55,17
38029-2021,38029,2021,55,train,55,17
38031-2020,38031,2020,55,train,55,17
38031-2021,38031,2021,55,train,55,17
38033-2021,38033,2021,55,train,55,17
38035-2019,38035,2019,55,train,55,17
38035-2020,38035,2020,55,train,55,17
38035-2021,38035,2021,55,train,55,17
38037-2020,38037,2020,55,train,55,17
38037-2021,38037,2021,55,train,55,17
38041-2019,38041,2019,55,train,55,17
38041-2020,38041,2020,55,train,55,17
38041-2021,38041,2021,55,train,55,17
38043-2019,38043,2019,55,train,55,17
38043-2020,38043,2020,55,train,55,17
38043-2021,38043,2021,55,train,55,17
38047-2020,38047,2020,55,train,55,17
38047-2021,38047,2021,55,train,55,17
38057-2020,38057,2020,55,train,55,17
38057-2021,38057,2021,55,train,55,17
38059-2020,38059,2020,55,train,55,17
38061-2019,38061,2019,55,train,55,17
38061-2020,38061,2020,55,train,55,17
38063-2020,38063,2020,55,train,55,17
38065-2020,38065,2020,55,train,55,17
38067-2020,38067,2020,55,train,55,17
38067-2021,38067,2021,55,train,55,17
38069-2020,38069,2020,55,train,55,17
38069-2021,38069,2021,55,train,55,17
38071-2020,38071,2020,55,train,55,17
38071-2021,38071,2021,55,train,55,17
38073-2020,38073,2020,55,train,55,17
38073-2021,38073,2021,55,train,55,17
38075-2020,38075,2020,55,train,55,17
38075-2021,38075,2021,55,train,55,17
38077-2019,38077,2019,55,train,55,17
38077-2020,38077,2020,55,train,55,17
38077-2021,38077,2021,55,train,55,17
38079-2021,38079,2021,55,train,55,17
38081-2019,38081,2019,55,train,55,17
38081-2020,38081,2020,55,train,55,17
38081-2021,38081,2021,55,train,55,17
38083-2019,38083,2019,55,train,55,17
38083-2020,38083,2020,55,train,55,17
38087-2019,38087,2019,55,train,55,17
38087-2020,38087,2020,55,train,55,17
38087-2021,38087,2021,55,train,55,17
38089-2020,38089,2020,55,train,55,17
38089-2021,38089,2021,55,train,55,17
38091-2019,38091,2019,55,train,55,17
38091-2020,38091,2020,55,train,55,17
38091-2021,38091,2021,55,train,55,17
38093-2019,38093,2019,55,train,55,17
38093-2020,38093,2020,55,train,55,17
38093-2021,38093,2021,55,train,55,17
38095-2020,38095,2020,55,train,55,17
38095-2021,38095,2021,55,train,55,17
38097-2020,38097,2020,55,train,55,17
38099-2020,38099,2020,55,train,55,17
38099-2021,38099,2021,55,train,55,17
38101-2019,38101,2019,55,train,55,17
38101-2020,38101,2020,55,train,55,17
38101-2021,38101,2021,55,train,55,17
38103-2020,38103,2020,55,train,55,17
38103-2021,38103,2021,55,train,55,17
38105-2021,38105,2021,55,train,55,17
39001-2020,39001,2020,55,train,55,17
39001-2022,39001,2022,55,train,55,17
39003-2020,39003,2020,55,train,55,17
39003-2022,39003,2022,55,train,55,17
39005-2019,39005,2019,55,train,55,17
39005-2020,39005,2020,55,train,55,17
39005-2021,39005,2021,55,train,55,17
39007-2019,39007,2019,55,train,55,17
39007-2021,39007,2021,55,train,55,17
39011-2019,39011,2019,55,train,55,17
39011-2020,39011,2020,55,train,55,17
39011-2021,39011,2021,55,train,55,17
39011-2022,39011,2022,55,train,55,17
39015-2022,39015,2022,55,train,55,17
39017-2020,39017,2020,55,train,55,17
39017-2022,39017,2022,55,train,55,17
39021-2019,39021,2019,55,train,55,17
39021-2020,39021,2020,55,train,55,17
39021-2022,39021,2022,55,train,55,17
39023-2022,39023,2022,55,train,55,17
39025-2022,39025,2022,55,train,55,17
39027-2022,39027,2022,55,train,55,17
39029-2019,39029,2019,55,train,55,17
39031-2019,39031,2019,55,train,55,17
39031-2020,39031,2020,55,train,55,17
39031-2021,39031,2021,55,train,55,17
39031-2022,39031,2022,55,train,55,17
39033-2022,39033,2022,55,train,55,17
39037-2019,39037,2019,55,train,55,17
39037-2020,39037,2020,55,train,55,17
39037-2021,39037,2021,55,train,55,17
39037-2022,39037,2022,55,train,55,17
39039-2019,39039,2019,55,train,55,17
39039-2020,39039,2020,55,train,55,17
39039-2022,39039,2022,55,train,55,17
39041-2022,39041,2022,55,train,55,17
39043-2020,39043,2020,55,train,55,17
39043-2022,39043,2022,55,train,55,17
39045-2019,39045,2019,55,train,55,17
39045-2020,39045,2020,55,train,55,17
39045-2022,39045,2022,55,train,55,17
39047-2020,39047,2020,55,train,55,17
39047-2022,39047,2022,55,train,55,17
39049-2022,39049,2022,55,train,55,17
39051-2019,39051,2019,55,train,55,17
39051-2020,39051,2020,55,train,55,17
39051-2022,39051,2022,55,train,55,17
39053-2019,39053,2019,55,train,55,17
39053-2020,39053,2020,55,train,55,17
39053-2021,39053,2021,55,train,55,17
39057-2022,39057,2022,55,train,55,17
39061-2020,39061,2020,55,train,55,17
39063-2020,39063,2020,55,train,55,17
39063-2022,39063,2022,55,train,55,17
39065-2019,39065,2019,55,train,55,17
39065-2020,39065,2020,55,train,55,17
39065-2021,39065,2021,55,train,55,17
39065-2022,39065,2022,55,train,55,17
39069-2020,39069,2020,55,train,55,17
39069-2022,39069,2022,55,train,55,17
39071-2022,39071,2022,55,train,55,17
39075-2019,39075,2019,55,train,55,17
39075-2020,39075,2020,55,train,55,17
39075-2021,39075,2021,55,train,55,17
39075-2022,39075,2022,55,train,55,17
39077-2022,39077,2022,55,train,55,17
39079-2022,39079,2022,55,train,55,17
39083-2019,39083,2019,55,train,55,17
39083-2020,39083,2020,55,train,55,17
39083-2021,39083,2021,55,train,55,17
39083-2022,39083,2022,55,train,55,17
39089-2020,39089,2020,55,train,55,17
39089-2021,39089,2021,55,train,55,17
39089-2022,39089,2022,55,train,55,17
39091-2019,39091,2019,55,train,55,17
39091-2020,39091,2020,55,train,55,17
39091-2021,39091,2021,55,train,55,17
39091-2022,39091,2022,55,train,55,17
39093-2020,39093,2020,55,train,55,17
39093-2021,39093,2021,55,train,55,17
39093-2022,39093,2022,55,train,55,17
39095-2019,39095,2019,55,train,55,17
39095-2020,39095,2020,55,train,55,17
39095-2022,39095,2022,55,train,55,17
39097-2020,39097,2020,55,train,55,17
39097-2022,39097,2022,55,train,55,17
39099-2019,39099,2019,55,train,55,17
39101-2019,39101,2019,55,train,55,17
39101-2020,39101,2020,55,train,55,17
39101-2022,39101,2022,55,train,55,17
39103-2019,39103,2019,55,train,55,17
39103-2020,39103,2020,55,train,55,17
39103-2021,39103,2021,55,train,55,17
39103-2022,39103,2022,55,train,55,17
39107-2019,39107,2019,55,train,55,17
39107-2020,39107,2020,55,train,55,17
39107-2021,39107,2021,55,train,55,17
39107-2022,39107,2022,55,train,55,17
39109-2019,39109,2019,55,train,55,17
39109-2020,39109,2020,55,train,55,17
39109-2022,39109,2022,55,train,55,17
39113-2019,39113,2019,55,train,55,17
39117-2022,39117,2022,55,train,55,17
39119-2019,39119,2019,55,train,55,17
39119-2020,39119,2020,55,train,55,17
39119-2021,39119,2021,55,train,55,17
39119-2022,39119,2022,55,train,55,17
39123-2020,39123,2020,55,train,55,17
39123-2022,39123,2022,55,train,55,17
39125-2020,39125,2020,55,train,55,17
39125-2022,39125,2022,55,train,55,17
39127-2020,39127,2020,55,train,55,17
39127-2021,39127,2021,55,train,55,17
39129-2019,39129,2019,55,train,55,17
39129-2020,39129,2020,55,train,55,17
39129-2021,39129,2021,55,train,55,17
39129-2022,39129,2022,55,train,55,17
39131-2019,39131,2019,55,train,55,17
39131-2021,39131,2021,55,train,55,17
39131-2022,39131,2022,55,train,55,17
39133-2019,39133,2019,55,train,55,17
39133-2021,39133,2021,55,train,55,17
39135-2019,39135,2019,55,train,55,17
39135-2020,39135,2020,55,train,55,17
39135-2021,39135,2021,55,train,55,17
39135-2022,39135,2022,55,train,55,17
39137-2019,39137,2019,55,train,55,17
39137-2020,39137,2020,55,train,55,17
39137-2022,39137,2022,55,train,55,17
39139-2019,39139,2019,55,train,55,17
39139-2020,39139,2020,55,train,55,17
39139-2022,39139,2022,55,train,55,17
39141-2019,39141,2019,55,train,55,17
39141-2021,39141,2021,55,train,55,17
39141-2022,39141,2022,55,train,55,17
39143-2019,39143,2019,55,train,55,17
39143-2020,39143,2020,55,train,55,17
39143-2022,39143,2022,55,train,55,17
39145-2019,39145,2019,55,train,55,17
39145-2020,39145,2020,55,train,55,17
39145-2021,39145,2021,55,train,55,17
39147-2019,39147,2019,55,train,55,17
39147-2020,39147,2020,55,train,55,17
39147-2022,39147,2022,55,train,55,17
39149-2019,39149,2019,55,train,55,17
39149-2020,39149,2020,55,train,55,17
39149-2022,39149,2022,55,train,55,17
39151-2019,39151,2019,55,train,55,17
39151-2020,39151,2020,55,train,55,17
39151-2021,39151,2021,55,train,55,17
39155-2019,39155,2019,55,train,55,17
39157-2019,39157,2019,55,train,55,17
39157-2020,39157,2020,55,train,55,17
39157-2021,39157,2021,55,train,55,17
39159-2019,39159,2019,55,train,55,17
39159-2022,39159,2022,55,train,55,17
39161-2019,39161,2019,55,train,55,17
39161-2020,39161,2020,55,train,55,17
39161-2022,39161,2022,55,train,55,17
39165-2019,39165,2019,55,train,55,17
39165-2020,39165,2020,55,train,55,17
39165-2022,39165,2022,55,train,55,17
39167-2019,39167,2019,55,train,55,17
39167-2020,39167,2020,55,train,55,17
39167-2021,39167,2021,55,train,55,17
39169-2019,39169,2019,55,train,55,17
39169-2020,39169,2020,55,train,55,17
39169-2021,39169,2021,55,train,55,17
39169-2022,39169,2022,55,train,55,17
39171-2019,39171,2019,55,train,55,17
39171-2020,39171,2020,55,train,55,17
39171-2022,39171,2022,55,train,55,17
39173-2020,39173,2020,55,train,55,17
39173-2022,39173,2022,55,train,55,17
39175-2019,39175,2019,55,train,55,17
39175-2020,39175,2020,55,train,55,17
39175-2022,39175,2022,55,train,55,17
46003-2020,46003,2020,55,train,55,17
46003-2021,46003,2021,55,train,55,17
46005-2020,46005,2020,55,train,55,17
46005-2021,46005,2021,55,train,55,17
46007-2020,46007,2020,55,train,55,17
46007-2021,46007,2021,55,train,55,17
46009-2020,46009,2020,55,train,55,17
46009-2021,46009,2021,55,train,55,17
46009-2022,46009,2022,55,train,55,17
46011-2020,46011,2020,55,train,55,17
46011-2021,46011,2021,55,train,55,17
46013-2020,46013,2020,55,train,55,17
46013-2021,46013,2021,55,train,55,17
46015-2020,46015,2020,55,train,55,17
46015-2021,46015,2021,55,train,55,17
46017-2020,46017,2020,55,train,55,17
46017-2021,46017,2021,55,train,55,17
46019-2020,46019,2020,55,train,55,17
46019-2021,46019,2021,55,train,55,17
46021-2020,46021,2020,55,train,55,17
46021-2021,46021,2021,55,train,55,17
46023-2020,46023,2020,55,train,55,17
46023-2021,46023,2021,55,train,55,17
46023-2022,46023,2022,55,train,55,17
46025-2020,46025,2020,55,train,55,17
46025-2021,46025,2021,55,train,55,17
46027-2020,46027,2020,55,train,55,17
46027-2021,46027,2021,55,train,55,17
46027-2022,46027,2022,55,train,55,17
46029-2020,46029,2020,55,train,55,17
46029-2021,46029,2021,55,train,55,17
46031-2020,46031,2020,55,train,55,17
46031-2021,46031,2021,55,train,55,17
46035-2020,46035,2020,55,train,55,17
46037-2020,46037,2020,55,train,55,17
46037-2021,46037,2021,55,train,55,17
46039-2020,46039,2020,55,train,55,17
46041-2020,46041,2020,55,train,55,17
46043-2020,46043,2020,55,train,55,17
46043-2021,46043,2021,55,train,55,17
46045-2019,46045,2019,55,train,55,17
46045-2020,46045,2020,55,train,55,17
46049-2020,46049,2020,55,train,55,17
46049-2021,46049,2021,55,train,55,17
46051-2020,46051,2020,55,train,55,17
46051-2021,46051,2021,55,train,55,17
46053-2020,46053,2020,55,train,55,17
46053-2021,46053,2021,55,train,55,17
46057-2020,46057,2020,55,train,55,17
46057-2021,46057,2021,55,train,55,17
46059-2020,46059,2020,55,train,55,17
46059-2021,46059,2021,55,train,55,17
46061-2020,46061,2020,55,train,55,17
46061-2021,46061,2021,55,train,55,17
46063-2021,46063,2021,55,train,55,17
46065-2020,46065,2020,55,train,55,17
46065-2021,46065,2021,55,train,55,17
46067-2020,46067,2020,55,train,55,17
46067-2021,46067,2021,55,train,55,17
46069-2020,46069,2020,55,train,55,17
46073-2020,46073,2020,55,train,55,17
46073-2021,46073,2021,55,train,55,17
46075-2020,46075,2020,55,train,55,17
46077-2020,46077,2020,55,train,55,17
46077-2021,46077,2021,55,train,55,17
46079-2020,46079,2020,55,train,55,17
46079-2021,46079,2021,55,train,55,17
46083-2019,46083,2019,55,train,55,17
46083-2020,46083,2020,55,train,55,17
46083-2021,46083,2021,55,train,55,17
46083-2022,46083,2022,55,train,55,17
46085-2019,46085,2019,55,train,55,17
46085-2020,46085,2020,55,train,55,17
46085-2021,46085,2021,55,train,55,17
46091-2020,46091,2020,55,train,55,17
46091-2021,46091,2021,55,train,55,17
46093-2021,46093,2021,55,train,55,17
46095-2020,46095,2020,55,train,55,17
46097-2020,46097,2020,55,train,55,17
46097-2021,46097,2021,55,train,55,17
46099-2019,46099,2019,55,train,55,17
46099-2020,46099,2020,55,train,55,17
46099-2022,46099,2022,55,train,55,17
46101-2020,46101,2020,55,train,55,17
46102-2020,46102,2020,55,train,55,17
46102-2021,46102,2021,55,train,55,17
46103-2021,46103,2021,55,train,55,17
46107-2020,46107,2020,55,train,55,17
46107-2021,46107,2021,55,train,55,17
46109-2020,46109,2020,55,train,55,17
46111-2020,46111,2020,55,train,55,17
46111-2021,46111,2021,55,train,55,17
46115-2020,46115,2020,55,train,55,17
46119-2020,46119,2020,55,train,55,17
46119-2021,46119,2021,55,train,55,17
46121-2021,46121,2021,55,train,55,17
46123-2020,46123,2020,55,train,55,17
46123-2021,46123,2021,55,train,55,17
46125-2020,46125,2020,55,train,55,17
46125-2021,46125,2021,55,train,55,17
46125-2022,46125,2022,55,train,55,17
46127-2019,46127,2019,55,train,55,17
46127-2020,46127,2020,55,train,55,17
46127-2022,46127,2022,55,train,55,17
46129-2020,46129,2020,55,train,55,17
46129-2021,46129,2021,55,train,55,17
46135-2021,46135,2021,55,train,55,17
46135-2022,46135,2022,55,train,55,17
46137-2019,46137,2019,55,train,55,17
46137-2020,46137,2020,55,train,55,17
55001-2019,55001,2019,55,test,55,17
55001-2020,55001,2020,55,test,55,17
55005-2020,55005,2020,55,test,55,17
55009-2020,55009,2020,55,test,55,17
55011-2020,55011,2020,55,test,55,17
55013-2020,55013,2020,55,test,55,17
55015-2020,55015,2020,55,test,55,17
55017-2019,55017,2019,55,test,55,17
55017-2020,55017,2020,55,test,55,17
55017-2021,55017,2021,55,test,55,17
55019-2019,55019,2019,55,test,55,17
55019-2020,55019,2020,55,test,55,17
55019-2021,55019,2021,55,test,55,17
55021-2019,55021,2019,55,test,55,17
55021-2020,55021,2020,55,test,55,17
55021-2021,55021,2021,55,test,55,17
55023-2019,55023,2019,55,test,55,17
55023-2020,55023,2020,55,test,55,17
55023-2021,55023,2021,55,test,55,17
55023-2022,55023,2022,55,test,55,17
55025-2019,55025,2019,55,test,55,17
55025-2020,55025,2020,55,test,55,17
55025-2021,55025,2021,55,test,55,17
55025-2022,55025,2022,55,test,55,17
55027-2019,55027,2019,55,test,55,17
55027-2020,55027,2020,55,test,55,17
55029-2019,55029,2019,55,test,55,17
55029-2020,55029,2020,55,test,55,17
55029-2021,55029,2021,55,test,55,17
55033-2020,55033,2020,55,test,55,17
55035-2019,55035,2019,55,test,55,17
55035-2020,55035,2020,55,test,55,17
55035-2021,55035,2021,55,test,55,17
55043-2019,55043,2019,55,test,55,17
55043-2020,55043,2020,55,test,55,17
55043-2021,55043,2021,55,test,55,17
55043-2022,55043,2022,55,test,55,17
55045-2019,55045,2019,55,test,55,17
55045-2020,55045,2020,55,test,55,17
55045-2021,55045,2021,55,test,55,17
55045-2022,55045,2022,55,test,55,17
55047-2019,55047,2019,55,test,55,17
55047-2020,55047,2020,55,test,55,17
55047-2021,55047,2021,55,test,55,17
55049-2020,55049,2020,55,test,55,17
55049-2022,55049,2022,55,test,55,17
55053-2019,55053,2019,55,test,55,17
55053-2020,55053,2020,55,test,55,17
55053-2021,55053,2021,55,test,55,17
55055-2019,55055,2019,55,test,55,17
55055-2020,55055,2020,55,test,55,17
55055-2022,55055,2022,55,test,55,17
55057-2019,55057,2019,55,test,55,17
55057-2020,55057,2020,55,test,55,17
55057-2021,55057,2021,55,test,55,17
55059-2020,55059,2020,55,test,55,17
55059-2022,55059,2022,55,test,55,17
55061-2020,55061,2020,55,test,55,17
55063-2019,55063,2019,55,test,55,17
55063-2020,55063,2020,55,test,55,17
55063-2021,55063,2021,55,test,55,17
55065-2020,55065,2020,55,test,55,17
55065-2022,55065,2022,55,test,55,17
55067-2020,55067,2020,55,test,55,17
55067-2021,55067,2021,55,test,55,17
55069-2020,55069,2020,55,test,55,17
55069-2021,55069,2021,55,test,55,17
55071-2019,55071,2019,55,test,55,17
55071-2020,55071,2020,55,test,55,17
55073-2020,55073,2020,55,test,55,17
55073-2021,55073,2021,55,test,55,17
55075-2019,55075,2019,55,test,55,17
55075-2020,55075,2020,55,test,55,17
55075-2021,55075,2021,55,test,55,17
55077-2020,55077,2020,55,test,55,17
55079-2020,55079,2020,55,test,55,17
55081-2019,55081,2019,55,test,55,17
55081-2020,55081,2020,55,test,55,17
55081-2021,55081,2021,55,test,55,17
55083-2019,55083,2019,55,test,55,17
55083-2020,55083,2020,55,test,55,17
55083-2021,55083,2021,55,test,55,17
55087-2019,55087,2019,55,test,55,17
55087-2020,55087,2020,55,test,55,17
55089-2019,55089,2019,55,test,55,17
55089-2020,55089,2020,55,test,55,17
55091-2020,55091,2020,55,test,55,17
55093-2020,55093,2020,55,test,55,17
55095-2020,55095,2020,55,test,55,17
55097-2019,55097,2019,55,test,55,17
55097-2020,55097,2020,55,test,55,17
55101-2019,55101,2019,55,test,55,17
55101-2020,55101,2020,55,test,55,17
55101-2022,55101,2022,55,test,55,17
55103-2019,55103,2019,55,test,55,17
55103-2020,55103,2020,55,test,55,17
55103-2021,55103,2021,55,test,55,17
55103-2022,55103,2022,55,test,55,17
55105-2019,55105,2019,55,test,55,17
55105-2020,55105,2020,55,test,55,17
55105-2021,55105,2021,55,test,55,17
55105-2022,55105,2022,55,test,55,17
55107-2019,55107,2019,55,test,55,17
55107-2020,55107,2020,55,test,55,17
55107-2021,55107,2021,55,test,55,17
55111-2019,55111,2019,55,test,55,17
55111-2020,55111,2020,55,test,55,17
55111-2021,55111,2021,55,test,55,17
55113-2020,55113,2020,55,test,55,17
55113-2021,55113,2021,55,test,55,17
55115-2019,55115,2019,55,test,55,17
55115-2020,55115,2020,55,test,55,17
55115-2021,55115,2021,55,test,55,17
55117-2019,55117,2019,55,test,55,17
55117-2020,55117,2020,55,test,55,17
55119-2020,55119,2020,55,test,55,17
55119-2021,55119,2021,55,test,55,17
55121-2019,55121,2019,55,test,55,17
55121-2020,55121,2020,55,test,55,17
55121-2021,55121,2021,55,test,55,17
55123-2019,55123,2019,55,test,55,17
55123-2020,55123,2020,55,test,55,17
55123-2021,55123,2021,55,test,55,17
55123-2022,55123,2022,55,test,55,17
55127-2019,55127,2019,55,test,55,17
55127-2020,55127,2020,55,test,55,17
55127-2022,55127,2022,55,test,55,17
55129-2019,55129,2019,55,test,55,17
55129-2020,55129,2020,55,test,55,17
55131-2019,55131,2019,55,test,55,17
55131-2020,55131,2020,55,test,55,17
55133-2019,55133,2019,55,test,55,17
55133-2020,55133,2020,55,test,55,17
55133-2022,55133,2022,55,test,55,17
55135-2019,55135,2019,55,test,55,17
55135-2020,55135,2020,55,test,55,17
55137-2019,55137,2019,55,test,55,17
55137-2020,55137,2020,55,test,55,17
55137-2021,55137,2021,55,test,55,17
55139-2019,55139,2019,55,test,55,17
55139-2020,55139,2020,55,test,55,17
55141-2019,55141,2019,55,test,55,17
55141-2020,55141,2020,55,test,55,17
