county,year,statefp,EVI_4,EVI_5,EVI_6,EVI_7,EVI_8,EVI_9,EVI_10,FPAR_4,FPAR_5,FPAR_6,FPAR_7,FPAR_8,FPAR_9,FPAR_10,LAI_4,LAI_5,LAI_6,LAI_7,LAI_8,LAI_9,LAI_10,yield,county_id
ADAMS,2020,17,0.1394626667438061,0.199628872705875,0.3214189502435458,0.5943639742034725,0.5582684067665623,0.2490188790749808,0.118523747761059,0.1716797946619694,0.1662160998787094,0.3596706626767806,0.7368732964619626,0.735965193877611,0.3671533453545475,0.1103647903879134,0.4043122558727382,0.6219908772943284,1.062623941908115,2.050145072680718,1.919541553957963,0.8006778724471967,0.328617394565337,177.5,17001
ADAMS,2022,17,0.1826497157177263,0.1774128387187339,0.5099719815214331,0.6669494695743373,0.573310917568616,0.2540998365000553,0.1643496817746624,0.1730325996231124,0.1531553649795747,0.6339658735977013,0.7998106899953027,0.718533508264136,0.3769524875730533,0.2012954073236008,0.5607191207441247,0.5412339583312065,1.744180534975538,2.312258158369631,1.973138488187019,0.8182391847646153,0.4935462148541095,200.8,17001
ALEXANDER,2019,17,0.1429396344623713,0.252910841248407,0.3882969067000147,0.5781521795336406,0.3859029155596663,0.1936249467893927,0.1347306915814983,0.1499686560677892,0.3347027400618762,0.4940657036653284,0.7233319165377804,0.5451647032504573,0.2541277501199215,0.1385463552649616,0.4268073560080676,0.8246881573592322,1.314390187321505,1.993463071886736,1.305831816132168,0.6102114292068385,0.3971320123941195,144.2,17003
ALEXANDER,2020,17,0.1279331431969451,0.2057448984325874,0.468590524043495,0.4777020118769848,0.4076886226646536,0.1703090001685145,0.1341239837479765,0.120824574684308,0.2699492324815056,0.60861794552783,0.6007788798059758,0.5576334333205094,0.2629424704920429,0.1330298408568829,0.3762923793611158,0.6576577799082466,1.608782589628329,1.64207540628079,1.388454633830073,0.5296254266806664,0.3987091653880567,181.7,17003
BOND,2019,17,0.1851506841892037,0.1265415527713476,0.1874965334428966,0.6450681483825348,0.6358078782575005,0.4712728597984519,0.1903608922609281,0.2128562911291626,0.073730678648785,0.1922793466928684,0.7713499364877179,0.7823488712474495,0.6732873746278369,0.2662823763388345,0.5681508221076812,0.3584127390501296,0.5766411413820094,2.232161407638413,2.198629313951665,1.603341045621804,0.58700457163131,183.8,17005
BOND,2020,17,0.1344900888423062,0.2126824400430741,0.3303419225959098,0.5956200153486101,0.5729439880614269,0.2828100052178661,0.1381254265067325,0.1394906347142445,0.2222481022788805,0.3184381450144039,0.779163435929473,0.746581470089754,0.3442511242029252,0.1318370855292306,0.3846323631247936,0.6667807585469793,1.093757940969542,2.052597275878586,1.97021166017687,0.9234486822018912,0.3970395734576064,185.6,17005
BOND,2021,17,0.1402511910713406,0.1914858166320966,0.5898198971963898,0.6536369209005237,0.5328623945341135,0.2421305601489724,0.1447672702627574,0.1512812003858301,0.1721664129101318,0.6629011382920501,0.790897841739436,0.7258784905462883,0.3401995072503215,0.1722866829955698,0.4041409334450636,0.59063629156003,2.030789839021536,2.261590245088446,1.824609096288426,0.77274124370028,0.4204814193595967,206.7,17005
BOND,2022,17,0.2229484457282849,0.1816075859951746,0.3913357298367719,0.6514398918257788,0.6464262671416997,0.3879825389521944,0.2428231206756734,0.1987705404093597,0.1120091970911046,0.42629136835238,0.7878879022516001,0.7886932406471148,0.5665765878344314,0.3478113483946497,0.7062095097950927,0.5551808094455665,1.312412530344243,2.253447221136899,2.235308433031935,1.300249459400789,0.7750526031423208,197.8,17005
BOONE,2019,17,0.1114103251734489,0.146132928436829,0.2062202968593889,0.6209041313733288,0.6181534920818316,0.4944660103457289,0.2816203138244544,0.0901248996983525,0.1309298027037603,0.2118874960525466,0.7436567265637838,0.7905228470344469,0.7102373952919684,0.4549792919515898,0.3001547512301276,0.4259795376388444,0.6431746178283513,2.143503188300349,2.13355111559549,1.68604906181561,0.915974736065964,179.0,17007
BOONE,2020,17,0.124384422844127,0.1388334365087134,0.3385145630790452,0.6433642781584668,0.6057940156312851,0.3796833631054627,0.1801832707919098,0.0909199730550429,0.1037002605624129,0.4137702801953045,0.8114437192306568,0.7916888841895401,0.5914778320203067,0.2712839115102795,0.3449424499633485,0.3972216452095189,1.119667816714702,2.222618475379166,2.086684876048722,1.268616535210289,0.5468252012198687,192.2,17007
BOONE,2022,17,0.1255714954701527,0.1386187367130804,0.3277617895791742,0.6834501342460134,0.6631000232899543,0.5753548051136471,0.3106578372765407,0.0590593054992037,0.1126964962501579,0.4167836372268869,0.8347300930428861,0.8217847590859173,0.7382555826069057,0.4717869392041548,0.3504291716371817,0.3959447049873589,1.080293904329688,2.367377706943399,2.293603138779405,1.976133631406437,1.018418478738263,209.2,17007
BROWN,2020,17,0.1355811879362235,0.179112753946893,0.2822280064312253,0.569406320262613,0.5393148737253445,0.2795205758412762,0.1199173258840854,0.1526624094948011,0.1420380206464228,0.2915874765990859,0.697271107530483,0.720962189192959,0.4319860106014823,0.1283973342450884,0.3932339397266044,0.5507254122323426,0.9237961417037316,1.962915897799727,1.853935949651165,0.91400083967485,0.3365676068618782,181.3,17009
BROWN,2022,17,0.1780920401913737,0.1875564715189169,0.4973397841910501,0.6539094317217121,0.5642584307202742,0.2548467221680864,0.1699738850281482,0.1691264971246982,0.1799121449907894,0.6198305906825197,0.7801038227761312,0.7084588379261878,0.3974781921453336,0.2215583895734537,0.5493722530223213,0.5813400395795109,1.700863028578497,2.267426745267665,1.942903352452993,0.8234631626717,0.5163785372991231,201.5,17009
BUREAU,2019,17,0.1182166490729836,0.1469234503509043,0.2266618271487878,0.5858756148122248,0.6255518572159895,0.4948720032183719,0.2791875789783234,0.0951303937351886,0.1353862566559091,0.2532526354349206,0.7140816754675329,0.7772672640501563,0.7073886920807387,0.4262596281831119,0.323840269108043,0.4273309488695055,0.7162056332438558,2.015792885708537,2.159344142792374,1.686540921534609,0.9054211959862302,179.9,17011
BUREAU,2020,17,0.1163749627877179,0.1810126883407585,0.3579271375648973,0.6524468241424263,0.6072741116357522,0.3134243712079221,0.1382424576469509,0.1169142626675193,0.1696908941729761,0.4472314748710368,0.7881211119140081,0.7836596483693625,0.4868380252005437,0.1428975709827057,0.3147002642281549,0.5485495518884527,1.188617173088467,2.254827589652799,2.090749307547741,1.027600959391992,0.3942605211073706,199.4,17011
BUREAU,2021,17,0.1361736096692975,0.1666118702378185,0.4708679374207659,0.6832869921458433,0.6153708014800496,0.3285603794237862,0.0999134874744073,0.1104484390709422,0.1345561227472446,0.5929194779004132,0.7889261984897794,0.7923053967785127,0.4508796965559835,0.0786650435891554,0.3863971818526424,0.497368439419835,1.59725887845748,2.36597157809505,2.120105704271011,1.082380747921647,0.257414782978287,203.5,17011
BUREAU,2022,17,0.1332163294744395,0.1570666355804847,0.4625282325049452,0.7168810194027346,0.6688746498672857,0.4545973116005501,0.2603043413838445,0.0787448170402287,0.168759832715644,0.6133047916556404,0.8553333263081796,0.8043985111850808,0.6343335653207021,0.3672619037725382,0.377267829995712,0.4616807762154042,1.56688174523128,2.487179327379436,2.313403278560048,1.538165072831078,0.8352171348705263,225.1,17011
CALHOUN,2020,17,0.1451858812262983,0.2184793839682203,0.3376659074689512,0.519135848273399,0.4729723695943714,0.2029571648814126,0.1283979675441216,0.1639789549336082,0.2257890707247456,0.3984878645178407,0.6633008610583974,0.6559030221435987,0.3047325995019163,0.1978169324178394,0.434233046138933,0.6994224349015828,1.13063494700698,1.787435047703579,1.620180151127677,0.6432648958851063,0.3740027983144099,176.6,17013
CALHOUN,2022,17,0.245091772986752,0.1542245308136924,0.409017266789342,0.5480232754325937,0.5234700138050614,0.2967609080959062,0.1776131409413822,0.2674651407780911,0.1612696051811701,0.5317279691362957,0.7058872785606575,0.6819481028476364,0.4705726765724147,0.2499008033645896,0.7992704408384805,0.4661755506859239,1.388190466018496,1.890853677289476,1.801872223467804,0.9816079218319732,0.5505395269858352,185.8,17013
CARROLL,2020,17,0.1268393302482177,0.1859198998823867,0.2916478683125356,0.6650411786526391,0.6149950717478414,0.3350116035264303,0.1454186825861433,0.1006116766155682,0.1521291453240393,0.3307602652698818,0.8077380726038244,0.7810368665685659,0.5235689886238694,0.1423615200109825,0.3525157195510683,0.5662685440539325,0.948792381072704,2.301766866629924,2.11866251103625,1.105682323011197,0.4197359527199692,199.7,17015
CARROLL,2022,17,0.1227238869448496,0.1626031297669673,0.4744259523157529,0.7340783832074922,0.6604973023276441,0.4685094948183734,0.2482243525523029,0.0564174570938086,0.1306504827123329,0.6207869126509502,0.8527434830745947,0.8040810064323463,0.6810966791851462,0.3882893988079975,0.3523446498237884,0.48121123565294,1.60934309670377,2.54892131759052,2.28253805365295,1.588078247618175,0.7909397378939524,228.2,17015
CASS,2019,17,0.1471375576064537,0.0246817704747409,0.402194492114962,0.6324963884816164,0.588798412692892,0.3615559111527485,0.1543572377654182,0.1199637943780029,0.0464695856906948,0.5117479830075876,0.785949626041688,0.7681273760930778,0.5312078884800114,0.186590233256028,0.4273218797592638,0.080442058571835,1.350050275743573,2.183810544793077,2.026482082224141,1.203548208512504,0.4533609382090383,205.6,17017
CASS,2020,17,0.129812169667574,0.1901257206039392,0.2761286198360467,0.6306682856586319,0.5860122439037545,0.2938045121435825,0.1244494234157815,0.1396664749351774,0.1892288835149995,0.3473720938122753,0.7984461019333755,0.7845852153823999,0.4594182024464662,0.1195274408244622,0.364992743769268,0.5832094268254843,0.8943662962325165,2.177090271133092,2.015523768041538,0.9583161107794058,0.3463613113049411,204.8,17017
CASS,2021,17,0.1317319783349148,0.1625050212236823,0.4443084485309238,0.6635774329074524,0.486691186507126,0.2089334868615145,0.1144521385467914,0.098295512441939,0.1345145086962038,0.5631252312157236,0.7288684082491844,0.6869916314228706,0.2908383337062156,0.0978611278685912,0.3711568471205507,0.483653654441143,1.503091948032969,2.296292127031908,1.656316217699925,0.6513907186198916,0.309581624157035,211.0,17017
CASS,2022,17,0.1418342763613515,0.168899246037475,0.5670486132769353,0.7054397711881772,0.607569858884179,0.2724099137056138,0.1650379862463855,0.1021515476160307,0.1430543097891294,0.718483458744164,0.8179032274049948,0.762116493252703,0.4053737462705911,0.1950581023028264,0.41323965425775,0.5060765142532657,1.946594622281216,2.447559046609159,2.093212325930093,0.8806000256640887,0.4921148558832729,214.9,17017
CHAMPAIGN,2021,17,0.1135500831483833,0.1883651362592012,0.7017054728786116,0.6949664523141527,0.5475327272521338,0.2515190655747252,0.0985361512365953,0.1045595869280611,0.2064012351765064,0.7942694160330875,0.7449654177125892,0.7644598675849265,0.3561475285434893,0.0812762315497023,0.3037817850294705,0.5744619060402437,2.432029123875319,2.408477488130329,1.873988288914396,0.8029535599268512,0.2501400116531709,222.4,17019
CHAMPAIGN,2022,17,0.1290115625354249,0.1559619607143147,0.4047076015077568,0.6680345041656138,0.6507678928264461,0.439744938322526,0.2633155880126325,0.0681160288635776,0.1456046004544963,0.5629391563954712,0.8335013720199039,0.8197779324712087,0.6128630052891443,0.4066214208014004,0.3633874285977442,0.4572016751570787,1.356902967248114,2.309748088908507,2.24723879449573,1.483735320523142,0.8453638761132548,219.1,17019
CHRISTIAN,2020,17,0.1118805357234762,0.184603365457303,0.3572629160179251,0.6501046753271237,0.6137978772291123,0.2861982844416805,0.1313469119503075,0.1406616568042113,0.1635566584638002,0.4523605556531425,0.8227368329990004,0.7875258196410453,0.4037416400768487,0.128324740800216,0.2978807494956837,0.5607867204349556,1.185499992206692,2.244994615492817,2.113587364820612,0.9286043069061776,0.3680758577931671,198.1,17021
CHRISTIAN,2021,17,0.1104210991861883,0.2119931095699801,0.6587520414087877,0.7088065924749573,0.5575869958535685,0.2102305171213586,0.118849428859995,0.1268254132364415,0.2334124880710933,0.7500162473418267,0.8111324681378002,0.7112142130775929,0.2764349452944658,0.1032167563704558,0.2920977882969836,0.6598646401904856,2.276094278924225,2.457047693941475,1.91036210177812,0.6531987225839598,0.3225862403298442,218.6,17021
CHRISTIAN,2022,17,0.1607673739706596,0.19618328031253,0.5534542652236956,0.7135180723083779,0.6854259993119123,0.3457325970568949,0.1913314699703946,0.1136744702809381,0.1794812390336307,0.6906607955757004,0.8430865645992489,0.8087036171080325,0.4834854806136601,0.2361970029854289,0.4800603754322113,0.6024385671910032,1.895096969616021,2.474207783556026,2.372578267066695,1.143467259282234,0.5848290394265575,225.9,17021
CLARK,2020,17,0.1282914910757488,0.1817072248918352,0.3428355738091916,0.5929709033302843,0.5957579941491388,0.338966487723681,0.1480110077189118,0.0897602258588936,0.1725455233490512,0.3515467253985905,0.7457477337209539,0.731344451667604,0.4448656316503829,0.1710829272166981,0.3629835824490439,0.5562443836999114,1.139205402609052,2.044194350225367,2.054360476169463,1.126158081242996,0.4343302701317525,199.4,17023
CLARK,2022,17,0.180601048289881,0.1514875301175625,0.406859131874194,0.6493739254826206,0.621988935483293,0.4104777182130095,0.2455733407301622,0.1545388521395744,0.1219171497675949,0.4412907312650925,0.7789638001120265,0.7628037027813316,0.5824919053624364,0.3411172731059759,0.5552108276263851,0.4464295934620421,1.370521321911975,2.247948052247029,2.148846124930795,1.383539600131874,0.7868523187466816,207.1,17023
CLAY,2019,17,0.1870147163319604,0.1250662446159297,0.2070295500966728,0.5910029351484525,0.5683853333628277,0.3576497817334218,0.1440224263566538,0.2153078978631369,0.0995525563790885,0.2107514824366137,0.6805334215741421,0.7404840845060385,0.5381917542570896,0.2112643654346469,0.5775547526440272,0.3560371242084482,0.6499723292083596,2.040311265976742,1.957352981916764,1.194913352579961,0.4220133743209803,140.5,17025
CLAY,2020,17,0.1334388389984973,0.2097522246301116,0.3357924631901871,0.5616489890169437,0.5334083118970875,0.2971790276569209,0.1317028212743655,0.0822404057392279,0.2646103292460526,0.3585697417477778,0.6996337519254724,0.6872391629302241,0.3881229674706975,0.1386371637375719,0.3844564519126556,0.6598527057509737,1.116208364308777,1.93296709209351,1.83092931441967,0.9768756099769824,0.3773364547870286,169.7,17025
CLAY,2021,17,0.1346099443723882,0.2216569988989214,0.6428042827990035,0.6242742583426699,0.5623536241974385,0.2802456006253712,0.1243444476869232,0.1386889641619614,0.2880475683104734,0.7501920763604911,0.7472139982047314,0.7229711728359917,0.4050507824492292,0.1574433077643764,0.3867269321641308,0.7016608678857068,2.2253653035961,2.158334518457955,1.934308854930451,0.91363619916169,0.3495873605857604,210.0,17025
CLAY,2022,17,0.1893444793510586,0.1610024285298559,0.4134542101188679,0.6197219401175955,0.5969391612485846,0.3169674618534628,0.1905134021449973,0.1457223915953913,0.1082344634552257,0.4862363294260555,0.7618268834302592,0.7466116294877976,0.4715062794261796,0.2544654501992849,0.5860383854799912,0.4818723870700594,1.395173294749136,2.141934720353807,2.05904834508611,1.046103280655979,0.5885680653537991,203.7,17025
CLINTON,2019,17,0.2020485032237548,0.1207598480887992,0.211968996159582,0.6705229854614483,0.6309597980730444,0.4242625669569629,0.1669058070008428,0.2345591083627009,0.0822887462242731,0.2303349245532691,0.7930135801613332,0.7846724642816548,0.6112592018033477,0.2329369858360306,0.6297811471215655,0.3371077317876897,0.665648324263255,2.324849688276815,2.181557280887273,1.433723720443177,0.5026109704020473,181.9,17027
CLINTON,2020,17,0.1422243410340139,0.2036785404275162,0.3228082597635159,0.5700500028511175,0.5437126044797728,0.2972762822710819,0.1410593025272573,0.1183956094700776,0.241789170667902,0.2946952774429263,0.7159863847749811,0.7110129803268246,0.3200509568644452,0.1255309780609393,0.4131267412817784,0.6354963994900922,1.066948473944611,1.961460012404601,1.865677429591151,0.9766382977825796,0.4088797023468635,176.0,17027
CLINTON,2021,17,0.1677189540695284,0.2492239842278584,0.5459087897405617,0.6601579691267401,0.5095080997491372,0.2096285784608181,0.1558283389333306,0.168037724472933,0.2853467440101045,0.6043112182116278,0.7881462913539707,0.6808905045857808,0.2811262037706407,0.1594322706071303,0.5043632979214777,0.798345515370855,1.872694603598462,2.286250919233991,1.740957180862402,0.6559952396374484,0.4613479021517049,208.4,17027
CLINTON,2022,17,0.2153316755993896,0.1781025377446399,0.3978084805050506,0.6340844367933807,0.6328946542682469,0.3463951262811668,0.2132304799118617,0.1834732225877621,0.1127328979621447,0.4280214889577454,0.7629169921684726,0.7612417156253202,0.502646399920513,0.2853246845582863,0.6798127174197335,0.5451131863005854,1.337101449382286,2.191935007629275,2.187807115800183,1.150915901354254,0.6690188840142327,196.5,17027
COLES,2019,17,0.1576484389748313,0.1482944500114569,0.2785742553469349,0.6445864694514083,0.5824159629750858,0.3307911065978199,0.1551167621726631,0.17156642277559,0.1014869264061984,0.3899151487797711,0.8138419129377941,0.7877888398317469,0.5441123934134372,0.2112768344964112,0.4651116082949837,0.4359281421453957,0.902620020542118,2.226856664826184,2.001961228953383,1.091578889400159,0.4559508582092818,184.0,17029
COLES,2021,17,0.1059565628735998,0.2159785891795182,0.6939740497492976,0.6838395547889051,0.5633757747032612,0.2074616930144251,0.1034998969195577,0.1136449982696363,0.2591367632481045,0.7993600780828958,0.7515760083414051,0.741071559897716,0.2967732530001569,0.1057946943247574,0.2774980319361169,0.675561121196062,2.405000166304523,2.368316853883066,1.93245283968755,0.6447483951924824,0.2684432467132813,220.0,17029
COOK,2019,17,0.0724653371663875,0.1189737088941397,0.1342073869760646,0.2929401657399067,0.3671285704624514,0.2997690587753545,0.192028544013121,0.0618485543051855,0.1421248095444623,0.1693557422224677,0.3888870297722422,0.4928212368487045,0.4489155073756136,0.3189609361493326,0.1942957499066006,0.3632743006624656,0.4176845064755166,0.9920052821915532,1.26040137356349,1.01674107156976,0.626887392014898,174.0,17031
CRAWFORD,2019,17,0.2033860644857115,0.1777105409150434,0.2354146038540147,0.6003997691524823,0.5858889773164765,0.4422914615083499,0.1724673727717271,0.2392579612328286,0.1409026141585117,0.2594818062729449,0.685227629432875,0.7440736449555718,0.6054695176471451,0.2492508980693118,0.6363056612192416,0.5434942373940999,0.7521853084684182,2.072738637136588,2.020200811613637,1.500868100322987,0.5244421764881803,146.3,17033
CRAWFORD,2020,17,0.14831308425239,0.1838357787837383,0.3103730490872015,0.5746858517593608,0.5989483445567642,0.3595830732122843,0.1546047692887883,0.1331513866884702,0.1876472884093017,0.3095299251638091,0.7249806680561586,0.7343052457694125,0.4701837388115429,0.1849579969952499,0.4366669983101069,0.5651874450413645,1.02299906294184,1.979282773496374,2.067086170964429,1.201207992245417,0.4594292230992131,179.2,17033
CRAWFORD,2022,17,0.2089560992732554,0.1599152043448974,0.4109817620462179,0.6580874981363811,0.6194274315525836,0.3792498255568327,0.2158858589750338,0.1955730895266252,0.1242219767467084,0.4504895660336431,0.7780068796325309,0.7614457616502639,0.5358820529986709,0.2834297181871034,0.6551270093429434,0.4772855300078585,1.385722729495314,2.279754854872408,2.139827472680464,1.270887270259252,0.679804806620224,212.6,17033
CUMBERLAND,2019,17,0.1818205430097009,0.1456953070130887,0.1873760422283178,0.6075846146519305,0.5802175930243563,0.4321548247272377,0.1942992234538377,0.1993128347373906,0.0668640070129447,0.1809355407126653,0.7170296039351043,0.7505506922477599,0.6446191525445804,0.2944722826185251,0.55724009701817,0.4273467154798185,0.5773432451140789,2.098158180870445,1.998649162612999,1.462957922887334,0.6023913955245022,161.6,17035
CUMBERLAND,2022,17,0.1807115204769079,0.1644340685109326,0.4075438356434062,0.642751425618579,0.6266632853638746,0.3900226030494622,0.2479916358991478,0.1452107393652894,0.104361740570251,0.4661311194990537,0.7903932633446379,0.7934971526736785,0.5836689513865341,0.3748803209639224,0.56240474252057,0.4926321528979533,1.372198572400518,2.223251486900037,2.165007265450659,1.308831804338713,0.7949322353001876,222.4,17035
DE WITT,2020,17,0.1267791939929818,0.1450568011171624,0.2692822897782229,0.6149256462663898,0.627338868952789,0.3844566823190334,0.1394469795320264,0.1263477923349841,0.1151157238266058,0.3164141019420123,0.7845815501655545,0.8117804629660214,0.5707329079879677,0.1702319402274286,0.3522636739436964,0.4194050664890393,0.8674468266682148,2.117827269326066,2.162737691518215,1.284581903263113,0.3975456104400418,200.5,17039
DE WITT,2021,17,0.1173541553123264,0.1909773073073457,0.6569070511642298,0.6996774705018107,0.4724230854653936,0.2032913908661845,0.1128263037888167,0.1046016832956811,0.1835453420095352,0.7502121179250244,0.7415917134275697,0.6595800767758568,0.2636293873462277,0.0883093215045134,0.3176131076403525,0.5839820430900466,2.270383727310694,2.424902507136659,1.604261639288757,0.6285345105964099,0.3012319702694102,209.2,17039
DE WITT,2022,17,0.1352604739705389,0.1603143027706463,0.4626995945989421,0.7089006789232982,0.7088494088193554,0.5136530861144386,0.2666452358734924,0.0424880578635548,0.143905100672717,0.607067771977131,0.8207322564373877,0.8066139447114129,0.6632266464120556,0.3898197235503793,0.3910020031728531,0.4728178379983895,1.566872049841053,2.457680803907108,2.458800668844865,1.75222071231744,0.8575388162463793,232.9,17039
DOUGLAS,2019,17,0.1368933344545067,0.1570733460075415,0.3197934248844617,0.6682205173474788,0.6239387692484715,0.4146537430367667,0.1708988960356621,0.1420056132073399,0.139065052470294,0.4286333952974534,0.8326591303544343,0.8270329816117454,0.6491774173659635,0.2556277560863604,0.3880477693743748,0.4646873978838739,1.049770434996254,2.310380270475267,2.150171003511226,1.393015023621177,0.5110700052769215,193.6,17041
DOUGLAS,2022,17,0.131253278317696,0.1810452643746562,0.4247288658019886,0.6555851150377381,0.6450113642265459,0.3963602991740229,0.1961165471256518,0.0687306732662683,0.1903615526618111,0.6031115202091146,0.829847631797494,0.8182017081838975,0.5627552385977717,0.2754232094087281,0.372826979436058,0.5475369966286964,1.429192042040513,2.264507886397171,2.226268726303396,1.326818667652084,0.6021021133865623,210.0,17041
EDGAR,2020,17,0.1277367435585724,0.1552444533104887,0.3554853087858045,0.6212497449264495,0.6067951892644099,0.3138800687431859,0.1328304787357182,0.1017082789044288,0.1354812997003101,0.455837751482776,0.8108526260673683,0.7806630288430964,0.4137683920731253,0.1621682548605637,0.3561574238524111,0.456154182364785,1.180151192053604,2.14168640930739,2.089389844893465,1.03190365028033,0.3745855441499109,188.9,17045
EDGAR,2021,17,0.1198268586589863,0.2133915246826697,0.5972420935747091,0.717204732429296,0.5996478913011439,0.2199617961140953,0.0988788513746218,0.1094120736450225,0.2505627674306271,0.705144429962309,0.7179563179870198,0.747804540308788,0.309642729749191,0.0532418186102939,0.3270817764839708,0.6655993074241535,2.055095764412374,2.48924023387344,2.063323835415303,0.6893714443929241,0.2539352929105318,207.9,17045
EDGAR,2022,17,0.138977371298086,0.1665300771108562,0.4771105506523945,0.6803018341024276,0.6614327132621852,0.360676313163625,0.203223243647602,0.094556365156922,0.1545968827664357,0.6209908556052216,0.8277902290271915,0.8042722116346327,0.5284124364696012,0.2888882206488878,0.3962069368992055,0.4958814925527413,1.619539045229749,2.354708471532238,2.286457991425037,1.198276032841362,0.6286080506545701,211.9,17045
EDWARDS,2020,17,0.1515111877973259,0.2080045410570495,0.3723098550642442,0.574565431400969,0.562283893655972,0.2791561363847926,0.1402131128215451,0.1328390924456661,0.2250050333857398,0.3941372779118776,0.7254172120143024,0.7205477066909615,0.3844441467245729,0.1450789124884773,0.4487573392700287,0.6531536135409591,1.247792282853003,1.979368362423456,1.934952241290008,0.9105776826207496,0.4078819867106911,173.3,17047
EDWARDS,2021,17,0.1594130193471204,0.2128076021629756,0.5309124230012107,0.6210799539380131,0.5346204588362765,0.2590358768935991,0.1378335600150075,0.1576273236225776,0.2813068536391177,0.6153720894287109,0.7356476793510985,0.6954621507985912,0.3796497273297332,0.1872766746321605,0.4773410519426704,0.6705238050521556,1.821426183558035,2.147673063714002,1.834841776102262,0.8377776897394998,0.3998358391986238,186.8,17047
EDWARDS,2022,17,0.2477745122700992,0.1609001507309468,0.423459253290558,0.62741215650079,0.5451622506838635,0.3052257359139906,0.1881560165092741,0.2504616809780891,0.1296757183405167,0.4749742771207413,0.7565657741167671,0.702627255485402,0.4640604525738994,0.2315837606065586,0.7969670659817444,0.482457958988755,1.432413552955277,2.171790549629782,1.872928951474255,1.004653518917055,0.5810688847026144,179.5,17047
EFFINGHAM,2021,17,0.1282651966533002,0.2200318119740066,0.6375928012118661,0.6400318955301321,0.5635827318702927,0.2597266588903532,0.1221103215890812,0.1380011521144221,0.2465855863813582,0.7358697127205883,0.7387135052351868,0.7289438968686585,0.3628154957919364,0.1292325877131575,0.3627956175082856,0.6948071323633577,2.205683094157918,2.214422681506727,1.937775040300338,0.8384229802253276,0.3405285480323553,212.8,17049
EFFINGHAM,2022,17,0.2019626638443274,0.1674678908426183,0.4065868921721913,0.6328340600155117,0.6301373136691609,0.3830734522968276,0.2259445445806355,0.1809562253490116,0.1008664753587115,0.4537297326950535,0.7848318272880912,0.7803818579684615,0.5427209126247589,0.3161969219241704,0.630208651799952,0.5042973352634988,1.36932194406341,2.187917980771112,2.178089968843147,1.28417195064151,0.7156803685114218,220.9,17049
FAYETTE,2019,17,0.180489230906582,0.1155238428489786,0.1806719715339582,0.6232495804344728,0.6060768021848082,0.4444190887460104,0.1756132463113387,0.201347188681811,0.0765335147601915,0.1745038811785058,0.7204678779032294,0.7424635572898793,0.6465022808016729,0.2445587443325669,0.5538329679023055,0.3195026864429452,0.5544983166335073,2.156565255785917,2.093608916669462,1.50872782921999,0.5361972839465403,166.2,17051
FAYETTE,2020,17,0.132986851781814,0.1931076917113051,0.3260905766698248,0.5934710104081921,0.5549746955181764,0.3022248172949434,0.1269812123135257,0.1202041321047422,0.1973563201594196,0.3489480116000724,0.7408714062625004,0.6974154308351711,0.3470138630906403,0.1243555071379325,0.3829499517820277,0.5987891302709194,1.080249433308356,2.047292727028839,1.908843135028876,0.9944518059849768,0.359532207711429,181.9,17051
FAYETTE,2021,17,0.1268758264992031,0.233277495320145,0.6379421702830831,0.6306879703407425,0.5348351070377296,0.2336670379459209,0.1379376768573089,0.1337246184095822,0.2564915233901706,0.725366997180093,0.7435946057928546,0.6923867011359774,0.3212302260210639,0.1596380890895481,0.3584947968011854,0.7434462060923476,2.20787596184541,2.181277777902676,1.834622389748788,0.7448552426981141,0.3985076783680026,207.2,17051
FORD,2019,17,0.1215431175470888,0.1258170000446811,0.2669640135571047,0.6207410925953696,0.589731664701328,0.3647342459132903,0.1824405263021119,0.1041018754851713,0.070204287515721,0.365946873272828,0.7927316348479779,0.789400590232404,0.5955915658775346,0.297431426758814,0.3329363320608569,0.3523241288735305,0.8590703405018405,2.139034101660678,2.026860404332962,1.212817476379895,0.5532636382747455,168.6,17053
FORD,2020,17,0.1070338103756001,0.1281904015353329,0.3271284299848998,0.6012106156635857,0.6065281322151636,0.2364135475787632,0.1321182596760482,0.0727749319568533,0.0983841439194625,0.4254607843425223,0.788560519396978,0.796082770445113,0.3648613564950949,0.1596873705477184,0.2807944073048522,0.3587158303289516,1.076625373239212,2.068286348860681,2.087514029009151,0.7506193647107036,0.3710785093698992,191.3,17053
FORD,2021,17,0.1151193405823601,0.1608035868547557,0.5932193826697093,0.6821232337383137,0.5478304613328222,0.2602355179354667,0.0842828441218534,0.1063589332447952,0.1560679854408617,0.7051378100932053,0.7272515547003505,0.7779352149800327,0.3476221943772966,0.0575621997992306,0.3096101329668635,0.474895642388813,2.039471170288446,2.361734441804372,1.875204025973734,0.8346378616509914,0.2036530305126978,199.0,17053
FORD,2022,17,0.1158193533708623,0.1442294564440495,0.4002736698090281,0.6765955659431413,0.6602800764212997,0.410247272640817,0.2426962572718067,0.077594200192607,0.1224661133853992,0.5635910099689774,0.8447501736519101,0.8190003987164167,0.5890896805967344,0.3649360841357336,0.3150936707338553,0.4154983364413134,1.340682508298373,2.340437843607494,2.281444950235602,1.376749668213645,0.7705883442429847,222.5,17053
FRANKLIN,2019,17,0.2053950210489568,0.1137332696768592,0.220739011620668,0.5717541171371728,0.5078415277595327,0.2575994539140349,0.1219503557951235,0.2463554203138128,0.0829507297375195,0.2483191757596182,0.6485220310027926,0.6675036862195641,0.360706674895925,0.1481136426174201,0.6520464794776968,0.3204282953112374,0.7075609282556896,1.978427623572495,1.746312122902371,0.8409334421430018,0.3501657497248486,135.6,17055
FRANKLIN,2020,17,0.1389264645235559,0.215113153809558,0.3689440686116573,0.5194789693405217,0.471405274098233,0.23798691957376,0.1339024997542933,0.1023522165127455,0.2752723368829463,0.4516106953693905,0.6652980483678927,0.6254805506479445,0.3453736936478986,0.1360574472431679,0.4088588836139828,0.6845383028950451,1.241275970060298,1.785759038172634,1.61182640914863,0.767335652236674,0.3907510710776002,163.7,17055
FRANKLIN,2021,17,0.1654981119877244,0.1922750202055315,0.5331519913402356,0.5691620040091716,0.5210998436856058,0.2626971682352449,0.1349290949992008,0.1768100561183418,0.2494984711314996,0.6138328293903491,0.6888907077838103,0.664942936122015,0.3777746788205759,0.1702845421225472,0.5033900615609873,0.6002946044202969,1.833449646746898,1.96391298810319,1.790004509063742,0.8551218187282854,0.3928624756921414,177.7,17055
FRANKLIN,2022,17,0.2112932124387807,0.1598704200793829,0.3418440077482207,0.5449386940170892,0.5668475633317585,0.3230564478446136,0.1713539463074385,0.1770364197631273,0.1172401340086562,0.3864908495164456,0.6831523893982505,0.7187488413885806,0.4623335432773985,0.2127208546580406,0.6760377396595741,0.4826614451813143,1.14166229897267,1.876085052069619,1.955845153106618,1.07309054318632,0.5240640382118993,176.1,17055
FULTON,2020,17,0.131540004162221,0.1729831282953514,0.2517055606345016,0.5659786347790364,0.5507311912623107,0.2990315957120199,0.1256005793113443,0.1384838383852634,0.1431924888399033,0.264189545187438,0.6941566372796594,0.7369221024874982,0.4646071274126501,0.1430162424681864,0.3768060172738185,0.5267245940572642,0.811544753294543,1.950015982292242,1.893421634902055,0.982772513616226,0.3553948685666814,183.9,17057
FULTON,2021,17,0.1403438470658293,0.1431390051728741,0.3296365512620454,0.6049500006027586,0.5038252404922589,0.2994234857347602,0.1104347888488349,0.1203035489250971,0.107731962578092,0.3867197515204318,0.6777770672609084,0.6988693844654621,0.4423597841641674,0.0891092477491374,0.4132232235958535,0.4198993527382759,1.094814902561349,2.090004023612031,1.724163657140147,0.98461114059948,0.3033461142681989,193.1,17057
FULTON,2022,17,0.1552791957983337,0.1614815852958549,0.4850755801061986,0.6526362242337778,0.585050041874035,0.270612924540149,0.1638695805084511,0.1199120442842313,0.1257928779890152,0.6142171611473424,0.7953390561096855,0.7183827685354928,0.4228874086628695,0.2219609375160164,0.4687490031925958,0.4838352017630431,1.65464093951668,2.260923113343294,2.016293289240879,0.8786360516494456,0.4924098757827641,212.5,17057
GALLATIN,2019,17,0.1609343192616898,0.1957877969212934,0.5076524950376733,0.6596459327092195,0.5667346951830953,0.2958093155743486,0.136047430795164,0.1592678877754788,0.1822211056683253,0.6026728244586295,0.764731674145852,0.757319458016412,0.4108959833684236,0.1056201633989309,0.4786969077936843,0.6047703002906094,1.733090185146071,2.2830061403243,1.946855102223555,0.9666471120299326,0.3886297691653508,166.4,17059
GALLATIN,2020,17,0.1159896670246716,0.2670517903895452,0.5960131441634591,0.6248346326569101,0.5203084155893047,0.1865214413468386,0.1496583042044511,0.0636431313007445,0.3228873650330231,0.710967512035133,0.7781314497516247,0.7055280486076495,0.2475791532667829,0.1286128327715342,0.3159046707942299,0.8639029441067333,2.052481128480637,2.156584899183268,1.778403401110598,0.5707614908385361,0.437388745295852,176.7,17059
GALLATIN,2021,17,0.1275924838881113,0.2629759756713744,0.6316266967050994,0.6811881011673985,0.5339475063995744,0.1940595108875314,0.1413262739710565,0.097092639670251,0.3713442583294686,0.7374642301974057,0.6994913223354818,0.6998787160829745,0.2757834705195275,0.1590716250484172,0.3579700070399477,0.8477816946858948,2.181573823311367,2.36108159548687,1.828354624039008,0.5984560186106719,0.407667963916171,191.7,17059
GALLATIN,2022,17,0.157557079882477,0.1472336434123364,0.4950948104772091,0.6393153963670244,0.5505012100668791,0.2305423531295485,0.1570457510945444,0.1009593474077335,0.0913539940756071,0.5783750299192266,0.7715386156087559,0.7237334428926457,0.353363579235447,0.1536213501963655,0.466473616565746,0.4291986082204175,1.688810592377443,2.210299315018886,1.88908532282661,0.730731040067565,0.4646547113124242,182.7,17059
GREENE,2020,17,0.1273041958716696,0.2163639064902158,0.3344985016404661,0.6022842971931973,0.5558256214003673,0.2692377362184894,0.1337545038721048,0.1365242001222349,0.199751320137332,0.3855262254394119,0.7751879677959848,0.7452672863782696,0.3970335469975311,0.1542059544989477,0.3584117482009816,0.6806227740639961,1.108037361973039,2.076885375796379,1.908795435052544,0.8719207424590342,0.3810658245816578,190.7,17061
GREENE,2021,17,0.144163029425107,0.1560997624088136,0.3436925501426905,0.622434293711483,0.5024381407191869,0.2260466446839806,0.1185585521182048,0.1567019768363549,0.126719124068539,0.3860828537288162,0.7555217319666035,0.6855136347994756,0.3149433174294201,0.1300786462889283,0.4203104050347876,0.4641451346825312,1.142450615097206,2.150841527250766,1.71670887566373,0.7167227126105262,0.3278282580856435,196.4,17061
GREENE,2022,17,0.1794523392159797,0.1628465177825528,0.4634716909144785,0.633011653437272,0.6158423975793873,0.3400599122736249,0.1927229989901537,0.1760348979855055,0.1447864882784443,0.5778652716289122,0.7899240768796602,0.7690904324954615,0.5115793610230108,0.2596988196431629,0.5490972834754477,0.4864363787459624,1.574178435412152,2.187434078967299,2.125340839511477,1.127507787004041,0.594521160998621,207.4,17061
GRUNDY,2019,17,0.1079824514194076,0.1305240520374085,0.1986672832707078,0.5221971086143852,0.6301105947082098,0.5077136049587518,0.2738785958241999,0.0897528090673537,0.1279872171986339,0.2867016651469693,0.6956825008939079,0.7785568205389316,0.7330551179511785,0.4493613110105171,0.2858856975049311,0.3675746289506802,0.6139850428193699,1.784512970992807,2.175010889040409,1.732115890175061,0.8860995716379093,164.0,17063
GRUNDY,2020,17,0.1246072877119417,0.1426103465774889,0.2907458486078371,0.6020916409018269,0.5873191380780372,0.2062148689602705,0.1264904785017062,0.1160148364511801,0.1054035803558055,0.3814502319943837,0.7942397939461834,0.7696309421260283,0.304730834060442,0.139975486080712,0.3481591648261459,0.411427342842046,0.946077666139886,2.072529209118372,2.019077656191879,0.6406185738912399,0.3518012039181759,184.0,17063
GRUNDY,2022,17,0.1277555831480993,0.1469088203722417,0.3772948288781548,0.6754524166217486,0.6708461857916745,0.4066629822256422,0.232719108741178,0.0754061106729465,0.117301218812378,0.5325021873102581,0.8465839733657401,0.8298583333401505,0.5658933932470561,0.3051451207980888,0.3573609369935608,0.4281528923798433,1.260043880905485,2.339867211804285,2.322574190047361,1.366307609558009,0.7375654808290266,215.4,17063
HAMILTON,2020,17,0.1406202860297137,0.2143072751145755,0.4463814183266348,0.5663398158004948,0.5116431217836562,0.2579438787923561,0.1384839550921506,0.0942142311795336,0.2678997885099482,0.5820851170971028,0.71659976583417,0.6638866650444248,0.3634661167756274,0.1199260024437869,0.4091641063997551,0.6761558659534184,1.516577953843202,1.949441832559547,1.752060231580808,0.8336619863229581,0.401455529664549,169.5,17065
HAMILTON,2022,17,0.1919603246107897,0.1622945004870183,0.4265774470854945,0.602211237077348,0.580825077943308,0.3044656862582385,0.1657038362516061,0.1448433657028441,0.1171395407000467,0.5134882396698789,0.7527815246679191,0.748317591620289,0.461321970710879,0.1838594211454863,0.5976525057691741,0.4865533926709791,1.442980132113584,2.078650933350639,2.001043234687038,1.000964430949093,0.4989418751002097,171.2,17065
HANCOCK,2020,17,0.1287929638386799,0.2222343953722544,0.3716857901244614,0.6479246387748518,0.5933486763755752,0.23899670621264,0.1150433709007243,0.1548631332934583,0.2179838163096714,0.4609388499986783,0.7865662959644361,0.774719518058407,0.3598771898988629,0.0991876113533195,0.3618443134449689,0.7000272051966714,1.240625959380528,2.240070541486015,2.042599985680656,0.7605550204834144,0.3121023213494625,203.5,17067
HANCOCK,2022,17,0.1584945757525915,0.1749302756570918,0.5191613373498376,0.69797730070848,0.5735434428721397,0.1986150263544019,0.142838920916191,0.1358482871218609,0.1652079960298436,0.6768578011293035,0.8343108480732742,0.6846672101843665,0.302846395452926,0.1637763395971233,0.470138802743911,0.528270463064007,1.773779951376692,2.42153049794064,1.970451933049898,0.6139722075958326,0.4121711074307484,214.2,17067
HENDERSON,2020,17,0.1311381957951405,0.2044305129606438,0.3402905077142898,0.671992558443321,0.5994820704130251,0.2809087461306846,0.1298296356235472,0.1273588972692468,0.1949473691117634,0.4061354148811426,0.81690692012498,0.7778769110776316,0.4236228164029473,0.15115695268919,0.3698493262335265,0.6350150492273107,1.126559292434582,2.326684202085853,2.064311269873101,0.9117130526171476,0.3651088953666488,199.4,17071
HENDERSON,2022,17,0.1465949781891499,0.1695654009464272,0.5313342627940492,0.6940338514393353,0.5756820541507486,0.2843541631173927,0.1842107410993491,0.1020567803198182,0.156803836549226,0.6956899136592364,0.8361849960428447,0.6362926802310652,0.4482592793630936,0.2393055832948995,0.4301471527352693,0.5083444157470948,1.817226886104867,2.406100058498334,1.977644056635022,0.9236309043378128,0.5613053421125386,220.2,17071
HENRY,2020,17,0.1225393894827696,0.1894912651769587,0.2930757415673047,0.647029757918995,0.5881221873113415,0.2699559644005785,0.1207299717161302,0.1157214841726903,0.1840242647818833,0.3576461386125091,0.7868582309789187,0.7814321005405848,0.4315979152469173,0.1053410587164432,0.3380316646962403,0.5802351713470167,0.9550190436796802,2.236210108898346,2.022481069965818,0.8713556754746763,0.3332526313947963,207.9,17073
HENRY,2022,17,0.1278578503254222,0.1695445035398427,0.4651616526869567,0.697189219984448,0.6340650558496984,0.3917525081540268,0.2168250294459879,0.0689933918412932,0.1667972580058279,0.6275551265056551,0.8639918653736665,0.8214534046211001,0.5730570019060031,0.3071854309183024,0.3712594802208306,0.5070453999743195,1.576618017613897,2.416114677100559,2.18772375583539,1.311018265305072,0.6781277326897385,231.9,17073
IROQUOIS,2019,17,0.1169664136513503,0.1345089056762345,0.2228676013238172,0.5917920997541608,0.6005392325539474,0.3682074286805817,0.1976983900822344,0.1004971429170126,0.078459305279253,0.3027421577656569,0.7553557306056576,0.791385486000072,0.6216166831121854,0.3342440837777443,0.3175653511871785,0.3819428911146486,0.7007170252975309,2.03548604981706,2.067318293964907,1.22658651172451,0.609653673754556,152.6,17075
IROQUOIS,2020,17,0.1154399550359737,0.1075363792721482,0.2979362727253374,0.5865634897715708,0.5876249141844893,0.2054641836390865,0.1236678795467507,0.0873003194391247,0.0919757510100069,0.4066184650007475,0.7694433331796938,0.78216249672567,0.3198510416539462,0.1533464875874862,0.3118078868873234,0.2840934532022283,0.971812324912179,2.016127044866999,2.019930690921114,0.6403408856788787,0.341309686006077,190.2,17075
IROQUOIS,2021,17,0.1058868326419327,0.1577928908234792,0.3479868776306711,0.6709623695708323,0.5642542689787584,0.2622297725379285,0.0540621525016844,0.1053174074922654,0.151873740318383,0.4735501246285416,0.6119706881889521,0.7721154352227092,0.3606434559094561,0.0243265426332128,0.2768200397575139,0.4644953964940849,1.153725884300357,2.324819739934014,1.935070429222104,0.8423459670353493,0.1091379744624352,194.2,17075
IROQUOIS,2022,17,0.1228682616785551,0.1509972297773463,0.4414685629012349,0.6712027327337036,0.6595248573850797,0.3814484184613367,0.2211255072938187,0.0926155674731084,0.1338623207285271,0.6153482657790714,0.8377422052365764,0.82636991116553,0.5593897846979429,0.3506255184802495,0.337982445418624,0.4398148918987596,1.490143333538613,2.321320374656106,2.279075656086722,1.272981195206139,0.692965261427223,212.4,17075
JACKSON,2019,17,0.1615029854231451,0.1514276776720086,0.3115443553153079,0.5414892344896525,0.4903367264191745,0.2543834065052794,0.122138927477517,0.1715035515142503,0.1798985756636059,0.3756171764772905,0.6456462314931729,0.6475906285440075,0.3395170708102667,0.1175369899607922,0.4913214654284411,0.454938485472129,1.034153093700715,1.86807360498133,1.681050017712381,0.8273698509363543,0.3489175332863773,150.7,17077
JACKSON,2020,17,0.1308791849862645,0.2069617378253994,0.4313095700863664,0.5345617671032289,0.4471315041620448,0.1941462352046165,0.1290947815657313,0.1032887706154694,0.2622441929267564,0.4969964865243141,0.6680209304737759,0.5919877238690048,0.276366551123773,0.1087869849201727,0.3802642239393222,0.6554849760606887,1.467283262412007,1.840861879658073,1.52445750420918,0.6091711478612917,0.3738156978890992,176.4,17077
JACKSON,2021,17,0.148372005567839,0.1783865190293909,0.4670932925722217,0.5940834931471694,0.4729959365623394,0.2136783424902394,0.1393275397805186,0.1510862936107334,0.2183881195996254,0.5303896141419567,0.7012445860954591,0.6239543436758924,0.3020149324539594,0.1403125582008986,0.4397128960703781,0.5481830351319176,1.592842402329823,2.05244637498633,1.614472038032509,0.6760060356398027,0.4070104583723958,181.2,17077
JACKSON,2022,17,0.1744482892283409,0.157955746848721,0.3363473913074287,0.5258910282787208,0.5612357798405756,0.2637625290094091,0.1546842938430195,0.119393159896553,0.1103355895136591,0.3690692271417916,0.6715094937276599,0.7099381727267571,0.3695124402153835,0.1515293212156669,0.5396979411902032,0.4750604382834044,1.121781684630346,1.806521593208076,1.934529852760168,0.8580798759631983,0.4631992759431854,174.9,17077
JASPER,2019,17,0.1832423549211266,0.1314054058527502,0.1867152870488546,0.6222888821066707,0.5939220661132265,0.3962212556925574,0.1589489607173179,0.2088417822256525,0.0587507924666864,0.190493948480822,0.7158082355894311,0.7410279886590906,0.5999885772165703,0.2358266126352849,0.5619799483996175,0.3807266667979472,0.5745359777371746,2.151542052489031,2.047806515563685,1.332538462479336,0.4740756608967802,174.0,17079
JASPER,2020,17,0.1369776260097714,0.1769114886917783,0.2691586154815216,0.5896110251249967,0.5667363803013301,0.3428319765656675,0.1384004237607444,0.0887844311813973,0.1883629907893907,0.2492389475780055,0.7383095050628524,0.7003651466452588,0.4208716511617137,0.1529026243400617,0.3943599102597688,0.5389816434776759,0.8728051073308096,2.032119678908774,1.950226588834482,1.141350577470631,0.3996401823721207,176.8,17079
JASPER,2022,17,0.1801273149439439,0.1524101907777641,0.3982769080300301,0.651677363678275,0.6172610967529808,0.3741453377637363,0.2164746562014206,0.1344750457128835,0.1017901537724638,0.4562644239611781,0.7877908034577372,0.7811400772474455,0.5368705565682185,0.3063477737285302,0.5536259110933761,0.4493522010942864,1.338989117939944,2.255829911800564,2.131264812843713,1.251626376465985,0.6811403038494949,203.6,17079
JEFFERSON,2019,17,0.1742686588639031,0.1223976215949883,0.1901882087994829,0.5634181897289107,0.5276966613957957,0.2991605575169446,0.1395917684471367,0.1960353087192351,0.0961419904164816,0.1909308655002665,0.6099416927241547,0.688139050986277,0.4371131770435805,0.1912196595070456,0.5387274764948256,0.3510641705874572,0.596331504783508,1.948416079222481,1.817437294832683,0.990589172223279,0.4132785537042387,129.3,17081
JEFFERSON,2021,17,0.1528411226407328,0.2049024636487288,0.5790928014042227,0.5865837528784407,0.5379431364246775,0.2731825893570433,0.1375752100864259,0.1554831037471323,0.2694710048266144,0.6614007445713397,0.705145572119332,0.6720107524365996,0.3966547763959936,0.1698348650250938,0.4564754206444014,0.6448390647391942,1.999125697282888,2.025767043277402,1.849838881508772,0.8918806309044969,0.4012562075318879,174.0,17081
JEFFERSON,2022,17,0.2251610814692415,0.1604702536618041,0.3524372848470361,0.5688159312583674,0.570050153154406,0.3278294347347272,0.1862245914667083,0.2060666270237142,0.1089482470702177,0.3985454183955118,0.6926844433992485,0.71496569967812,0.4844958112722227,0.2547387943397406,0.7214757279548576,0.4847622791031266,1.178918575541663,1.961795398308987,1.966246045937688,1.089804882563814,0.5774588965973073,162.4,17081
JERSEY,2020,17,0.1363453899680432,0.2095199367950851,0.3294911152884845,0.59604167929969,0.559512486483816,0.2730000541605527,0.1413993408925551,0.1488459278014208,0.1843670471718517,0.3675757341646666,0.7724799198148046,0.75227172177289,0.3918985292684405,0.1507812834656474,0.3919469909523983,0.6566945947403654,1.090754686676811,2.055133529730419,1.92296807989933,0.886366910291286,0.4091797322620504,192.2,17083
JERSEY,2022,17,0.2247483924027608,0.1590911814083407,0.3910698505559842,0.6106868160388277,0.612931713614871,0.3989417384082058,0.2344198616608043,0.2065473476702417,0.1426150813572916,0.447671058081817,0.7730818917251252,0.7688933822061693,0.5820310642368753,0.3243235345052182,0.7125502215717919,0.4739582759501933,1.31331830434291,2.107793935705267,2.115890525847806,1.341678180680755,0.7465431417847848,206.1,17083
JO DAVIESS,2020,17,0.129894400117338,0.1653615125351571,0.264464963214735,0.5916218433273328,0.5725282552824358,0.3627164170700493,0.1586006564371675,0.0946194971713873,0.127518851815175,0.285635408041714,0.7307377960999301,0.7326217712360299,0.5370101930559474,0.1962437658352983,0.372590027789456,0.5009094109333286,0.8594669939531197,2.043629564097769,1.974039110500161,1.21493987984774,0.476449057877997,193.3,17085
JO DAVIESS,2022,17,0.1192684294255031,0.1498462538692011,0.3585074449760969,0.6433619177121032,0.5981361678099701,0.4502920012729812,0.2293511670355045,0.0764511459736629,0.1305406338599723,0.4653037079254205,0.7561809181668823,0.7344621506345372,0.6155900495270584,0.3496187180146872,0.3443533632919532,0.4459865879933883,1.200948092483039,2.231597552635338,2.067936798461192,1.533419547027072,0.7336626642802403,210.8,17085
JOHNSON,2020,17,0.152340206763467,0.1908941912769204,0.402780590554588,0.4599592500204416,0.4233364156765112,0.1904251181223835,0.1326155508392476,0.1681624827280331,0.2553268503938866,0.5100430011461959,0.5534010306559997,0.5721563153936091,0.2935213832752724,0.1504070855771976,0.4707991042231768,0.6096968684880922,1.376386385146637,1.583804803728874,1.450716989698705,0.6080562926888103,0.3988838541671552,165.1,17087
KANE,2019,17,0.0993356548318267,0.1360011167934618,0.171112691249824,0.5382778801026228,0.5849727344603776,0.5100417554452896,0.3291144449104202,0.085851031523589,0.138484943629537,0.1922455974496616,0.6886272238194833,0.7717687859064832,0.7172255413446248,0.5321040128242438,0.2589991095717551,0.3922630787536283,0.5187141462275803,1.847091010132041,2.01603017564622,1.744923151020346,1.090343830344223,175.8,17089
KANE,2020,17,0.1200945400788935,0.1279680758967351,0.2914582191683656,0.592881003914432,0.5619937206068137,0.3239154641772379,0.1681139825209711,0.1024802437992212,0.1020491117092202,0.3613631632095391,0.7726876064662213,0.7284499618456824,0.4982717421245116,0.2501231864725096,0.3326541325179531,0.3604252993591226,0.9526336381909668,2.043250957351947,1.931461809089358,1.070637942673311,0.5063745553571583,175.9,17089
KANE,2022,17,0.1342753831368209,0.1301140561798068,0.3022844749758935,0.6294354612202624,0.6259645982846042,0.546689450051043,0.3205969520007247,0.0617164344475477,0.127647765119846,0.4003606118433403,0.7986205816484355,0.7978847246132604,0.7086782668010287,0.4736612723411023,0.3846988672615054,0.3686688096375143,0.9927565911373268,2.178755889530113,2.165144496035539,1.877490237315799,1.059115913055483,215.0,17089
KANKAKEE,2020,17,0.1207452004996091,0.1066363886436876,0.2615689989505286,0.5359102249461384,0.5591260793703721,0.2158523375952575,0.1290770127997323,0.1002768960979455,0.0899687492692342,0.3345090747267533,0.7204822223046438,0.751129446401531,0.332107630268307,0.1664333218330946,0.3333557129119346,0.2825153845747014,0.8425939467622912,1.835164865560042,1.919160386556053,0.6785669502431967,0.3632368508451372,172.2,17091
KANKAKEE,2022,17,0.1355003791353292,0.150909172566605,0.3980713864982036,0.6412665353705924,0.6453339954058873,0.3757905182447461,0.2122518018121603,0.0748836729538014,0.1280945326102264,0.5462657750148224,0.82277894987567,0.8189375700170131,0.5273010657126378,0.3116751748320258,0.3882116395110523,0.4401398957658572,1.333901319050568,2.213808107260003,2.228522305143456,1.25335130154132,0.6624896271571526,209.5,17091
KENDALL,2019,17,0.1075954088096118,0.137957821258371,0.1792287836945655,0.5218851282652247,0.6169601976968982,0.5182927362254582,0.30559949271784,0.0906158318335573,0.140253445371528,0.209341394959264,0.6969685443974136,0.8043204542447688,0.7401755009225696,0.5026262996275056,0.2854419006527302,0.3954371938163312,0.5446115255967728,1.784349352675428,2.128330229262042,1.771339000490482,1.001821542099361,192.2,17093
KENDALL,2020,17,0.1242401513635531,0.1532059451074648,0.3361978654703124,0.611857331341504,0.5526871119177506,0.237165735111551,0.1457538589277442,0.1091508094772556,0.1204212632095389,0.4424216044291573,0.8147927306516923,0.7405796666878606,0.3642766781897791,0.1997273632380751,0.3440555335608136,0.4497213307878756,1.110876370279311,2.108265512452974,1.894265260980083,0.7533897185080295,0.421849991252921,182.1,17093
KENDALL,2022,17,0.1411306107560519,0.1390500615725227,0.3193256276095749,0.6596487488990935,0.6651814649000247,0.4912089122098417,0.3050516781795325,0.0918744951114199,0.1368240129286762,0.43639320043505,0.8365703603183252,0.8342557610335503,0.6851949744593894,0.4316641175375107,0.4046100526662245,0.3991161572402936,1.049099593379031,2.280461770605793,2.300459049357176,1.67099328377491,0.9981151667577128,221.3,17093
KNOX,2020,17,0.1181981760919747,0.1835024765855002,0.2776402981315988,0.6412969473269908,0.5889282759821467,0.2972426078079527,0.1174818994049535,0.1195969096103686,0.169894492474319,0.3253608333289412,0.7830220995773017,0.7789541767493929,0.4661407762710889,0.130079419266321,0.3237685716211806,0.5600395330418345,0.9006296939020537,2.21663114546877,2.026870144653755,0.9715513280576532,0.3211988310731599,203.9,17095
KNOX,2022,17,0.134248754126799,0.1707125433458001,0.5126397253614972,0.6945813374302364,0.6385121901483426,0.3172837193882151,0.187652322188548,0.0693979395449131,0.1464983762203132,0.6884678614893148,0.8527770319642707,0.7657940585424687,0.4755892786348277,0.2442546714452414,0.3890357024686292,0.5127222164266095,1.749869288689346,2.408123917533775,2.205208507780832,1.043017056536228,0.5740185641307877,229.0,17095
LAKE,2019,17,0.0872654601445598,0.1338485369643117,0.1373304861893482,0.3369282508159566,0.4121194713146158,0.3402980599051711,0.2254575109743732,0.074978742521835,0.1554449216082986,0.1579126529664889,0.4308284462572246,0.5435770485004133,0.4989721011681754,0.3675947836080538,0.2407368559681568,0.4093977713110859,0.421860875551154,1.144017289979852,1.416064996773946,1.156159296477851,0.7407043138688214,129.0,17097
LAKE,2020,17,0.0867219173182279,0.0950880745616198,0.1529350452531224,0.3834235329963588,0.4110048257504777,0.3050840573477554,0.1330610471964544,0.070961182165914,0.0990840488198869,0.1553550345260812,0.4776335222970751,0.5283297788897241,0.4014909025225208,0.2013826178368924,0.248329385936286,0.2646715543864732,0.477023031043002,1.312418655759191,1.409656935069885,1.027174923062043,0.4051319888693412,164.7,17097
LAWRENCE,2019,17,0.1914794468015808,0.1803368680183078,0.3059518286198329,0.5832856066132093,0.5468191333505037,0.4461544533093403,0.1681545634370802,0.2244889872177597,0.156480162439565,0.3407305640994769,0.6840401308532117,0.7301868752277632,0.6046098893100786,0.2436395343739121,0.5938574420093695,0.5535364985876796,1.008511269720578,2.011405430016663,1.879469906408678,1.515264959770945,0.5094614638293962,155.2,17101
LAWRENCE,2020,17,0.1392395074975603,0.1925293139893901,0.3673235001650363,0.5550454479222451,0.554730182057483,0.2993373833095359,0.1360460411659154,0.1242211118630296,0.1938086916371024,0.4066922852596371,0.7203600586034222,0.7218005181018303,0.4123476658130463,0.1498262575004973,0.4040233465135923,0.5968246793364043,1.229229812172651,1.908407905052856,1.907267089957734,0.9832559535593004,0.3924679503787149,170.4,17101
LAWRENCE,2022,17,0.2136598553518582,0.1514066215648082,0.410682254635203,0.6358941933859663,0.5524897544965288,0.2746472117933661,0.1698503005744347,0.2095751065133475,0.1177554884525332,0.4786246043004155,0.7641477652900724,0.7101244418184737,0.4075428974282667,0.1973937171740481,0.6730143215553831,0.4475787819822083,1.385709718326717,2.201153094016334,1.898746027230067,0.8934343260108496,0.5142294212484326,192.1,17101
LEE,2019,17,0.1112829062870907,0.1340659019221184,0.17498482889112,0.5506575246141677,0.6241102722757188,0.5455479802512004,0.3699518314162972,0.0945951948390295,0.111820018654812,0.1873017387622795,0.6999456039823087,0.7879786954856322,0.7611982493215875,0.5655745859504867,0.2970421889344358,0.3798563776797643,0.527569065910935,1.886700214349902,2.152551043356489,1.868213492044246,1.23302573976806,181.4,17103
LEE,2020,17,0.1192836114835099,0.1461348261170762,0.3616218955977989,0.6327287192446596,0.5945234977451462,0.3287804351004929,0.1474991068519834,0.1005101197548643,0.120397960729093,0.4573967228789621,0.8130370196487928,0.787934818216699,0.5110406671866499,0.1748382950562119,0.3239279141269618,0.4210751908933393,1.200707363264508,2.181878509214838,2.043345358767626,1.0818869581193,0.4260115073510003,194.0,17103
LEE,2022,17,0.1269328407764938,0.1394782343075525,0.4173210260518277,0.7181053845267791,0.6628152287721647,0.5113750218339189,0.3036547869375124,0.0664738694207033,0.1423317301643694,0.5606269255874621,0.8517197366590705,0.8022099434111386,0.6918381558774609,0.4406117621077037,0.3521994687658418,0.3968142897415103,1.402052344207724,2.49036666794801,2.290245329819329,1.742343445937332,0.990809076838764,224.4,17103
LIVINGSTON,2019,17,0.1123050517875082,0.1230717792148336,0.2197647517081493,0.5636394776386484,0.6122617172086985,0.4613744083906445,0.2652569520106503,0.0972895008096584,0.0885057138154911,0.3152236258798174,0.7370565681453431,0.7996395866126761,0.7056356455683169,0.4337820183104431,0.300183427481169,0.3409410590643227,0.6889731575014354,1.933111539727209,2.109026710081499,1.563150411591268,0.8535639604286772,178.8,17105
LIVINGSTON,2020,17,0.0917647305575626,0.1390915273127516,0.2693445468210956,0.5809453390974305,0.575985822486216,0.2414484150355746,0.1294770450430371,0.0973409492885026,0.1273342675983924,0.3444377628531148,0.7757709593641217,0.7703805235069269,0.3567015769572729,0.1360449790556046,0.2246541671732166,0.396132310296176,0.8680157921241879,1.995407469628735,1.977586660355559,0.7683375332035459,0.3619750443200578,181.4,17105
LIVINGSTON,2021,17,0.1147163409966401,0.1668209115225604,0.4843586783023887,0.6870604084364258,0.5327167881648684,0.2121270105397893,0.0970769636467034,0.101787666875424,0.1730401226909242,0.6645365359455855,0.8268015288619381,0.7556003722654374,0.2618628560392481,0.0512357211142225,0.3082992213269951,0.4968144763102088,1.645676311466018,2.379123723224498,1.82064542790382,0.6607310256816853,0.2481729077943448,208.5,17105
LIVINGSTON,2022,17,0.1199892416642292,0.1510309972187702,0.4175456837157655,0.7002457881283901,0.6704066168242189,0.3866356616707982,0.2090968540155649,0.0690568217262162,0.1497388732192958,0.5906337371596069,0.8510611537504176,0.8151732718694938,0.5377039658479461,0.2709261688935038,0.3276110344891394,0.4417992685283963,1.403655323406007,2.426512455631554,2.318549051007094,1.291825907733208,0.6497287830105916,213.4,17105
LOGAN,2020,17,0.1236953877958874,0.1654743164439159,0.2560864785870112,0.6489690311668939,0.6255719619545611,0.355902430511325,0.1437932981629342,0.1302212708023885,0.1475691988225097,0.3135044204915854,0.8128438293504837,0.8246679228399829,0.5350809978330408,0.1613249313684617,0.3393922838386004,0.4905467292274031,0.8183804581553328,2.239830627087796,2.155179412754539,1.179515677519777,0.4121048366832823,209.6,17107
LOGAN,2021,17,0.1298301622296659,0.1849829270052316,0.5495155709741792,0.6976841480936038,0.5219519775599027,0.2217136482248271,0.1193471392395699,0.1122999550890947,0.1667619251716004,0.6920752047671367,0.748799968468988,0.6683330720903038,0.2968226091149394,0.0871384689881121,0.3625642526179032,0.5621070629716768,1.880986819583321,2.417060833132781,1.783116017392832,0.6949995461273084,0.3246375350988731,209.5,17107
LOGAN,2022,17,0.1455922774954268,0.1684512367187877,0.5539927275403987,0.7460084342744195,0.6893888496041727,0.4125812648351233,0.2074444863664467,0.0594443098554029,0.1642988763822948,0.7089019671376929,0.8493509833067999,0.8149062464222906,0.5948941780476944,0.275177101469328,0.425877870301741,0.5014178382122476,1.896386759809367,2.59110888909362,2.386226527782232,1.384706598077284,0.6425113879172801,229.1,17107
MACON,2020,17,0.1156391259955423,0.1530495288657252,0.3172557285420375,0.6442815199427412,0.6367702801273144,0.3323893504249259,0.1311594414815295,0.1310828227958163,0.1321892451280779,0.3961063320472239,0.8206679776569163,0.8157047593236251,0.4802575770688968,0.137246933048369,0.3101777918877485,0.4462076752460638,1.040145277599019,2.222862992957687,2.195686574107746,1.09453186550127,0.3663889742455639,209.2,17115
MACON,2021,17,0.1182884913652062,0.2112921736640277,0.6872447651690099,0.6909391310674915,0.5046270343600538,0.2302387828984088,0.1137081699616629,0.1138470433895249,0.2245600266039204,0.7814556822229605,0.7596154768944416,0.6980865200121428,0.3064372597642642,0.0983384463109961,0.3209084658864663,0.6573966490920709,2.379793848313914,2.392855615804864,1.719295287076116,0.7259444251480007,0.3043388362591579,221.1,17115
MACON,2022,17,0.1593452945094761,0.1803733279287642,0.496474832763832,0.7147335921855101,0.7108306976153155,0.4663645772796327,0.2291307780430563,0.0976011683501634,0.1796740436437957,0.6520148830219447,0.8431322333847876,0.8134215062709342,0.634383456873475,0.3250291294325809,0.4721872431289511,0.5444251850449686,1.688187526666744,2.478021214945801,2.465062053682089,1.579365091330318,0.7208982784248839,232.5,17115
MACOUPIN,2020,17,0.1279446481640245,0.2150754006278416,0.3553758134633599,0.6170133151884472,0.5740675144585747,0.2675273866327626,0.1297507792552507,0.146637906101297,0.1951439445989106,0.4037903363831118,0.7985502438337329,0.7604644576183306,0.376782240949042,0.1296507935310414,0.3593407173842654,0.6745797284655474,1.182186215849683,2.128803973314391,1.973413036365292,0.8643510353173746,0.3658752698255303,191.9,17117
MACOUPIN,2021,17,0.1436477572420257,0.1553837291290026,0.4407739619960542,0.6496197310411974,0.5536358236299554,0.2488143537148242,0.1187709271716947,0.167286034571194,0.1280175454752641,0.5025781346498399,0.7863993853198634,0.7227623695239764,0.3463720271952539,0.1244347210868,0.416104042085309,0.4587059290958102,1.491024725716543,2.24662937669474,1.899358937760666,0.7965155590486693,0.3260185380398002,197.2,17117
MACOUPIN,2022,17,0.1904655059056429,0.161606280592648,0.4420863781854207,0.662159064407904,0.6451811253813616,0.3941481521485825,0.2247375895263623,0.1774135004525372,0.148581772292087,0.5345567517891745,0.8076338094990008,0.7887011060035528,0.5861615243269488,0.3157339275585198,0.5886158206660335,0.4804216732642613,1.495248793517022,2.291425632845385,2.229969271105017,1.321735614961118,0.7088135548986305,209.2,17117
MADISON,2019,17,0.1786506268786902,0.1465046155076478,0.22740329896787,0.642189482697719,0.6326416742451819,0.4448467229742092,0.1765631015293765,0.1932447317889546,0.1317042250626752,0.2543619438452275,0.771995518495737,0.7751741595686168,0.6321344808818646,0.2437494858808961,0.5452795702481994,0.429463190555187,0.7216704221967818,2.22236660887659,2.187822217151734,1.50837875922138,0.5377305878643197,198.3,17119
MADISON,2020,17,0.1313068405610035,0.2093020562903183,0.3445974100711909,0.589422116971156,0.5415739388280548,0.2394376651767681,0.1333350588658682,0.1385003547038475,0.201979792471116,0.3659191991580027,0.7616229439090857,0.7338541681725728,0.3279295858872909,0.1236463465634337,0.3746892874098751,0.6568761236499562,1.14637379581754,2.032148400540959,1.859035769397915,0.7659067313275714,0.3820275016947324,185.9,17119
MADISON,2021,17,0.1551802746037427,0.1442698127895702,0.496436318696525,0.6435145044538233,0.5126437072579125,0.1947505140204877,0.1348913604253058,0.1724005713260149,0.0884327066108166,0.5573475055193724,0.7547532548675914,0.6818749861935802,0.2719588675607086,0.1400379176927121,0.4606392128239913,0.4221326501381287,1.695304701653116,2.227434230350818,1.753942680206074,0.6038058148683074,0.387235671784905,207.8,17119
MADISON,2022,17,0.1922119141269912,0.1685753056129772,0.4438751179863647,0.6247422735276273,0.6006117854761374,0.3189822390890422,0.194183300407503,0.1637935918424449,0.1431329272112185,0.5274697236656153,0.7768620758860686,0.7532165649708248,0.4827432779154814,0.2539253014838773,0.596029186651456,0.5089731517720454,1.505348549853081,2.159824916944656,2.072533638653777,1.053270916623448,0.601597428642781,200.8,17119
MARION,2019,17,0.1810425978759538,0.1168270114193254,0.1888083424411115,0.6145585923201252,0.6007589375931766,0.4306945819154284,0.1596495702047909,0.1996657774022852,0.0801629859148847,0.1898141368584738,0.67251009694241,0.7587776146105744,0.6191785144972912,0.2335781582506528,0.5559570416663535,0.3255403330540736,0.5840565966940119,2.12641659877913,2.074494101844807,1.459200325005423,0.4785636935348545,153.1,17121
MARION,2020,17,0.1386960290453071,0.2021892255827798,0.3366129495914078,0.5837082497854162,0.5382922024456035,0.3396092002117064,0.1360043201423346,0.0805393906420135,0.2440824778649149,0.3459776477607436,0.717511515269682,0.6639063735951334,0.4144661852365213,0.1286476170718679,0.4019119598210712,0.6317606487426591,1.119147241440337,2.012012547639789,1.84963463934942,1.129235009168169,0.3921791089748243,184.1,17121
MARION,2021,17,0.1381857805591707,0.2405638158068818,0.6758873335191099,0.6476439404081575,0.5979326909576804,0.2875819561168415,0.133760218506044,0.127390163530337,0.2985071864540632,0.7602025323212441,0.7567390579659081,0.7343933023738901,0.4051914956711334,0.1501330894719632,0.3986361653483077,0.7690405012250378,2.344699963855214,2.241857658413922,2.062027709283729,0.9391530310144856,0.3826267061614607,201.6,17121
MARION,2022,17,0.199204674139223,0.1686340846269224,0.3735522372223827,0.6264391550539652,0.6199885770699073,0.3501587100885675,0.2179029012573866,0.1680045056297833,0.1152942785250724,0.3900059383514643,0.7503936647333541,0.7512086397750262,0.5193576173571255,0.2913617672827483,0.6267382312804323,0.5097683185858689,1.250523038851755,2.165521824528308,2.142109410659166,1.165844292367612,0.6873498437896374,194.3,17121
MARSHALL,2019,17,0.1244998303070159,0.1520089140654072,0.2573374844655123,0.6139614932020234,0.6440609189929578,0.4930847588474785,0.288924402704633,0.1044401669294013,0.1487162579738994,0.330299586943454,0.7614354735753617,0.8041510573647169,0.7109248637653539,0.4399770917887553,0.344315791156316,0.4435981993840155,0.8249199649385995,2.115187981610317,2.224087614606417,1.67785506833962,0.93920393400002,184.9,17123
MARSHALL,2020,17,0.1100708426612519,0.1608899822154786,0.3108981065324156,0.6340756169876002,0.6012356225443132,0.3061912014053443,0.1362334292266589,0.1278922215964878,0.147241654190517,0.3950825933709539,0.7914563206956217,0.7866826113786894,0.4807860170754279,0.1485389191480084,0.2919819121942466,0.4758481960790584,1.018577878803932,2.187887753602124,2.069018987624113,1.001548314225791,0.3866410944833082,206.0,17123
MARSHALL,2021,17,0.1321092248490387,0.1601342402775946,0.4395211443523425,0.6523989049546788,0.588352452756134,0.311087049298386,0.1112581715011754,0.1208300248381798,0.1409640064569054,0.5624914138148635,0.7879704867900711,0.7929928357972483,0.4232654458341798,0.0953536694884392,0.3718295538483115,0.4732240797529984,1.484045580972025,2.254586657598142,2.022515924093946,1.019371587333568,0.2976550214851671,214.5,17123
MARSHALL,2022,17,0.1366578151493363,0.1545400796750972,0.4756056244187677,0.7248121751608699,0.6775985658808761,0.3974318814328617,0.2248955088131967,0.0925336819182453,0.1562834310385931,0.6379857321548036,0.8566734648284126,0.8129335464391327,0.547956199469093,0.2883904316307459,0.3877950552595481,0.4524553642908683,1.614110945652591,2.51579776447408,2.344898694363799,1.331260577967538,0.7070104961579508,221.7,17123
MASON,2020,17,0.1342277536387491,0.160533266554696,0.2314748964166153,0.6143683417713233,0.5639937421049035,0.2825568350726977,0.1322405476340249,0.1403982660175675,0.1484850036195714,0.2773158129029451,0.7527814619087083,0.7557414405398402,0.4448520458638336,0.1475082601874438,0.3825456843136337,0.4777193777238877,0.7343886347638301,2.119704511473107,1.937438902590438,0.9192001729479148,0.375361057271018,194.6,17125
MASON,2021,17,0.1434008863544231,0.1690105593829055,0.5204579237020484,0.6430420039065168,0.4451427450291162,0.1925067627470228,0.1269806631552703,0.1237299764859171,0.1482976529259389,0.6270632524786673,0.7089884641272193,0.6451475203393531,0.2561736312272909,0.1184814226565609,0.4149872466235036,0.5083879806294559,1.779817102440407,2.223323812878562,1.507378191699824,0.5932883466586387,0.356215310855581,197.4,17125
MASON,2022,17,0.1653422039808804,0.1664048244327048,0.5121090319985703,0.688628522505985,0.5956226265042183,0.271630636089529,0.1566050744381388,0.1046768356431275,0.1448589333308631,0.6376945387399292,0.791220976015222,0.7465585565610344,0.3952307173976068,0.1895650486459958,0.5001142792561876,0.4984298093643687,1.749243646304391,2.388005244212648,2.051357079242552,0.8791163722449217,0.4629383001336286,219.9,17125
MASSAC,2019,17,0.234616735517807,0.2023960348494934,0.3283167076293541,0.5946875783489846,0.4994021998595264,0.2963074571525792,0.1312231662702366,0.2787863897232995,0.2301760170756051,0.4072819206534276,0.7157656137900135,0.6735527259934875,0.4248425340447521,0.1475191757072175,0.754886668926691,0.6383161249837692,1.093897884692311,2.057738115286934,1.712884153525229,0.97808645153826,0.3808135321981225,155.6,17127
MASSAC,2020,17,0.1670713629526445,0.2167975207975155,0.433000399887503,0.5376563783241217,0.5116801708636498,0.233265623351593,0.1546601493951029,0.1907560072828495,0.2668140276800036,0.5525122148802021,0.6535717830342568,0.6864325046693648,0.352048227165553,0.184059139940306,0.5109744270285056,0.6895537924209686,1.472103372750074,1.850942009480976,1.756480017903404,0.7491834596066731,0.4647764474031016,163.3,17127
MENARD,2021,17,0.1356856222528156,0.1937794140577998,0.5475738021155697,0.6889078596572769,0.4979748799533368,0.1989217935097182,0.1267994019681968,0.1111986919100674,0.1837203436939267,0.67623923888467,0.7414561007500514,0.6734172493799169,0.2577621023446161,0.107547333335128,0.3852617536693973,0.5954456207568214,1.875474031528473,2.386820306655708,1.696127297637662,0.6140506719887422,0.3531119067366092,201.0,17129
MERCER,2020,17,0.1312579390522634,0.2059449340106503,0.3450016517093596,0.6885808694696669,0.6043791734786669,0.2953724416748212,0.1383106889586851,0.115557339724172,0.1975292645783304,0.4157303868342716,0.8149695161233238,0.7783465763958126,0.4566050147873746,0.164725852570847,0.3700742733671521,0.6402927833579621,1.143400934427793,2.386589955788719,2.081827953729185,0.963841437490288,0.3959568386497926,191.1,17131
MERCER,2022,17,0.1289671089190033,0.1813202583199722,0.5171145029474989,0.6992774559067235,0.63471185191971,0.3159224285379084,0.1934634062946349,0.0719413185592941,0.158223566966347,0.6853539234075158,0.8523152050240386,0.8055853491722905,0.4837481136188294,0.2610714374788969,0.3634894943112751,0.5505149981069539,1.765449453034636,2.424528294779379,2.190891462851026,1.037507689095341,0.5944507416456906,226.6,17131
MONROE,2019,17,0.1684812414309871,0.1386897129484612,0.3242104852629693,0.5464057562021566,0.5081013669542174,0.2793142097715248,0.1354361539884201,0.1728200376773564,0.137762030964643,0.3913934550925597,0.6870084103795481,0.6472254711574924,0.391501117437277,0.1533237916738153,0.5179328301945639,0.4101734719828229,1.081387077466821,1.885287881233907,1.746700084064155,0.9189495232849652,0.3984016683316585,153.8,17133
MONROE,2020,17,0.1204626057685067,0.2106091763947039,0.336809016160201,0.5350131885896423,0.4755080099260976,0.2127405170715435,0.131214407647521,0.1058195059921405,0.2198125525021339,0.3773388687579574,0.6683022814117164,0.6571246739179776,0.2657142056002686,0.1217011772826746,0.3401895952044422,0.6663404717465105,1.122926950424167,1.840031267843045,1.624744332541162,0.6740513797864555,0.3790899158903412,157.0,17133
MONROE,2022,17,0.1649653762618251,0.1698050569941454,0.4242662975098617,0.5450588394123351,0.5148980848094614,0.2501142665728587,0.1612537850604949,0.1279009323704073,0.1524215360046424,0.5045861490128071,0.6790990724568574,0.6693784674342784,0.3457762364323785,0.1664890523479243,0.5014682505976631,0.5187571748060608,1.439927496329838,1.876234334529511,1.767038617225773,0.8088942924613731,0.487361786626976,171.0,17133
MONTGOMERY,2020,17,0.1274379349586002,0.2100875028000465,0.3673436355027655,0.6246222003424718,0.5824395288836249,0.2618697641146014,0.1281915189666732,0.1499975284459843,0.1844254035812687,0.4276931897332773,0.8169552761616613,0.7658299633450927,0.3545531312373007,0.1265617712461104,0.3561427769926308,0.655102178208077,1.224061324126134,2.154937018867792,2.002298199875115,0.8424728479353805,0.3588028619751583,190.8,17135
MONTGOMERY,2021,17,0.124103935488603,0.1777472296754101,0.5529867854706602,0.6766028008060516,0.5477515082462913,0.2211054709828186,0.1264818930383316,0.1478027495906266,0.1630448890384806,0.6233202883402398,0.7963257929195123,0.7201270366857875,0.3015484947426816,0.1247050745181171,0.3441649179688625,0.5384450514410437,1.896102111433115,2.343118744511455,1.87691791373147,0.6951154239852948,0.3527671129428781,212.2,17135
MONTGOMERY,2022,17,0.1958716007328435,0.1739925277694207,0.4747738118957479,0.6705639476399939,0.6590820466193593,0.3760244561942455,0.2267434715582617,0.1596477008577557,0.1400308622400735,0.5692381864196935,0.8167596245694211,0.7957453841028916,0.5333592410591421,0.3077257773407988,0.6051550223680944,0.5245059189068784,1.612670500013427,2.321009653039473,2.279416921788713,1.255127045856352,0.7150633548493,213.8,17135
MORGAN,2019,17,0.1570283357892288,0.1233568303195565,0.3149004430252125,0.6556652427914833,0.6373535492966914,0.4210379580995887,0.1686451865833844,0.1459392599305986,0.162064265977217,0.4076638186884867,0.7878259996840068,0.7848560838808787,0.5985360924564502,0.2218293334012376,0.4625591416342052,0.3753697095800577,1.033750450469059,2.267942853902616,2.20190629932446,1.419061491248945,0.5047919473211878,205.8,17137
MORGAN,2020,17,0.1239096667710381,0.1921897696359207,0.301127681824183,0.636045923283687,0.5932607230846556,0.3035446829275411,0.1273362747794725,0.1439937414189718,0.1809823163794299,0.3681624933862389,0.8080122701666776,0.7877922814323031,0.4666474715081771,0.1427636049691084,0.3435280379071481,0.5905624645769554,0.9847262093720706,2.196437366813916,2.041640668880444,0.9934482349853334,0.3559064448921907,202.9,17137
MORGAN,2022,17,0.1641051822268714,0.1758667472066952,0.5814037740778332,0.7193454202460342,0.6406888838725076,0.3115379501078155,0.1738867735717541,0.1278049389481369,0.1606560733970351,0.721148991958161,0.8245331626142355,0.7866508043130599,0.4570481127884331,0.2096911990466523,0.4934652163300557,0.5310756450165836,1.998386972982164,2.497441722581794,2.21287119704371,1.021963265813681,0.5239222716771416,218.1,17137
MOULTRIE,2021,17,0.1086904756688034,0.2129125815213711,0.6810099814485909,0.6872969134070694,0.5429547903986311,0.2277199532100586,0.107487484976459,0.1181968801750661,0.2476558294426154,0.7839967841939349,0.7870145239325932,0.7077514555556185,0.3190335721257942,0.1030708293832425,0.2862599018977205,0.6633350438814952,2.357742146541034,2.379654710496435,1.859152453660635,0.716909659697524,0.281995432619804,221.8,17139
MOULTRIE,2022,17,0.144429469327143,0.1918388531473029,0.4181500171276787,0.6681683568483393,0.65081931093753,0.3744373107923969,0.2019723930213791,0.1243479963013373,0.2027849644079702,0.5830996553437208,0.8264005374893083,0.8061214586275613,0.5396026148577502,0.2738416670711651,0.4154122043024871,0.5869243802427524,1.405737577697601,2.310350023970823,2.247682147194718,1.247603073703046,0.6236092824515908,210.5,17139
OGLE,2019,17,0.1208637399230149,0.1634072427681892,0.2191491455079663,0.6399223571373496,0.6442550295681791,0.5353530166754623,0.328014850550617,0.0983104839367018,0.1390682569777135,0.2584449573687263,0.770681902395082,0.8138875489616371,0.759734229222527,0.5090629033543895,0.3313285988450138,0.4852914917369915,0.6874229823131444,2.209282623632898,2.224965197961111,1.830949503709975,1.081993559960975,191.2,17141
OGLE,2020,17,0.130446568663486,0.1654351922510096,0.3530682731537285,0.6572798785887974,0.6098765667756085,0.3418810576969278,0.1602651061463021,0.1058002680244425,0.1375409826802141,0.4253352951315303,0.8186065496259741,0.7945790825050437,0.5320629426269075,0.2025656313108396,0.3650220046326954,0.4916171958482249,1.170467598802646,2.27211073845324,2.099599932554571,1.129992130543949,0.4729056408249067,190.8,17141
OGLE,2022,17,0.1329600217253417,0.1491870725065326,0.4103959287933455,0.7344501847514032,0.6722009251196523,0.5600497850920263,0.3138207970938227,0.065167199262281,0.1315651879458613,0.5388051877871308,0.8567281531008611,0.8141238163777476,0.7389446344211482,0.4781381121363535,0.3776212519077085,0.4324906651385313,1.377569498508095,2.550091850050169,2.32475995508101,1.919005904222872,1.028144095814127,234.7,17141
PEORIA,2019,17,0.1278760620374147,0.1555923242858812,0.2269112192433311,0.5915657409272954,0.6137664942944944,0.4486170074007715,0.2659988507061936,0.0958400229018899,0.1595012834150221,0.2633205356624019,0.7264242628467269,0.7684449747026477,0.6599481520853868,0.3947102033298996,0.3614944785976324,0.4737321454901987,0.7189730349056513,2.038132462055144,2.118495188242049,1.520943272608358,0.8613476349187857,193.4,17143
PEORIA,2020,17,0.1172644661569585,0.1703257172415059,0.3080517948918729,0.6176433655234891,0.5759836157398287,0.2893172243532097,0.129295302000543,0.1263660294080225,0.1452946290057837,0.3659089537395055,0.7696288201419221,0.7556918163042851,0.4505711555160924,0.1415187198206523,0.3217802651679005,0.5137557852854909,1.012048357323541,2.132287112652552,1.981425885970308,0.944266949822207,0.3653076347502601,213.6,17143
PEORIA,2021,17,0.1399084604768275,0.1577265553718077,0.4701298311662363,0.6419945547921109,0.5509198365396143,0.3115946632202339,0.1148428651518718,0.1189167872642968,0.1198467467243862,0.5342588449892721,0.7411912809017364,0.7438218418239188,0.4337235982377074,0.1053957184990145,0.404592119617593,0.4680195964849559,1.598912056875356,2.219967972998359,1.890463247649449,1.024581479670834,0.313723787705488,215.0,17143
PEORIA,2022,17,0.1453846988336742,0.1679883237788683,0.5297249864201371,0.6960333428127559,0.6272948078416365,0.3243147709870737,0.1911030683998809,0.0891457207509487,0.1384696850006131,0.6751101176836334,0.8188423884755354,0.724234483660518,0.4594268022681528,0.228124439166386,0.4250775641488619,0.5044522584099127,1.813283601988664,2.414976036912416,2.166236977604592,1.070071023913963,0.5880965275821738,224.5,17143
PERRY,2020,17,0.1389650785277017,0.20312250223485,0.3028291231391037,0.532364220488921,0.4889677352043839,0.2436301839347063,0.1329241263355557,0.1131261702238209,0.2548497996512004,0.2824896038434894,0.6749958766873176,0.6438249094267641,0.3422976476853145,0.112518723909171,0.4059972272558626,0.6381114451390348,1.000373875945924,1.829486969304503,1.67227312459263,0.7846737274510832,0.3841387300423989,158.8,17145
PERRY,2022,17,0.2118617927442605,0.1557855069382981,0.2811685594246962,0.4965971963858669,0.5612109482441331,0.3151188844476266,0.1819546490054356,0.1696406932827258,0.1017445776825766,0.2644743160994083,0.6182936127625424,0.7098864964915709,0.442129497567525,0.2331369534708565,0.6743250398252804,0.4666820188414661,0.919679886766776,1.699029291877186,1.933287957929901,1.042370247242804,0.5604641047546586,161.4,17145
PIATT,2021,17,0.113921638081407,0.2134970799119332,0.707241029235377,0.702648050470194,0.5100472753031815,0.226567515376389,0.1061564541845976,0.1064636253651225,0.2420266107142013,0.7875385887250508,0.7964987354237865,0.7399985470657101,0.3156614865973537,0.0977225757851134,0.3039001617342186,0.6641649615531786,2.452011255157966,2.434155118980934,1.737346031005106,0.7114527454006808,0.2758564288266092,212.8,17147
PIATT,2022,17,0.1396143244281924,0.163105118248634,0.4237918203492973,0.6799858781070386,0.6823432940646866,0.4703353272905398,0.2536591523947833,0.0904065132231044,0.1514059308674697,0.5841962507539682,0.8346482344114227,0.8043636719962586,0.6431938646591305,0.3766855635490564,0.3982804984308698,0.4816996953922591,1.42486723108393,2.351962497580848,2.36173690639412,1.593326297346924,0.8093396274798085,220.1,17147
PIKE,2020,17,0.1263554530382807,0.2327743910333637,0.3893795406915585,0.5887641525610096,0.5407488887881519,0.2495362923907074,0.1297681019004087,0.1417829884332878,0.2223708026040274,0.4574465601936198,0.7404247880903531,0.7292597920000915,0.3874279481619673,0.1634395098436351,0.3565663117945098,0.7415681413709581,1.308164002524665,2.02962876828505,1.855815079704042,0.8022088593829111,0.3693699454453395,184.5,17149
POPE,2020,17,0.1541290682133445,0.2000895440444491,0.4301004696493004,0.4747390069294361,0.448048585140562,0.1808378123342913,0.1461465381359032,0.1612656681735866,0.2660757069778821,0.5392410034482387,0.5871999344402117,0.6058897848233405,0.2805877058661995,0.1655588299140453,0.4728937121007269,0.6381751669672635,1.470339557391494,1.632769628708593,1.535291980717224,0.568511152390595,0.4429954233411843,186.0,17151
PULASKI,2019,17,0.1754511002529661,0.2075763053144273,0.3545258641818873,0.5743834982035011,0.4670699058821547,0.2489908037488859,0.1272824669672971,0.1952891382436888,0.2598346312523895,0.4452747798362357,0.694298467524103,0.6364780991945532,0.3573847311958356,0.139949769692061,0.5430542477075924,0.6592888228763736,1.190935681672624,1.986332598966603,1.598127267471374,0.8091176199454649,0.3687866973125092,180.1,17153
PULASKI,2020,17,0.1549388950201584,0.2314087816232573,0.4840375449853511,0.5220268196255259,0.4669841377476709,0.1847099243087252,0.1394478836098557,0.149523282483681,0.2920296988403694,0.6156793553824492,0.6350975819922956,0.6437679368384904,0.286533532611874,0.1330608480567236,0.4679115985095541,0.7445646891454716,1.658617899750807,1.796899003570601,1.596900081357964,0.5756342943981025,0.4118739713416668,175.4,17153
PULASKI,2021,17,0.1608381146791469,0.2377618226085117,0.5470705562976245,0.5877263952196915,0.4251910192122232,0.2009205434765976,0.1587215379742683,0.1577746210661321,0.2759651751787351,0.6461402734668741,0.710526343964709,0.6112129971088404,0.2954600609785522,0.1772767272180532,0.4858815913737573,0.7641781500579167,1.883276285663536,2.03037300431532,1.443062920824537,0.6309127884306034,0.4782389508829073,188.4,17153
PUTNAM,2020,17,0.1174796245585979,0.182244359354353,0.34990682831687,0.613906271645747,0.577156290752212,0.26332056790937,0.1304081590924308,0.1293898274716347,0.1846275881519682,0.4382567917297869,0.7433267151828684,0.7466277128213247,0.4157443444896493,0.1448474124949289,0.3220550100646355,0.55637651275548,1.162978464457987,2.118178272488574,1.98516701954907,0.8497093743036636,0.3688322792039603,195.3,17155
PUTNAM,2021,17,0.1387722635823306,0.1727082407455146,0.4206356913615993,0.6249112133053143,0.5568932534279142,0.2566316037914941,0.1106310799603372,0.1238137942967209,0.1568764748928171,0.5606845064656574,0.7619514686899398,0.7522088235278477,0.3481009196043345,0.1111629337627509,0.3988977012852276,0.5216806330902015,1.418680892093457,2.158403224070883,1.911662055990219,0.8253156450627755,0.30204108305262,200.3,17155
PUTNAM,2022,17,0.1423872612826162,0.1596646841645415,0.4947589319940266,0.7041613454231024,0.6503249173240855,0.3879112137019863,0.2263606352287121,0.1050997914609719,0.176974751889532,0.637703520588541,0.8325830953773223,0.766544555552026,0.54241117419883,0.3045091864365005,0.4113668707679743,0.4738049043237917,1.686153834684304,2.443852637863699,2.249010057801483,1.299570958177568,0.7150822995491299,216.2,17155
RANDOLPH,2019,17,0.182864829079589,0.1423751732545349,0.2965623990896966,0.5663717534938006,0.5087115231394106,0.2271736372762201,0.1256903434924564,0.2023813038589267,0.1543995780466407,0.37788827485412,0.7065055656560578,0.6575126314812796,0.3264996028841708,0.1388452612295345,0.5693804530615758,0.4228924319913146,0.9807521006684976,1.95701056197926,1.748299303588189,0.7296936850558138,0.3625368898307571,144.4,17157
RANDOLPH,2020,17,0.1350056399325252,0.2118139107282758,0.3117963050213533,0.5149976814216044,0.4722803107572907,0.2340641913028935,0.1346932004784741,0.1233697772627437,0.2371447376945196,0.3291966135289771,0.6412009561877844,0.6368516690422082,0.3136861201159167,0.1370040554274878,0.3946963633810319,0.6725769664962569,1.034312949066476,1.769583986069449,1.614947260177357,0.7530907438783213,0.3935664983280555,167.1,17157
RANDOLPH,2021,17,0.1535984734766593,0.1873284424108573,0.4533467270343707,0.5749730886524318,0.4333559547423156,0.1883458919350924,0.1427479576930738,0.1546742244782206,0.2396250478874544,0.5198595660992196,0.6924971081066096,0.5768443229325755,0.2665842777568174,0.1647947546807862,0.4619404500706683,0.5922675607830225,1.546421882303259,1.986939670838921,1.474141011954695,0.587659037993343,0.4226865056197979,185.7,17157
RANDOLPH,2022,17,0.1823731828678466,0.1667824362279664,0.3365190574811944,0.5459835860789258,0.5452669002797214,0.2831752079358997,0.1721592951463675,0.1501332800756832,0.1278179330658397,0.3743156165512617,0.6776666243749815,0.6962365683706521,0.4072647458161065,0.2082864788084352,0.5663913711166493,0.5082298627622323,1.123033239765144,1.881015890599341,1.878113038348216,0.9295299949227696,0.5277946770685241,171.6,17157
RICHLAND,2020,17,0.1396774611618355,0.2047135227975845,0.3098993681779201,0.5703828607473674,0.5654571583542491,0.3287570297581929,0.1391362748721964,0.1043420551479307,0.2483948463865129,0.3065394455827113,0.7217557209879888,0.7144818137524372,0.4495558539388473,0.1546858087506378,0.4047158500690774,0.6400462519785427,1.020852260763202,1.963010453078352,1.94558498459384,1.0888341123081,0.4027630841090023,166.3,17159
ROCK ISLAND,2020,17,0.1319513979246783,0.1923944624861869,0.3005104138578826,0.6286836048211436,0.5672653400822208,0.2822941819880961,0.1353320453193204,0.1170490600511586,0.1819046908871932,0.3675240272340679,0.7620450849569772,0.7371277332858993,0.4370094674264291,0.1419211727543324,0.3769712977796053,0.5956681082417283,0.9868217264417032,2.174826659854602,1.951925526513009,0.920899936308798,0.3898324479296418,198.3,17161
ROCK ISLAND,2022,17,0.1288209158621477,0.1694502311365557,0.4865475575010609,0.6826211610870572,0.6017705693065998,0.3316191324698073,0.2030282147558224,0.0738411013930913,0.1619112229933362,0.6418166486896398,0.8116018646392248,0.7415509251486567,0.4906180586635122,0.2833566767029667,0.3715242025410351,0.5109893299000413,1.658305384854088,2.368036020803337,2.075322620763012,1.097802844961427,0.6324356943737715,224.2,17161
SALINE,2020,17,0.1272224823944993,0.2509848377909186,0.5085792474468896,0.5597799985780633,0.5099018894172409,0.2116879153412393,0.1325666056216523,0.0955524326290672,0.3209069094869639,0.6403868071860319,0.7183247070953098,0.6917412910298731,0.3024399321544513,0.1279792268182888,0.3618642401536167,0.8103067026382583,1.741815842430812,1.926767370742646,1.746235471525031,0.6673109094786575,0.3810388289653435,191.0,17165
SALINE,2021,17,0.1343717525403687,0.2507187590196607,0.5464891437158481,0.6107292948245396,0.4855383968710604,0.2235004698147151,0.1316286302152015,0.113391835601764,0.3562154464177076,0.6637209607301195,0.7259660445506104,0.6758880332807646,0.3293699551613464,0.151040282865329,0.3858863593988647,0.8068243129841354,1.87693125910909,2.109559530365674,1.656733916081032,0.7083616363348686,0.3759709260950409,191.8,17165
SALINE,2022,17,0.1671536824174947,0.14900234411999,0.4401332139809011,0.5959955604717329,0.5756973573654439,0.268835871959602,0.1630492285011247,0.0975959930279797,0.0929287483739813,0.5312564823432852,0.7496492165886808,0.7401465818175069,0.4209379175504952,0.202380778343801,0.5088661516021672,0.4397704418870423,1.495461394668785,2.057887710854562,1.984655873725478,0.8741513644653408,0.4906608400731747,180.7,17165
SANGAMON,2021,17,0.125061232331249,0.191983698445365,0.5403486733875495,0.6871019438092973,0.5089704576566677,0.2071404961591348,0.1159065711769521,0.1242154425559547,0.1899741343883443,0.668968294469074,0.7856536554382151,0.6755908673270081,0.2678820748478365,0.1008073301220444,0.3461037564989421,0.5884923517587256,1.84860776484301,2.379562877955092,1.735162816151416,0.6430620196231812,0.3129776572038322,215.6,17167
SCHUYLER,2020,17,0.1457510203774279,0.1722614602751968,0.2465552700014076,0.558415855925944,0.5479849072264649,0.2919963939100189,0.1214639840647981,0.1708900583438315,0.1345366507241075,0.2440129796737409,0.6813282515617507,0.7323494828860656,0.4491618603014975,0.1362681710135461,0.4294186554614676,0.5253282181919551,0.7941191552333602,1.922794875564191,1.884685874928642,0.958519513879658,0.3418139315110566,182.8,17169
SCHUYLER,2022,17,0.1656998897875758,0.167530469029643,0.4818464802142994,0.6379664796306128,0.5538396744360928,0.2431535600370938,0.1531132375159329,0.1528585441377338,0.1286545182954233,0.6225839583681996,0.776211836349816,0.697920091997458,0.3734872554743799,0.2011358553487791,0.5037196995641681,0.5083727727135512,1.644943277632137,2.209964954730134,1.905301290908186,0.781178872745656,0.4554150958122641,197.3,17169
SCOTT,2020,17,0.1328876760456253,0.2010058734847719,0.2982756470310292,0.5910771418088128,0.5460600056736227,0.2618276807477905,0.1127890153464439,0.1492771715617591,0.1863873741513503,0.3409732524764679,0.7776186009186407,0.7470138116327172,0.4055927712470391,0.1516740593419816,0.3786036951280206,0.6250569885995481,0.976978294965316,2.036334863702795,1.873462089452582,0.8451096906913539,0.3063108366175525,188.2,17171
SCOTT,2022,17,0.1825516512468133,0.1592378015011614,0.5012098776589216,0.6482982009578835,0.5907933544693249,0.2926728803922898,0.1707888965728857,0.1765602960324853,0.1400923284988921,0.6459310007443037,0.7976065185624106,0.7416932802968655,0.4544954029271969,0.2303092856511275,0.5631162283478376,0.4731506431814652,1.710438941475832,2.242626753023313,2.034744846147168,0.955923249894538,0.5149399408749942,207.7,17171
SHELBY,2021,17,0.1174626381774342,0.222651426886615,0.6664621461078803,0.6633901079390881,0.5201769568869978,0.2070529330670411,0.1258368758835843,0.1312377548182934,0.2471929510314824,0.7571256724856166,0.753623543615389,0.6925943646913082,0.2836986061685243,0.1283459442866287,0.3213263598534703,0.701900880750766,2.308318429268733,2.296569489449921,1.778976466422283,0.6454640636458676,0.3516249975857493,208.0,17173
SHELBY,2022,17,0.1714477949261416,0.2016560557943514,0.4656268745820814,0.6548068486708908,0.6444499538435684,0.303399284644589,0.1898238633754858,0.1500093937017206,0.1700190927917989,0.5731109613240382,0.8118292923069038,0.7831836540116807,0.4393158390701734,0.2473758986654395,0.5163052175519701,0.6250222257240754,1.580070856458392,2.264633232404852,2.227555948554415,0.9931076674335324,0.5821831790583696,214.5,17173
STARK,2019,17,0.1226913882756809,0.1418322638027895,0.2650264021643748,0.6377610731894234,0.6392630800464123,0.42837854597969,0.2179012687175386,0.0902145455707863,0.1302033042484668,0.3180625428722048,0.7812783496529072,0.808128408858416,0.657608619158837,0.3083216218894337,0.3372162184312237,0.4067769386027141,0.8521402421027516,2.200529681318618,2.206006003641739,1.442984474845486,0.6816326485072774,202.9,17175
STARK,2020,17,0.1106657501784126,0.1822587189287507,0.3322680889520956,0.6700107083380523,0.6269678582924997,0.304361687898711,0.1226028084175178,0.1197145112433317,0.1646769185041355,0.4165432458312589,0.8176729218345525,0.8067637668803905,0.4739088312071324,0.1271004020927105,0.293026711091173,0.5520500731331686,1.094783953343149,2.316963470005069,2.161007590930041,0.9938184664452994,0.336224938237662,211.3,17175
STARK,2021,17,0.1279389804383176,0.1577028484832065,0.4640485223041149,0.6754568434334711,0.5972075818899394,0.3042695238563433,0.1112599127743415,0.1075797865308144,0.1218581385016185,0.5449055048615128,0.8128859761527071,0.7987712799527965,0.4305005516439137,0.0776958092791463,0.3555190454522085,0.4639830642564057,1.57240168320881,2.336777944702203,2.053643385439545,0.993792484122188,0.2954154072127113,217.2,17175
STARK,2022,17,0.1286333024956158,0.1766231452863851,0.5652639747769947,0.7317010315032522,0.6825649321378475,0.339240133338001,0.194237542009537,0.0717463135645867,0.1672355970600952,0.7336413400103841,0.8776494822596049,0.8345458545285818,0.4715822765210489,0.2336875928655579,0.3585333233056286,0.5308816617947864,1.936935725036909,2.539118777108019,2.361319625127872,1.119170174456844,0.5945705084763642,240.6,17175
STEPHENSON,2019,17,0.1253245425067415,0.1733100148640883,0.1988904699047176,0.6423351018998477,0.6392555167292617,0.5030631431873062,0.2781516548026538,0.1026697085627118,0.1451458698382776,0.2430735148722558,0.7682788054293885,0.8093082279255966,0.726840216698644,0.4356419923019394,0.3497798346080815,0.5233774015029156,0.6172513327541046,2.220323515131534,2.209193940609517,1.716438855573156,0.9013705789172448,195.6,17177
STEPHENSON,2020,17,0.131160861088034,0.170033926760614,0.285548622524823,0.6317103787984693,0.6057623528600279,0.3830736565703663,0.1637759525706178,0.1002085334275455,0.1360027914712945,0.3286404558740664,0.7816356733122735,0.7883537626685738,0.5809509873313241,0.2060973105520224,0.3707450785766218,0.5114441856525836,0.929330889066773,2.182892160947768,2.087851642528742,1.282163939352691,0.4887448462816186,203.9,17177
STEPHENSON,2021,17,0.1379961912445309,0.1890126751049554,0.3739740274295697,0.6511227149432116,0.6052896857128873,0.4046079538794028,0.1584113475529243,0.1023178287786075,0.1516641844176307,0.4834100317675272,0.6373889387926022,0.7796898613478906,0.5848080797978106,0.2013669233012777,0.394444863656788,0.5785421203720266,1.250149183296351,2.256435201351845,2.087330729798488,1.360983846995107,0.4716261642041486,202.9,17177
STEPHENSON,2022,17,0.130140167417145,0.1551025094369493,0.3705458318149934,0.680755014529207,0.6285924669307722,0.4671783725430511,0.2235824193843633,0.0705059402510902,0.1347056524018539,0.4923087408854512,0.8215948433074469,0.7898035117555989,0.6439422076505447,0.3501243038862137,0.3681466758585664,0.4573169571657005,1.236826074241708,2.3592205766637,2.170516157523349,1.58707076904641,0.705103397832152,209.7,17177
TAZEWELL,2020,17,0.1218297769837703,0.1566854096135418,0.251683875252739,0.5876731616414059,0.5657466244535542,0.3349370567337962,0.1469398116757553,0.1287272269337265,0.1306113076994202,0.2937515404456661,0.7575232998851321,0.7655280592547107,0.524428937300343,0.1654758133019279,0.3365610598420862,0.4626689529830368,0.8063769788805235,2.021982428277905,1.942652459558692,1.107583379504808,0.4274093850519133,195.9,17179
TAZEWELL,2021,17,0.1360403293924461,0.1597363463905262,0.488606800868991,0.6639399452985457,0.5188173182187088,0.2503984540126185,0.1187905160824494,0.1159536446040004,0.1303178572918427,0.5935584404442302,0.7398164450547905,0.7111592110104902,0.3302330901205245,0.0962307133896903,0.3873778883172669,0.4731334085631291,1.662966531631963,2.297319438313871,1.772278784353019,0.8011260910995447,0.3249686905191591,204.8,17179
TAZEWELL,2022,17,0.1515437846274124,0.1530217386945159,0.4813822410353686,0.6988208684241296,0.6250700857800913,0.401369825204082,0.205616209527366,0.0786597719906091,0.1349493002172593,0.6224129173794342,0.8119443698510488,0.7408722790587263,0.5445646825787832,0.2471498571054154,0.4453854847204631,0.4489290639924844,1.637032471887364,2.423942499000705,2.156811231610406,1.347464039916967,0.6392124334098513,229.9,17179
UNION,2019,17,0.1897213636345544,0.1599839921540365,0.2723290945101614,0.4709876968744679,0.3854562722556129,0.2308241159410723,0.1148938274230659,0.2282768881005777,0.1873633949314778,0.3334983693853776,0.5577955704700734,0.5150009391229442,0.3224637879999249,0.1422685936950626,0.6121374109163257,0.5046638037202441,0.9110827736222904,1.629749199555821,1.320340840593941,0.7608903332224756,0.3414754192061763,130.9,17181
UNION,2020,17,0.1394388771541647,0.2014220087901094,0.4217060945374277,0.4694012128439195,0.3950652920944202,0.176409184613998,0.1416067898867989,0.1381393315846824,0.2641978004850975,0.5252676108140067,0.5864145207657809,0.5451294236773807,0.2722694189784013,0.1644205401949308,0.4226722354455899,0.6468531758656422,1.443890065204851,1.616679267790462,1.347507599352739,0.5564259073614041,0.4305070268620695,154.6,17181
UNION,2021,17,0.1531502711225027,0.193478413717896,0.428027003572439,0.51339832310565,0.396138166626734,0.1921267033392282,0.1400793768828087,0.163655380465234,0.2362102418612424,0.5159469250388053,0.614650161804662,0.5485540542860838,0.2739495211569616,0.1887885578776326,0.470819700395593,0.6167219582729475,1.465331622677124,1.774242016387556,1.349876968046526,0.6118746265911951,0.4235817821809676,163.7,17181
VERMILION,2020,17,0.121915485692198,0.1482291958544104,0.3139992033405105,0.6126141482923201,0.6023867028144776,0.3486523018374333,0.1337250733757289,0.0938236989100339,0.1162444105568083,0.4261283486322003,0.8067488853733401,0.8036248521420655,0.471290749026842,0.171781843298829,0.3348178217406308,0.4325853020768211,1.029652082137409,2.110041433044263,2.073044895699993,1.156653921728582,0.3774206933974594,190.0,17183
VERMILION,2021,17,0.1174573520623101,0.1769529663517323,0.3718021558120437,0.6887370466829141,0.5583989440119774,0.2961722996817958,0.0991030337769644,0.1061099703029422,0.179757652150113,0.4490135712994043,0.6650872957683674,0.7427923303701329,0.4206253360324094,0.0826021246704165,0.3187868401066871,0.5340431460789076,1.24174536424188,2.388542047821222,1.914234797160511,0.9653790824347912,0.2546995855401486,196.9,17183
VERMILION,2022,17,0.1437387338859863,0.1602576613274265,0.4333685038623783,0.6569676822620615,0.6551407702253949,0.4499278359795358,0.2669809917600145,0.0963875849397284,0.1473552191642316,0.5955839715288243,0.8322584139173088,0.8097163165405019,0.6292559910858484,0.4001265253601087,0.4136826278073898,0.472891636823591,1.460926181738825,2.269962677288696,2.263463128433743,1.520839654962725,0.8589103332551347,218.4,17183
WABASH,2019,17,0.1682897796434182,0.1704629447411723,0.3676386632232217,0.6131411440946085,0.5566487224327176,0.435435482367264,0.1540995383251797,0.1769141663445027,0.1272361042720991,0.4071532800694112,0.7121272344947752,0.7460496717835623,0.5801038593289366,0.1892024054634638,0.5088545880751331,0.5167031066119782,1.230226398814494,2.118317662716849,1.91393721928175,1.475382301049741,0.4575052201762578,156.2,17185
WABASH,2020,17,0.1266362621825847,0.2332436950819763,0.4395030653594433,0.5960934036917038,0.5610985369004042,0.2459840445343014,0.1344544920899746,0.0967502262967002,0.2391670484024503,0.4840555179389224,0.7634704210426086,0.7370588610225414,0.3454895268742907,0.127352979870233,0.3559568166807315,0.7416808830741026,1.487907749043842,2.054451923865408,1.92784070685587,0.7877560684379961,0.3842423976540238,170.8,17185
WABASH,2022,17,0.1770754803580522,0.1496652517559071,0.4957290399748348,0.6518021361458032,0.5554418247324768,0.2536256159665334,0.1607284896087337,0.146615657056965,0.1113092909137034,0.5549003083548403,0.7675002353617132,0.7249009518871516,0.3788691630396995,0.1752579504024379,0.5390776428374215,0.4398202271964553,1.692702146667381,2.257549080239135,1.908627888955706,0.8159727674160553,0.4797413388907035,181.8,17185
WARREN,2020,17,0.1155787810239951,0.1909964650676286,0.3083306006804565,0.6783031203008686,0.6092166899352133,0.29430746927635,0.1228160394483437,0.1168726228915301,0.1859615957825426,0.3755124850834423,0.8327446148797889,0.7956225795884211,0.4475999925756909,0.134913117662178,0.3121688342760737,0.5850292535897799,1.009543981570294,2.348177985057818,2.098149965346273,0.9588084896267522,0.3383533995356559,210.0,17187
WARREN,2022,17,0.1254221272781098,0.1652845317819995,0.5295909912304668,0.7084446073366469,0.6428211866087685,0.3181483765206465,0.1899482322948278,0.0707744173139121,0.1504426459936307,0.7101732274018508,0.8573000644141334,0.7577768057847368,0.4908763874581447,0.2457337637696605,0.352473672749035,0.491733382703559,1.809870814603774,2.456953242481442,2.219452472246047,1.044826439302661,0.5809815936470523,211.4,17187
WASHINGTON,2019,17,0.1804741161417703,0.1151143337654923,0.2201553461645417,0.6599489869439991,0.6157557459771438,0.3251023023466936,0.1511423350271794,0.1971793438791649,0.1135060575441024,0.2370653354171946,0.7903009451537868,0.7767576760586703,0.4850031055799901,0.1978032186703845,0.5515966665476789,0.315221582802278,0.6951675493492268,2.286417464348069,2.126448901183291,1.074863982020328,0.4454798758751984,167.4,17189
WASHINGTON,2020,17,0.1356449204630681,0.2124623139898614,0.27302823132673,0.5606774556386079,0.5401736691639373,0.3070735945111519,0.1408926547726712,0.1022250778407663,0.2610088567727016,0.2281742592745255,0.6942385274681268,0.6982335157987016,0.3917719513756296,0.1182438722629572,0.3897748744871432,0.667733625579691,0.8877136503379186,1.928041117867669,1.853355278320112,1.010071425292248,0.4087621281877821,180.0,17189
WASHINGTON,2021,17,0.1530379316400884,0.2408584131827446,0.5080678373197277,0.6434915808490417,0.5159391064328736,0.239123167896036,0.1455700432078824,0.1475431152863606,0.287090975976801,0.55012756925794,0.7696623440556181,0.6821407479960584,0.3374077347870176,0.1489507354698798,0.4515283530981561,0.7695652543205839,1.736139773675716,2.226700583534354,1.764508787763703,0.7629859389194333,0.4245151402827166,203.5,17189
WASHINGTON,2022,17,0.1859961008999931,0.1719090143565028,0.3625034641029819,0.6066817036861094,0.6215765303306436,0.3299347791377703,0.1895412963314826,0.1294569700066875,0.1003647263401243,0.3789178566472949,0.7384264107690032,0.7599051386736072,0.4656839354393692,0.2297603348174543,0.577391334161456,0.5218785375662776,1.209467549650378,2.092970949887033,2.146847208685394,1.091569828048738,0.583623767665204,184.8,17189
WAYNE,2020,17,0.1465799428544522,0.2034759380079131,0.3231594558242942,0.5586991156027683,0.5325312935818429,0.3044006717403616,0.1440650108057189,0.1078641391260528,0.2541796717684716,0.3471785552022378,0.7064731179031399,0.6766105800058302,0.4172754522736284,0.1454327736707312,0.4301892018441187,0.6362315142345764,1.073817932242893,1.921281627695409,1.827798988794689,1.001187973302048,0.421093027891603,169.7,17191
WAYNE,2022,17,0.20890791976795,0.1575719990554918,0.4153817541902155,0.6164838890277567,0.5773034575465177,0.3402529599985162,0.1919020351616933,0.1826652026896644,0.1163986610217353,0.4997208176933301,0.7733991921261643,0.7436120815681608,0.5104932481618696,0.2545457909476761,0.65563075030555,0.4682214728821805,1.40105222457183,2.129893466900294,1.988896535254113,1.12917886872515,0.592437908851352,189.0,17191
WHITE,2019,17,0.2105136528154981,0.1753309426994461,0.3044951443842105,0.612243468146557,0.5653914090678187,0.3757765119677232,0.1479453850745647,0.2485237774094374,0.1360789329232719,0.3411477782629393,0.7262750461367671,0.7372016401598033,0.5300464816336774,0.1905950684204871,0.6628570630503905,0.535608876983221,1.002844357304859,2.116417587758631,1.946790720869949,1.260763942426477,0.436472448668149,171.9,17193
WHITE,2020,17,0.1517762394888577,0.2127956092610433,0.4509915728271226,0.584737853104191,0.5416753267831487,0.2631101056298113,0.1466991963939311,0.1239476275132267,0.2282511638131517,0.496104927083202,0.7431570674624389,0.7069666804037594,0.369023314575017,0.1548683877376452,0.4481463676731285,0.6690660358014142,1.530688475583817,2.014611022332043,1.85958260455006,0.8509582520001564,0.4297835346009961,176.7,17193
WHITE,2021,17,0.1577599664366362,0.2442322148666097,0.6018802997367768,0.6355285627819466,0.5440716788437525,0.2257307466689766,0.1416967114671223,0.1493031341126921,0.3373478497296713,0.69731832974278,0.7185061326095108,0.7010793103418271,0.3335506251588463,0.1747026567326705,0.4699144724308385,0.782766694801989,2.076776922305823,2.198459933874228,1.867622285727243,0.7158343583474019,0.4110275833145658,193.2,17193
WHITE,2022,17,0.2170501196157386,0.1558654685903474,0.4243158906665859,0.6193995352073929,0.5535598591264245,0.3109763231376997,0.1830020362899795,0.2011887935301037,0.1184246002165655,0.5044218494645696,0.7574332970453994,0.7289719068355014,0.4705546288741003,0.226326425267775,0.6851005564152702,0.4631976402067957,1.43470981902929,2.141283591283456,1.902372289830062,1.024449403916294,0.5613837492451293,190.2,17193
WHITESIDE,2019,17,0.1201794046177552,0.1704348764849167,0.17877554174156,0.5781304638878924,0.589261974354728,0.4322580008811354,0.230564956761336,0.1063397384444254,0.1446813919547396,0.2365963104598992,0.7126021621043536,0.7802813816034929,0.6608684028760781,0.3635510544837619,0.3305891399689601,0.5125080131737006,0.5428860228456195,1.9874573289705,2.027738182273478,1.459688716207414,0.7431763944085378,192.0,17195
WHITESIDE,2020,17,0.1213459699672058,0.1770289552185259,0.2691160806183565,0.604064273318534,0.5730696152843319,0.2952469331154406,0.1282131096349918,0.1125682062934792,0.1617554544949543,0.3294821495134453,0.7773588874660529,0.7572483696552786,0.4653832252050691,0.1130782860319219,0.3328720656585189,0.5343191967565407,0.8675171561244849,2.081389601651854,1.967191881717496,0.9620301031406028,0.3579027691143355,185.7,17195
WHITESIDE,2022,17,0.1144457562647313,0.1553341305900095,0.4508671395195877,0.6955792592034998,0.5982552075550412,0.4189021288796321,0.2305223529093527,0.0672892197584808,0.1492784391087643,0.6170424785029158,0.8423374329077217,0.7577249281831734,0.617983778998494,0.3450396976860445,0.32035309700312,0.4552132187227256,1.524455215103869,2.410109344034613,2.05768029866649,1.408889391731769,0.7272611762226563,219.8,17195
WILL,2020,17,0.1237171872166611,0.126347371275737,0.2297316419274761,0.4864008536259499,0.5399357047506006,0.2498959241873575,0.1378803280100375,0.1072612567993021,0.0978210495119257,0.282398236178851,0.6487128331492018,0.7152400751390484,0.3657350109982359,0.1976562015549136,0.3503174294657297,0.3607005642884895,0.7341008882976152,1.662858974982585,1.856079751580208,0.8090245740620827,0.401784004206499,174.2,17197
WILL,2022,17,0.1588207124173468,0.148183751837129,0.2936660286453268,0.592383130766463,0.6123803338533752,0.4280918547300698,0.2434166444911713,0.0920129467427684,0.1275533557276199,0.3910736955202488,0.7653610891503005,0.7771078291547435,0.5823994830785766,0.3233402988274882,0.4805586993915087,0.4355653812387408,0.9624288337337656,2.044415254802628,2.11633248250402,1.449026632517803,0.7823316614993642,207.8,17197
WILLIAMSON,2019,17,0.2045608118068219,0.1479681272943107,0.2386408458725776,0.5473795214069049,0.493704074980281,0.3311490251055001,0.1191822353423446,0.2424865937743107,0.1651782484205571,0.2843470870379529,0.6316377523855019,0.6443138304108249,0.4581297438838041,0.154690973745652,0.6525772095596167,0.4478237840774405,0.775881354841602,1.893295109157434,1.698710058810307,1.110575580745547,0.3437005519938769,145.4,17199
WILLIAMSON,2020,17,0.1661893144087394,0.2072397503430122,0.3749190962269046,0.4930327174343474,0.4700198817490163,0.2217973014401147,0.1322348034280214,0.168271529001353,0.254457186257686,0.4733758311317961,0.6178461709053197,0.623697158968352,0.3213051193196372,0.1482261733700463,0.5131817182892007,0.6614955005707863,1.269242552502881,1.695568262275905,1.612308157401692,0.7142742592831668,0.3902069883736745,155.5,17199
WILLIAMSON,2022,17,0.2069309948174263,0.160637003447528,0.3543959686260741,0.5290957040900752,0.5334567169530791,0.2362044711871885,0.1445500104556032,0.1771860630940049,0.1295569482163693,0.4136481510144403,0.6743266552919532,0.6758466835724282,0.348644167144741,0.1702593469792174,0.6608780672351396,0.4899117134845259,1.192036353711056,1.823884598311035,1.83987895515773,0.7635550287388432,0.4315440493223526,173.3,17199
WINNEBAGO,2019,17,0.123068785413684,0.1621649500489054,0.2303495709341665,0.6185451918823398,0.608669322956028,0.4882607440596171,0.2727192528709664,0.0967367468536224,0.1497475265386881,0.2391634709001387,0.7433848827872522,0.774791958084177,0.6957245279148113,0.4311221715241449,0.3443927466907508,0.4858640445975086,0.7325586474090776,2.137026062674222,2.101293975154979,1.66565382109482,0.8858171160417871,191.8,17201
WINNEBAGO,2020,17,0.133269645757481,0.1582945828288245,0.3719708375329001,0.6265350454643406,0.5888797685170989,0.3622103346783164,0.1765092624516296,0.1080572673129422,0.1275722281181572,0.4471578740149539,0.778319404871532,0.7643235142708525,0.5610909026465517,0.2596642383050639,0.3797307892195035,0.4702745428254545,1.24335503133548,2.164507560605186,2.028131543636344,1.208041532007626,0.5361750526914609,192.0,17201
WINNEBAGO,2021,17,0.1370184356825599,0.1815079860596496,0.4062349121377935,0.6609217016627381,0.5767084101915627,0.3478943074736288,0.1391100980476784,0.1050634390570096,0.1523804371492333,0.5051064718951563,0.743539186882932,0.7462041470535454,0.4922434235311764,0.2104446364452009,0.3935777243025219,0.5545329751624064,1.367600706873927,2.289081453585265,1.984374945184683,1.15652482452015,0.4064703443878265,195.8,17201
WINNEBAGO,2022,17,0.1333471268910263,0.1530377480238052,0.3562849610169757,0.6840303504885115,0.6484807756983979,0.5120765807215499,0.2690161872017803,0.0692288989602578,0.1366456178457573,0.45167062534423,0.8202839316555469,0.8092104784546479,0.6837540589829209,0.4078217868566701,0.3794986943740658,0.4501497687941858,1.185709792725581,2.372013818026934,2.243148964486073,1.74944234505819,0.8698508114967022,206.5,17201
WOODFORD,2019,17,0.1204967561630546,0.1079692101572044,0.2286802179040962,0.6128317871919124,0.6498096262789144,0.533962478511881,0.3092136790400835,0.0974755402906123,0.055499731695902,0.3087181889747865,0.7589913716615486,0.816612719142128,0.7611508269382721,0.4708677806145896,0.3303272273387867,0.28571937512617,0.7217379197871899,2.11159520617562,2.245381004567848,1.826244119963482,1.013105271777366,183.6,17203
WOODFORD,2020,17,0.1020930852507776,0.1437118938328264,0.2652939853304235,0.577254513287438,0.573549607142283,0.3481247572794372,0.1442413056924499,0.1120415070870557,0.1251018718082981,0.3233679522352179,0.76540618801998,0.7739304480932335,0.537942485353536,0.1506672899090428,0.2635238305541996,0.4141017175376653,0.8539834998534361,1.982670445038009,1.969252226040892,1.153665187262151,0.4160148769864453,198.7,17203
WOODFORD,2021,17,0.1266561334206855,0.1536645384511847,0.39259934455525,0.6514580546750091,0.5970105789901442,0.3045656454735927,0.1145147811254218,0.112480414448845,0.1430638009782457,0.5339887409058474,0.7842336997665111,0.78532042572106,0.4035576739266135,0.0980781087892313,0.3522941741732872,0.4500093619827366,1.314484632051335,2.251152189561558,2.054035436220626,0.99597186542371,0.3111315456871232,220.2,17203
WOODFORD,2022,17,0.1340619626701311,0.1419534084612659,0.4868432018254497,0.7308803695857287,0.6776488093320157,0.4537435327785363,0.248239038530824,0.0789526129020078,0.1272987820668777,0.6631399044280654,0.8556749324571868,0.7593910447441592,0.6184278584270735,0.3354182325836486,0.3786941623916234,0.4067464072136593,1.654700438430206,2.537668082371841,2.344898053962507,1.53492356523035,0.7913394779233638,235.7,17203
ADAMS,2019,18,0.1163813293867477,0.1397053507983883,0.1272620006219061,0.4477981015625233,0.579606893874515,0.5092216476476011,0.279757928795784,0.1043630628084407,0.1191509261517791,0.0829689571681092,0.5344155801986947,0.7023066462217812,0.6443246177895613,0.4653846316501414,0.329014332057087,0.4106503461750045,0.3659181301965356,1.525127787482822,2.006088223591054,1.752020328847974,0.9174350125652692,169.7,18001
ADAMS,2020,18,0.136813494734523,0.1456582678134529,0.3179010972451494,0.5373785928310313,0.4994660399702755,0.303589477463043,0.1473470080526391,0.079460775627147,0.0988298823794401,0.3780936507711266,0.6569021777116568,0.6807648176753576,0.4641036785095127,0.2098490322719321,0.401316607605531,0.4300644083973179,1.053233212284419,1.849935763162566,1.710135456397651,1.00145314086029,0.4361688700544937,179.9,18001
ADAMS,2022,18,0.1402765619350208,0.1300821582111049,0.2566798421110972,0.604777798412162,0.5879564249314211,0.4815719678049403,0.216444824493981,0.1022264852787227,0.068756559497686,0.2597596222419915,0.7444682247980681,0.7475879232042868,0.6569630050827295,0.3087836058288857,0.4073987694539343,0.3716888918934848,0.8285192039034525,2.088193760642066,2.027530983540253,1.642290239740971,0.6829452170821649,186.6,18001
ALLEN,2019,18,0.118271244132916,0.147292587447341,0.137418689988928,0.4940156745355387,0.6757279400027556,0.6059684920812239,0.3480487894975236,0.1117636128205606,0.1330576603923214,0.112744195371528,0.6105841724993796,0.8050041467716181,0.7425816062654841,0.5662664032852653,0.3342709782290736,0.4382977622910417,0.402278293666778,1.692123750035995,2.34225421617607,2.090554109704034,1.164022636775873,182.0,18003
ALLEN,2020,18,0.1231578847891082,0.1312659327898442,0.2816134713110097,0.5388013421651731,0.4733042708404195,0.3126831832072083,0.1374026696153258,0.0600620688618336,0.0769627781360375,0.3349422047186697,0.6786999413228966,0.6541341586826048,0.4786464550143329,0.1966487721694799,0.3547660853943557,0.3800596710979025,0.9240253748228856,1.850066280634984,1.61756581951351,1.03643730335275,0.4022741785182189,165.2,18003
ALLEN,2022,18,0.1390080138641156,0.1340868599641907,0.256731438024038,0.5955549423479123,0.5884437275801025,0.4964253715609795,0.214461107862022,0.1048073552255657,0.0863733577659383,0.2621824626540096,0.75700987167583,0.750217471043422,0.6494204568662241,0.3092140709702831,0.4043044129779257,0.3865608653776681,0.8305249494336735,2.057603221906588,2.032526910654939,1.697936475626819,0.6775076847994871,184.7,18003
BARTHOLOMEW,2022,18,0.2424882434970034,0.1363831261174423,0.4195362248637471,0.6038906056466341,0.5458889841621561,0.3723978617542581,0.1946470102324757,0.2399241573159797,0.0845117272887873,0.4953858582593192,0.7291624108294594,0.7133395046538983,0.5144357455475356,0.2713449163361466,0.7771765782321538,0.3946011929579397,1.417956234034164,2.085463818233393,1.875203680313959,1.248022032832582,0.6041689740249546,185.2,18005
BENTON,2019,18,0.1353404267336131,0.1647104671853511,0.3490419392702184,0.6776480714776681,0.6044449155505288,0.2525908957858386,0.143844231668596,0.1360251819469317,0.1353513464118198,0.4799238239422744,0.8124944129946476,0.7745556136710948,0.4517760972389808,0.2133950799064939,0.3818404375737417,0.4881049081564517,1.155012971376517,2.34391041429455,2.080289083334798,0.8060870924171105,0.4126074738675827,186.2,18007
BENTON,2020,18,0.1191074041475802,0.14791717194387,0.4134725501313652,0.6529955214238576,0.6235630817978095,0.2734988517705721,0.1322366785077498,0.0938061876211788,0.1250591325004979,0.530504687213624,0.7927920445415675,0.8020388338626131,0.4089218344235236,0.1613676770220248,0.3227754022570293,0.427757072990485,1.387786909450519,2.254403746152969,2.14789652099975,0.881988957712277,0.3702770246805925,204.5,18007
BENTON,2021,18,0.1177119178066548,0.1641877997913963,0.3986252052407926,0.7148838609887566,0.6078565037410503,0.2749020789513609,0.0922976054841503,0.1275057969189095,0.1613533430765438,0.502782062197293,0.7933583497613854,0.7937344967011357,0.3776676557501533,0.0683143446355127,0.3173469436835759,0.4854804392510862,1.333788758655857,2.478384343722356,2.090673625840024,0.8860440002582587,0.2257260794746538,190.0,18007
BENTON,2022,18,0.1398224196593633,0.1666158984472225,0.4795688635092116,0.689599125744707,0.6579771518711429,0.4294127332859058,0.2245860543009573,0.1170394036998742,0.1704478222800575,0.6386283136070486,0.8456171727357866,0.8189732407026107,0.5884608725623409,0.3199724579186949,0.3975361949609153,0.4943945911190304,1.626629647852407,2.386771384729364,2.272131498010811,1.445132798085786,0.7040805202916033,212.9,18007
BLACKFORD,2022,18,0.1473054433549,0.1398105391198784,0.2478731199303883,0.5677316917533283,0.5885658601669976,0.4748227106070552,0.1984330882447992,0.1243615955678236,0.080533845464215,0.2473860247305245,0.737402974101209,0.7018218297966259,0.607072531014747,0.2701042115026245,0.4341223665736162,0.4069262294287273,0.7978187323757288,1.955642208201011,2.032299391172112,1.620200814494729,0.6188978132617252,183.1,18009
BOONE,2019,18,0.1300829669259184,0.1567388958139911,0.193919881707547,0.4685880257451067,0.5992553551790528,0.5319895279797437,0.279270796215691,0.1142506588175874,0.1300349797518547,0.2446983824672002,0.5475699364275028,0.7199347003533614,0.7300624489572113,0.4472517390498781,0.3698072955646169,0.4665145657973238,0.6008775314858322,1.594783354972886,2.067320076600757,1.824901828748763,0.9093770367588332,177.3,18011
BOONE,2020,18,0.1241005011421836,0.1160576229506431,0.4187186941622399,0.615994394603458,0.6016673494248417,0.3129851629732891,0.138675282533955,0.0771903278227306,0.0983013503228084,0.4878691849908303,0.7732807294799098,0.7637093115734673,0.4474521653793312,0.1674730978920047,0.3457167132402908,0.3184569682605122,1.4116470657146,2.125600982687798,2.073555498271739,1.029083730384801,0.3984501118601072,221.9,18011
BOONE,2021,18,0.1218014622505762,0.1696349396975948,0.3560195668053333,0.7158436040043282,0.653368156448732,0.1982276008480865,0.0866592808897606,0.0623703764009302,0.144497135475445,0.3976874608655154,0.7180621806681454,0.7965089004478799,0.3093778920064017,0.0926594107899946,0.3359462925048707,0.5086521129810228,1.184958469198942,2.485165941332176,2.259186971384829,0.6124244010123503,0.2089927270848805,209.8,18011
BOONE,2022,18,0.148445424189929,0.1432963307676618,0.4071949650323314,0.6612338093107465,0.6731132019563523,0.449972614831136,0.2303496139382408,0.1226872053831211,0.0874519502362218,0.478730229857962,0.7756693155994706,0.76139302928729,0.6133296363664517,0.31824261308388,0.4324638176719885,0.4137070380466852,1.369192331738664,2.288732021038437,2.333371544079438,1.523578076830646,0.7288558951402193,195.2,18011
CARROLL,2019,18,0.144064128050659,0.1635709345309884,0.2231321683380399,0.6157498078789176,0.6247183004957639,0.4465027773235669,0.2535455785650996,0.1329280174160534,0.1246610621138186,0.3204165249958415,0.7354343651930769,0.7732261842966351,0.6637254892981873,0.4062777995155032,0.4173397237883522,0.4876228438625802,0.7036192397760298,2.1236055065281,2.156605961714783,1.513325074888593,0.8132671857737879,194.6,18015
CARROLL,2020,18,0.1352480713033541,0.177630679146629,0.434735452974086,0.6259849984106504,0.609686344121803,0.3250539805637928,0.1393777866309388,0.0840670803039242,0.1323489683757359,0.5027996341510003,0.7937415954835573,0.791860694196367,0.505226271368659,0.1856554968163639,0.3847124685250465,0.5387745263743079,1.468244871240747,2.160193778593545,2.101217401756146,1.071417705255416,0.3996408986240416,209.6,18015
CARROLL,2022,18,0.1780594741128534,0.1521243700817399,0.4529467985997732,0.6712448543212168,0.6510379622733882,0.4745553077555167,0.2664865957423674,0.1534990465809685,0.0944365142838261,0.5295996539135904,0.8116695220948613,0.8022500628257956,0.6528139260094019,0.3830942159233805,0.5385433778984254,0.4447273856942615,1.533153221236696,2.323014546584085,2.249948266076381,1.611292343198497,0.8584910657433079,203.6,18015
CASS,2020,18,0.1304452271066193,0.2129406656716093,0.416596435952203,0.5979017342685827,0.5757360377162657,0.2829116317459518,0.1276539661558784,0.0826282953231029,0.176646797065709,0.503864437440468,0.780456608437915,0.7649967517152483,0.4454754622238974,0.1663196838541119,0.3691007655175043,0.6683336941710646,1.404250471323397,2.059523190227623,1.98001743686099,0.920578671216189,0.3588566156003019,200.4,18017
CASS,2022,18,0.1637755871234238,0.1493842296792578,0.4193343623287405,0.6669487366109594,0.6174254067191051,0.4232140660859196,0.2172530831394982,0.1461453700210309,0.1034864861016784,0.4829123321062642,0.8041519558624041,0.7646024559342041,0.593904332597216,0.3021275716465132,0.4887581248371045,0.4366052458141116,1.413476705180628,2.309449096777068,2.130278515913405,1.427398799039685,0.6821736910927534,194.3,18017
CLARK,2020,18,0.2222467338335209,0.1600339868077217,0.1945049396854532,0.5196736962523106,0.5349435346654604,0.3999510999131613,0.2303156163751925,0.2622148377612061,0.1633185062142993,0.1881835443832968,0.6221509199363751,0.6863206236849582,0.5711004027609765,0.3261345057586071,0.7149824691795174,0.4914103985098175,0.6146626121676585,1.792234652828307,1.84632901107307,1.357907333588223,0.7386344401493348,173.4,18019
CLAY,2020,18,0.141505358187959,0.1863168156554387,0.3867279053281266,0.5864075001147485,0.5661051843172263,0.2854316551757205,0.1390988130084424,0.1067677343436097,0.1723228148042047,0.4277575719755221,0.7456902409686209,0.7069347747066568,0.3985816610320387,0.1756959236979065,0.4134536402498261,0.5755835532457075,1.300671187801229,2.023110767862483,1.949658316901284,0.9341772661849336,0.4047458150635674,189.1,18021
CLAY,2021,18,0.1406065319385745,0.206787495789651,0.4631425173721202,0.6650674355116736,0.5854550442913409,0.2780948921265968,0.1288484983440599,0.1192731577368332,0.2434775839800607,0.5261520935869894,0.6802563614070859,0.7164225034527509,0.4102463460190114,0.1840519422174282,0.4086753845421482,0.648119024184223,1.575607989050191,2.306178350997358,2.018171931243188,0.906111075421504,0.3709600917873757,194.7,18021
CLAY,2022,18,0.2271453403439307,0.1612621411741617,0.3503267094082852,0.6355291882782238,0.6321716648026908,0.4609227739330062,0.2741636869762147,0.2234100129944392,0.1376527864280495,0.3865028163028681,0.7673931285802175,0.7515354862579056,0.6261227137850702,0.4020948389298135,0.7214953913966747,0.4830019137753684,1.167047688812409,2.199070689111993,2.186769563239249,1.567127063486868,0.8915270726537505,193.3,18021
CLINTON,2020,18,0.1323576606852915,0.1139451476691862,0.3598634483062978,0.614188077574735,0.6057750413417817,0.3729087316172378,0.1613294882471821,0.0913394938516833,0.0842152643730492,0.3987233367931961,0.7521892094930797,0.7830424076956299,0.5526617652139262,0.2221262345987295,0.3740003832226501,0.3109118854182326,1.197095115125346,2.117612342411125,2.086803347835458,1.244293012603924,0.4787993400423516,207.1,18023
CLINTON,2021,18,0.1409773152869503,0.1539869863584762,0.3023566214716165,0.7215358781270952,0.6609833623272778,0.2575710461511742,0.0919700728068425,0.095242097870784,0.1132526597062617,0.3253302074908097,0.713632400633818,0.8162676990621408,0.4064973122820384,0.1023795143800295,0.404038259365522,0.4523803253338201,0.9899995926903248,2.504434020046488,2.285393662396459,0.8258312102058445,0.2272702635328512,210.3,18023
CLINTON,2022,18,0.1635923968716831,0.1486522537261231,0.401851615643861,0.6540148125492735,0.6663711503167326,0.4682888050925956,0.2448736743272696,0.147779356353016,0.0930763331237287,0.464018226809878,0.7735762034242725,0.773139578023307,0.6295077596806444,0.3414011452628455,0.4862674120188643,0.4326565957412545,1.348292700199669,2.260808561566138,2.306714077216132,1.588652701203004,0.780333676546456,200.3,18023
DAVIESS,2019,18,0.1748756696064652,0.1642972951805731,0.3773993942024661,0.5611704926865245,0.5171612958017175,0.4139447338947333,0.1641331850956695,0.1951432426500325,0.1195626475345674,0.4218903311957026,0.6742016286342115,0.7113479474739907,0.5674862197120658,0.2046669573573707,0.5329863514421698,0.4980536828844696,1.268822053870854,1.933675267379815,1.771253233304276,1.400990184690954,0.4971950511077689,168.2,18027
DAVIESS,2020,18,0.1378451526362235,0.2079112830970897,0.4410734564039044,0.5582933595725629,0.5330214849752413,0.275752160400418,0.1353270704826927,0.1207787461515875,0.2152581333897685,0.503102419712232,0.7216214599307615,0.6964968478375606,0.3858280640787291,0.1354245927590829,0.399877364149121,0.6533838880580771,1.496964275134203,1.921060161292608,1.829632656976323,0.8988316379935399,0.3875208179701255,192.4,18027
DAVIESS,2021,18,0.1538304733303339,0.2109868432381037,0.5064729088570881,0.6426181912341099,0.5278051225607898,0.2372107999086677,0.1307802031805826,0.1401318063960954,0.2815582183525026,0.6015346598708181,0.6975756376652967,0.6756056767350483,0.3685489096403151,0.1435474601164761,0.4572939934721786,0.6612785704415701,1.73315084357409,2.225971737488646,1.810539863659153,0.7589641071579493,0.3777607151340028,216.4,18027
DAVIESS,2022,18,0.1967934019507252,0.15738199882404,0.4328328757695814,0.6130783120484482,0.5485814483342947,0.2958683517661584,0.1861188509475131,0.1849698915784828,0.141451075489477,0.4920180688727156,0.7322419273993439,0.7175618387824333,0.4364622712858915,0.2207572520778843,0.6127430361023172,0.4701203430657837,1.467494357211602,2.119934845932439,1.886388884474272,0.971371915894278,0.5739370180156746,197.6,18027
DEARBORN,2019,18,0.2164240127571374,0.154220106775431,0.2837301450227295,0.3602473328308331,0.4029577949730422,0.2713127525891316,0.1300583035719465,0.2697107318602981,0.1834859657887618,0.307699218568172,0.4186313431035469,0.5245154954885417,0.3743583676435142,0.1647111690418682,0.7069606414468733,0.4821357948039857,0.9513530228883168,1.226410277047806,1.381391619672603,0.9046555333556164,0.3935986087410488,129.0,18029
DEARBORN,2020,18,0.20161298202617,0.1398862473935733,0.1449202374197466,0.4981969554414286,0.5207879133175127,0.3902691599877677,0.2290257937111443,0.2366708764522798,0.1278025085044229,0.1126217885308003,0.6056832475548599,0.6455382213073946,0.5031485155965306,0.3166002898700391,0.644498662824563,0.4212108389629652,0.4394531913614545,1.717583972253767,1.799278410383825,1.327061560836806,0.7436830616479798,173.2,18029
DEARBORN,2022,18,0.2798568022404787,0.1646748323564725,0.3138127074367122,0.5059106799184135,0.5399308104043964,0.3850358454400189,0.2373660495086309,0.3340448934470212,0.1515628994733878,0.3476216935964972,0.6039641850256164,0.6525131505584215,0.5199760988815348,0.3416535893517197,0.9252756023871072,0.5086507013129855,1.04814728168859,1.743000209396448,1.866088735279328,1.305686237546006,0.7714292741514049,160.6,18029
DECATUR,2019,18,0.2622374196185113,0.1584438306229497,0.2491788626174336,0.4755981267918301,0.5124543779595934,0.5498761611576306,0.2158277618959163,0.3145570542094045,0.1330867905819404,0.2338501782079309,0.5750297636440738,0.643031041745397,0.7049970900722801,0.2920198788426392,0.8642169101926768,0.4747511570806469,0.8189284690449183,1.620850446483209,1.769421106435679,1.88961891047083,0.6818491737829321,179.9,18031
DECATUR,2020,18,0.1615837013484295,0.1545577230649648,0.2169183535246442,0.6018651314772923,0.6029945815785279,0.4489753235621306,0.2956802480370926,0.1318420533383436,0.0946649893731783,0.1839729366144281,0.6887899038533436,0.7586403403943974,0.5684874708128961,0.3772986566744857,0.4832230140174729,0.4579768064139046,0.6832588754747118,2.086298900519092,2.080084489139074,1.522838658225815,0.9786089906143124,209.5,18031
DECATUR,2022,18,0.24047635891233,0.1325624090851961,0.3758215731769186,0.6278564968851725,0.6209084506330848,0.4927740554782165,0.2324474129486085,0.2247407521577587,0.0639105381862327,0.4133722109199562,0.752301633881357,0.7706739576602535,0.6265612940463177,0.3350034358076136,0.7674262517296575,0.3777942057328511,1.257159165243109,2.168979351421221,2.143925431549379,1.680982342811966,0.738433741447087,208.4,18031
DELAWARE,2022,18,0.1599391355039938,0.1529785535971576,0.2565244744808976,0.5714917612196344,0.5983197542933065,0.4782444224883175,0.2042836073776079,0.1460924560829115,0.1002062669377939,0.2765060224055204,0.7239537663187986,0.6828949674065876,0.6087632973503395,0.2808375972559599,0.4796535856992989,0.4544267271404136,0.8290122596496463,1.97001538053726,2.071485508734901,1.63225288525947,0.6400270120926187,184.4,18035
DUBOIS,2022,18,0.3319506167268157,0.1601358094760496,0.3923534646322605,0.573200294405874,0.5201248973966979,0.3175092492038988,0.1967483233064915,0.3841133605361488,0.1293389743345019,0.4321710565790513,0.7015391516358499,0.682036363324442,0.4558374499252122,0.234613180635863,1.106466594769614,0.483797333265799,1.324284992621171,1.978690065603637,1.786634103563528,1.053354952837022,0.6162671221331607,179.8,18037
ELKHART,2019,18,0.1476004586683084,0.1587516517229813,0.1888741549175131,0.4832013443677412,0.5550050137705795,0.3523910579511574,0.2558613553757038,0.1566971769683429,0.149420694507311,0.252318720286019,0.5713556906250317,0.7007194908143214,0.5550081900151937,0.4072218504890146,0.440689567651211,0.4810190329385182,0.5908836013159994,1.654800568236855,1.917229613228028,1.183299287510862,0.8322882884997659,154.8,18039
ELKHART,2020,18,0.1758186480940106,0.1480096530378382,0.3101868521722755,0.4813839103308278,0.5139217835819542,0.3400815113397064,0.1518096604137427,0.149396696231606,0.1016945848790248,0.3670161287339416,0.6098355448269313,0.6790063506904218,0.4708769752557418,0.2004076281309711,0.5400367558939706,0.4392430303727208,1.025961262594071,1.648984942015581,1.763084622295174,1.134127566158344,0.4529628140086447,174.8,18039
ELKHART,2021,18,0.1878653850490455,0.1153229435601905,0.3964153300542427,0.5969753419160175,0.5577010065236682,0.1980467038121644,0.108806745795088,0.1995020171201531,0.0558523343611012,0.4736837228947597,0.7453654192253958,0.7149624909856921,0.2484003787714661,0.1095918838893088,0.5828159542830762,0.3203606031248002,1.336389271054921,2.06202461017346,1.919932561939137,0.6186924802892508,0.2936682430172386,179.0,18039
ELKHART,2022,18,0.1997069284214821,0.1594984107899623,0.2908250364747136,0.6271521129078305,0.6259445406257516,0.4527302945480022,0.2154344986590216,0.2031848067209539,0.1271643822672014,0.3248430846048277,0.7554020353627545,0.724732306182906,0.5734538620311282,0.3094140309528057,0.6240526539017277,0.4784634713838473,0.9543128849118118,2.17233805279407,2.167947961674032,1.539702950609935,0.6810459181129631,200.4,18039
FAYETTE,2019,18,0.2390441895246892,0.1651691543384869,0.3596415231483552,0.5590520153356131,0.5894551852983976,0.4692582243146244,0.1855165956265757,0.267327531747967,0.1474094757740644,0.4016741850710503,0.6921237551307378,0.7137533916760015,0.6086723481533074,0.276130563774541,0.7701700924128396,0.5004376139238133,1.206669614316622,1.925080464574837,2.038113248634586,1.600733653840181,0.5736188294327232,177.5,18041
FAYETTE,2020,18,0.1624342786410139,0.1810043277330622,0.324216984416619,0.5989709933861274,0.5812726248434903,0.3296289767162091,0.1474281599979261,0.1279377506916884,0.1353997311076795,0.3652033858572766,0.7155111944152344,0.7449946976405667,0.4552117107041613,0.186903913471304,0.4896024145766567,0.5569513746856797,1.073945291085769,2.071622305261489,2.003973079740028,1.093525984559783,0.4341498448503103,191.5,18041
FAYETTE,2021,18,0.1637222623389719,0.1605811841940108,0.3773987766595237,0.6401111580547528,0.5937833296933546,0.2356089427712728,0.116803679607509,0.1320926895586191,0.1143502675102074,0.4323710052597099,0.774138994820496,0.7239720950361765,0.3911028014047806,0.1777619470970465,0.4992396223053875,0.4830924771021482,1.265637023398266,2.216127554319832,2.048400554294995,0.7526410729080067,0.3235501488926371,197.9,18041
FAYETTE,2022,18,0.2140498660846846,0.1464867896607903,0.3689741915973267,0.6163087882770465,0.6008905290671636,0.4219429402538254,0.2125481403413839,0.2083864245743416,0.1006934018292696,0.4158019082861792,0.752429207196113,0.7280903195578211,0.5677852309089408,0.2979728031506549,0.6747369449030741,0.4302757146311011,1.235272848345899,2.130284745049817,2.074394667616907,1.426949258552083,0.6693178819255788,184.9,18041
FOUNTAIN,2020,18,0.1413086441939644,0.1587321674464749,0.3837533353849005,0.6239792457352533,0.6021368080516181,0.3323675761495814,0.1389501314596225,0.1070091588874563,0.1186569169144905,0.4424059485688658,0.7880706981511486,0.7718367096247122,0.467060842599302,0.1922957515559459,0.4082417548590037,0.4761675876035846,1.285406722097253,2.154544284762044,2.075518126205441,1.099491378504825,0.3997087237278,186.9,18045
FOUNTAIN,2022,18,0.1738537015056011,0.1873856160845743,0.4753965387581242,0.6438928707712098,0.6336100699282489,0.4084341973637999,0.2143459748322461,0.1461400202563737,0.1556318468152354,0.5573552002732455,0.7926941241980322,0.7803930881665704,0.5637689037745099,0.2868542509553679,0.5250255095386805,0.5741842338819889,1.615877122682478,2.225498709398744,2.188307353360373,1.373576233298294,0.6713742357795277,191.5,18045
FRANKLIN,2019,18,0.2123978632683302,0.1533607543921661,0.3543994665670845,0.4862778839949426,0.506761364403405,0.3242791302350102,0.1445717739303762,0.2327457380442928,0.1390404260348994,0.4239090116715729,0.5823016533083576,0.661290133441511,0.4268248670607396,0.170433281436468,0.6748973076215421,0.4649578254287509,1.188762740084486,1.665538108621818,1.740769815700838,1.079427675961398,0.4292473614105762,152.0,18047
FRANKLIN,2020,18,0.1652213585155463,0.1466292793281634,0.1959779711757417,0.5699073463553136,0.5494161270592227,0.3489236091388324,0.1846544401199325,0.1499153759130588,0.095082733267332,0.1713610795162285,0.6844715512862918,0.7048892165526224,0.4567882158176173,0.2394987700176565,0.5034087759322441,0.4391121808625699,0.61467885134705,1.967853259941786,1.893418454121058,1.168038015458145,0.5736310644069501,184.9,18047
FRANKLIN,2022,18,0.2066748783565881,0.1451390108916967,0.3736363237576866,0.5822437948680353,0.5887090305523364,0.3969568311984199,0.2211855471420516,0.1993781218161091,0.1081043587020947,0.403756906126912,0.6907452615453643,0.7138377130329009,0.5426039593894646,0.3027449577707893,0.651747737951842,0.4290884947164295,1.255871416528946,2.010597454049361,2.033990419658912,1.340123592073276,0.7041926300974917,185.7,18047
FULTON,2019,18,0.1428316690044426,0.1577506509464427,0.3057889651744559,0.5985147882802846,0.5855810847671803,0.3679085541497296,0.1684964621157982,0.1418099474619449,0.1216967435487152,0.4488505746353964,0.7370350266402093,0.7722715562515964,0.6073874966120884,0.2841595586260563,0.415563418346042,0.469543082478043,1.00465432867259,2.064196764268112,2.016636789375924,1.229314013420242,0.50774020184245,172.8,18049
FULTON,2020,18,0.140737996482474,0.190191469199326,0.392100387499088,0.5885272977013433,0.5749380265781779,0.3060148013898239,0.1380964383494112,0.1170808685318692,0.1725016244961753,0.4948303775442766,0.7618690267583854,0.7586420108003196,0.4668030872317534,0.1887608409919835,0.4073956061922227,0.5860584078516221,1.316387828046688,2.025852965630522,1.977894358939468,1.004930286228264,0.3974012849348553,181.0,18049
FULTON,2021,18,0.1382989299380113,0.1455328220547065,0.4234213868610934,0.6656573813716684,0.6040174981856331,0.2433297465665747,0.0915896200510005,0.1422525006398266,0.1319553614523233,0.5057499235009314,0.8204050670710964,0.775959587326324,0.3500896823684374,0.1018821107193174,0.3961118657499667,0.422116659943405,1.428083102592967,2.304375890856139,2.081363830609273,0.7764713786252118,0.2277420694104808,185.0,18049
GIBSON,2019,18,0.1947367180286055,0.1904035599915762,0.4516048117639343,0.6138794584127936,0.5308951665779196,0.3873334083797605,0.1514249371814049,0.2166785895550997,0.150948823089574,0.5270018723542069,0.7354458428022435,0.7237086598173009,0.5297757011252985,0.1634102642399535,0.6050632926346926,0.5893856263952664,1.534550785283236,2.121529983326519,1.821281302045172,1.301876900953474,0.4483712481257496,179.0,18051
GIBSON,2020,18,0.1441736935145899,0.237063040297345,0.4812347617982744,0.6001083738277003,0.5541289803739257,0.2630673723409674,0.1354596665356269,0.1222192673708587,0.2508499932943014,0.5593513244052908,0.7678060462690267,0.7254395438822889,0.3752657480223978,0.1346092442475867,0.4206008349707074,0.7566916217604378,1.640096367512849,2.070182254792466,1.903828211093436,0.8507683175492732,0.3890849317172033,200.3,18051
GIBSON,2022,18,0.1979186390978777,0.1517193391194885,0.4269253667611282,0.6339302906625311,0.5885370548767641,0.3519969462412949,0.2071466294825118,0.1750422592743317,0.1193652235030977,0.4697551294569079,0.754892654201587,0.7591111117653339,0.5077775752294501,0.2494441368829692,0.6143052813349248,0.4470630840134549,1.443682564370487,2.192648969623857,2.028493845324975,1.172020908180873,0.6476770882528784,197.2,18051
GRANT,2020,18,0.1019768211027305,0.1684726030333246,0.3861275926745041,0.6140278345397414,0.5385271497468965,0.2653967267095248,0.122621016243589,0.0303185061633325,0.1127858899480773,0.4542327911461027,0.7516912258443856,0.7160326716736379,0.4290770435654015,0.1630774381470268,0.2657890949294524,0.5127243640661514,1.297341829275364,2.118600635461761,1.848722221923792,0.8605303186288713,0.3439753615113142,187.8,18053
GRANT,2022,18,0.1394479542280677,0.1275990397616417,0.3090133045249103,0.6258796416503271,0.6131222168191192,0.4562887900347911,0.2022864712192597,0.102568153228977,0.0540360145078543,0.3333419018677582,0.7603022631988062,0.7353806984155313,0.615452229330527,0.2747444819722089,0.4023738371936302,0.3594584849360437,1.015933168618042,2.162938798359364,2.117283194048327,1.54918832525182,0.6296571371769629,183.8,18053
GREENE,2019,18,0.205792035980111,0.1653242046273532,0.2286195726560161,0.5066795112475826,0.5089248480408337,0.4186076818066332,0.1763644261076752,0.2582169758732023,0.1374036044264201,0.2684335726427027,0.6121172732982018,0.6652256519242211,0.5790885476608761,0.2742265617863972,0.6503369376736473,0.5059658305017365,0.7345874437771722,1.740668145821625,1.747005529110696,1.422187334708303,0.545592032688616,133.7,18055
GREENE,2020,18,0.1691207700608167,0.171249466911497,0.2968756356831875,0.5048164975066233,0.5445969940236729,0.3227355038978929,0.1495005204068394,0.1765438854495972,0.177156124967296,0.3218607762450129,0.6622781104161581,0.692059834647576,0.4361834183338609,0.1796448140889882,0.5159154598534738,0.5236247279262006,0.9781403469171224,1.730469723323112,1.874396228397665,1.071700726711433,0.4436243593720769,184.3,18055
GREENE,2021,18,0.1611301897841421,0.1736747991582066,0.4043515129188535,0.639312166360653,0.5469272556584909,0.2502434390622408,0.1396708065921573,0.1554875771954329,0.213316963745717,0.4824661010792682,0.6731587536024662,0.6986428316381814,0.3846133627389301,0.1758103818526352,0.4849491114714023,0.5288870963140352,1.36493583305732,2.215022342036584,1.880628965403057,0.8073710738063037,0.4149236929532565,198.8,18055
HAMILTON,2022,18,0.143677741784254,0.1313202790610562,0.3208151476848711,0.5751556490164138,0.5975720310837331,0.4360388478497731,0.202230458919054,0.1206879224351902,0.069903745079527,0.3549144998104252,0.6904320580017917,0.6765883269030214,0.568663096961626,0.2725938555533976,0.4219389132490229,0.3768423247484695,1.063553215976697,1.984775486199768,2.066365348154312,1.4802998568616,0.6339121131140548,173.5,18057
HANCOCK,2020,18,0.1329243217259856,0.1748147610370442,0.3684907178737968,0.5513085896959731,0.5630038647040757,0.2940108249438349,0.1356694757903638,0.086318720515012,0.131324005717604,0.4107365155852269,0.6867980430323549,0.7455571585051901,0.4232830176706798,0.1732005754563331,0.3815625383691047,0.5344025867137641,1.232871530418253,1.89592025787325,1.936621917926818,0.9634058716996088,0.3905239444993789,188.5,18059
HANCOCK,2022,18,0.1679196491083638,0.133588237524248,0.2702391567127878,0.5720710717890309,0.5782650079999782,0.4886432017585928,0.2309369610143105,0.1466180284938211,0.0662037003668984,0.2839177283520647,0.694965306158332,0.7182968510321561,0.6046472147007758,0.3374251015086846,0.5095016034597072,0.3851354617225492,0.8817843684482325,1.977813913591698,1.998121998712652,1.672476409475786,0.7374928204090134,186.1,18059
HENDRICKS,2019,18,0.1442598700324902,0.1693901156599275,0.295904075358311,0.5096436664547483,0.6149482811675715,0.513514996249156,0.2535288640708611,0.1298831041961174,0.1435348823559601,0.2979842991370591,0.5963558771950542,0.7575788384779993,0.6619721540134882,0.3992582829311938,0.4214813784569679,0.5125074220557159,0.9709266236828866,1.743397330715568,2.124274450175989,1.761713446357622,0.8171084326003708,176.2,18063
HENDRICKS,2020,18,0.1381391210128782,0.1897603520292829,0.395631108737308,0.5809862195956327,0.5762167657528677,0.3116705941306333,0.1367524129577145,0.1005498453358563,0.1521475479000235,0.4571359874221656,0.7295101819147304,0.7208155460577945,0.4398381579546006,0.1711451276122356,0.3994038341962012,0.5901087866286743,1.331010010842406,2.001681089735589,1.984367602311022,1.02722122509263,0.3950349269472886,205.2,18063
HENDRICKS,2021,18,0.1328289110681731,0.1680133832080825,0.3624886994147086,0.6946716491972112,0.6408104459385507,0.1746578980883077,0.0991767754520274,0.0760400340813443,0.149046661346699,0.402283751530079,0.7061916459117018,0.7787757965645138,0.298747930201795,0.1269184254615177,0.3780997980344343,0.5040603921144652,1.209554460466,2.41085483530548,2.216137470080859,0.5301657761915678,0.2563849373830754,208.3,18063
HENDRICKS,2022,18,0.19231148425316,0.1428990224622371,0.3604520978509681,0.6355826594265672,0.6384299696020801,0.4731952432038201,0.2503962047916709,0.1746065867607327,0.1044403710422586,0.4003995691444534,0.7478393132938215,0.7399217131583132,0.6399012958122002,0.3528842302746436,0.5941861691059078,0.4180152233493878,1.203576662002908,2.199861514119279,2.211688090436262,1.611301830494951,0.8045959200253627,201.8,18063
HENRY,2022,18,0.1723431419259983,0.1327030556130854,0.2678424445136201,0.5696100510861889,0.605731602984083,0.5115551194546397,0.2231201700524049,0.1484935150127335,0.0734330062797512,0.2800504522231756,0.6964270159106266,0.7327077500919408,0.6565769253530997,0.3127233195480061,0.5231774624861117,0.3797329638297185,0.8686955823602863,1.960747335320968,2.092354752650664,1.751198404338678,0.7068653502676372,185.2,18065
HOWARD,2020,18,0.1153782628621035,0.1889907557805687,0.4378684071566124,0.6333820169910473,0.5969764324923997,0.3145176648312435,0.1332735233898095,0.0558046723391692,0.1310686692816894,0.5084194479474191,0.7624241513145502,0.7744120052330117,0.5063901516601673,0.1871523405862911,0.3146166200692081,0.5837946240065994,1.481259535428972,2.189454327875293,2.056912350008649,1.034973587934734,0.3792352523358702,213.1,18067
HOWARD,2022,18,0.1570055747263648,0.1309995225556576,0.4146920053470346,0.6630564666731595,0.6501830954776935,0.4448581774767425,0.2208215458939521,0.1168588147298801,0.0593462136689915,0.4538446777849501,0.7909911854854321,0.7384050103504932,0.6130121201164037,0.2972227017613684,0.4632708938605936,0.3691127711062291,1.395571515670623,2.294384047085563,2.248852994460459,1.504685042447381,0.6941518633407696,211.7,18067
HUNTINGTON,2022,18,0.1622610012455612,0.1491365547525074,0.2713927280953066,0.6328828757541896,0.6034105809254264,0.4669545422844247,0.2282242900270913,0.136326469056958,0.0919435060895201,0.271874463503801,0.7786964775287661,0.7690873302186675,0.6297641544829694,0.3219262018199526,0.4846451734065872,0.4375786027232315,0.879480584092857,2.18802044753831,2.081052334297442,1.587675452837592,0.7232688660042104,185.6,18069
JACKSON,2022,18,0.2989796285129811,0.1609084838473541,0.4256289125149878,0.5882633030160326,0.5262491784805796,0.3219604895478622,0.1799899499671577,0.3324985165109677,0.1214207896202676,0.5080009009198332,0.7169761085315448,0.7055188135391279,0.4812209742602555,0.2343636261802936,0.9836667358363972,0.4842261452779922,1.442057537675618,2.030307786065078,1.806004612329822,1.066769353536928,0.5529968587218095,190.1,18071
JASPER,2020,18,0.1368867695921875,0.1649998378000677,0.3829941628637439,0.6128376871005153,0.5768832293554963,0.2686836303531467,0.1301317876318393,0.1237205032818679,0.1484284598603665,0.5000682756077286,0.758496927875004,0.7832255947223395,0.4048388634164386,0.1590520475944374,0.3906101997802825,0.4922739484780868,1.280970883737473,2.112550491626087,1.982461577240418,0.8673954440392897,0.3661148101484267,172.3,18073
JASPER,2022,18,0.1619274664919471,0.1481014565169312,0.4085853411319898,0.6452168136304934,0.6052881603388035,0.3664601442031323,0.1771922328852938,0.156730970724905,0.1283320886170897,0.5464848999696854,0.8077193224852107,0.7744253177939654,0.518938602979963,0.2417705632449062,0.4812993936757236,0.4323911260167061,1.373595358529717,2.229873145174357,2.08527691537414,1.221134374436461,0.5363366146745888,183.7,18073
JAY,2019,18,0.1338240967034883,0.1518331000354003,0.1343387844449807,0.3636603755315958,0.5753998912536173,0.5104738050348215,0.2161298623818898,0.1181854240434129,0.1441606471530224,0.0855353613385983,0.4186315053608693,0.698901383557484,0.6282401942263295,0.3267866349484343,0.392194849088014,0.456196877302255,0.3940279712935516,1.222523171272269,1.989756894353416,1.755182788231516,0.6905349469904233,164.7,18075
JAY,2020,18,0.1456651978261325,0.1648171025401004,0.3323254356493539,0.6119954951233112,0.5415753102982876,0.2554873998582875,0.1419513601702593,0.0834641053886313,0.1022773621655415,0.3905068713251812,0.7423469024488499,0.7119824330807561,0.3988064022052123,0.188593957960072,0.4282725593670382,0.497355163114214,1.104042189234709,2.116005680048215,1.861108200518654,0.8260399670256696,0.4152689026280678,179.9,18075
JAY,2022,18,0.1489301945859759,0.1318202309290103,0.2528462187854024,0.5771281636777442,0.6034932285107203,0.4607223769558703,0.2138729139261009,0.1163751831323862,0.0738549126539461,0.2578005388458401,0.7212749046328495,0.7077428475974639,0.616106325559011,0.2933806737545277,0.4391159516247422,0.3771518908599937,0.8151007332148794,1.988794321584095,2.085256800250519,1.567695900858183,0.6740362998947006,185.0,18075
JEFFERSON,2019,18,0.2686256236914415,0.1584097339456762,0.3683754891555883,0.4752700812014053,0.4709866141762781,0.313118365689942,0.13617567249025,0.3200566947507672,0.1492673460521185,0.3809706684508795,0.547242790387435,0.5951425887736821,0.4173491708675085,0.1622400680239404,0.8885319298582381,0.4880247093419295,1.245413246277491,1.632796998862505,1.617430379141342,1.046116302040965,0.4058900683483911,123.2,18077
JEFFERSON,2020,18,0.2067579427584309,0.1530167092125856,0.1548476001468907,0.4727624806977845,0.4863646689022707,0.3772622946945124,0.2508977346747628,0.2402857508012543,0.1483165257861762,0.1284524552722982,0.5476896655227709,0.6259462013166874,0.5228087595237428,0.3495780413887989,0.664776743820863,0.4710362123103428,0.4771892164564457,1.628236954026671,1.676397043659107,1.281662808712317,0.8226566516421363,165.0,18077
JEFFERSON,2022,18,0.3207288245482224,0.16134008234792,0.3088262894559808,0.5334749810724064,0.5301241328364406,0.3812834803319279,0.2043969158078445,0.3686985026045502,0.1427610149646152,0.345255300756228,0.635775493337267,0.6609915241465388,0.5486778987789398,0.3000437160427532,1.072118342776209,0.4954735917554174,1.029159114852954,1.841966246215606,1.829637631117974,1.291222677169035,0.6512462332230189,184.0,18077
JENNINGS,2022,18,0.3172016090858157,0.1601636796973595,0.3618230262853633,0.5673378847950115,0.5334293279239944,0.3882940701858976,0.1968833330342873,0.3592245363271641,0.120166999767717,0.4214026782616197,0.6905512646804297,0.701979972930797,0.5479982381537992,0.2829644783052358,1.053455029849276,0.4858248232743521,1.214892926080514,1.958482102799905,1.835775834405034,1.310789049721378,0.6181592297228663,180.2,18079
JOHNSON,2022,18,0.205479951311782,0.1426473236865787,0.3147063118415927,0.5967636474666776,0.6009152780834185,0.5014831581953083,0.2597713437748385,0.1969431905811364,0.0928984521183567,0.3405843745665379,0.7205975286886583,0.7418638054848422,0.6281126576560593,0.3904462158697329,0.6445021027410059,0.4176815980515472,1.041554257391408,2.065028435970756,2.08098096142629,1.717219476155035,0.8420666906121075,181.9,18081
KNOX,2020,18,0.1438196276156451,0.1895147200679467,0.4167983534918079,0.5691395305705605,0.5446015446724289,0.2792161929606811,0.1342373597588077,0.1246601040916177,0.1897744252595413,0.4924685138282759,0.7418143282164986,0.7151617425014324,0.3908964033209196,0.1363531007197833,0.4198246054669898,0.5851552573220733,1.407467560922729,1.958638179727979,1.86985920678755,0.9096935330898152,0.3851619085240662,187.0,18083
KNOX,2022,18,0.2073197588229819,0.1532052248263712,0.4358625576400709,0.6374476831661745,0.5680957829445898,0.2835075842443794,0.1742000531367016,0.2001563199439843,0.1269274166091185,0.5098141663578679,0.7637936483397519,0.7349701659972759,0.4204426139420376,0.195855481484082,0.6485625553999561,0.4525308080719637,1.475359353068015,2.204746632116748,1.953577674083017,0.9238426134744196,0.5283370266878096,198.3,18083
KOSCIUSKO,2022,18,0.1694716243005886,0.158447738724683,0.3409857621516429,0.6480138019896267,0.644970590305666,0.4956178831189737,0.2365844038803503,0.1630391268969006,0.1284659677931467,0.3968900512408212,0.793400084766944,0.7395043178135945,0.6308262355019343,0.3466271909670192,0.5110702500061982,0.4711179344467002,1.131627224857643,2.242968140171781,2.233360112736045,1.691009601251312,0.7538427754459224,191.1,18085
LAKE,2020,18,0.1308980153753883,0.1178491002944171,0.1970735366524275,0.4675521389234552,0.596907688923876,0.3510153597548381,0.1735800815062229,0.1202793266368976,0.1137653508341521,0.2452465190670633,0.6297194154315022,0.7941471843500074,0.5130671262003835,0.267415622355911,0.3710874692091059,0.3242971806760606,0.6105727102856259,1.58963632244337,2.057023100444995,1.170000534188669,0.5255766745551652,171.3,18089
LAKE,2022,18,0.1646710140515923,0.1529895343033918,0.3009630116044343,0.5823730677018545,0.606114673487885,0.4135276112206585,0.2159136899724854,0.1238547559882853,0.1231545125201949,0.4054935791834917,0.7689682617741722,0.7679765954233552,0.5343169963139454,0.3130648004170541,0.5035893369144143,0.4517843275488297,0.9869338156523292,2.006093502836055,2.091491072885125,1.394773397997299,0.6791874636102208,184.1,18089
LAWRENCE,2022,18,0.3157682169569096,0.1658987426340322,0.3613322710789557,0.5357505340541046,0.5124097647182759,0.3359774817948577,0.1930390994969972,0.359791450674656,0.1530492550776884,0.4190161442686237,0.6527103550645302,0.6700716533815263,0.496245269207299,0.2753909939876488,1.052037784615944,0.5098262767406777,1.216802194493372,1.847775060205276,1.763224167096007,1.124886911305506,0.6077345224749994,169.0,18093
MADISON,2022,18,0.151134162370437,0.1362751120092998,0.2992618374543506,0.6203295053116734,0.6320005127070797,0.4934621047988028,0.2104010338437267,0.1256024820270203,0.0697611274185761,0.3168893933887211,0.756697628955262,0.7289146071516645,0.6381553646315218,0.2897632189187885,0.4451337558092932,0.3912176599030338,0.9812246839868672,2.143603187079429,2.18657321323133,1.684736902110144,0.6595863549497651,192.3,18095
MARION,2020,18,0.138167375124926,0.1745950370761004,0.2836639220382844,0.4274774983471666,0.4582960965255513,0.2853249776051738,0.1237471529388413,0.1262624458263393,0.1493673678992765,0.3136465136861808,0.5451900445497693,0.5979765197462501,0.3869428578978214,0.1748946168050267,0.4137998967663268,0.5453784836038786,0.9402090210460644,1.460541397333911,1.572029501353714,0.9461915733268288,0.3651394043637715,191.9,18097
MARSHALL,2019,18,0.1358841141805395,0.1700233747042288,0.2407007665306947,0.5147609955337841,0.556894526102737,0.3723774915817409,0.1850639676321506,0.1363601272571318,0.1232396616958071,0.3199840695830798,0.649916878989916,0.7122234497981914,0.5984361882219766,0.3114296500654991,0.3936523276501938,0.5174478924326283,0.7738506739046723,1.764367056683693,1.917414845230043,1.249893083871406,0.5721861809335854,157.2,18099
MARSHALL,2020,18,0.1602171205538634,0.1699028543142768,0.3416623744796471,0.5641335925463354,0.562034073657683,0.3046123385778138,0.1406327108589705,0.1481692880613434,0.1352928477539806,0.4248464229651816,0.7123250607981004,0.7294983624921926,0.4406355036170251,0.1906425784778782,0.4800666278091153,0.5152022271587177,1.136432271933145,1.941876787809947,1.933737079559235,1.002384578917778,0.4091069489535364,175.5,18099
MARSHALL,2021,18,0.1559852125527532,0.1375034701747694,0.3914247354775547,0.6446716114077646,0.577265504844624,0.2698026115367669,0.0969197800504537,0.1660936875051548,0.1185509857590204,0.4874092100292792,0.7766774111524636,0.7508343847083091,0.3965476818843925,0.1190614005623928,0.464130311006192,0.3969134930778924,1.314873133049276,2.231119034342163,1.987242387170272,0.8748414434547593,0.2500817698513593,185.5,18099
MARSHALL,2022,18,0.1864478647901798,0.1528804542345086,0.3538203255188459,0.6381043451132814,0.6455194964832195,0.4774137109667637,0.2475782332244799,0.1836904393321506,0.1222239075044877,0.4328349804366083,0.7796294806325529,0.7604795409283026,0.6216497482866458,0.3696224563545899,0.5733836229353624,0.4519182499804252,1.178957131548211,2.207652064409757,2.234705385546865,1.626082908463257,0.7945101430277132,193.6,18099
MARTIN,2022,18,0.296488233431075,0.1506033676471636,0.3600382630682845,0.5641659779809047,0.5153289514646511,0.3163773739069836,0.193479921194762,0.3310162403371225,0.1227461549905976,0.4004391493070226,0.6529909915910599,0.6845290156302141,0.4610234936673309,0.2480293051719946,0.9780871518729842,0.4502185589753478,1.208145410935289,1.946728142895717,1.769767271839145,1.049934240720497,0.6053009735343342,184.5,18101
MIAMI,2020,18,0.1387940829206607,0.1820786092519964,0.3841711923123341,0.6172844058597918,0.5300569433226484,0.2567042033996545,0.1230585470231417,0.090130568952649,0.1346474347461131,0.4590550608495313,0.7415978841007148,0.7026114171113966,0.3997966480961898,0.1660991607959043,0.4048362048897651,0.5614016495901907,1.292283604985471,2.131608250707467,1.82010804504015,0.8311078353530241,0.3475780333483188,180.8,18103
MIAMI,2022,18,0.1791708330418347,0.1539273005151438,0.3252958600576666,0.6336844660410488,0.603170858213283,0.4453286710544429,0.2261666718485067,0.1670812266752051,0.1121295122593451,0.3420009595005594,0.7738581876720555,0.745431581505415,0.6069109557661244,0.3141719105569646,0.5467782787066385,0.4558365096452973,1.075321102772286,2.19158721439288,2.081068139137231,1.50960631030317,0.7166955541480117,190.1,18103
MONROE,2022,18,0.2675600866054526,0.195094471924434,0.2636699335678819,0.5258735115209979,0.5144200256802185,0.3879788903452471,0.2256573988422701,0.3003443336954525,0.1998256665845418,0.2761009297211668,0.638928581359567,0.6415778606540902,0.5108115416874475,0.3329663479707024,0.8846760595986833,0.6189265420571634,0.8671558537317137,1.816569641529603,1.774833950093194,1.317016045224223,0.7294104262156799,166.9,18105
MONTGOMERY,2019,18,0.1423051680104933,0.1678790551106043,0.2665043080272127,0.5899172663009238,0.6100862096242294,0.4897088586507234,0.2457747120120846,0.1277404659073739,0.1317711859262316,0.3371256768015997,0.7013364532496378,0.7828405808604643,0.7052874817047878,0.4068905211903834,0.4115451719684654,0.5040022657958907,0.8609112856036664,2.030935538296289,2.103950232597052,1.66902875312592,0.7858278924091872,190.4,18107
MONTGOMERY,2020,18,0.1359238393284712,0.1390996522916164,0.38877735880835,0.6279648230139997,0.6085445986563556,0.3403262363149307,0.1479008690158918,0.093288335964716,0.100760532461718,0.4585047986779637,0.7998438130532048,0.7881679741142119,0.4745863625320259,0.1759117968780255,0.3871396004092692,0.4008034943427839,1.301963780167891,2.167343918708695,2.097081287335731,1.126663931070646,0.430472491923234,205.0,18107
MONTGOMERY,2021,18,0.1325125718212499,0.1878865393837313,0.4012566224237607,0.7407550183110185,0.6456325314587368,0.3392872109723936,0.0958474824088177,0.0999274864905074,0.1712714722867079,0.4583750909094871,0.7340732723511002,0.7957151576585514,0.5061492723313342,0.0950795464403698,0.3737892886239048,0.5741304459307587,1.346770823231735,2.574409952432146,2.230347934942277,1.12189875643933,0.2412456831817316,217.9,18107
MORGAN,2022,18,0.2062909206207338,0.138863625830452,0.3724935618727902,0.6368074352087119,0.6235957306286393,0.473461593555945,0.2364976643400182,0.187027972270788,0.083084153348233,0.4038978224775159,0.7489668586784824,0.7554865105557559,0.6077419841740431,0.3399129756796475,0.6463337463417537,0.4019683861160451,1.247368489506395,2.204208711805448,2.156666444841282,1.613140895133822,0.7553876330528041,190.2,18109
NEWTON,2019,18,0.1261373978375975,0.1680548416227657,0.2580805093312461,0.5964542275874629,0.5951864880571065,0.3572054453360109,0.1981984353884926,0.1135957774390052,0.1487340417412018,0.3687441987014165,0.7540921033823607,0.7785193785153387,0.5959106538050356,0.329229625873036,0.3520124439326205,0.501776394290935,0.8293996704510332,2.05361939825295,2.049092667896003,1.188148669291059,0.6127263111721507,182.5,18111
NEWTON,2020,18,0.128020065612779,0.1296251610020767,0.3382253172604486,0.5976658969107232,0.5949518282440129,0.2537559007197723,0.1358477557088949,0.1146817293814503,0.1042800647657468,0.4654993683236404,0.756923725342658,0.8085625782022393,0.3847920377768865,0.1730640105690566,0.3570496255913459,0.3632449415254029,1.117543818803496,2.056219974837555,2.046384226617858,0.8146328025383067,0.3853409714614167,192.9,18111
NEWTON,2021,18,0.1340871400472941,0.1491629385604417,0.3624693402371148,0.6859432340069204,0.5718585348542374,0.249008325437096,0.0981159525345765,0.1549019468523338,0.1580393820645404,0.4953301263082028,0.8338247310768039,0.7650123208286344,0.3516610201904104,0.0853771760698775,0.3798831847185666,0.4344623121599992,1.206128454314731,2.374827333268035,1.963696705098136,0.7956274658411298,0.2482236209469193,182.7,18111
NEWTON,2022,18,0.1583206865516474,0.1503174529292153,0.4415462974778523,0.657162986683312,0.6406199431176044,0.4097838072231674,0.2147224839532366,0.1466642626704888,0.1373455275566611,0.6062445358754042,0.8237875720557384,0.8120176637374408,0.5651126973192079,0.3327973297712093,0.4678782852094828,0.4380212972130872,1.491636521434877,2.271705360986963,2.21174633525332,1.376599324507283,0.6709929157741217,204.8,18111
NOBLE,2020,18,0.1533556272305861,0.1474196260943724,0.2998750131770934,0.5040676504298428,0.508616474734422,0.3491585491402443,0.1517389274420827,0.122793799948411,0.1069858127517648,0.3714306545892756,0.6306393705959504,0.6819263228250021,0.5121835358567686,0.2268614503988271,0.4573849217788503,0.4383477406288615,0.989882528382152,1.72943552605676,1.745110556101006,1.168191258812988,0.4539275899973139,175.3,18113
NOBLE,2022,18,0.1644709076363053,0.1521347371327733,0.2709088077393157,0.6052794060014698,0.6184679330823896,0.4855900481046855,0.2299422300077787,0.1544086881521185,0.123617567348582,0.3069694315092954,0.7533180873190988,0.7282338483983462,0.6176604659809839,0.3523789736373597,0.4968876298843568,0.4521012251988588,0.8819584570294562,2.09224209019687,2.141494371967676,1.658572042036675,0.7336757130824766,199.3,18113
OHIO,2019,18,0.1850838082436239,0.1215538310398682,0.4339668020606023,0.4717555935381102,0.3873643118469106,0.2547544131579543,0.1208498435369249,0.2061812336906137,0.1149556311930007,0.5065790370450834,0.5819802060381545,0.566536366173333,0.3641856511946345,0.1219141757977814,0.5835789655465877,0.3557860629677369,1.482495100194244,1.619793132740797,1.31739109647935,0.8346920001081402,0.3502252672192572,136.0,18115
OHIO,2020,18,0.1801069406795024,0.1592014932940089,0.1614099074667223,0.4597618081384886,0.4625765067613198,0.3487252019690282,0.2145088769483915,0.213935743206951,0.1445667979495921,0.1499071563656744,0.5711667520513461,0.6178199303738783,0.4894605961929604,0.29071736108904,0.5675114860210436,0.4929582682161739,0.5001937674549668,1.57929581547628,1.589486376105054,1.177572355366548,0.6919815474295847,154.3,18115
OWEN,2020,18,0.1593394497682181,0.1726271961183795,0.3071497390578451,0.5150298792801773,0.5391985600286557,0.327662561426538,0.1404775372746462,0.1458610457560827,0.1327757298897342,0.320187822082781,0.6295529606988691,0.6770458527319771,0.4511727478572424,0.1942197016856812,0.4838924931786425,0.5319730810553588,1.018671993259301,1.77078165538682,1.858223431899602,1.092884180685335,0.4222298615082946,168.5,18119
OWEN,2021,18,0.1580997925961112,0.1681955544646733,0.347383555628004,0.6015565221292405,0.5603273942456128,0.2131958293110449,0.1156418157013501,0.1366371820106759,0.1985470945189847,0.3896914180630134,0.628300992121472,0.687364641202836,0.3549721175809383,0.1768826956866536,0.4792490587211814,0.522236171142462,1.164147001256977,2.083676766368462,1.934645238233588,0.6785803051774632,0.3242314376539024,184.0,18119
OWEN,2022,18,0.2521408992785865,0.1664448370416865,0.3077538855464171,0.5770123973221376,0.5910177438514675,0.4373530190308609,0.2470058894258644,0.2591719773681376,0.1507729859687831,0.3138118419409649,0.7076179941083011,0.7117276440721682,0.5823048980323584,0.3631352556852948,0.8178310960633743,0.5073561799127582,1.018649174569373,1.993123036065523,2.043452873168286,1.487583033257343,0.7988040848849429,176.7,18119
PARKE,2019,18,0.1696035149141359,0.1699795056369804,0.3491508985757685,0.6062293231598557,0.5614918618213386,0.3707202112650657,0.1715699079772716,0.1800295995544578,0.1168890102005087,0.4467444155872386,0.723794159222054,0.7395868944540493,0.5414784367325919,0.2753449646093754,0.515960488324897,0.5173118476061506,1.165541053276056,2.095652441067354,1.933805598609126,1.244387089423679,0.5230553647321419,178.7,18121
PARKE,2020,18,0.1399061039416236,0.1750288103554579,0.3580010854036297,0.5708651334799186,0.5524132594651089,0.2882000760404906,0.1353059840349345,0.104229440097966,0.1395939874648875,0.3919035523131686,0.7348821800530411,0.7077001383563555,0.4002424703435675,0.1751091059195161,0.4084223794431094,0.5374983329598272,1.197490343845122,1.96763134994212,1.90087343149232,0.9449457489839568,0.3917793089859268,196.7,18121
PARKE,2022,18,0.1726058754823432,0.1625158586225238,0.4282248308093436,0.6317037978493412,0.6024103731233088,0.3606010307473417,0.2148545420733665,0.1437645405429388,0.1347478392447604,0.5060344017372586,0.7592389173983904,0.7265951877301399,0.5190343786604508,0.3001520368886596,0.5247204867358918,0.48800623877459,1.449428394868661,2.185541434332382,2.079554154225806,1.204656054316039,0.6773380972614339,183.4,18121
PERRY,2022,18,0.3599409426345442,0.1651312140229792,0.3264423329971325,0.4874033963702945,0.4930235942315654,0.3174344239903808,0.1993701917877903,0.4335389006856446,0.1488045941485281,0.3778993739525041,0.6328676282630054,0.6318601660632844,0.4746036147695548,0.2838176384445395,1.213831861402002,0.5089222564645973,1.092671138654675,1.675016292322414,1.695450141456484,1.059875219782791,0.6327405412547086,172.4,18123
PIKE,2020,18,0.1726109813188515,0.1987767440351428,0.368257548423523,0.5204608482529459,0.5297522036266288,0.3343857613242447,0.1443872248957782,0.1839990132053245,0.2071078706009619,0.4245337317948403,0.6715391422464144,0.6764521029901405,0.4654842529707526,0.1908906472456531,0.5309634421485734,0.6256412356293883,1.238820264416913,1.789493753091805,1.823109756193986,1.116275524528051,0.4305530321559311,181.4,18125
PIKE,2022,18,0.2811082039922885,0.1688572480974239,0.3560761643728016,0.5806973506712813,0.5459932261797085,0.3505665259548332,0.2183544374705477,0.3195110698317732,0.1620874720901992,0.3998393688429913,0.6903566299248174,0.7046256528826088,0.5029058179199931,0.2864493277977933,0.921896763958929,0.5153709077691132,1.193256033641847,2.005640633196045,1.880094779973834,1.172786793442801,0.6944097006345555,166.7,18125
PORTER,2019,18,0.1188659168381159,0.1546934839251265,0.2444185842651035,0.5784953035108094,0.5864183546879715,0.3561307586511522,0.1958100849798567,0.0970309198332886,0.1323847910819048,0.3268817570026309,0.7154280891610753,0.7533039304108017,0.5850528799663324,0.3304177138118409,0.3288943881229797,0.4583910459061399,0.7831715959424974,1.991836891199901,2.020500610378793,1.187342023823475,0.6072818754027423,181.9,18127
PORTER,2020,18,0.1329315898773924,0.1454063972011349,0.2946048710950089,0.5468495557400451,0.5728584524750681,0.3196570293931433,0.1510659296178005,0.1105865344214432,0.1111182607518619,0.3735109791686992,0.7035471776779129,0.7437129591940603,0.452762900502744,0.2016599384436945,0.3790392865638565,0.4241981241470491,0.9639716786175994,1.87659116051034,1.970625118713868,1.054604523148545,0.44464787000177,182.2,18127
PORTER,2021,18,0.1397355727106594,0.1416374940241588,0.3855363503298601,0.6481112423162538,0.5734693048801476,0.2663268135075138,0.0901501467020097,0.1451589153039641,0.1241506365835258,0.4819852135229619,0.7787857072826375,0.7499139569413236,0.3874760262700688,0.1127427775465753,0.4033374647286019,0.4103180352091192,1.292631805891897,2.242301491588723,1.97257403214903,0.8613322369233719,0.2237812461849165,178.0,18127
PORTER,2022,18,0.1609876937657357,0.1536402114822467,0.3038956972668448,0.6289230499813478,0.6265944426248174,0.399298032732498,0.1975630754968715,0.1430716648401359,0.1117348068933558,0.3789546759739921,0.7835911686366132,0.7680689866649008,0.5332016493150289,0.2679166334680984,0.4796691562156627,0.4553840478270712,0.996823475108682,2.172937214324493,2.164363009454426,1.341916355712499,0.6120025342665141,188.2,18127
POSEY,2019,18,0.1857797336294211,0.1893804214907833,0.5171464285014756,0.6500267565863356,0.5481554487225256,0.3800151238199766,0.1448359519892125,0.1941598246605584,0.1332591489408552,0.6054956043245324,0.7667011260745169,0.751007335389555,0.5317284288520273,0.1462149740931455,0.571078027643264,0.5840863548794077,1.769998971572519,2.250714314662618,1.882140007097941,1.27381034816829,0.4229344640766563,176.3,18129
POSEY,2020,18,0.1463888991526552,0.2210376497957096,0.4678081250877575,0.5974957148064333,0.5636034761812136,0.2651347913643233,0.1423667300604453,0.1124598377257111,0.205408391223067,0.5373965398139069,0.758687832316893,0.7401839664080556,0.3807064532838027,0.1430826031014558,0.4284160371228068,0.698689370707204,1.591316235140889,2.060526387683512,1.937904476238017,0.8580447107933833,0.4138694873203992,199.0,18129
POSEY,2021,18,0.1451639592745552,0.2712193907971597,0.6243290079650048,0.6553657816755569,0.5343780574507953,0.2454825348302892,0.1244595337372657,0.1272235393558381,0.3732715148456139,0.7137036821263151,0.7432101059508588,0.6995625292362553,0.3682569895111391,0.1587473763036067,0.4237009037441578,0.87976966298807,2.157324512631838,2.270651511522701,1.831882432565222,0.7866570476012189,0.3517126561956043,220.0,18129
POSEY,2022,18,0.1965702622926971,0.147823418566429,0.4691202002084531,0.6376746391663755,0.5763179751834167,0.3077716066157441,0.1852013210342185,0.1663693556370023,0.1020528102453359,0.5329481821263419,0.7619796929189848,0.7506741008102482,0.4668268264674383,0.2117271569858465,0.6087277700420893,0.432296814138616,1.59480492189734,2.204693661917897,1.982665530874702,1.010961653900014,0.5675022805546983,193.4,18129
PULASKI,2019,18,0.1315963943624475,0.1573785495056971,0.2811556494674881,0.5742248225687892,0.5420715428148118,0.3442926655035878,0.1646152504937296,0.126598570100015,0.1280824600170044,0.4022736802089936,0.7294957565394348,0.7224975812550795,0.5838828684540222,0.2839220875974786,0.3754271816405203,0.4687084926911891,0.9166442361591116,1.976856921489179,1.860531745851184,1.144989194332046,0.4948898094396606,161.0,18131
PULASKI,2020,18,0.1372966032885028,0.1898192043548598,0.3820894967231543,0.55943865136754,0.5527138084988903,0.2559165747841499,0.1252305979223578,0.1254784005070373,0.1966602173374157,0.5026871687496227,0.7403824066808934,0.7357451781198097,0.389140653313686,0.1561902055846349,0.3954117001980128,0.5853896765131051,1.281001520117264,1.922671401988219,1.898320280121892,0.8245078760923511,0.3516860242559953,172.7,18131
PULASKI,2022,18,0.148863090726971,0.1475729628128891,0.3801949628714395,0.6213135892051367,0.5827780887619237,0.3658119730143943,0.1808315666718721,0.1346003514770449,0.1350141271380305,0.4976738297059892,0.7801532172772236,0.7419450007907438,0.517840239890922,0.2448528066559622,0.4361639834359681,0.4316133801162034,1.273084242636758,2.145697024668504,2.006029762088098,1.22102729740772,0.5517633702857755,177.9,18131
PUTNAM,2019,18,0.1684082283686235,0.1731775409488185,0.3164055632843254,0.5998663923600912,0.5738656970094649,0.4839258900638217,0.1945041114955466,0.1721634275787243,0.1288689494573718,0.4095230234723543,0.7010432085471036,0.7524655014388293,0.6614165448191252,0.3219133575377619,0.5112070927818807,0.5279059741390736,1.045842537212172,2.071280086255004,1.978188510393934,1.653244498476387,0.6048216158479662,179.1,18133
PUTNAM,2020,18,0.151943277888166,0.1614176138924085,0.3489313923650888,0.569169297657081,0.573115501277714,0.3355483384665014,0.1448261488216365,0.1181406275411983,0.1275048331421782,0.3754815354462158,0.7134278510761937,0.721405150868547,0.4658181362360679,0.1851524043082892,0.4511179775235771,0.4861478549799373,1.163820877154704,1.960640697647799,1.97491918646059,1.115398661799052,0.4260242408673114,193.5,18133
PUTNAM,2021,18,0.1525954234468979,0.1806553739889844,0.367902681415141,0.6969072036334161,0.6333676902213144,0.3234765728189155,0.1109132796410451,0.1244482153412303,0.1840814122268647,0.4043038382578235,0.701631098945462,0.7687305537440043,0.4812248994132271,0.1407933776051107,0.451227968872813,0.5535559247077285,1.230467472907227,2.420549343527077,2.190699366654568,1.06971373270067,0.3003277684218312,196.3,18133
PUTNAM,2022,18,0.2068183192808021,0.1617323887083309,0.3641984549895776,0.6327784825658368,0.6344058735334009,0.4689325431673053,0.2753923712740696,0.185418025868842,0.1316476155737865,0.4147866626779695,0.7616775713315526,0.7444224040494732,0.6367332805763055,0.3982922742826744,0.6478815171603259,0.4851364495137036,1.217259099171442,2.188977236003228,2.194870237695737,1.596148550005057,0.8959177938935303,200.9,18133
RANDOLPH,2019,18,0.1540407528559067,0.166327249973705,0.1822735792017734,0.4112572012521412,0.6260327780899588,0.5275290220166335,0.202451982486847,0.1305220840289346,0.1435909610248649,0.1381403610333509,0.5093979093723552,0.7639089074519781,0.6573871115071136,0.3104043181691952,0.457093588965595,0.5023686381946636,0.5593534772490777,1.388366563364984,2.164882424679078,1.809180276298679,0.6331977915483871,170.4,18135
RANDOLPH,2020,18,0.1417129976721375,0.1736113264437991,0.3698771794035473,0.6416838947483063,0.6031247030459913,0.3341722640659445,0.1589804077715326,0.0932382112444438,0.1085325505509545,0.4568947258719825,0.7824248700332616,0.7812082069341663,0.5005733956266238,0.2159394791894001,0.4103395843919203,0.5254758962183932,1.235747038310256,2.22009804136885,2.079636779722544,1.106566168624548,0.4727227743385313,183.9,18135
RANDOLPH,2022,18,0.1639836992042254,0.1441479047267607,0.3124254490236349,0.6139411872089509,0.6331346463229997,0.4633316583596886,0.2226921797761745,0.1300941277726297,0.0897031926037596,0.3313430393001868,0.7465651922261993,0.7481035630037672,0.6165763693915147,0.303992892835253,0.490185160823994,0.4183857348688509,1.027238799722612,2.118533672752147,2.188751494273531,1.573298372161661,0.7025672031439677,182.6,18135
RIPLEY,2020,18,0.1850319391855378,0.1434513440734116,0.1507088862055206,0.5467088197831043,0.5577384800882133,0.4630130473392985,0.2879097548221244,0.189904757378805,0.115850816768765,0.0955266652393962,0.6460340862764086,0.6781608223151523,0.5831130959958305,0.3910689158018834,0.5788132311782257,0.4292937774361658,0.4546432408927651,1.887904764645203,1.927266977909367,1.58455085405316,0.951529896226286,178.4,18137
RIPLEY,2022,18,0.2604177666602946,0.1620202171631961,0.3200401698168411,0.55310106707764,0.5966976028792524,0.4570999305950281,0.2688223368673441,0.2789064568424522,0.1254586373024229,0.3269191220357691,0.6569923503025804,0.7168190158938351,0.6096759505156799,0.3813489418440512,0.8473688606707337,0.4914139479989203,1.063056446714681,1.906257542204911,2.063960634736111,1.5588960302163,0.877737141941838,166.9,18137
RUSH,2022,18,0.182717530461123,0.1290444440777026,0.3210016386715572,0.6466335016091991,0.6294288323760675,0.4982608256136362,0.21953491274707,0.1486485736848834,0.0602130963818077,0.350597079874248,0.7835586315135951,0.7869248557801835,0.6570414185065068,0.3179564507649419,0.555951908225923,0.3618532374175712,1.056293874326137,2.23450251951304,2.17220503587365,1.698475291960182,0.6891521336424811,195.4,18139
SCOTT,2022,18,0.34134096697741,0.1839389382610212,0.3655274103596774,0.5540058592961107,0.5477391948915388,0.4101703637581051,0.2298977949830367,0.3823052683794381,0.1647132721770069,0.4193961882762801,0.6811172527825767,0.7078435322639941,0.5899150919253144,0.3286942503125808,1.140229307753335,0.5708625541864051,1.227667103291358,1.90966790370007,1.886858387948396,1.389146322008412,0.7369697939877878,186.7,18143
SHELBY,2020,18,0.1452116793784215,0.1675606630060324,0.2872232603053271,0.5572058265547877,0.5833650443208164,0.3697254202607516,0.134295066795843,0.1056040882434908,0.1130597853489672,0.3014174979934626,0.7081179404483929,0.7693689598539709,0.5005333923349968,0.1688650135462181,0.4217803722318938,0.5035945223189476,0.9355785083927706,1.913016726494943,2.007019302198633,1.234070859566436,0.3837198670289444,191.0,18145
SHELBY,2022,18,0.190865453336952,0.1353782717254307,0.3479876350384122,0.6181301320553698,0.611430350926756,0.4559312327214753,0.2184658451239117,0.1633489595279876,0.0732613385797028,0.3858129296747385,0.7353801978184903,0.7712162722567921,0.5862454388244822,0.3167110032677455,0.5864716817388546,0.3859337735669425,1.155184113630786,2.132459380759484,2.108674174144638,1.547027459132817,0.6863843020381936,196.8,18145
SPENCER,2020,18,0.1519879000512169,0.1937276738174288,0.3478744567494092,0.5767909056248384,0.5587585532634869,0.2937108437883147,0.1674476912582599,0.1457881706657331,0.2014722394748635,0.3817679910288767,0.7416307351804354,0.7048585902151718,0.4230656517190497,0.1685846333348419,0.4522183148295459,0.6036148864478602,1.160971174793979,1.989191240677418,1.923955480904342,0.96500712197101,0.5052639826303285,182.7,18147
ST. JOSEPH,2019,18,0.1215584262961097,0.1512864057299695,0.1827572261268277,0.4985637830608851,0.5789872470964488,0.3711171202299898,0.2245724656001629,0.1172697567572753,0.1449521264798237,0.2566885112483485,0.6307771833343216,0.7498389100881137,0.5812214857973563,0.3828242903669121,0.3425792833550694,0.450137988516576,0.5641768572673548,1.706588026949073,1.997560224925451,1.246068814857377,0.7152866145975995,147.8,18141
ST. JOSEPH,2020,18,0.1608591717399939,0.1394371377906506,0.2615020598471435,0.4906007214064496,0.52304852721694,0.3670601990855138,0.1652973685836538,0.1602893807536052,0.1165482537921437,0.3306702418857772,0.6441851384166739,0.6858296828421653,0.5154676559298849,0.2561385539210222,0.4837509841969103,0.4063407244924527,0.8478510524681386,1.677117202956109,1.794127962471861,1.229762530105531,0.4997844292652864,167.7,18141
ST. JOSEPH,2021,18,0.1470011629756841,0.1174958838713288,0.3990141146668364,0.6476552811441915,0.5726744229305816,0.2803417385728774,0.093589356016665,0.1633377387984692,0.0888813285562527,0.5029158055760932,0.7720382831611479,0.7414401500789656,0.4072741255707269,0.116353525348987,0.4300088005057093,0.3232737241465299,1.34176935729913,2.241353126793458,1.970073436973676,0.9124110672841784,0.2390333416561611,163.0,18141
ST. JOSEPH,2022,18,0.1801586449105204,0.1382914355308169,0.2887898713743624,0.6282780770187459,0.6241967616951265,0.4785799861696945,0.2599060439904019,0.1739242251484097,0.1126269196363476,0.3756045762888731,0.7700379486817451,0.7684038598748645,0.6407715158708074,0.4026922265504408,0.550422741882235,0.3989887478891634,0.9434980431533366,2.171955975485548,2.157047615549382,1.630117554105647,0.838978598527745,166.6,18141
STARKE,2019,18,0.1090006426712144,0.1525802588368844,0.2242826700869357,0.4848831426307954,0.4778079181322683,0.2905974329902255,0.1483607757837486,0.107517644709518,0.1241062988516998,0.342240231404335,0.650055905322361,0.6622639060165807,0.5020286571572825,0.2530231188656429,0.2999862790999197,0.4576555065922679,0.7177810898495054,1.659927039507158,1.634328770154041,0.9570022943143016,0.4423892615854962,147.7,18149
STARKE,2020,18,0.1291009273943063,0.159783750525302,0.315892831762919,0.5020027824982093,0.4877833145567904,0.2366385557223561,0.1214379957097815,0.1307790879712765,0.1662052743231509,0.4400975221111876,0.6891844759116883,0.654063886864007,0.3597428536983134,0.1625312039724677,0.3717144216756951,0.482817095461494,1.047406701329921,1.720755546776114,1.669306468078133,0.7606650113321447,0.3438691044896723,156.8,18149
STARKE,2022,18,0.1403019685573036,0.1278669405917405,0.3139695836897976,0.5701295425729044,0.5440373637009951,0.347089607000448,0.1687563449057146,0.1361421831657008,0.1226348716931137,0.4415051186044656,0.7275565040835965,0.695310199439134,0.4924011554392259,0.2374567845506518,0.4110134703945489,0.3661738126305355,1.039183485570181,1.966460977753286,1.871523980162895,1.158966327958457,0.5137690168695999,181.0,18149
STEUBEN,2020,18,0.1431767255372188,0.13333002038521,0.2762453824586381,0.4149971362233749,0.4633217579924218,0.2849265756567994,0.1341768695489786,0.1154738128487863,0.0892779904987359,0.339699139800506,0.5724045091490344,0.6556092568906943,0.4320692795878636,0.1957991470486301,0.4254033748831219,0.3897227364915084,0.9067927357400332,1.410217140440438,1.583636796408338,0.9382024053035772,0.3927905900199581,145.6,18151
STEUBEN,2022,18,0.143815355512904,0.142248081698573,0.2621298156607943,0.5916857087387266,0.6066251288327605,0.4716663505819445,0.2069043661387715,0.1231280831093909,0.110295359143212,0.3046727286728108,0.7233015619875713,0.7321633413068164,0.6125845555926177,0.3152844620650932,0.4230029708539013,0.4188795680710906,0.8510787363968799,2.043493735303102,2.098593521354124,1.609089168586745,0.651231796135988,178.1,18151
SULLIVAN,2019,18,0.2075486544420547,0.1788430731123491,0.2660829116060638,0.5728514322314748,0.5394594991450684,0.4343122009582733,0.1917433903581995,0.2557699389172065,0.1527251837257573,0.3130089165077237,0.6763702384518598,0.6997732505268917,0.5749532164734187,0.2870466148900332,0.6547051476281186,0.5508351494971512,0.8664819288380857,1.976366281375788,1.855554674664288,1.476036221422015,0.5975223080460135,164.8,18153
SULLIVAN,2020,18,0.1521325831811895,0.1901478310431615,0.373216215970061,0.5721853478996318,0.5700698707003823,0.3166176733378892,0.1446789067533964,0.1399461090280155,0.1844757872568447,0.4213198075979628,0.73243766444314,0.7205405939250286,0.4331047086346807,0.1719773527219619,0.4515698972252469,0.5891148276890653,1.251456806297638,1.971326232370351,1.963673267828213,1.046663864082752,0.4246090145708764,182.9,18153
SULLIVAN,2022,18,0.2262342056829876,0.1625974170322142,0.4141938113961784,0.6470729856761095,0.6134072988672635,0.3980320294750126,0.2350363810679509,0.2241114633146848,0.1354405933577884,0.465564135583122,0.767006972907214,0.7575466800215028,0.5540805530251662,0.3204311587340185,0.7180680962293629,0.4874747977059239,1.398724549337014,2.242279809036818,2.119058303786967,1.3395152663835,0.7495339249450899,186.0,18153
SWITZERLAND,2019,18,0.1894367791933055,0.137857691752704,0.4045201787875802,0.4616810470548013,0.4158728212541344,0.2521560811954266,0.1196903012337694,0.1969244227179093,0.1357890339839684,0.4543540986619432,0.5564401529318057,0.5624627264303187,0.3530748726807561,0.1515124022845525,0.603212749364564,0.421219359316264,1.381786274940981,1.588006026098279,1.423103950734346,0.8299507401223125,0.3506888697385057,122.2,18155
SWITZERLAND,2020,18,0.1820248584877799,0.1576743506986203,0.1844165828963102,0.4962914725884373,0.4824196753474576,0.387132487275961,0.2227239641023436,0.1993354444695138,0.1368931576733267,0.1778558843904041,0.6116960098805708,0.635734331969466,0.5452846288245461,0.3261781776121494,0.5742422571885378,0.4872046346891722,0.583782883472559,1.71124712137584,1.661081799812832,1.316332161859989,0.7214992356854254,182.2,18155
TIPPECANOE,2019,18,0.1459554934254787,0.1676769850168696,0.2900786806341532,0.6013502899618297,0.5860637281384402,0.4315775539363813,0.2250905654062691,0.1462755792172128,0.1489589090918648,0.3850956068062512,0.7204569425462612,0.7384064882862788,0.6556792755933178,0.3637212247240522,0.4257321231563926,0.5040876123611454,0.9470224155887236,2.073114254344341,2.018617540003087,1.459327484217593,0.7118079522257035,180.4,18157
TIPPECANOE,2020,18,0.1290909154562605,0.1388772523806533,0.3790993274095956,0.6084217087975264,0.5927938401871073,0.3386569597278949,0.1458339262309649,0.1012653478958713,0.1007233357974314,0.4595594533047393,0.7731932341442115,0.764533029585042,0.4972747412188626,0.1963118841075505,0.3636706926343384,0.4007476833099949,1.268202277119357,2.097890860392299,2.041348886990859,1.121879477837365,0.4242480755997592,207.1,18157
TIPPECANOE,2021,18,0.1307567335315451,0.1769745074419722,0.3554385082080176,0.702157182316953,0.6180005600393785,0.3102511377813051,0.0936857653906493,0.1201664238669665,0.1703418002805272,0.4238615761891561,0.7133007637793948,0.7738967406648956,0.458406143363584,0.0913415414982441,0.3686680351685865,0.5358850079381611,1.18181140734814,2.435996406762444,2.131517300496166,1.018079050818907,0.2348838495481386,207.2,18157
TIPPECANOE,2022,18,0.1649007590894101,0.177627960445487,0.4359216735570899,0.61936197361378,0.6041861648633045,0.4074339528315106,0.22260536254293,0.148445843944549,0.1618880000500718,0.5502614103526122,0.7751953004773469,0.760979799506607,0.5716649483838313,0.3035668776359834,0.4925422550978733,0.5385757050234469,1.473401213987539,2.137067075266006,2.082030710221388,1.370099175200154,0.7012896247023578,188.6,18157
TIPTON,2022,18,0.1338801973050377,0.1267983773417828,0.4072713061751009,0.6595962385001092,0.6651757566779456,0.479070529558242,0.2123747853110729,0.0926917721961127,0.0549444685060439,0.4647665456569069,0.7794914540672984,0.7162528096613566,0.6311521084608267,0.286854402946411,0.3801017285641437,0.3544890811097218,1.369234205005609,2.282452939461162,2.303933683751959,1.629087341240676,0.6640847554123689,205.0,18159
UNION,2019,18,0.2133205533677349,0.1539858098302045,0.3677783876704449,0.5851812132393673,0.624138958426886,0.4518077661694646,0.1819486856329602,0.2229869271090305,0.1230381581188018,0.4449356848432166,0.6958017118961121,0.764802381831624,0.5920968472962533,0.2643325901755077,0.6702159959766439,0.4562240478600785,1.229012056951933,2.01560048311865,2.157581043389464,1.533011655505529,0.5566617621405587,178.7,18161
UNION,2020,18,0.1513974345413847,0.1726893721483811,0.2954001329649982,0.647172261124426,0.6101346320782709,0.3911944518453393,0.1737026938732319,0.1070304642888859,0.1142658697432971,0.3142449000029905,0.7706169186015351,0.7925814059729657,0.5326705442384657,0.2354976836847833,0.4451854720272573,0.5233597948596691,0.96618714050122,2.239630545713363,2.104896905218047,1.31277133313531,0.5258857721738601,208.9,18161
UNION,2021,18,0.1472631866640928,0.1498927288102912,0.4271655126253065,0.6904092202264813,0.6261156464943016,0.3250267243358076,0.1320558549999698,0.0926473063408632,0.0817300275152115,0.4916170321501769,0.8237670107925738,0.7539442987679235,0.505895112588444,0.2017222838026242,0.4292431968834354,0.4398183352934793,1.441502568723886,2.393918279272953,2.161305397778827,1.071965143773314,0.3746122255221322,207.8,18161
UNION,2022,18,0.1896288719128057,0.1457068586292435,0.3753802130712811,0.6304431021185717,0.631987931708809,0.4712282888008505,0.2390962157322829,0.1620467008295333,0.0946101502997639,0.3987265994694997,0.7804050631503413,0.7607015344081735,0.6381467636463138,0.341078158105227,0.5832126008113573,0.4243222964228617,1.255270875205911,2.178160475946249,2.183729650963434,1.602033422545034,0.7621957418957254,195.7,18161
VANDERBURGH,2019,18,0.1831182057679002,0.1775078390043068,0.4784317433620608,0.608057279941435,0.525042423038654,0.3678954710837009,0.1405592778648285,0.1941685020832963,0.1291852076061121,0.573934727051333,0.738875083828893,0.7277952688044593,0.515430012702093,0.1296163863152958,0.5636618449749253,0.5433251205350295,1.632207859730401,2.101068225409677,1.800710584187639,1.232155203317473,0.4096608038706092,167.6,18163
VANDERBURGH,2020,18,0.1503417258822791,0.2138406042709636,0.4166595015454213,0.5649745275396788,0.541613494751592,0.2501005883620219,0.1392924661800151,0.1255091977010542,0.2003653792315423,0.4778557537008584,0.7208893019031467,0.7051615580973823,0.3550714770166465,0.1320005241127054,0.4462926324441779,0.6762712721691465,1.409833509229423,1.946440461431726,1.861920263534001,0.8072265035145288,0.406321402444715,204.7,18163
VANDERBURGH,2021,18,0.1474747021008179,0.2261034434374221,0.5851362511000284,0.6446867988148386,0.5430865773440084,0.2647044448300064,0.1061278694730386,0.1285850913959918,0.2988732578603191,0.689398490516143,0.7284517682325551,0.7002030802609689,0.3956943618700954,0.1077902587451823,0.4329791576183283,0.7174586197890505,2.016440823012506,2.232513062967797,1.864307806902539,0.8571208136975786,0.2814189170122053,217.2,18163
VANDERBURGH,2022,18,0.188485165821323,0.1384382647924011,0.4633898696642639,0.609816626399407,0.5705145793218483,0.299337373336725,0.1807025348749175,0.1548158057872324,0.0965621504364514,0.5243871944523826,0.7559359526733612,0.7384998130832418,0.4440924299728519,0.1976837285594469,0.5812244291730044,0.4001369772162339,1.576167308810773,2.106073001383344,1.963852103933995,0.9823631905653232,0.5529345576090773,191.0,18163
VERMILLION,2019,18,0.1593264808514506,0.1855501009537103,0.3374200742345227,0.634945273453024,0.5890487337045573,0.3720622254750234,0.1996993229546744,0.1738972404489147,0.1576302356163106,0.4196492661347392,0.7559352074283452,0.7622842385319706,0.5607997982279325,0.3158246084360259,0.4750894552826364,0.570004116947667,1.119421992839304,2.195866830691557,2.030058596759233,1.246579678865064,0.6211483092242635,167.4,18165
VERMILLION,2020,18,0.136399205836856,0.1601117987759328,0.3500951538921819,0.5820294495109469,0.5748427688035884,0.3052867306497592,0.141083825604963,0.1103823568600778,0.137363004696457,0.4004951844716983,0.7392079071056359,0.7316345014003244,0.4064103686674777,0.170484659531514,0.3930835546548296,0.4816379877496075,1.166235713063265,2.005373594130695,1.979372510281201,1.004114389062147,0.4100327273201189,188.8,18165
VERMILLION,2021,18,0.1412803060468709,0.2028132504549928,0.404307000674172,0.6863986292741906,0.5855935342402245,0.301248504297619,0.1100635857970184,0.1256442088097717,0.2179427519593555,0.4779144313626362,0.7333643378127634,0.7395722436878197,0.4437227697879901,0.1018067648259603,0.4086142019004965,0.6312383674295835,1.360266820684369,2.380858959301078,2.016161489931487,0.9873875408813731,0.295190898190966,195.9,18165
VERMILLION,2022,18,0.1642214380928836,0.1792560484422426,0.4519833819700311,0.638713160230915,0.6097492469395944,0.3712451318724552,0.2082098271661173,0.1464792241617519,0.1697479400833996,0.5406842476992277,0.7810495146953862,0.7473707323046588,0.508740430231599,0.2541602183558031,0.4912176962536478,0.5455416847879765,1.532416285932194,2.208056067747197,2.103017611885808,1.240162442498765,0.6502759038056402,199.7,18165
VIGO,2019,18,0.1918150239709174,0.1624681182805249,0.2832729098954364,0.5773584218285056,0.5227830219831613,0.4158049749659811,0.1680031862174013,0.2319905914964124,0.132493324109769,0.3494835696309676,0.6806533258775233,0.6998183849518762,0.5685800522999074,0.2615037370382353,0.5994040326927774,0.4932110034131787,0.930287004724524,1.994286315265969,1.796830869602454,1.41031215937902,0.5132417836630151,171.7,18167
VIGO,2020,18,0.1302942037242899,0.1783468132248531,0.3566509066772188,0.5415143971676757,0.5325414263086379,0.2731821844716751,0.1328483744077545,0.1082771383938777,0.1654279903489181,0.4046485974905477,0.6998540501396835,0.6735372939634922,0.3835282635909665,0.1652269536171118,0.3759721926088666,0.5498315106232206,1.194935782303095,1.863771030637156,1.83130755011158,0.8929401307787174,0.3852180291027283,176.7,18167
VIGO,2022,18,0.1957018862584573,0.1564870946775735,0.356779786405173,0.606124771489548,0.5843905242523564,0.4010678887864894,0.2519874796012401,0.1965447665162307,0.1409183652613647,0.4013956668373534,0.7389171684715843,0.724100670848931,0.5473026712770507,0.3473287879757464,0.6093779145304249,0.4674010757701558,1.192115804759798,2.094480988226495,2.015651890833827,1.352334407001235,0.8129798670611685,186.0,18167
WABASH,2022,18,0.1776586295397672,0.1605896454801764,0.3081923667570851,0.6390466597802438,0.6128121421808619,0.4633737681097496,0.2322918714227062,0.1580097466373931,0.1250374116126709,0.3106087616711201,0.7851952838488581,0.7664135374776042,0.6266568042088954,0.3249765625887806,0.5403791320906766,0.4787640418255515,1.012657602201441,2.210835068762423,2.115320828130241,1.574103282248259,0.738029740074931,194.7,18169
WARREN,2019,18,0.1502507216936581,0.1917735078187952,0.3987616099248802,0.6818165094275156,0.6188365516909528,0.2991244734602635,0.1676078728304777,0.1636696448758779,0.1687617424408059,0.5129011492695034,0.7985336889854517,0.773292957799982,0.5083447535994214,0.2545886212891866,0.4384603165204506,0.5887707577315232,1.337567944708408,2.361660630603921,2.134902547057343,0.9771078906489632,0.5012540168547696,192.4,18171
WARREN,2020,18,0.1258702598309755,0.1581682786206572,0.4021653876325178,0.632079978957069,0.6090445176931266,0.294442927746526,0.1355697774080713,0.1012693348881711,0.1273923840387085,0.4893907525159677,0.7838745808735288,0.7686986904810276,0.4116381723515052,0.1790797335690019,0.3509400823040448,0.4715502515875067,1.350575807695466,2.182406853543088,2.099064608805444,0.9608885807943848,0.3860329984540917,206.6,18171
WARREN,2021,18,0.1270680028327273,0.2042035785486281,0.4298064548485769,0.7311973480217768,0.6057584241206195,0.2767163130352599,0.1055388348351946,0.1188759543473909,0.2211669372382427,0.5324961538500649,0.7553909214701259,0.7641830955678207,0.3979212208751567,0.0898450467916605,0.3537553375622899,0.6328330393299689,1.449207731507366,2.539522300585304,2.085657581429817,0.8951833178410676,0.276007019645921,191.6,18171
WARRICK,2019,18,0.2091349433696766,0.1999564544045843,0.4060395236581304,0.5482675511674913,0.4796985012090258,0.3962201855733188,0.1498931185597194,0.2525599528484865,0.1669998057543909,0.4757965392021751,0.6708160250152212,0.6805224183874733,0.5336446773627306,0.1808153685759593,0.6639073927199791,0.6280383379197712,1.374781284326167,1.888259878656537,1.642955983656993,1.33814500532092,0.4469435597799289,156.4,18173
WARRICK,2020,18,0.1577101140770057,0.1943505831227615,0.3537263036510824,0.5594068036362885,0.5366413485620002,0.2927373429643718,0.1440361776774523,0.1502723077350904,0.1961011035027957,0.3936316578012551,0.7189202428539128,0.6870650557639353,0.4228961691121566,0.1615063114445617,0.4754095202786291,0.6080283440543732,1.184600026595963,1.928757178747986,1.846391536577628,0.9639472334587884,0.4287186901535629,176.9,18173
WARRICK,2022,18,0.2485774808445532,0.1482974817431331,0.4021864708333271,0.5684561011131415,0.5301176722458871,0.3080951747179676,0.1906830628524347,0.2758877834637754,0.1104267195225546,0.442774389319776,0.7072424028051524,0.6907428085935976,0.4465557010776874,0.2212246724935603,0.8036858850988823,0.4404769899623749,1.360995332864552,1.962722571027484,1.82387073447528,1.019121534483879,0.5937859366663253,179.1,18173
WAYNE,2019,18,0.2085880738486618,0.1749363013935101,0.2736861020915045,0.5259236834212961,0.5917342798431917,0.4497727143874817,0.1647556350918385,0.2190297088440762,0.1639354415568468,0.2835100989428591,0.6309583600724786,0.730037583582613,0.585351588394627,0.2515229349030208,0.6580328755347068,0.5372807962802204,0.8936975660215553,1.806358983449916,2.044560750177174,1.531368479777594,0.4996491856170377,167.4,18177
WAYNE,2020,18,0.1662077383849853,0.1830241574547914,0.3599087391714216,0.6131020850892677,0.5771744388730202,0.3387647519839297,0.154035883456347,0.13441320269576,0.1303854540228682,0.4413581083743513,0.7588529137133759,0.753399333596254,0.4924471460280796,0.2210975154125668,0.5034429929435934,0.5638166368105374,1.203998713752539,2.120329086222252,1.990066195123007,1.127499772812793,0.4591509016254772,186.6,18177
WAYNE,2021,18,0.0666346296900514,0.1733432135984956,0.4107837131362936,0.6498824338174718,0.5840838463330016,0.2794723296920273,0.1726942824850099,0.079949007643993,0.1288763208616415,0.4996390772454839,0.7744654136931621,0.7328869813324973,0.4410343399047786,0.250600389200594,0.2196480129127691,0.5285678179500102,1.385872360722313,2.250926664558924,2.012890335872274,0.9107894916232184,0.5243714502807724,202.3,18177
WAYNE,2022,18,0.1982519128531378,0.1595639119505238,0.3645761073299456,0.5865015328897404,0.5887608607395987,0.4215838403785358,0.2170854829991014,0.1911763465481972,0.1238416671748689,0.401566385646802,0.7298857246783511,0.7221143766069055,0.5640362865629858,0.3017496670698413,0.618628933867616,0.478610426570436,1.220427076442113,2.023535172603351,2.031706774991668,1.42663474376281,0.686714985193206,181.3,18177
WELLS,2022,18,0.1445725592447891,0.1305884854015175,0.2776946938909754,0.6160910568563315,0.5776695609980173,0.4745320665574958,0.2097052538721076,0.1041197572867526,0.0610875938494625,0.2823028345420322,0.7794876019985503,0.7694419637605935,0.6382756732446303,0.2951235433819782,0.4196273471467686,0.3703878382068986,0.9013144279614648,2.125977067168134,1.987161996677257,1.614471572928087,0.655264340205263,190.4,18179
WHITE,2019,18,0.1318536858478749,0.1504341110106472,0.3313207433502254,0.630571715165417,0.563081286642627,0.3189607053662102,0.1638875046721468,0.1276835410670238,0.1219348567032142,0.4694116706682354,0.7807962824629855,0.7461089612557473,0.5422914816877381,0.2561767443211928,0.3722582214863782,0.4394818298115651,1.093976961531426,2.176619368786578,1.932474480751659,1.049254021475081,0.48815622751533,177.8,18181
WHITE,2020,18,0.1239171685561175,0.1968431715488299,0.4364080821999446,0.6131225645181306,0.5830402115692264,0.2824638380155205,0.130563396170703,0.0966426197835347,0.1948676108023502,0.5614590544224819,0.7869070311744687,0.7764387474686706,0.4342392108555453,0.1513513913875809,0.3433277474269878,0.6072366092418073,1.473906664775844,2.113264341425356,2.004421708833881,0.9169364248358468,0.3673605907220354,178.5,18181
WHITE,2022,18,0.1407671652241519,0.1654748442857385,0.4638959600297641,0.6499055577580601,0.6182286152594271,0.4050475639566013,0.2132434076008794,0.1249183281562325,0.1519731086357454,0.5978293741346437,0.8094569585089048,0.7792557009890354,0.57415215638976,0.2871489332438017,0.4040192184502342,0.4937232967681665,1.573168242058762,2.246337747034397,2.131652399321666,1.360266695957618,0.6662280348824091,181.2,18181
WHITLEY,2022,18,0.1556433461071383,0.1498864633658182,0.2650261560354482,0.6098833949784562,0.6119821376619538,0.4867774095673893,0.2284356958519608,0.1295843570864551,0.1103143458513274,0.2733685725845173,0.7626744869951821,0.757969232229474,0.6279365629605668,0.3308902076448721,0.4630050932801189,0.4428943955384437,0.8587218163727465,2.106763544710242,2.11463023594355,1.660960441801786,0.7262963194468525,186.7,18183
ADAIR,2019,19,0.1203768743905553,0.1674667161921926,0.3532348738634974,0.6069362477282216,0.5891296585153577,0.5528564988645548,0.1741483263915218,0.10521513030826,0.181328764265655,0.4607028041222323,0.7628816596024722,0.7733292947571963,0.7633493391300076,0.2806109011136808,0.3330947280406375,0.5034664762019855,1.175599722711313,2.09346603257081,2.029041335408418,1.896865854073441,0.527639871481062,176.5,19001
ADAIR,2020,19,0.1298503370708081,0.1757906729673053,0.3955420648442815,0.6142029023162446,0.5251070042852467,0.2256814496489065,0.1326681065531412,0.1020760680634965,0.1856558472777071,0.507597351420752,0.7814350142677475,0.6808376809703562,0.3375226409457446,0.149686517997991,0.3675858765093385,0.5338198075038751,1.328858716617193,2.119973694659512,1.7976244774715,0.7143030506346506,0.3777807753141751,168.7,19001
ADAIR,2022,19,0.126592968609096,0.157839483475019,0.3903171576561818,0.5832534483556577,0.5492651794411566,0.4507383528747554,0.2533449889085444,0.0722157010638855,0.1371484114124744,0.4729980396501025,0.7271571139516504,0.6870381859368452,0.633507093831075,0.3465845989875495,0.357231620779064,0.4694852862561904,1.310644374409599,2.008670587450546,1.885784840379051,1.529336098234265,0.8150645174899285,164.2,19001
ADAMS,2020,19,0.1307470654856982,0.1776896840681135,0.3780606066241287,0.5925708308401197,0.5395788810013958,0.2419247606498548,0.1284795858515055,0.1041992826052343,0.1931700687356021,0.4844801712568107,0.7757401485245418,0.7061445675870733,0.3705907385229627,0.15881427536824,0.3712855832613502,0.5410856245415687,1.266030562027547,2.042128923799981,1.850403527660062,0.7734911748675168,0.3630468000982551,173.3,19003
ALLAMAKEE,2019,19,0.1273703603252628,0.1697476370273866,0.1695225357493564,0.582043510297288,0.6017375603376086,0.4885254942869506,0.212327531681694,0.0877559850563651,0.1142897244398761,0.1855646199196246,0.6711788420066953,0.7064055204887044,0.6269362884848921,0.3482676688713064,0.3687023341222238,0.5219962643857338,0.5211633295116502,2.013758245495977,2.085011986307577,1.675878785168333,0.6808130158292198,187.2,19005
ALLAMAKEE,2020,19,0.1158579956913067,0.1653617144441329,0.2865911453343865,0.596618286781716,0.554480879132091,0.3927564103828123,0.168456392419807,0.0714382919780655,0.1285541206936313,0.286838625540389,0.7205383988493514,0.68377068080389,0.5232021676387696,0.2424102202558959,0.3276250095186065,0.5067283444615739,0.9452631578266966,2.067014922305714,1.91456263758897,1.329443622918114,0.5179260446639422,196.3,19005
ALLAMAKEE,2021,19,0.1362135696044561,0.1595467535250822,0.3223060187964325,0.6429089576078428,0.5532425408583667,0.3391120982441497,0.1797638438872688,0.1005862632053678,0.1263413325683957,0.3549140364357704,0.662399196471095,0.704304243512243,0.4926846882975733,0.2435232170184318,0.401190451735304,0.4855489090315134,1.074398237261234,2.234578106546954,1.909926406071524,1.135203227902116,0.5593086445795237,198.5,19005
ALLAMAKEE,2022,19,0.1082585887376917,0.1546925018900535,0.2524794369170475,0.6335897630856103,0.5830973451241545,0.4866053648162231,0.2774514449094559,0.0672915428482088,0.1154374187351874,0.2580913659537234,0.6860355348255988,0.7052234067736322,0.6115536819932048,0.3823731832001176,0.3026127226514257,0.4703607330514766,0.8239936316810649,2.202805940598076,2.020145670985397,1.671034078731539,0.9143304804179434,215.9,19005
APPANOOSE,2020,19,0.1457528509849999,0.1517127481573948,0.3439545694984764,0.5382056199375581,0.444722214856142,0.1885634244656563,0.1175000008930699,0.1495237768355493,0.1159591583614163,0.4367921910700445,0.7026469757629775,0.6040358872182524,0.2884065396899697,0.1322299291119746,0.433692331800957,0.5009052713021278,1.150794957415627,1.853669221043313,1.515371061550131,0.5885913616750159,0.3314829928621829,143.6,19007
APPANOOSE,2021,19,0.1470410170970263,0.1596895965309091,0.32119089490086,0.5484015365999617,0.5250108355936273,0.2490038319049765,0.1265385975835765,0.140889793153713,0.1878267799371051,0.3770579260212867,0.7291958124218586,0.6990272242823818,0.3772086485197672,0.1719533618274955,0.436411343729459,0.4820084529263306,1.066323145015161,1.888600609260388,1.803743595132935,0.8051498762689447,0.3622501340076856,171.6,19007
APPANOOSE,2022,19,0.1428564233730551,0.1675406064936915,0.3596620782188368,0.6048560770988392,0.5028517602677086,0.223170214442654,0.1329160883325077,0.1194557380894509,0.1734556109240653,0.4295161611714629,0.7345177664826438,0.6406126918066096,0.32132570363019,0.164258622573698,0.4220738038014211,0.5117028593477226,1.206494099712658,2.095440833810283,1.724489935600769,0.7124949141005471,0.3858952140053452,146.1,19007
AUDUBON,2019,19,0.1189108844221334,0.1497528143383421,0.5091480205349918,0.6619539203228809,0.6454387678106964,0.6288315001059921,0.23526219902091,0.0918095170238516,0.1177193024543287,0.6711763471638628,0.8264448885941572,0.8252831714747065,0.7643179066515514,0.4363955150008247,0.3251952837446835,0.4385428124242476,1.737108721441441,2.28992514944055,2.230173428187667,2.172425793586918,0.7461566769842938,216.0,19009
AUDUBON,2020,19,0.1296886123846674,0.1905989673347303,0.2854106785379321,0.6548689962455055,0.5094171012533752,0.2046093810892943,0.1404451821463355,0.0927296444200084,0.1755862157812085,0.3455566924308255,0.8221866756926416,0.6908474311223746,0.2660099964821462,0.1398940481288821,0.3640407955919849,0.5844143710907108,0.9274855807421116,2.264143335689906,1.737897653213537,0.6353994554672061,0.4029579762790984,170.8,19009
AUDUBON,2021,19,0.1412155544300905,0.173853405203739,0.4701030630429023,0.6486629001579413,0.6222044596029459,0.4429933227003991,0.1767387551429024,0.1078406661614782,0.1642290575289431,0.5595970034490629,0.7788390540940253,0.7906066582379209,0.6494210098912391,0.2610409352769367,0.4057035662510103,0.5275090877906753,1.595618804542232,2.24164805613995,2.145921194375669,1.497535885456915,0.5357867127332947,216.0,19009
AUDUBON,2022,19,0.1283583419179942,0.1533975841533857,0.4358850732610361,0.6473317434132938,0.6151511238828316,0.4391228248559498,0.1948135561339325,0.0719820257664866,0.1254211478941482,0.5130058170378047,0.7819591003555273,0.7594832321218543,0.6244526135458603,0.2402355393360911,0.3604114861881148,0.4500641735109861,1.472112658785942,2.237182337401977,2.120819603150533,1.483841082579272,0.6002736359740236,197.9,19009
BENTON,2019,19,0.1306204019932927,0.2015325429074255,0.2230186101078631,0.687265565294575,0.6685979695492722,0.4105898174439781,0.1492652765701542,0.1070395630651245,0.177488393732817,0.2300964566130252,0.8088533083091941,0.8130958763375636,0.6165872605966858,0.2587253029786591,0.3669061602221508,0.6234846727441037,0.7012557305200898,2.38027509993372,2.31333873634772,1.379606421848591,0.4341789578680519,197.6,19011
BENTON,2020,19,0.1238587915571918,0.1899240780598134,0.4950753670366662,0.682155284126909,0.540745731948951,0.2807668164917031,0.1421305724440863,0.1018347325736102,0.1833696750472436,0.5884423705470495,0.8404591007481039,0.6663196751534284,0.391554737334889,0.1602436143218341,0.3419243067386483,0.5814895836272405,1.68572108134107,2.361841731361245,1.850221823421042,0.9096177660242468,0.4080318345608158,144.8,19011
BENTON,2021,19,0.1196588383672298,0.1599177810201648,0.4626857980490551,0.6817867776960218,0.5755051836341489,0.3066046913890621,0.1839785778755217,0.0901637345332965,0.174552902395536,0.5828072800266629,0.7795817901308175,0.752550592117021,0.4823530564193431,0.2284995394904833,0.3266505599395256,0.4723057960893112,1.567721117460902,2.360239229906142,1.975901875864491,1.003019850169502,0.5604755870354277,211.7,19011
BENTON,2022,19,0.1153069116685988,0.1363164164436913,0.4355649677019866,0.7225631751317627,0.6804008330511401,0.4041444182504364,0.1901084536682601,0.0772537099152632,0.1165420505826613,0.5607339919454407,0.8142148409802584,0.7855703006121273,0.5946176205873906,0.2588150963295537,0.3106180157225114,0.3878580884964236,1.469281220315842,2.50853002732874,2.357006593882577,1.355606151477412,0.5812649201865376,221.7,19011
BLACK HAWK,2020,19,0.1202478520196986,0.156426269258658,0.4368333283534882,0.624377001184555,0.5529010169707349,0.3893673316399311,0.1442206118280848,0.0984408886993549,0.1259694261843182,0.5271479105024482,0.8098776375434202,0.7458608277077909,0.5888454192351755,0.1693090382487974,0.329077248946957,0.4591244689504131,1.47449146886918,2.152912112304929,1.894311286867395,1.302646258199668,0.4157055218881618,169.8,19013
BLACK HAWK,2022,19,0.1147436381278802,0.14235638182072,0.4356435389808579,0.7008820744435511,0.6482744341755191,0.4291614362848587,0.1811193100351803,0.0858228095355076,0.1172741576770564,0.5482904098059967,0.7816926601591427,0.8109546991149085,0.6217011531428086,0.2466510583274591,0.3094776527867902,0.4107316095979058,1.470486358930684,2.431057026233428,2.241166024593088,1.447225518580496,0.5496753143532964,202.4,19013
BOONE,2019,19,0.0949811733373035,0.1188754639051608,0.4695011022846732,0.6684977483954969,0.6361915700735227,0.4966148885609658,0.1309532096723064,0.0829266497901431,0.1026325405476905,0.6754800667086416,0.8369459434840713,0.8156667129303654,0.6630521821573353,0.2394441316583643,0.2358662710240988,0.3223232965655118,1.590923411801555,2.310851636965984,2.19396561120431,1.688993357985541,0.3660130263090212,194.8,19015
BOONE,2020,19,0.100661564629203,0.1773578826049791,0.436145847931957,0.6732980032074029,0.5592892449871049,0.240523927664375,0.1208917552186042,0.0801055815380043,0.208913334386592,0.6001029091948378,0.8423992973308928,0.7004972715189829,0.2910505633074953,0.0987257932240229,0.2563123495826056,0.5338006076618905,1.470095278961057,2.328111710761726,1.915629174476926,0.7623351054470635,0.3295059055382723,160.7,19015
BOONE,2021,19,0.1026108637641673,0.176997788829103,0.5003870521492547,0.6401771738306545,0.5745667815133924,0.2771232802295206,0.1108781743490283,0.0778782109552995,0.2038049515559252,0.6685271388458088,0.7787954960030319,0.7672562051886611,0.4291831426803776,0.133263153545386,0.2638777189851806,0.5328973394707974,1.702919835370269,2.208680671923076,1.971302083576578,0.895151580875267,0.2936767877996596,208.4,19015
BOONE,2022,19,0.1026506132970683,0.1163821192782934,0.3880595054520242,0.6737566579646311,0.6805208852275418,0.5019576266530369,0.2230203840836945,0.0605345609269833,0.0985606863812221,0.4987540428164882,0.8186281408095671,0.7746429696722575,0.6749125551445379,0.2856511614906731,0.2637209333772605,0.3133485592866522,1.296384308492148,2.330031866560418,2.35463301971147,1.708446215854844,0.6991941028485881,202.4,19015
BREMER,2022,19,0.1137300576284058,0.1234701425724795,0.4018852036417467,0.7177995724568471,0.6721420331268269,0.5459045510704312,0.2310588934794375,0.0839394683980176,0.1030724547184014,0.4986264069903707,0.786966229164653,0.828276814423722,0.7115313937743277,0.3407928974528871,0.3057168819693193,0.3426300449010172,1.348197370380354,2.492367013606021,2.32634643910476,1.869294030331334,0.7304251011199026,210.8,19017
BUCHANAN,2019,19,0.1303911342372437,0.1739008771206538,0.2129332080551416,0.7028283597261494,0.6819558290658169,0.4925636893235823,0.0398703562166885,0.0976381692060001,0.1569660906966178,0.2227263418426484,0.8164795884035567,0.833192056888363,0.665829620226566,0.0,0.3634674844921005,0.5214482827588607,0.6620889741579373,2.434831490886979,2.359764934932334,1.674721421717593,0.13954624675841,218.9,19019
BUCHANAN,2020,19,0.1224674594143043,0.169815872337475,0.3578707967269308,0.6827618503444315,0.601739707854732,0.367718642178791,0.1536585283429568,0.0976841000509063,0.1467683596657086,0.4117157902190908,0.8446210124206277,0.7738770120815468,0.5417845530638491,0.1846016727819654,0.3353171059868157,0.5066353794359283,1.186610077438606,2.362462535117472,2.069324416713002,1.222637072918013,0.4481667183579022,188.3,19019
BUCHANAN,2021,19,0.1257100375324179,0.1555496555014124,0.438123602206115,0.7176422156006192,0.6363574351920338,0.3825142492443745,0.2047541445324584,0.1011630501435163,0.1531762229421814,0.5593872723838176,0.762950427531494,0.8187287865813119,0.5756162540814107,0.2776916932324672,0.3468844991725519,0.4548485756528755,1.477182700526435,2.488481333670354,2.194392804651968,1.275988351393416,0.6327695023910959,209.0,19019
BUCHANAN,2022,19,0.1171688065265223,0.144920433254694,0.402686722159222,0.737242386594153,0.6906742875809262,0.4404533061987689,0.2008648563119086,0.0784832237964526,0.1286224803014487,0.504771325279414,0.8198207727952441,0.8248596607488301,0.6293443424572809,0.2770724410238666,0.3170527516864758,0.4177949695070172,1.349956453220009,2.561104743102379,2.392777231380192,1.48662142176169,0.6198718084046547,209.7,19019
BUENA VISTA,2019,19,0.0994225030018015,0.1011324529009829,0.3402812531748868,0.6631076124077337,0.6378167532220198,0.5014733906802131,0.2184796940158894,0.0863349937753357,0.0797110683637355,0.4879618424029814,0.8313235194047578,0.8292839927619332,0.7278000563229924,0.4053257625516355,0.2518641258280194,0.2581074049202824,1.123302011604732,2.291275383772618,2.199774551846828,1.706494505941559,0.6826130952875772,190.8,19021
BUENA VISTA,2020,19,0.0978857711579165,0.1539745455283256,0.2541303115010041,0.6900526411117774,0.5399468886279103,0.1943329915038401,0.1300426526489598,0.0656797939707732,0.1575504481455926,0.314004817175691,0.8553066869092396,0.7210893902772503,0.100156602679905,0.1050618570857625,0.2463055577799671,0.4489581804816561,0.8137139161250089,2.388488729233729,1.845405650319691,0.5950447933000195,0.3623726435806482,183.9,19021
BUENA VISTA,2022,19,0.0925563135307556,0.1216179942431002,0.4289885386278867,0.6632068727540784,0.6417601029695497,0.4218972555188306,0.175196173886649,0.0177335125628548,0.1076802435191634,0.592569970299529,0.8222917210239522,0.8164867136014641,0.6245607357903646,0.1864142166718404,0.228564011467829,0.3318590986071694,1.443964396103897,2.291470693630672,2.213745857574124,1.418340213102085,0.5257269266622772,196.9,19021
BUTLER,2021,19,0.1177428973609473,0.1407424266757757,0.4432554414275145,0.6888224207180694,0.5863273142139919,0.3693182761765467,0.1477315334572516,0.087680256790141,0.1476655324996352,0.5663273662875921,0.8174241610100417,0.808181403262318,0.5731443740026299,0.262612737414335,0.3191948604846685,0.4024105536481264,1.496898212110196,2.38536142886408,2.014532708397106,1.229395428233989,0.4278061342626148,204.5,19023
BUTLER,2022,19,0.1119390019985566,0.1381679782525305,0.4345230914517257,0.7198535750584616,0.6670654501503586,0.5310612371276845,0.2169936267057393,0.0784028106010124,0.1008172483839558,0.5279779262210711,0.8180878359892347,0.8260698833559512,0.7056351919318216,0.2959478594603519,0.2985834833120157,0.3940975484838387,1.465497656886923,2.497902502301912,2.306967910097388,1.814852593467943,0.6789689361541399,212.4,19023
CALHOUN,2019,19,0.0869761928127435,0.0895334925987243,0.4318251112587927,0.6452060348858273,0.6330000094026103,0.4848964005176664,0.1756952706765799,0.0842019457972016,0.0779820879750322,0.6389713885479431,0.8312310643723824,0.8222698017794338,0.7245078854934234,0.3322325767416826,0.2066518752671682,0.2159378618998428,1.454412093403957,2.226327028994859,2.182166034061675,1.646324702825388,0.5276375717988194,198.8,19025
CALHOUN,2020,19,0.0891768303129939,0.1674526976191595,0.3429128792260281,0.6707056197649479,0.4517121366515604,0.1227396991232502,0.1101544019566196,0.0748674522566065,0.2066865416146508,0.5018765645271384,0.8472642355418657,0.6446751901435148,0.0331181847107397,0.0612526961965078,0.2141896143574157,0.4973501820496523,1.131953759430283,2.318119104693713,1.525800270342699,0.3358483375679814,0.2900449338997301,159.6,19025
CALHOUN,2021,19,0.0889949718001523,0.1476706864383495,0.476176407209719,0.6271341408873421,0.591265717658899,0.3670558195293784,0.1135102633151413,0.0770893493082557,0.1683580199745271,0.6548761414849191,0.7929911884715729,0.8067203027399136,0.578112373950565,0.1376480283024033,0.2136614365743511,0.4255660493120873,1.614483991205392,2.160647971950903,2.030876224651478,1.21968578498809,0.3018577848009281,217.8,19025
CALHOUN,2022,19,0.0830002690608837,0.1162294021501848,0.4880411215280682,0.6860071985715672,0.632967557079091,0.3392719672099457,0.1477910640044795,0.0260596007943692,0.1109947041254259,0.6639412820570655,0.8383004776225832,0.8228338626569529,0.4889764313522332,0.1478029831464559,0.1939143710385366,0.3120153757919585,1.657266010748971,2.373521318513463,2.181652224474707,1.1189998831671,0.4262066228352401,202.3,19025
CARROLL,2020,19,0.1144074824234118,0.1856518512767163,0.3082567094974351,0.6728134694204828,0.5229301938122402,0.2316081671811374,0.1431047448030366,0.0833430529998352,0.1853506698985112,0.4090748503097959,0.8364226089288244,0.6966872868250064,0.1204859957683027,0.1214331437540781,0.3061375387129078,0.5638997294695502,1.007514116982592,2.326450488780679,1.784173763827769,0.7304233189525821,0.4099643060351283,150.6,19027
CARROLL,2022,19,0.1071413712765956,0.1414898253407787,0.4839223555366145,0.6770481520215926,0.6249954391169217,0.3998455635586267,0.1793315732749309,0.0560089703224247,0.115746272498026,0.6017120708886493,0.8216392490774271,0.800262478825735,0.5755982753438638,0.2045246753139309,0.2804921097069738,0.4045297266095174,1.643465064491292,2.342278221460145,2.154074786500293,1.33925719032088,0.5414632464930718,195.7,19027
CASS,2019,19,0.1210367310314233,0.160952073736608,0.4535583085778093,0.6479801535901988,0.6293401406974053,0.5723603488320577,0.1706369452101209,0.0988735193455028,0.1516932176556594,0.607729739289814,0.8083896022288658,0.8028001777789746,0.7351244519853313,0.2840735105294723,0.3336366071281441,0.4788946159345033,1.536699094092912,2.240117280749744,2.172678273928817,1.972946445441826,0.5130901820266768,200.3,19029
CASS,2020,19,0.1246814866697451,0.1764330012298149,0.317057469556965,0.6384071280602587,0.5196674880846566,0.1962452392377792,0.1336591949400534,0.0855930761576443,0.1638504536209508,0.3916754154174918,0.8139171316357965,0.6938928954907957,0.2975688861701441,0.1433256820528984,0.3467977668742312,0.5338666169246644,1.042687819249272,2.205289613514241,1.775689429166819,0.6055472397592963,0.3791116082798178,177.5,19029
CASS,2021,19,0.141237152976439,0.1799852231746707,0.4265294889812701,0.623663765148382,0.5966312515648368,0.3787095117686277,0.1523156059205031,0.1094710430912585,0.1622571600608904,0.5372802924165311,0.7802814235536306,0.7582608874981497,0.5601822828725087,0.2119300442790359,0.4063447417853672,0.5478326174796668,1.438532606252814,2.151763800148575,2.053960485458552,1.265519949732303,0.4476807470941508,212.4,19029
CASS,2022,19,0.1328225662037176,0.1651212806098212,0.429711161202025,0.6182668948442052,0.57632571005843,0.4126075498927669,0.2153993015293334,0.0756289837529454,0.1459037410465188,0.5144355313892229,0.7646264999475159,0.7020928666487444,0.5783356745045305,0.2768437791893544,0.3781083430128362,0.4934574077785023,1.450581045250466,2.132825397442737,1.981217410539438,1.388819417987745,0.675260827932466,179.2,19029
CEDAR,2020,19,0.1315733512736015,0.187166939587425,0.400544923616648,0.7208619385212304,0.5922617163042888,0.3155393425296259,0.1444960424342427,0.1005723587397698,0.1536958386021756,0.4506603792532738,0.8482281765503773,0.7436980702775828,0.4766054585521655,0.1661866955217168,0.369737640535383,0.5710914074557258,1.342877100746104,2.501899114576458,2.036508509252007,1.035326960935276,0.4164923011901782,153.3,19031
CEDAR,2022,19,0.1284996728212566,0.1610051906973088,0.4565774004922023,0.7183264231050505,0.6562348303376045,0.4247804084777871,0.2289050407824303,0.0797133982682137,0.1397596830399833,0.596393800899954,0.8258628552863523,0.7832929455170206,0.6069340948628984,0.3222063959557169,0.3593890301266017,0.4760852161299975,1.54548268071733,2.492849944408297,2.267824122835143,1.430469707278895,0.7217458912459568,221.4,19031
CERRO GORDO,2019,19,0.0967113037549519,0.1105748022219608,0.399499787200439,0.6982404266386661,0.6662699368530054,0.455785148516689,0.1820500310716833,0.0766018306976175,0.0860482093196488,0.6241834418195283,0.8496583575237189,0.8384184011141473,0.6491909746394855,0.3438568432390016,0.2417230244882708,0.2918631785404017,1.337467208183124,2.418021757090346,2.302352397238142,1.540818653974541,0.550474587965641,191.8,19033
CERRO GORDO,2020,19,0.1035681887952608,0.1608252077584677,0.6103803941298306,0.6621567473898651,0.5958338497552534,0.4113178581108674,0.1492561507617948,0.0733662515419705,0.1943992036827378,0.7832533144043714,0.8278337716577244,0.7864279593484604,0.5464945054990933,0.1853647495466672,0.2666304961417887,0.4737648457118968,2.101845043676595,2.287582139799028,2.04763118702042,1.380047096606248,0.4319078394172776,182.5,19033
CERRO GORDO,2021,19,0.1050815776149645,0.1410915504420133,0.4498495335474,0.6959518593044879,0.5969526168474787,0.3293687433796691,0.1401788433877546,0.07461762450207,0.1501136899663101,0.6021024320070162,0.8305536555014309,0.7825158925294645,0.5078195544712205,0.2121395979545513,0.2718128540485217,0.4020959029394217,1.519183556215657,2.409582072071654,2.051401991374523,1.083284590264477,0.3987955320937292,200.0,19033
CERRO GORDO,2022,19,0.1056497149130657,0.1098209231282589,0.4184521616004078,0.7221463385071036,0.6985414938145577,0.565654218638969,0.2166364361004666,0.0588864899804925,0.0958658771699905,0.5545458028657945,0.8459747849829545,0.8187183266169372,0.7477887849357351,0.2762284437276422,0.2741513812085511,0.2892010717332212,1.406029516955356,2.504647618928556,2.419205489858636,1.938456850887162,0.6756757930724975,216.9,19033
CHEROKEE,2019,19,0.1081330079992212,0.1249287578721608,0.369978006106831,0.6974767170855943,0.6463619416478592,0.5345416035291511,0.2554164842427781,0.0843637966238834,0.090996110283671,0.517707511262078,0.8410881045953208,0.8392673832405481,0.7468521285164069,0.4529743984855576,0.284900984328627,0.3456666557456569,1.23225535108885,2.417145698226844,2.232212360453482,1.82764455594044,0.8177727591166585,208.9,19035
CHEROKEE,2020,19,0.1096046608768648,0.1615195442114977,0.2783293390886607,0.699592799500642,0.5731354199008041,0.2779088081461637,0.1515562299486375,0.0571000684793906,0.1497965416843944,0.3458710372293419,0.8435520643264978,0.7657788336181112,0.2616784264075681,0.1626883685596752,0.2902726782313868,0.4776357700362612,0.9001791724705838,2.424384715165828,1.966861802469554,0.8988027543577576,0.4415884065266947,185.7,19035
CHEROKEE,2022,19,0.1057135231324889,0.1347125262249308,0.4267783571625689,0.6451967063992101,0.6212386278552499,0.414733204182013,0.1784103551072197,0.0459907563504771,0.1071834902841486,0.5681665892498077,0.8190892235092875,0.7880658631022549,0.5866219655551133,0.1804690776859202,0.2764116440317997,0.3806525142310819,1.437369333370218,2.227604014982933,2.140986383459918,1.393775269900782,0.5387690391880363,198.7,19035
CHICKASAW,2022,19,0.1123895847820141,0.1284302612356638,0.3352231456494282,0.737678626407794,0.6789028561248275,0.56918412745535,0.2265559560917825,0.0750696923854045,0.1038901415046848,0.3987659135394074,0.7975407840973664,0.8181705786877419,0.7270048451498594,0.3269101886527565,0.3010932858207859,0.3597070852996001,1.107156616099247,2.564116887422709,2.350794487763373,1.953752051365316,0.7140901189293533,214.6,19037
CLARKE,2020,19,0.1373359241633044,0.1620507331718852,0.3145384821001772,0.5170812315815414,0.4872196267544101,0.2348180366551438,0.1235482959269157,0.1369931720607547,0.1873292343939781,0.3967008632584234,0.6751040777694287,0.6446367282379416,0.3409032611636929,0.1553397094879947,0.4044146456081534,0.4937562443000177,1.045586868254023,1.77845820050454,1.670298942718508,0.7571109037280093,0.3545372809121055,155.2,19039
CLAY,2019,19,0.0999830110772422,0.1021921158061611,0.2926651501706886,0.6273057861312763,0.6111197008979856,0.4636658535399732,0.199179043374967,0.0858575422408626,0.0818481172880542,0.4291061775836394,0.7906099763250258,0.8049378997537887,0.6813040116172195,0.3574579856012464,0.2549198572923463,0.2629316678815352,0.9522633429003052,2.162774041525906,2.10421256279369,1.570734935544406,0.613811575693474,185.5,19041
CLAY,2020,19,0.0988309258794597,0.1423320135447817,0.2327404263896899,0.6921739714423533,0.5253800843371521,0.1813390632686701,0.1280121727779383,0.0650572257507341,0.1390545152165952,0.2660953360144161,0.848148728139343,0.6980248772876034,0.1359763789392335,0.0956099836008275,0.2498564470821236,0.4072450776330716,0.7357371643332073,2.39657346868154,1.793113040011484,0.5501692209279145,0.3554358937386386,168.1,19041
CLAY,2022,19,0.0918591748576496,0.118989456838582,0.4205510425346102,0.6736534711156212,0.6426433024667384,0.4004908939529761,0.1612196676656259,0.0147274764243158,0.1055067520183388,0.5766781524925663,0.8432162480817135,0.7682867525325522,0.5815728908406858,0.1453242270541593,0.2311263931960339,0.3228682951249831,1.414053269915893,2.329936071272376,2.217734323870372,1.341455888504871,0.4756718046862169,191.4,19041
CLAYTON,2020,19,0.1236628786301196,0.1746520656972386,0.2829831739482508,0.6634433368120585,0.6047757182634635,0.4203007679489776,0.1887618123380124,0.0812363331729679,0.1345627430157568,0.2896856796134944,0.7868510294085403,0.7508213243987468,0.561278066712598,0.2573255234237834,0.3479859967184457,0.5324652024635513,0.9244179775552176,2.300910919489977,2.088652098207751,1.421221727260741,0.5835137858602775,191.1,19043
CLAYTON,2021,19,0.1458397908926876,0.1586311091926844,0.3347274490718595,0.6720078357803289,0.5945358835239795,0.4047522073382248,0.228849387196767,0.1126874152130635,0.1264691854612381,0.3912833104010542,0.6670392488147929,0.7559055306026767,0.5871463297659653,0.3257260566628879,0.4287391505738442,0.4752519209315236,1.112123485118257,2.332453987111229,2.052109841998066,1.365473452920317,0.7292687258887436,195.3,19043
CLAYTON,2022,19,0.1223749577009136,0.1674218025139196,0.3092289280791343,0.6898391923328338,0.6357888623486325,0.5017993703579334,0.2876453884509536,0.0788209102544918,0.1261974362193499,0.3419595176749715,0.7619781194903538,0.7729635202143609,0.639373908088127,0.4057438573595653,0.3451501287730434,0.5080591175941422,1.020792801102378,2.398068406229889,2.202434427286567,1.717569886602979,0.942728877665982,215.4,19043
CLINTON,2020,19,0.1308976022079031,0.1797085632850354,0.2961671467272596,0.6609350244273855,0.5932790800889124,0.3147985855178425,0.1470349387381481,0.1031501904490867,0.1500997774778152,0.3286285451518261,0.8116713657274411,0.7420492340271249,0.469960259400481,0.1439801044980243,0.3686465412409865,0.5452441416836683,0.9665928744382152,2.287218967150158,2.041541993856566,1.033999498016912,0.4270306239679885,178.4,19045
CLINTON,2022,19,0.1218762363785631,0.1593440016859051,0.4319437945404977,0.7127293113514831,0.6449760613084377,0.4708190807387333,0.235227799249152,0.0554163324305488,0.1390838173051734,0.5720648140526824,0.8324649414410888,0.7920639193779143,0.6299262877230722,0.3390496517657849,0.3431128645219831,0.4708608794221093,1.457158022718202,2.473078172209404,2.227869684965864,1.597863506931751,0.7454237643858974,225.2,19045
CRAWFORD,2019,19,0.114042440217753,0.134278418833288,0.4606873044905323,0.699006326863934,0.6571924133762583,0.5287109224721428,0.2729822419828939,0.0690027611449893,0.0840752847328642,0.6113518017617304,0.8440510459329015,0.832164522827781,0.7415027757426444,0.4982137822856257,0.3063594345963136,0.3795729713058138,1.560522702284709,2.422758848693609,2.271476109695187,1.807048123438941,0.8814037095939824,234.7,19047
CRAWFORD,2020,19,0.1255155177678222,0.1764647119261438,0.3776125364756912,0.7040387062681209,0.5438798733148836,0.2830638202430809,0.1587256515269072,0.072157911759457,0.1386285521183899,0.4472917481017707,0.8457830903722421,0.7466374141034686,0.1618335925124556,0.1805472158875656,0.3483337726903354,0.5321566277945465,1.2600478386077,2.440919327067145,1.861463996803036,0.91783253357489,0.4679767072701158,181.2,19047
CRAWFORD,2022,19,0.1253838765835847,0.1505927715677952,0.4704023066300228,0.6717268043628413,0.6373295642605262,0.4659820786336892,0.2353121685329944,0.0552519557684017,0.0994832902556569,0.5569980713963513,0.8123068257077378,0.7971117297948198,0.663189764966286,0.3197235734134061,0.3476717674990697,0.438641669446295,1.595717652415486,2.324124318795466,2.200049621634683,1.579718928264405,0.7451673888296306,216.4,19047
DALLAS,2019,19,0.0986015972315812,0.1277181479733481,0.5124842755766816,0.6656833323837834,0.6273054221907042,0.5164903061640126,0.13166509026564,0.0868832261349285,0.1200598011902248,0.6959883512208899,0.8277460286758034,0.822383948416039,0.6931596880095523,0.227075680285808,0.2504340321411324,0.3557822719551051,1.748062691696685,2.302136793533518,2.163284401579927,1.762364343293126,0.3700582175074391,195.0,19049
DALLAS,2020,19,0.1077838762675316,0.1817343979575859,0.4308137118980695,0.6341679053097874,0.532110079107976,0.1927329796127481,0.1104971912363172,0.0861033672454243,0.2208445770586749,0.5818882099261795,0.8131857667227868,0.6320955189716839,0.2142576733014338,0.0841176915495184,0.2836882840268009,0.5512415328014222,1.452411165601764,2.188146331478281,1.81889945685347,0.5910348723737594,0.2935057735633445,139.7,19049
DALLAS,2021,19,0.1089985844918146,0.1800101418876005,0.5044114335144068,0.6388285082256325,0.5951443474894605,0.2765627328927558,0.1073149739954294,0.0873091121131641,0.2054455823969572,0.6655617509773442,0.7809459187283462,0.7582326661113312,0.4241599377487744,0.132554067922957,0.2880022674994895,0.5449177847665063,1.718603330904882,2.204923781513149,2.046875326156248,0.8942472741590224,0.281909131198139,209.9,19049
DALLAS,2022,19,0.1082178232122508,0.1280965152519525,0.403129620813869,0.6667005557082437,0.6343903060891226,0.4464134388984143,0.2074893987622537,0.0608766255753376,0.1155579593045012,0.52300093566381,0.8052864000266833,0.7277181798675006,0.6155378937151026,0.2751890538149841,0.2854609328116994,0.3572556986459131,1.352891213909812,2.306768971571393,2.189596889585225,1.509434631424879,0.6446898878327009,187.2,19049
DAVIS,2019,19,0.1368576395262405,0.1939446206796577,0.2102415542341191,0.555372395530325,0.5815624761920566,0.3831027570759042,0.153560063479204,0.1386609036159745,0.1525763494409376,0.1802540001118238,0.692424172547467,0.7129455950044363,0.5453059699523882,0.2464709788702972,0.3976700714024641,0.6041333069741707,0.6631641167773434,1.912999011975462,2.006548813092494,1.289755000052582,0.4591905786365073,160.0,19051
DAVIS,2020,19,0.139513827785091,0.2142689106657054,0.3613015813884962,0.5913270615584653,0.4661753615114913,0.1796120771392624,0.1180463586998649,0.1352522784753347,0.1996956200720372,0.4597492370944907,0.7293555882454469,0.6033691057043341,0.2643438735105177,0.1311126922046141,0.4092744962513733,0.6788881287227041,1.211705296842431,2.043939236853509,1.591150719020302,0.5543524970706878,0.3316079011549659,170.0,19051
DAVIS,2021,19,0.149011810736054,0.16125024658707,0.3186799976023659,0.5577350469899102,0.5386470660685099,0.282549370121629,0.1275809679065485,0.1329272194474778,0.1721053766186209,0.3710261874411424,0.6733418835866828,0.6997289710488668,0.4085844251464214,0.1627116905852674,0.4425354413239347,0.4862886765103107,1.055872074015886,1.920814446173164,1.851710489007988,0.9251484688435854,0.3645729082874394,152.5,19051
DAVIS,2022,19,0.1608168351568855,0.1744802733229105,0.4130108678570338,0.6260244696401418,0.512663430916688,0.2023996767559845,0.136242879005088,0.1492874658051557,0.1726069033985193,0.5257930825147947,0.7392101365144673,0.6328286379522317,0.2798079355706822,0.1555486139726447,0.485483809269107,0.5348927027971205,1.397990009820334,2.169176539812238,1.758531315686966,0.6358835566761499,0.3965116575428122,154.9,19051
DECATUR,2020,19,0.143610964893395,0.1830295541657468,0.3499332454030622,0.5487821526487783,0.4971174654122943,0.2348766617817792,0.1212910453864941,0.1481814925380529,0.2198773466671719,0.4457158043127272,0.700394260461496,0.6516177002141342,0.3525526734428366,0.1520887668130495,0.42627321311888,0.571301914586843,1.172747244130302,1.892217276890658,1.705263115245224,0.7564746858113915,0.3455214527323689,159.3,19053
DECATUR,2022,19,0.1515755315126782,0.1933129816495192,0.3243598271712714,0.581330046434214,0.5454692538556483,0.2687911870255017,0.1530199697721833,0.1323998107030266,0.205960936364321,0.3726176399215745,0.7150496310971207,0.672594614050074,0.3730886605520357,0.1915049427498266,0.4531306101305164,0.6042454873761037,1.078083847731904,2.008118165157009,1.878056056706004,0.877003879103098,0.4581434123662489,148.7,19053
DELAWARE,2020,19,0.1237479827842994,0.181177225832699,0.3445881196939316,0.7046141926241103,0.6265610848900042,0.3764743434858529,0.1702071896602921,0.1014084265978598,0.1675248077992405,0.4047947251335057,0.8500108429487703,0.7863636121164485,0.539676100844136,0.216557137594215,0.3408026833818639,0.548582003962558,1.139803099686851,2.442376379986988,2.159980688285523,1.255166857885298,0.5088922953444102,190.4,19055
DELAWARE,2021,19,0.1313271237087329,0.1621814887010864,0.3618085040174198,0.7268704841315916,0.6379400100826833,0.4140100499151,0.1967142496234492,0.1138360773719747,0.1623578739000704,0.4452172999104091,0.7501657733929844,0.8222496855879916,0.6029447674713314,0.2761314621810126,0.3684618039589238,0.4800923554396286,1.202341511113301,2.52313327546299,2.201382190703001,1.391204224467717,0.6067951849669895,218.0,19055
DELAWARE,2022,19,0.1223493126392967,0.1545582428675572,0.4230404131770911,0.7312963569706891,0.6860612723921344,0.4788650551661991,0.258322170647056,0.0935943875019778,0.1478015048808339,0.5415457631148705,0.8325702090927214,0.8125416916442084,0.6777542563549782,0.3712019462383344,0.336657401222989,0.4529333286581392,1.424298366865678,2.539610195145738,2.375908091222327,1.62628159946778,0.828334615516955,230.8,19055
DES MOINES,2019,19,0.1188560033301593,0.1767611534492688,0.2173324117087868,0.5647417756157467,0.5462925957983997,0.3239644029365314,0.1459880432079021,0.1206365673981523,0.1461245838897368,0.2245868966119729,0.6944783049878112,0.76476604599067,0.5125407381296202,0.2318576963585838,0.3281046780190426,0.5376219383224493,0.6844006956755659,1.941324437494236,1.874579739014722,1.070186125956359,0.4233085879335354,176.9,19057
DES MOINES,2020,19,0.1206019447856842,0.2023259144455282,0.3966019471224157,0.6648636922623817,0.5725623115742234,0.231478984890341,0.1235545169655755,0.1173297933563228,0.2061744943949568,0.5056028821878364,0.7971644212911865,0.7323161973449202,0.3473669827118063,0.1456010018303737,0.3342068757429959,0.6298861042157166,1.332774951365963,2.303363577885206,1.969401228854945,0.7353628020895917,0.3448909384195504,190.2,19057
DES MOINES,2022,19,0.1261010058258913,0.1599959490948867,0.4563738305258353,0.6634210721229652,0.5707041978046613,0.2973924337460689,0.1727274383850947,0.0881181299637993,0.1404242364941847,0.6201273395444894,0.8080360613710843,0.6660314449722127,0.449086246611762,0.2319164009857032,0.3558318987794177,0.4760398162302254,1.548503281724011,2.297784726752591,1.961990974466819,0.9731704001395288,0.5221203480449902,194.8,19057
DICKINSON,2019,19,0.0958049852716295,0.0981826616369797,0.3172004528247877,0.6726353880177558,0.619004441340992,0.4503447203781784,0.189153040957154,0.0777908826875906,0.0648397121853959,0.4569812888419162,0.8090186794123174,0.8133055203402941,0.6623109191234035,0.3318081579968183,0.2398026956697216,0.2491610835634471,1.04089468941522,2.326774847001146,2.132738350865643,1.522529309677169,0.5775622489864671,170.0,19059
DICKINSON,2020,19,0.1002362050938818,0.1334162719343416,0.2220664942850416,0.6884267490344341,0.5616078472494452,0.1936613318408729,0.1317630106927652,0.0645161358947097,0.1297395223633385,0.2631381095227202,0.8477068155527749,0.7455051271922967,0.1794730545407185,0.1237301444466477,0.2553609985100102,0.3754057356383077,0.6965628625784201,2.383433708520465,1.92460302505079,0.5984375742253261,0.3694242771042054,182.2,19059
DICKINSON,2021,19,0.0981055294088119,0.1312865038436126,0.3947645068383844,0.6190833604877619,0.5507097619165702,0.3017299648502615,0.1278267771996396,0.0794607793382654,0.1172717421744549,0.5329500056445979,0.7894292027134403,0.7145010524945837,0.4818357780553594,0.2352799388448839,0.2474403960215088,0.3656212869668436,1.320755284455088,2.132778391920931,1.884965288692081,0.9841556758403246,0.3530054878251077,177.7,19059
DICKINSON,2022,19,0.0908897830230173,0.1172679661038472,0.4064402243335482,0.6896679885209475,0.6727539724542592,0.4831321140892354,0.1847769284394197,0.0149563242830994,0.1015025514885219,0.5464806034522719,0.8522866355982187,0.7997879102071649,0.6738400922764043,0.1902458528936982,0.2337816118697429,0.3165069133631374,1.362688274746958,2.387472531998346,2.326483237200764,1.640209044124301,0.5607207094617134,203.4,19059
DUBUQUE,2020,19,0.1307650658304422,0.1816617239662409,0.3182125527782525,0.6577435441472608,0.6019318028088675,0.4134757069940487,0.1984812726241399,0.0949030978051463,0.145240781965568,0.3408173026498117,0.7984311751460871,0.7538797866887411,0.5780198699388065,0.2722277952687202,0.3725439410800638,0.5566878355101109,1.050728205684354,2.279176534337095,2.077225432173216,1.395391274086116,0.6175414473064887,197.1,19061
DUBUQUE,2021,19,0.1537510743665203,0.1651313407432506,0.3156450488745893,0.6717904011434989,0.611335988069514,0.4110447502522033,0.2024299383298875,0.1286297689750184,0.1453843009682177,0.3521798319884717,0.7371824046006432,0.7766724067465647,0.5833882742031401,0.2809898145425294,0.4557265097079193,0.4972333586432647,1.041936670590613,2.330472304885484,2.111698297545766,1.387048960469303,0.6346096402858832,217.2,19061
DUBUQUE,2022,19,0.1374992721914733,0.1691735740920504,0.392284609738379,0.6870874889884566,0.6271390412234779,0.4815452900280599,0.2686479515487643,0.109956197380366,0.1383441409958711,0.4743366417863992,0.7759831448592065,0.7449050501616008,0.6599597749793252,0.3848989328867953,0.3977906240634323,0.5120002046514389,1.319301941131905,2.38591195344745,2.168980426616385,1.642229695950521,0.8719560570964259,223.7,19061
EMMET,2022,19,0.067507511383537,0.1101168143336121,0.438912718510405,0.7057175008642599,0.6895028484784627,0.5606356749264612,0.1959228861575017,0.0022122009724285,0.1022663896024973,0.6148246970008096,0.8660786999447375,0.8231505364228396,0.7467726258109616,0.1973182490710494,0.1758513992668766,0.2896135064400481,1.479230179455124,2.444522388438144,2.386029281470629,1.919601291553722,0.6000677271905711,213.6,19063
FAYETTE,2020,19,0.1155320394627823,0.1592819900778198,0.3338985196661816,0.6339886133457967,0.5844343681083171,0.4291657713751092,0.1525213880934015,0.0908411248304864,0.136421183422311,0.37422507546538,0.8061943207028828,0.7529095474784834,0.614256835988092,0.1907881351737271,0.3136504009738632,0.4719094082518396,1.10560267935054,2.189396329949884,2.01010995768412,1.448347099815059,0.4474488068080596,180.1,19065
FAYETTE,2021,19,0.1253954629960483,0.1510124124574734,0.4241765621724968,0.6850076621131925,0.6046982245038633,0.3503906272010146,0.2020116799559671,0.1010315724677221,0.1456659363485736,0.550698659928896,0.7035229705212527,0.8114727947483545,0.5402116536839252,0.2796194261755892,0.3493536015751741,0.4424860906311249,1.430340347852887,2.374098251885119,2.083469180490678,1.163383584315319,0.6283357488643417,205.6,19065
FAYETTE,2022,19,0.1118343258142423,0.1392574557624134,0.3396252443468021,0.7119855922926467,0.6576603041556683,0.4912470366765776,0.215067660128441,0.0835122067466574,0.119658177673599,0.4018112950750499,0.7612394393751835,0.7967214221968018,0.6452602832636882,0.3131566642230578,0.3009030990601265,0.4012195286043232,1.124928627113394,2.475365756527533,2.277661906807336,1.673504216537456,0.6743106621137916,209.8,19065
FLOYD,2019,19,0.0967903494068572,0.1167436547507773,0.3515681363513452,0.6644695508380298,0.6514902759962252,0.372655734713323,0.1775623968786045,0.0773314591039784,0.1062678660348273,0.5935459020379265,0.7972932318329404,0.827363247070935,0.5885241594554581,0.3452876278419225,0.2437138409952404,0.3163153281034674,1.165386974949371,2.297451190823431,2.250271809468834,1.241442277155072,0.5356842127309716,202.9,19067
FLOYD,2020,19,0.1013628929577125,0.1525750558233596,0.6307483083632979,0.6496958159511255,0.6102666037342263,0.4499317549397562,0.1485993537586415,0.0580531689394652,0.1406852730002908,0.78243460304763,0.8420103830348875,0.7754007829152323,0.6317935250820628,0.1673317225759787,0.2620207650203394,0.4454355915169473,2.175434575946281,2.243799511225667,2.101153147067921,1.521052850053044,0.43083274208426,187.4,19067
FLOYD,2021,19,0.1200686000645595,0.1424687452088316,0.440289110968116,0.6964592879214242,0.6069545181654675,0.3402835136057279,0.1512741813590205,0.0894843370666528,0.1372223550096746,0.5600606315906992,0.830627076631634,0.8220532714213756,0.5180500428537441,0.2435622894064156,0.3268025035649118,0.4078499760510506,1.485361415702247,2.412184903814627,2.08835581687145,1.123540982469189,0.4392248455799698,204.4,19067
FLOYD,2022,19,0.1130169958495544,0.1239822348352363,0.3946560955351285,0.7314469953371309,0.6842731908523835,0.5796983586936214,0.2270661522972001,0.0717518917058161,0.0964568187808891,0.4706233258636352,0.8090881038150921,0.8225592002916133,0.7576445132125357,0.2968922924467925,0.3019203912776637,0.3419966024987802,1.320808812075441,2.539477796436483,2.368872345450906,1.990394866903595,0.7148318857608765,204.6,19067
FRANKLIN,2019,19,0.1012882285890878,0.1161876651450961,0.3663948583789171,0.6920101562236761,0.6848801907650858,0.5321490437874695,0.2123574229225085,0.0783378331014172,0.091992366254942,0.5671887201799259,0.8336392378218875,0.8588585894468481,0.7181280618750363,0.4085082920808527,0.2573571922557528,0.3115146181548237,1.216528086049413,2.395052497813804,2.369038391995181,1.816553470269366,0.6591903426017913,202.7,19069
FRANKLIN,2020,19,0.1023726290316152,0.1613152943141674,0.6486321671510851,0.6713191609179899,0.5740149706442325,0.3396032583712074,0.1410517191154301,0.0741366287161087,0.1921011265332265,0.8214993466325253,0.8371820360783983,0.7675631383901012,0.4350705625773128,0.158806609457511,0.2611335179911668,0.4746872358968467,2.237689784936128,2.31980831546519,1.967761998901377,1.119660110522308,0.4013006491950354,180.1,19069
FRANKLIN,2021,19,0.1067103345844932,0.1447414271179966,0.4697299878114584,0.6975539528293624,0.588130213167962,0.3452388374243574,0.1421838751533434,0.0743338619185821,0.1543753164927207,0.622559276666379,0.8259950794506904,0.7857083014605818,0.5495944997020975,0.228707972830157,0.277248093434188,0.4148382550779207,1.590646857999331,2.414914025909861,2.019018925195205,1.140237938374542,0.4055850848780011,198.9,19069
FRANKLIN,2022,19,0.1063832662034082,0.1209023813227659,0.438651618586853,0.7265911573510571,0.6903366426063545,0.5774904808947956,0.2294094256163276,0.0683262766352885,0.0965626040715016,0.5675888142417274,0.8521395010294408,0.8275283502393238,0.7338664779685059,0.3029900540748395,0.2760925755209797,0.3289687306485859,1.478178178338458,2.5200179704028,2.388848752406902,1.980545408148746,0.7211680684316392,220.1,19069
FREMONT,2020,19,0.1173081451161936,0.1964823988642522,0.452650864953098,0.6535316028785593,0.5500544582792134,0.2085781023257806,0.1338147794545595,0.0754594254204437,0.1888365354962235,0.5547709492281511,0.827799895331743,0.7470668163459274,0.3449991765149801,0.1731121892222874,0.3190507337884014,0.6055141722625367,1.53233110909167,2.259118443673077,1.884737461280259,0.6492699485399954,0.3787830112510922,194.8,19071
FREMONT,2022,19,0.1208447150653621,0.1792701076459695,0.5416126323269758,0.6379954665545624,0.5843304396994026,0.3225086612241084,0.160042447897382,0.0638086017437127,0.1633136975267803,0.671881521495601,0.7899583179652352,0.7192950565056152,0.4976097379841246,0.1871149828284767,0.3322937315042218,0.5436570234633258,1.854817775014584,2.203389515839577,2.009411253107094,1.061875302475553,0.4740425358662746,191.6,19071
GREENE,2019,19,0.0958950451423968,0.1149265671494701,0.492886129399877,0.6720379654650657,0.6466290339134013,0.6161043983529132,0.1467092482260686,0.0819444817098138,0.0979901220318826,0.6954902433729306,0.8463313759091543,0.8423093477707609,0.8065503983054501,0.2522531767133921,0.2382546381561311,0.3071144474553586,1.67462885412956,2.322739738083564,2.230810018383455,2.120200742733349,0.4221007617310596,201.4,19073
GREENE,2020,19,0.1032293446350075,0.181255614351083,0.4353981522331281,0.6574977405951866,0.5524349912914082,0.2379496403568612,0.1256123161046176,0.0868683926096959,0.2223973225457957,0.5767410871995087,0.8263111893036625,0.6970972752004679,0.2606753021928755,0.0900188206057627,0.2652017633427527,0.5475008412322462,1.466988190320749,2.270544871631638,1.890427883383411,0.7526529633606049,0.3461833881765362,153.8,19073
GREENE,2021,19,0.1031443227336424,0.1658177660892007,0.5103718670374797,0.6570692255734143,0.6140896782832983,0.3215554331387573,0.1173659121434684,0.0846552351991094,0.1789835920480089,0.6743068701849995,0.7654158042415332,0.8042927925399794,0.4880112788293376,0.1508551453588722,0.2645669305175215,0.4911259043260676,1.737916117318201,2.268667065496966,2.113166991529362,1.054778741615369,0.3158379866823388,220.5,19073
GREENE,2022,19,0.1034924493526835,0.1210869135408679,0.4162227566942697,0.6865394493481225,0.6564538811926587,0.4735340626066622,0.1911394809669002,0.0561396363874353,0.1009283704650309,0.5309757228794338,0.8295722942420314,0.7721664315669988,0.6487548724595341,0.2238280664645294,0.266296867673715,0.3298133436189779,1.397688994934781,2.375763377386562,2.266796852310021,1.605042562415881,0.5832868424086329,197.3,19073
GRUNDY,2020,19,0.1076919562333052,0.1550334526850461,0.4852390253729323,0.6450476107580521,0.6001925364160902,0.3969296107022784,0.150874230213751,0.073914225663982,0.1383151906787934,0.5674151028515682,0.8292579179767491,0.7553744835595327,0.5731837058060766,0.1773639885275999,0.2821181809329039,0.4539607106530582,1.648502064142614,2.225580922212902,2.063294743387285,1.327889413741018,0.4376615074181366,182.7,19075
GRUNDY,2021,19,0.1170044278266673,0.1458372843364015,0.4680717630902857,0.6894032261280115,0.6062904899697094,0.3681207279120527,0.1452046882893051,0.0865949514440499,0.1468707644170699,0.6123811476734368,0.8314638624491782,0.8066930440845415,0.5598800162813103,0.2501730417592868,0.3152061553109056,0.4193319151306245,1.585162085079717,2.385940858493552,2.08523741472778,1.223540022324366,0.4177532133880609,209.4,19075
GRUNDY,2022,19,0.1230076232833978,0.1328583317399649,0.4114321030805119,0.702329697027345,0.6609402789197525,0.4991144906108714,0.2270258993483794,0.1008964440435639,0.0912560995837927,0.5219321573952215,0.8243098763567817,0.8150758824634863,0.6563805969385972,0.3126623793865614,0.3372006306479237,0.3746939115023988,1.380534627773198,2.433196683873913,2.283562901508516,1.697750752511617,0.71342030834695,207.5,19075
GUTHRIE,2019,19,0.1137235380104668,0.1527355992866931,0.4618598172125163,0.64348788012049,0.6169747577095614,0.605172031890886,0.1957692021114647,0.0924934427603389,0.138321877598101,0.6185785410503414,0.803634797194701,0.8038577766050414,0.7779365168536868,0.330537107267639,0.307537383468254,0.4489600077940755,1.567270926525258,2.224224637501525,2.12830065371847,2.086010861740852,0.6043784962427003,196.7,19077
GUTHRIE,2020,19,0.1243530601000586,0.1892737039707281,0.3717598378838944,0.6005178716516062,0.4948234359105626,0.2089829046202616,0.1321906911742299,0.0962201636084639,0.1918881330761293,0.4639581546845286,0.7791337625476868,0.6402800896084129,0.2688691043270999,0.12016025702354,0.3468063630176516,0.5816893910699344,1.24195198357719,2.069570788301226,1.687168081000327,0.653039890064956,0.3751630507722069,151.3,19077
GUTHRIE,2021,19,0.1318693403874261,0.1711662146237762,0.4839445524868984,0.6480214781584231,0.618039553659493,0.3780748826682864,0.1420821138829812,0.1066530859081737,0.1793053905843704,0.5992489657820845,0.7440051546501971,0.7739961395941937,0.554199296569287,0.2097615688342245,0.3727528982179723,0.5151689640763724,1.646560515879865,2.240190903934308,2.13171670608268,1.263524667968812,0.4099573721542974,220.0,19077
GUTHRIE,2022,19,0.1220941019205555,0.1411327386680978,0.3922745616442173,0.6443558158069664,0.6104124489947048,0.4604547474397739,0.205185787117383,0.0616956043730864,0.1188894186015038,0.4827579920049826,0.7755228503964269,0.7349704862406722,0.6342774254040094,0.2556842753858046,0.339134951203251,0.407446416233989,1.316227017852798,2.228422571759966,2.105372234200823,1.56287660430379,0.6392272994095092,193.6,19077
HAMILTON,2019,19,0.0896397841424579,0.1034726353820842,0.3890543415897723,0.6692921097426667,0.6578150817920193,0.533611871329417,0.1837986276712266,0.0758468192541898,0.0824728613110238,0.5825307139445028,0.8408914918986176,0.8392308041363423,0.7112592701701828,0.3452210950744419,0.2150745866159259,0.265126368988028,1.298422534919924,2.312257369537022,2.270733184431222,1.821378573801139,0.5557437875538923,198.2,19079
HAMILTON,2020,19,0.0902059173771842,0.1560444425398754,0.5019283823698606,0.6725490797749002,0.5370570402947747,0.2613208108435021,0.1231222201871044,0.0690273533228857,0.1876942925296798,0.6688042839326139,0.8266266641920923,0.7293234258513543,0.3402453759819926,0.1138934557015763,0.2173997796072466,0.4556042921590607,1.707063180321096,2.324318200474165,1.834107862925514,0.8364944880022045,0.3364919870073787,166.2,19079
HAMILTON,2022,19,0.0945533510019505,0.1040841148206114,0.4354576400661722,0.7065283404208816,0.6948104433850825,0.5163510034513848,0.1939701008168716,0.0586238441307346,0.0900456811971654,0.5896061677494919,0.8516889146818328,0.8130223636985815,0.6683146430574399,0.2257574860149114,0.2332102359903373,0.2676669261274498,1.466614925292867,2.447363959504522,2.404973126528687,1.75925981171332,0.5929052679975829,208.6,19079
HANCOCK,2019,19,0.0862587169491033,0.0981209930565046,0.3979178046834197,0.6908002188267608,0.6687809563950318,0.490402771236173,0.1789152498862895,0.0682829161958059,0.0628831601776657,0.6188940210048212,0.8516135219102059,0.8412180107064828,0.6829017435909323,0.3294513319545628,0.2030345497781483,0.2460173699567533,1.331131325098558,2.390264059645629,2.310597481797115,1.665225830503149,0.5382657205894449,193.3,19081
HANCOCK,2020,19,0.093816422445734,0.1502251823447692,0.6234646379125528,0.6987887867480427,0.6263578782528711,0.4296701625293069,0.1540363216826205,0.0671552350158199,0.1897616394679047,0.7606675039519333,0.854373310579997,0.8206331499551077,0.6138837363619021,0.1770580328478954,0.2303065485121103,0.4343865337514241,2.14992401258281,2.419089661310568,2.157035487771751,1.445418472059071,0.4481752358757637,200.0,19081
HANCOCK,2021,19,0.095084033443383,0.1360489316005262,0.4675639305626644,0.698938356585778,0.612474225852567,0.3523971298957181,0.1435506878361818,0.0679704145852173,0.1346730392454492,0.6195630406733978,0.8493218462805735,0.8016966171634929,0.5352685736305499,0.2083555596004676,0.2347814137536029,0.3829919250841966,1.582413225920956,2.419526164968315,2.106698695928048,1.165740006803714,0.410133579432313,209.8,19081
HANCOCK,2022,19,0.0941432503022191,0.0998412024651512,0.4249539344222188,0.7253309152643961,0.7050359086115976,0.5968145705924258,0.2223794836582263,0.0538515220253657,0.0888809143204928,0.567345614294856,0.844901197364564,0.8325157073901297,0.7716143205521369,0.2654918719154645,0.2320849269374369,0.2525776000768793,1.428867833087378,2.515635748625085,2.44221834236497,2.050705786453546,0.6959450543720893,211.5,19081
HARDIN,2019,19,0.0957804245174324,0.1254808748671877,0.3875866360093196,0.6921853701106937,0.6715893356563943,0.5549907407564065,0.2181312860591992,0.073931177370319,0.1008514714223015,0.5798884932160849,0.8255931899317167,0.8554368234875881,0.7156393501788672,0.4147280832283179,0.2368380658916993,0.3452801447466905,1.292675158886057,2.39578233915297,2.320755371460645,1.899469381287168,0.6795233108989,200.2,19083
HARDIN,2020,19,0.1010195135260579,0.1626678565092194,0.5046702763629168,0.6757836930915014,0.5578200776458031,0.2821729383721001,0.1310760415186198,0.0732534514845143,0.200873550612446,0.6521418126911627,0.8366379124844371,0.7316988059711321,0.40608733738074,0.1341388204131809,0.2572547327809391,0.4801406633979105,1.717477289401549,2.336911202917644,1.91011719458177,0.9128263229573929,0.3661578840468232,155.7,19083
HARDIN,2021,19,0.104655308928901,0.162696923050385,0.5025473148088847,0.7015516434742408,0.579147022376482,0.329376192928564,0.1285919227503509,0.0701933113809043,0.175206225411474,0.6687761042076463,0.8291662372655864,0.7690252245030217,0.5210428795170297,0.2040988891268414,0.2704691941221645,0.4800845604184333,1.709664712523541,2.42966049699629,1.986801581189229,1.08312971692205,0.3566922274172714,193.2,19083
HARDIN,2022,19,0.10521678447062,0.1188635461889215,0.4261148356915493,0.7147912961132136,0.6893944936872836,0.5621311542440743,0.2302195001927962,0.0665431113346875,0.0955948503347482,0.5590909275067196,0.8458386445282455,0.8320142033966521,0.7153737080265253,0.3012339814032198,0.2726550294282684,0.3230465196205609,1.433544916934428,2.477971124483445,2.38625183207551,1.925676650674142,0.7248419105172115,215.6,19083
HARRISON,2020,19,0.1203776443212805,0.1818484134447529,0.4402495741622247,0.686313674443366,0.5148162770634876,0.2221720908842114,0.1399345544530943,0.0653630798665692,0.1491150482239803,0.5195373982424927,0.8309768567557382,0.7022791579335076,0.155114805847969,0.1582731301361812,0.3316863847943762,0.5534043895690031,1.488300045393735,2.378559703862,1.758085478681568,0.6994364578466723,0.4017600477371831,180.2,19085
HARRISON,2022,19,0.1178048232753859,0.1490522466834613,0.4822155292650764,0.6372535709109726,0.5726456476615674,0.2810000004073719,0.1562894962651429,0.0402310986593513,0.1033070022843747,0.557087764511885,0.7622112828227546,0.7068842775247471,0.4057620182122361,0.1642394168574415,0.3219868132207784,0.4350145126340889,1.640432521464031,2.201413368408631,1.967788892153551,0.9124296073540012,0.4612154680123847,172.4,19085
HENRY,2019,19,0.1232221657702836,0.185535954774478,0.2197666369593425,0.5789113701586047,0.5528264579805985,0.3216094410920102,0.1450474713821339,0.1245004281099365,0.1563537175221131,0.2203231978970515,0.7121655507759906,0.7538650327737504,0.5035870919912299,0.225640140906204,0.3439142715875957,0.5693719431556401,0.6932121454504803,1.992597754641778,1.898221366493598,1.061679329956736,0.422872092991379,164.5,19087
HENRY,2020,19,0.1297394128458912,0.1961445180892935,0.48080761167819,0.6640086747169192,0.5644662891309864,0.2403105868973741,0.118194735811697,0.1192554758559155,0.1908296059766983,0.6214410251258583,0.8003144764133943,0.722135822549721,0.3632273929670083,0.138545031134368,0.3666791623866048,0.6069339381721718,1.636844717415034,2.299665163853836,1.939521916825751,0.7667266938138394,0.324911436916532,172.0,19087
HENRY,2021,19,0.1257610385298137,0.1522255265508452,0.3977474582150468,0.6027120567071913,0.5400694285122366,0.2767150031211658,0.1248400717741604,0.0971051341009852,0.1514469540833157,0.5060583080521329,0.6315207934767463,0.7343478012781225,0.3998421345856492,0.1658115540928339,0.3530662717946279,0.4488170434865228,1.337111115337363,2.078679418983903,1.852034357052291,0.8992207088814109,0.3584272830235319,167.7,19087
HENRY,2022,19,0.1377882209608774,0.1629693493786216,0.4481446721358997,0.6520205884963136,0.5742035835075812,0.284803538552175,0.1517415665642688,0.1010519934481344,0.1484226556372739,0.6047800292245541,0.7969924523240283,0.6844736253923045,0.4162936381740211,0.1825209326880856,0.3953487694660311,0.4863396291489065,1.518195392409008,2.255935616802099,1.974253626430319,0.927149131426972,0.445709765679056,167.7,19087
HOWARD,2020,19,0.1015063132776322,0.1599647907444272,0.4129112721205212,0.6407309786426122,0.5837913422423272,0.4104283905139983,0.1567791031453121,0.0650130727090765,0.1497603285375487,0.610718346209751,0.8374881508315923,0.7768884276087613,0.6090549661814225,0.2093227298324692,0.2613246468580416,0.4726078249860315,1.387625907491274,2.212012571831464,2.006133863882028,1.378777106619743,0.4610746154036177,188.6,19089
HOWARD,2022,19,0.1072315799957184,0.1297714189186437,0.2958216374899227,0.715802168678094,0.6665554089950277,0.5306932867436167,0.2020691481497477,0.0759641105387093,0.0968961305683591,0.3497274384756018,0.8036909071201783,0.8263702693612147,0.7157980325192898,0.2834336065510495,0.2820833833743675,0.364848709930245,0.9642125663573332,2.484024088949282,2.305717246512409,1.814014761231928,0.6250254137696389,217.2,19089
HUMBOLDT,2019,19,0.089793064713325,0.0975896352330004,0.4221688941090332,0.672137107539862,0.6531264200652197,0.4630719344372431,0.1512293439703402,0.0834553453525316,0.0737046547069024,0.6275180519580504,0.8410645382605294,0.8349650032248195,0.6668949452840756,0.2782015419765926,0.216385660613913,0.2445942615643279,1.419336487767823,2.323306503378308,2.254526183135223,1.566907690818587,0.4386618299057864,198.7,19091
HUMBOLDT,2020,19,0.0923426284412153,0.1606760293740634,0.6260289146427915,0.6765132777631266,0.576022874224482,0.2689831160726301,0.12375915083145,0.0697799706916097,0.1999082575434634,0.7629279327399238,0.8355271158404171,0.7721904263075082,0.3132310579529487,0.1036993585724961,0.22534952751547,0.4725687206943592,2.157113954348976,2.338867178533568,1.975292625921441,0.8645507458660188,0.3390034573854154,188.4,19091
HUMBOLDT,2021,19,0.0938402721383434,0.1446547953590879,0.4698212437371112,0.6460485196774973,0.5751240859791936,0.322721677234893,0.1156319612292662,0.0691033346954616,0.1507103082290431,0.6335171953230052,0.8167049774760627,0.7678450766024129,0.5133763786968792,0.148906048397144,0.2309408516059825,0.414950622588009,1.591239817388206,2.228830060344352,1.972225517424634,1.059033892239639,0.3099444673255916,205.4,19091
HUMBOLDT,2022,19,0.0966851264490481,0.1075719864629856,0.4387722122316086,0.6892755903745491,0.6453270330465499,0.458611791505224,0.172494431180024,0.0483039134999902,0.0976841241309075,0.5971113288306564,0.8266743187485702,0.8077775411373573,0.6152432257297156,0.1760408938685601,0.2441543308296073,0.2808910104805294,1.479253893441721,2.385630209629616,2.226590377411009,1.551023404299396,0.5157797365042044,195.5,19091
IDA,2020,19,0.1177947859840857,0.180264106139004,0.3692250792409412,0.7150656987749283,0.5407707755810106,0.2520367436967941,0.1540460373147081,0.064927985720008,0.1531480618811116,0.428862694113469,0.850182139767999,0.7290417618976973,0.1613627060905906,0.1611589785632994,0.3199768562793796,0.544871293784575,1.228813051806768,2.47978345594136,1.849183516474313,0.8045592468000173,0.4500143207782949,188.2,19093
IDA,2021,19,0.1271669928728282,0.1772528436944175,0.456163592599215,0.6709288367429787,0.6210004478164789,0.4462783433213796,0.0942728145701056,0.0887219308268883,0.2004282597201143,0.564473401981432,0.7903485026134407,0.7811881040011246,0.6616409239387817,0.1122559891222541,0.3526964506040916,0.5559914407286958,1.543006516869219,2.32002722782842,2.13938598820884,1.507241689564369,0.2668577613917113,226.8,19093
IDA,2022,19,0.1182172209080561,0.1535651625537832,0.4682396702901216,0.669429894597772,0.6422960313595469,0.5108781313724295,0.2510678990292062,0.0441454417767583,0.1092266787599718,0.5828916764596712,0.8346830781079586,0.8140173281180099,0.6933837907133971,0.3219330499499187,0.3211363493347476,0.4483429690421257,1.586853393759505,2.314775460921431,2.216588699870205,1.741101382212211,0.8011251711911263,221.2,19093
IOWA,2019,19,0.137337292409172,0.2005544765060287,0.214732672637331,0.6326721934931748,0.6368584245956275,0.4315661272652541,0.1698546043244179,0.1117512740454473,0.1660634045103556,0.194117215521938,0.7552984031007953,0.7871470345670272,0.641088087210871,0.2872642324839877,0.3941016915634246,0.6227835548036604,0.6740667959923773,2.186290380727849,2.20136774467779,1.458691924104066,0.5118580195308668,190.6,19095
IOWA,2020,19,0.1322757729639607,0.2010014872068916,0.4810189686295185,0.6850915043202792,0.5506644285354029,0.2570025048715269,0.1387786232170766,0.1066040441516357,0.1836076593251629,0.5625156539114604,0.8101806153164118,0.6780800132732233,0.3532065408078729,0.1581072705340351,0.375473416395498,0.6241643498687889,1.637521281023376,2.37556380012667,1.889205838795317,0.8267370205783235,0.3990038206092509,151.1,19095
IOWA,2022,19,0.1285900605839079,0.1628249076858315,0.4464418584460853,0.6908880468946911,0.6425082352031566,0.3521456929942082,0.1852400805982616,0.0855927976244255,0.140391282281915,0.5496206680532756,0.8105483888600642,0.7083259255072735,0.5173350683962932,0.2399211479439994,0.3619850977076471,0.4858025634364329,1.511887577579992,2.396727100819447,2.222342395559577,1.170707497945469,0.5668177557050452,205.9,19095
JACKSON,2020,19,0.13293642780633,0.1731834861317958,0.2713944093743941,0.5977229156236576,0.5529611477446098,0.3595932639576201,0.169798776283141,0.1003181473513268,0.1285327227295692,0.2766253306241361,0.7385083740336579,0.7005582684377007,0.5307011017357932,0.2214127682762786,0.3852319716616794,0.5308454277184933,0.8861726262993095,2.067532925004308,1.904880781409018,1.20527592527586,0.5185994632064502,185.6,19097
JACKSON,2021,19,0.1519271829879243,0.1745312701872344,0.3040784122095387,0.5840458813916206,0.5794363649832993,0.3938960069378413,0.1860451946944676,0.1192096694622712,0.1510748452173015,0.3329313350473823,0.6770934470898301,0.7369639936337121,0.5660831798287603,0.259353741243054,0.4522282849635697,0.5373846215513643,1.004966265135512,2.01892259204679,2.00132721331455,1.329939688405306,0.5893735654162869,191.2,19097
JACKSON,2022,19,0.1227639977198421,0.1543826572481326,0.372280160647285,0.6438247317239202,0.5864067735419638,0.494073842279851,0.2701641544933773,0.0727246266669495,0.1247583085252692,0.4546491176403077,0.7336191390249974,0.7334933987900144,0.617762526949562,0.3997200089834866,0.3522359525066083,0.4634683794006964,1.251848450486071,2.234388456171827,2.026575955701133,1.692634651803907,0.8824063289357883,219.2,19097
JASPER,2021,19,0.1317251515779617,0.181925924534538,0.4967440662198417,0.6795108566270223,0.6139858047497453,0.2763897476547366,0.1372594133201825,0.0922009659899661,0.1815555270069336,0.62995228476226,0.775093123867571,0.7842835353657058,0.4240043648390486,0.1754132809872298,0.3717663472531086,0.5533703844801418,1.692382574068089,2.353643287684896,2.116563476292763,0.8951425555620329,0.3918911068918147,221.7,19099
JASPER,2022,19,0.1232033525786356,0.1462672308093392,0.4830708079859406,0.6888017668368369,0.6329609952738345,0.387587113420213,0.1802237882567214,0.0697498430036372,0.1048777430473436,0.5939192996759937,0.8151902244563455,0.7710860344625797,0.5481571670838252,0.2324735301123803,0.3416022866592762,0.4260930383381533,1.643440150215674,2.38813457756465,2.186403376426232,1.297983972307536,0.5477094878455041,203.6,19099
JEFFERSON,2019,19,0.1275794462451828,0.2033353109968888,0.2365272898655478,0.5843961327884003,0.5767678278254045,0.342090378678318,0.1376793916082935,0.1264307600721872,0.1721727002308829,0.221283211460765,0.7272036986374086,0.7411317992067541,0.5102297140543204,0.2097620064637729,0.3611704817773404,0.6352584918266713,0.7553416571534202,2.013933759037222,1.986334133353636,1.137272369091167,0.397846665444186,162.7,19101
JEFFERSON,2020,19,0.1381440518023474,0.2201160421507615,0.3939603172300445,0.6363941873547471,0.5559838375675924,0.2435607996125529,0.123227041847314,0.129743954208097,0.2085392663622151,0.5092520090115745,0.7766093415320129,0.6972695532250704,0.3643937063315828,0.1484286251004134,0.399014657877668,0.6956000937751617,1.324560551732348,2.201685774605503,1.910761638602986,0.7804150872816585,0.3450475516870177,167.3,19101
JEFFERSON,2021,19,0.1359179191722091,0.1608169160046206,0.3560176883816149,0.5922909396813584,0.5421091030860351,0.2484446584347366,0.1031801270535212,0.1172215178168705,0.1691585851565613,0.4301226355104416,0.6813799144134519,0.6948598436523323,0.3534011518618705,0.1013102976736801,0.3914372023979149,0.4815264976042754,1.187762619439132,2.042600469574091,1.861042309383661,0.7985637918683712,0.277276848118637,163.3,19101
JEFFERSON,2022,19,0.139241433907276,0.1763257490925673,0.4600983787854418,0.6468043556672288,0.5234365912754831,0.211096219555626,0.1386998235824371,0.1025139184557057,0.1706261147248925,0.6053378845160595,0.781379430319632,0.6558073657815153,0.3048217105773967,0.1459101165448531,0.4026765545755179,0.5368108217290916,1.563607243247007,2.239580691925164,1.792711986859988,0.6626049210737462,0.4006707211878442,178.0,19101
JOHNSON,2019,19,0.1384392638518798,0.1978384702675092,0.2043694176087162,0.6026468393486097,0.6195355989933731,0.4785172276560288,0.1775117800940128,0.1193026897837327,0.1681198073247146,0.195536794010372,0.6982079299092727,0.7758879674228196,0.6736006449767579,0.3041925709965173,0.3989424490595904,0.6138362015403851,0.6374896224874552,2.07844593434174,2.139547511658221,1.629343335428084,0.5410272625144245,181.3,19103
JOHNSON,2020,19,0.1373616091361428,0.1987926658477076,0.4125810951562418,0.6666597613785425,0.5489155988603153,0.2623969329627709,0.1335769739024613,0.1111712707501142,0.1710506087943588,0.4830231940967929,0.803389675755588,0.6905768343894564,0.389582939841545,0.1576064522616004,0.3954031558907684,0.6178542246456136,1.391148421770938,2.310389452041845,1.884405229148539,0.8477806959312296,0.3817100840510223,161.8,19103
JOHNSON,2022,19,0.1295305532103514,0.1698554231215177,0.4515082630113435,0.6921665650392289,0.6261727627192265,0.342376162722124,0.1886166009649141,0.088166534439083,0.1481768486677415,0.583899138808745,0.8049345766234244,0.7113685658798234,0.5000374234339443,0.2478991874048586,0.3667145548141627,0.5124931847561418,1.531943818813205,2.40290791904634,2.163811876855833,1.136932156183518,0.580380760447553,205.2,19103
JONES,2020,19,0.1287453868068446,0.1834110313362267,0.3950313382819532,0.6834266520097464,0.5928821181103149,0.3607623783967656,0.1606211037659187,0.1003945481178845,0.1507547513214498,0.4442939398201976,0.8325468667763954,0.7431060721257782,0.538040248598792,0.207406732532561,0.3608407829017985,0.5586238022189153,1.32426494131871,2.367678888928564,2.040088054178097,1.200278809614594,0.4761677042800697,171.6,19105
JONES,2022,19,0.1251892812440069,0.1549535190586701,0.4026340699032174,0.7144745479564412,0.667321409596998,0.4614700303115847,0.2451538560246074,0.0879343870208377,0.1362187921311509,0.5068782390883663,0.8178415546378617,0.7931934600045193,0.6619704306196457,0.3448924195490812,0.3486927983764856,0.4560645734911955,1.352212794607131,2.480476269822628,2.309857841418247,1.5650995535534,0.7824362151456385,218.2,19105
KEOKUK,2019,19,0.1301865653685459,0.2003533151760944,0.2459090621419286,0.6208767761933733,0.6122974254805962,0.3350636447494206,0.1390808607388552,0.1157897659336241,0.1661789304554168,0.2267479400172513,0.7621960125366711,0.7685086091470283,0.5164568112011033,0.2134905789981575,0.3684860681628465,0.6223062081562022,0.7871615147849288,2.143556048434649,2.112775536748565,1.109522056800259,0.4005179209328113,175.4,19107
KEOKUK,2020,19,0.1316467303839116,0.2157628437469189,0.4557159764365451,0.67502615005655,0.5439091593485239,0.2345152851810366,0.1192982291608479,0.1059241840560962,0.2027428390533222,0.5564893532423546,0.8105270622663839,0.6855727479665259,0.3411347531764808,0.1337880363998844,0.3734340030580684,0.6781354765952688,1.545917292997557,2.339380689850324,1.865000093647267,0.7456130898562525,0.328757848245132,163.5,19107
KEOKUK,2021,19,0.1261007942949081,0.1635886466420356,0.3949896199664235,0.6571488137958671,0.5768476326328176,0.2598362457683877,0.1214978060948456,0.0921325753408326,0.1678318788835828,0.4792480750462221,0.7249359145253153,0.7244302974687704,0.3801475644845871,0.1255051603972835,0.352943827879,0.4885782586446927,1.325787670198452,2.27446221101771,1.983750645800063,0.8368026028318599,0.3378432208591532,176.5,19107
KEOKUK,2022,19,0.1262666212154179,0.1535728596194345,0.4380421392661947,0.671454787441728,0.5693271237006142,0.2800735845370801,0.1602578569913543,0.0921796632641135,0.1385695868543706,0.5565082449232803,0.7936055935070929,0.6776560245952684,0.4049862354267274,0.1845021193977618,0.3540913099493261,0.45297984237674,1.482001822089857,2.327553359212565,1.957725917199765,0.9104573759026572,0.4769549876523727,170.4,19107
KOSSUTH,2019,19,0.083462334414145,0.0902777037682189,0.4077921264412685,0.6835213333974198,0.6501492889858098,0.4590750819517316,0.1638729896484847,0.0698838243940077,0.0622215090366932,0.6162368764122335,0.8432531275516738,0.8367641095790522,0.6738262349653723,0.2927600982029505,0.1933056415660876,0.2180301148992952,1.367628277308218,2.364318434602427,2.243578472046586,1.552269099513738,0.4842382195872959,198.7,19109
KOSSUTH,2020,19,0.0884087925728317,0.1471626929623095,0.6230301011752346,0.6836572952176642,0.5752554248881555,0.290797115284715,0.1286801549483128,0.0671941939018397,0.168416357786112,0.765161356151871,0.8471797951300214,0.7712763521090441,0.3692725552402547,0.1149656007583142,0.2112872291726877,0.4238446700330802,2.146269165065441,2.364880912203385,1.972683222959192,0.9442067337928656,0.3569736557439764,190.7,19109
KOSSUTH,2021,19,0.0880413395582295,0.1383445029676528,0.4612936763672271,0.6533875279135183,0.5823469645171451,0.3244313857306826,0.1321535357363605,0.0726179108059128,0.1510039524803468,0.6291547862444331,0.8035626004302905,0.7623136442695899,0.5198876119058413,0.1758853742725507,0.2096840950647899,0.391769550650383,1.560111418550596,2.255463554707144,1.99808234574051,1.064943880260154,0.3692530601580758,190.7,19109
KOSSUTH,2022,19,0.0899036546744863,0.1047592235594196,0.4423435420691343,0.7101490236956716,0.677925363270566,0.5716350788059954,0.188576450065249,0.0477043301269819,0.0976417107635059,0.6195243754019423,0.8475616396051409,0.8179555757463599,0.7331210142848563,0.1965778940567938,0.2191431708784397,0.2704039594007543,1.491842254744315,2.4607803467576,2.344206549888571,1.95959323083015,0.573653307167318,196.8,19109
LEE,2019,19,0.1346482623229812,0.1867986114564728,0.2197457008460308,0.5526848357834827,0.5466652782752992,0.3683596926178044,0.1570915184472624,0.1372643479110905,0.1591303128855574,0.22478447319292,0.6733728760182679,0.7451436841387886,0.5343092404141404,0.2473583916528819,0.387151849540979,0.5758172368167577,0.6950560445249873,1.899609176648894,1.877826882442565,1.232723142718752,0.4675341708301597,172.5,19111
LEE,2020,19,0.1375674484048506,0.1968178395693624,0.3946948643853982,0.6169212909968314,0.5561291087389987,0.2452020452144902,0.1261260602941478,0.1485371704633445,0.1784836988053289,0.5038545666871251,0.7510610911225489,0.7146416248984858,0.3677198724293277,0.1550296236437423,0.3981056424853916,0.6124731622313232,1.328395696712551,2.132416555104402,1.912461589537182,0.7875287705891244,0.3567106211324354,174.3,19111
LEE,2021,19,0.136303707858193,0.1600647833401685,0.3641235410876587,0.5866169131485367,0.5588147297967302,0.3117366201368366,0.1214808993836547,0.1144560180472016,0.1494110666203564,0.455473715936198,0.6563497671431388,0.7472699866092067,0.4379740236459296,0.1700916376870834,0.3927376506036217,0.4791804743976505,1.217452812805224,2.022437703843725,1.921914664922324,1.027921576473999,0.3442328328152165,160.4,19111
LEE,2022,19,0.1711967231278604,0.1773309516010082,0.4545772266607742,0.6391563421183087,0.5537550180812105,0.2489869864132062,0.1489086456645967,0.1596394164406926,0.1601005090890019,0.5927849817960172,0.7648316720558636,0.6886169971381962,0.3718601838793215,0.1927565035765635,0.5198189160628837,0.5415934035458265,1.544880445760136,2.212774365726276,1.903636106761718,0.8008398326132554,0.4387334284775254,178.2,19111
LINN,2019,19,0.1327992332852659,0.198858460747409,0.2178298057949441,0.6848036522278091,0.6670197401320936,0.4916549284859176,0.1419044486422115,0.1052638237542441,0.1782057969518992,0.2412365543550363,0.7826558258870624,0.8130502806018446,0.684141839342943,0.2557076181390656,0.3754045761520241,0.6144030253144026,0.6830393476916433,2.372555835707924,2.308214376782108,1.673743579813381,0.4108857186397334,223.7,19113
LINN,2020,19,0.1274509219188785,0.1885440195646762,0.4140397663794417,0.6928299260417836,0.5747110386158173,0.3128784775697759,0.1464681220874172,0.1036577319761238,0.1722896451728751,0.4880175997234738,0.8241842559134842,0.7128924246323612,0.4539206856495753,0.1763051229758783,0.3561109273308935,0.5771464746923899,1.392990121936229,2.401646039348824,1.974298877351954,1.02698867148735,0.4249160053521783,164.9,19113
LINN,2022,19,0.1210145105486162,0.1578547378218408,0.4059399070968154,0.7126821040104074,0.6713386719834691,0.4134487247933714,0.2131648672684932,0.0856154743365268,0.1512236422278424,0.5263724906082207,0.8248974995477222,0.8044148443809345,0.5952940264504363,0.2905702285543535,0.3329622990661287,0.4662065768756421,1.363845081685695,2.474188205330722,2.32440198599994,1.391220917012279,0.6663901215601168,215.0,19113
LOUISA,2019,19,0.1244181470687813,0.1956479516895479,0.2294645951388949,0.5689543203431634,0.5541994532127623,0.3379736456337694,0.162274760584186,0.1149708669081905,0.1760017859421876,0.2397976977448705,0.6804614886709772,0.7586059076988138,0.5402139568251042,0.2594324984153656,0.3477261715324123,0.6055072957944334,0.7278065818935414,1.956095173897194,1.902678315777016,1.120370703217188,0.4844758946321679,174.6,19115
LOUISA,2020,19,0.1304624546166175,0.2032386955703638,0.4500388329369585,0.675400342780078,0.5765407494324719,0.2548617065343225,0.127333919946073,0.1141229282460606,0.194151412577171,0.5690258850882216,0.8075103457479288,0.7410790681830308,0.3889965529094598,0.1500311643630542,0.3686820606159169,0.6319870968588781,1.524910344676636,2.340268497164422,1.982593973839521,0.8187594093571198,0.3573646561277792,181.6,19115
LOUISA,2022,19,0.1387257488490927,0.1729639960669927,0.4858548385381366,0.6779807224439376,0.5569782403256089,0.279834116752836,0.1650950462219337,0.0935255327514871,0.1535669969963967,0.6406409558040238,0.82387936835279,0.6640991370122509,0.4165803567196666,0.1949249415927818,0.3996207583307317,0.5218290452724426,1.653977722574103,2.349491123401521,1.911243056134743,0.9085176409785763,0.4933610691884342,196.3,19115
LUCAS,2021,19,0.1394915660313222,0.1573943424041449,0.3378428670694093,0.5540614161762935,0.5236222809019832,0.2226141293705034,0.1221416836953768,0.1233196736960447,0.1791386339201184,0.4183253462706564,0.6882366152380838,0.6892445981399998,0.3375369276839975,0.1649678026839263,0.4081830554011127,0.4729653626907623,1.125830837063123,1.908650969663634,1.797979690808158,0.7089314680417125,0.3454253280011727,166.1,19117
LUCAS,2022,19,0.1396609476019013,0.1798114538988946,0.3357525339569343,0.5880040092562399,0.5247466131601886,0.252136281769597,0.1458281266231446,0.112434462226084,0.1842750604382123,0.4012544240802339,0.7259705834101357,0.6428681075476786,0.3671769433569842,0.1860067860548529,0.4093426393545945,0.5547565491392686,1.118583214279088,2.033192516673193,1.803351010990022,0.8160204880172209,0.4313864782450965,139.5,19117
LYON,2019,19,0.1206641315803027,0.1282528709178644,0.1580590877015942,0.6537455101574161,0.6319607105322673,0.5373792295502025,0.2564631829415151,0.096388320207443,0.0760117957471188,0.1768645962393026,0.8159742086892416,0.8242933910882506,0.7228346577432381,0.4189360048139569,0.3290627943809662,0.3565187813861032,0.4643610649800285,2.257752135220204,2.178932869884452,1.836737452500084,0.8203831184042413,186.5,19119
LYON,2020,19,0.1100706904714611,0.1501236216522418,0.2717006680407192,0.7317371045515835,0.6138231300681107,0.2930641297714698,0.15936550682618,0.0791685916246122,0.128687055570798,0.3356132030460623,0.8539201741276673,0.7959124421763311,0.3978674917951372,0.158720231743241,0.2902647535081601,0.4351763093584974,0.87504150772884,2.539453443097117,2.112841063764579,0.9523350595852458,0.4686133828752706,197.0,19119
LYON,2021,19,0.1198010803638453,0.1770942821832426,0.466646468300337,0.6933811254644103,0.616339868689057,0.4130902363557648,0.1473622845220636,0.0922012405088443,0.1889858287179068,0.5995933525268772,0.8107080624002159,0.7820171075775922,0.6156713326402321,0.226603714864771,0.3255024990155166,0.5328246565792807,1.580389435852378,2.400715477661544,2.121980144762821,1.386622956014461,0.4252193096298999,216.7,19119
LYON,2022,19,0.1080849799516721,0.1343849070740634,0.4454828916049974,0.6881461211637745,0.6243011875736839,0.4425226770213841,0.1802930589308951,0.0619812664744055,0.0977003659759343,0.5645964196363925,0.8366938788035018,0.8029979270290462,0.6188003023103088,0.1811691829098727,0.2835729073253928,0.3787176694815181,1.504322029577992,2.382411351111009,2.151299765283137,1.493634500086045,0.5448454195251526,190.8,19119
MADISON,2019,19,0.1117738791874223,0.160747508242097,0.4126582077787698,0.5986892984665956,0.5705269299397098,0.4601962570426248,0.147153587353737,0.1008281370791763,0.1862698696236764,0.5542158358148067,0.754449207826113,0.7586501105170026,0.6470774491410265,0.2357196031494204,0.304844860693846,0.4820347739137083,1.393530200620008,2.066508856241891,1.964614213057719,1.563240134617793,0.4328485346320303,175.7,19121
MADISON,2020,19,0.1264307686083882,0.1607921172103088,0.3942662828700866,0.5999760033986334,0.5311025082983152,0.2458766678934023,0.125073641106547,0.1054788252468425,0.2044254706381167,0.5122577904416661,0.7589529529853842,0.6866832585226701,0.3655567958046838,0.1466782235356923,0.3577878984211902,0.4823298617345662,1.326824892453089,2.071083031050048,1.821898465491727,0.7899515962413958,0.35288624532655,172.0,19121
MADISON,2021,19,0.1306017574439942,0.1761815702206309,0.4317513055075473,0.6021472717377596,0.5611772369247999,0.2609892370040591,0.1105312793878099,0.1118890305564903,0.1941297200513959,0.551100965014526,0.7220510805496531,0.7067019666972464,0.3887552602285115,0.1385506960926771,0.3725319770619741,0.5374398652742611,1.46209566831478,2.078587089644659,1.930358597399453,0.8442777390920582,0.2998707237620592,195.6,19121
MADISON,2022,19,0.1325078307242921,0.1645810772413463,0.3887189637442932,0.5898033194450456,0.557162458858086,0.4401310917751613,0.240617871316371,0.0910772150598353,0.153271770955307,0.4889079520920523,0.7352730200822387,0.6868936955762467,0.6170412012282811,0.3480145871518694,0.380754451240983,0.4963386083401946,1.307353405068191,2.035010826032118,1.916770370260749,1.493374126213449,0.7714797456442313,166.9,19121
MAHASKA,2021,19,0.1273168673714019,0.17609658146322,0.4290439836084166,0.667544159173142,0.5909890407654944,0.2284880125406162,0.1206781482900961,0.0929795748261547,0.1952390873546509,0.5402463741870638,0.735535928502462,0.7434810454972393,0.3451933566550001,0.1313567308877399,0.3563393047978119,0.5326939822935641,1.447858367867459,2.311090549793927,2.03377525710961,0.722247162929674,0.3323817902970608,200.5,19123
MAHASKA,2022,19,0.1260239546290695,0.1346949406191386,0.4127436891783196,0.6647644245220361,0.6157330910135203,0.3474008850022044,0.1711327912470719,0.0835572917451996,0.0997193232290665,0.5128367582300853,0.8036017210843476,0.7320965677244453,0.4873766070254192,0.1999312037259309,0.3523166974686943,0.3853516888761688,1.389593999479459,2.30292849868448,2.126376142490404,1.153177054061583,0.5154209479938644,186.3,19123
MARION,2021,19,0.1471769463422826,0.1729826996288855,0.3975746185623779,0.6149338272379924,0.5661736970665044,0.2455846654161218,0.1252673508706148,0.1191253212672979,0.1878828460162651,0.4952974696880715,0.7081459788969079,0.7141428252590429,0.3708457821569149,0.1554076441073658,0.4334511616355136,0.5265539158420697,1.339128710044858,2.126126849901984,1.949118523598527,0.7892286287442067,0.3539252283524804,199.1,19125
MARION,2022,19,0.1335386496403457,0.1519577141340868,0.4152971740698113,0.6302675621218098,0.5857440286305287,0.3443392026082327,0.1668832622819926,0.0896841063616229,0.1283579079831908,0.4983988850772085,0.763238104229197,0.6827300028324488,0.4896851562015836,0.2069157018224773,0.3844314537584491,0.4512240098823541,1.403556414742151,2.182203985096028,2.023112963185298,1.147201027622314,0.5049478062791992,175.2,19125
MARSHALL,2021,19,0.1197679542222289,0.1705237146318853,0.4816037565565065,0.6870175966849607,0.6011487649758989,0.3297345641168518,0.1388354399885538,0.074974688227757,0.1562269724008238,0.6092163410141355,0.8024493990690944,0.7810112145431336,0.4984374386138355,0.2084765122073747,0.3266973648353662,0.5101249750912885,1.635612784029795,2.37885675797128,2.068127483868628,1.086152835349713,0.395549362041266,211.5,19127
MARSHALL,2022,19,0.1187358375059718,0.1445896924776882,0.5129954348620422,0.7069713832444696,0.6647188525240642,0.4578413442249603,0.1963669566084544,0.0711911164906747,0.1023259599525778,0.6421355673575151,0.8237303206666684,0.8096175103969406,0.6030833876134988,0.2632353852196754,0.3230290202882362,0.417445792624486,1.7492190587647,2.451027277775021,2.298606487894208,1.549726672545922,0.6037012700137181,214.1,19127
MILLS,2020,19,0.124652838187276,0.204710340177341,0.4420651459027412,0.6442018932524652,0.5321238653120547,0.1950133869957294,0.1335890381221021,0.0763549543042892,0.1945410825766313,0.5306717607426726,0.8147892629199077,0.7283595308785796,0.3246339228028703,0.1659837684256171,0.3471118930392489,0.6367431958146342,1.49549171628423,2.226823634840421,1.82132566244956,0.6016525634364045,0.3794263249787752,182.2,19129
MILLS,2022,19,0.1332958020024929,0.1800360966868928,0.5061690624280446,0.627628009300707,0.5829085748359841,0.3112040669389296,0.1545026864752018,0.0739282577381245,0.1632544813749343,0.6199190089431236,0.7682670299617376,0.7106680351034921,0.4726348269745643,0.1831143615041502,0.3784517529752173,0.5475974608582829,1.727810589825653,2.166956771104259,2.00523316763598,1.022185875603518,0.4551700588434266,191.1,19129
MITCHELL,2019,19,0.1024386930312539,0.1143666492312534,0.3534345459293448,0.6601078007167202,0.6568162389458624,0.4000699782321436,0.1585019336264098,0.0793894887171193,0.0983014243706112,0.5941788775225488,0.8046280114019734,0.8200741662277916,0.6367006099984115,0.2836438862842292,0.2629103598177799,0.3069418278895762,1.170515579828521,2.280805077676563,2.268855943724835,1.339851554780607,0.4657960586435778,194.5,19131
MITCHELL,2020,19,0.1053953257986931,0.1588343560409127,0.4662612391799214,0.6639643420930956,0.6114220805366024,0.4426880359587238,0.1591408122038308,0.0637848619008724,0.1516612919645095,0.6662477277979727,0.844575981425456,0.7940627434882744,0.6476447546690086,0.1861780759610368,0.2740741559708909,0.466680240999858,1.579112899668477,2.294240964597617,2.104227529368214,1.493663824089783,0.4677895712316421,203.3,19131
MITCHELL,2021,19,0.122669085190231,0.1477446145290705,0.433214020980128,0.7063741626038532,0.6214153260784143,0.3288880012184079,0.1633298659404516,0.0914557994517024,0.1401753370951606,0.5567581750086096,0.8120592420236699,0.8134445989983022,0.4971903428823209,0.2702726020277919,0.3353515653170286,0.4260758919161231,1.458904062554325,2.447741495465096,2.139816017919046,1.08145253111699,0.4827652590026361,203.3,19131
MITCHELL,2022,19,0.1107863942041347,0.123665595567738,0.3690031885021672,0.744587902019944,0.6997455825987428,0.5820571577076398,0.2385405221837239,0.0662217448781339,0.0953557704279665,0.4348943741484601,0.8284377270418446,0.8489724835849649,0.762158748147854,0.3070493126663697,0.2929818204686143,0.3401993397436385,1.227166137224883,2.586107198648286,2.423806768190101,1.998031609095151,0.7551692299788683,217.9,19131
MONONA,2019,19,0.1003054975440555,0.1276486471620975,0.4078672905642775,0.6707958629608046,0.619662905836115,0.4202112705272906,0.2130352325188179,0.0603228462880218,0.0876675505815046,0.5474397274100729,0.8090956625820674,0.7878962236806837,0.6320854127927585,0.3708082538770333,0.2582782036773705,0.3572145500572966,1.371035722404781,2.322310934516919,2.137312024511064,1.415695394158145,0.6661330097226719,203.9,19133
MONONA,2022,19,0.1011741081284761,0.1297775907704976,0.4652887398382762,0.6404090092362343,0.5544490996162831,0.3107673756496081,0.1622808810222559,0.0320230151182676,0.0810854060740066,0.5723995079672676,0.7853913249466299,0.7040947713842706,0.4455354328033769,0.1829855700187235,0.2610441254127504,0.3643710447534134,1.578268771988881,2.212083757065205,1.900932780444169,1.019199805078141,0.4819746994917298,168.6,19133
MONROE,2021,19,0.136570180647036,0.1566555416800358,0.3279684350451229,0.534555506038117,0.5082500608013284,0.2287016600224789,0.1192216744873802,0.1176434165465727,0.186274424094119,0.4016996467761524,0.6556400263793823,0.6685288231079216,0.3448119010405098,0.1591812451550938,0.3998394700331009,0.4725128120571581,1.09232295747408,1.840280191787506,1.744581514217431,0.733176158567263,0.3370769704694714,166.1,19135
MONROE,2022,19,0.1349040016760867,0.1580282514672602,0.3130660308397252,0.5831943222592924,0.5012703892144453,0.2427859760522978,0.1402901226769864,0.1138270759482864,0.151160141087264,0.3894300262798204,0.7208292751866032,0.631346173832796,0.3423939350180273,0.1714702965686104,0.3942869917252779,0.4781882539282003,1.038880354023151,2.018035339059188,1.719817719283628,0.7845164911856162,0.4136650132484766,145.4,19135
MONTGOMERY,2020,19,0.1280793679983156,0.1846885951522115,0.349057350852741,0.6383745935071241,0.5205547943979421,0.1918562806757245,0.131502784569944,0.0895240759857798,0.1755321796221293,0.4331330222272747,0.8157408846564853,0.7068913495923188,0.3035622068326543,0.1559456718643277,0.3595194749435773,0.5641739396686244,1.158860743733608,2.205610501740147,1.77933830979546,0.5901043929782057,0.3717482966652933,184.6,19137
MONTGOMERY,2022,19,0.1335700924653095,0.1822602026266283,0.4802226341076441,0.6218307492132922,0.5988239517049252,0.364818104192523,0.1947187771657815,0.0828787891627582,0.1645198349281235,0.5883443671959561,0.7767098854268716,0.7159282605336345,0.5429056550277647,0.2508031039932739,0.3797180362801081,0.5563427757509826,1.633692935551429,2.146131398658724,2.063864008552688,1.216168487699036,0.6007441668231757,187.8,19137
MUSCATINE,2020,19,0.1343006536575175,0.2019298982623328,0.4027814222852115,0.6840510528477924,0.5680394621033177,0.247883411883022,0.1277147493883787,0.111495597642632,0.1851404749512742,0.4806297214118614,0.8201124327612481,0.730600920267097,0.3786427368202782,0.1383300829577865,0.3820857781833152,0.627672423051528,1.353449779326255,2.371114407570384,1.951354339528767,0.7930297645462373,0.3582590318870469,172.8,19139
MUSCATINE,2022,19,0.1302172913966143,0.1719235798988109,0.4963046829896229,0.6983135574945305,0.5927756190387381,0.3153487358563253,0.1779864825967703,0.0781013830675707,0.1596964691510124,0.6550310742408062,0.8108231262242445,0.7078542794831575,0.4671991725427222,0.2319810182413278,0.3682215112755685,0.517524766854368,1.691292041593265,2.422430604161621,2.04027767574345,1.036486853462846,0.5394585882750061,213.1,19139
OSCEOLA,2019,19,0.1006866182956845,0.1072077409133377,0.1231960253384469,0.6741176595994165,0.6472142377321515,0.539058857489196,0.2341467869699965,0.0892245401058409,0.0698547142779073,0.1663520183224607,0.8337053044757547,0.8410480075293202,0.7289528786320028,0.40938865738093,0.2565354628554658,0.2801526549068651,0.33816260204686,2.331208130327242,2.233871185594381,1.84256572547639,0.7393945597814237,182.5,19143
OSCEOLA,2020,19,0.0946406922719031,0.1335530093426308,0.2386132312537749,0.7147481664269626,0.5968303745989071,0.2641033766425921,0.150388247008866,0.0706658704846698,0.1254587772781973,0.3045396768617099,0.8584928864734083,0.7810728120405759,0.3504706118242715,0.1408861205640291,0.2340487172236431,0.3748335310861571,0.7549431321378819,2.477597340115581,2.050970992632664,0.8474376786667099,0.4357434209625913,185.3,19143
OSCEOLA,2021,19,0.1006452241591173,0.1620496069836751,0.4331017166341964,0.7116306885158028,0.6279998969746196,0.4269341013166297,0.1422309590834221,0.0783441826460215,0.1908101330710034,0.5840020296717798,0.7891772614368762,0.7876508893248485,0.6393058716974584,0.2426419934647178,0.2560762697348061,0.4783458862727124,1.458904273252033,2.466622093519685,2.16404571044312,1.436589430441796,0.4065932527609228,208.0,19143
OSCEOLA,2022,19,0.0926017554559439,0.1194039554293272,0.4064531805705481,0.6988986962705869,0.6494664782867388,0.4398129974870399,0.1674371101267021,0.0464569045772916,0.0967020062178404,0.5611972453263268,0.8571492523843696,0.8111338133677397,0.6114063855855735,0.1614291795407652,0.2270300574788405,0.3236877461698782,1.362327003256992,2.42052997443246,2.241600093686409,1.482996403340055,0.4974982791419973,197.5,19143
PAGE,2019,19,0.1228412208255103,0.1629845237905001,0.4446823005691018,0.5892266494731909,0.5910626072413622,0.3167949784839947,0.1347493438821885,0.1001758328819813,0.1819334133710542,0.620997808723089,0.7587072748313208,0.7750141025119847,0.5117174016289515,0.2240038431771261,0.3424665800178993,0.4901411536076049,1.506886801832371,2.029848352356066,2.036490201841519,1.043225121109315,0.3855505453210843,191.3,19145
PAGE,2020,19,0.1297568165876591,0.1758283462975849,0.3535848592424091,0.624370857458552,0.5294489261908468,0.197841025228136,0.127287431538272,0.1012711119393732,0.1756848502410335,0.4510796809361464,0.8075942521721563,0.7243355680823849,0.3181969554072364,0.1610446425483492,0.3666855233147866,0.5333698226602058,1.176786796040743,2.156197983199993,1.812770823512758,0.6130120639328465,0.3577501804463495,181.6,19145
PAGE,2021,19,0.1383170037559896,0.1873465933229849,0.4201724710034181,0.5894257480718315,0.561251782739342,0.3132888323875084,0.131316033540837,0.1111417734971047,0.1965981062625787,0.5435744549942763,0.7839479253455698,0.7587533817654856,0.4856384800034273,0.1703093960326999,0.3975563631476828,0.5771693273855266,1.4173093244949,2.029665444078825,1.927731821296549,1.030604738390863,0.375663554160468,206.9,19145
PAGE,2022,19,0.1354996936517263,0.1820399835467739,0.4682565744726735,0.6028470982982128,0.5473162373764662,0.3374484038238614,0.1896795394783804,0.0983900921941124,0.1690524944195033,0.59305888957731,0.7683033293561373,0.6776995713803605,0.5087109845658678,0.2463305867012097,0.3876406262691159,0.5558263229768656,1.59140087379065,2.078441591770355,1.877777721061772,1.118160574001962,0.5834881647439863,174.5,19145
PALO ALTO,2019,19,0.0899138347726007,0.093434219962036,0.3628476713304626,0.6616653117212457,0.6354721956584559,0.4603700848269762,0.1859686817081594,0.0840466425871544,0.0746923163053212,0.5478543656007114,0.8217734642255345,0.8285790491839375,0.6927963316312432,0.3365593887127182,0.2177900402153028,0.2305271335926541,1.206058583458097,2.28638916639002,2.191622304281458,1.558099273986713,0.5653185816356334,198.3,19147
PALO ALTO,2022,19,0.0751942401449833,0.1148914021130503,0.4247321499053749,0.6736944696793034,0.6301499005035001,0.4594534227009423,0.1692118529789641,0.0032460365655573,0.1158173475312859,0.6086362527407239,0.8277265215379039,0.7971809440267708,0.6523228164103202,0.1565416984490869,0.1877719360996447,0.30783420792931,1.42886547702224,2.329642989105036,2.172086870748579,1.554527308405411,0.5043989819637873,195.8,19147
PLYMOUTH,2019,19,0.1171608346794231,0.1422752964666795,0.3204379305992049,0.7249083094256126,0.6677875580540447,0.5319914046038571,0.2833964226070211,0.0750910767802027,0.0870270561684893,0.4068819415100189,0.8448926783269481,0.8465319272759823,0.744372479640467,0.4750748793426511,0.3166720713751937,0.4075345485478577,1.052128080095052,2.515501267139886,2.308838985586568,1.817528308567192,0.9181125822940968,217.8,19149
PLYMOUTH,2021,19,0.1203723846898636,0.1920804546187577,0.4693532609174749,0.6632315279895976,0.5862416529328022,0.4070541558585058,0.1546198409805747,0.0795262053418936,0.1922408268189844,0.6002311615087532,0.770082961031115,0.7563721260524655,0.5930697499326018,0.270426440652677,0.3285824255895601,0.588344974557909,1.591195358637724,2.292646967969852,2.014096993761634,1.365796697379022,0.4524898843711692,190.9,19149
PLYMOUTH,2022,19,0.1084083649761469,0.1456433340728666,0.4353788578139941,0.6563917613126017,0.5824157720230185,0.3556772876696538,0.1643112375377034,0.0479405757550967,0.10384354504434,0.5421930583814233,0.8146642854589532,0.7558933195889866,0.5021741137851978,0.1628205720645343,0.2853788712692265,0.4199331195108181,1.46823605369028,2.267937626217649,2.000223845723194,1.179872082514385,0.487499816525741,171.8,19149
POCAHONTAS,2022,19,0.0780729953291796,0.1098868881521735,0.4502884465068851,0.674765698847291,0.6339819036483392,0.3797163326391423,0.1535546988806372,0.0074586541733155,0.1076141269753202,0.6428937194857035,0.8363057096370827,0.82601930622333,0.5593140520211461,0.145047411100425,0.1801716822822057,0.2889328158590113,1.520554660194082,2.33268783337466,2.185162044414733,1.265220274214585,0.4469170033827502,198.2,19151
POLK,2019,19,0.0931295620902145,0.1332049218022948,0.4614404430205782,0.6309031284656712,0.6080768012303116,0.3914076556734537,0.1368444191638166,0.0845161263116268,0.1403967953632396,0.6528373202109077,0.7813039416491764,0.7956486129770532,0.5620678497737703,0.2562593883536418,0.2329042735285414,0.3788720759559859,1.565458888551246,2.179523102559079,2.095974496153441,1.31303165119193,0.3924088537860981,196.6,19153
POLK,2020,19,0.1109687312410734,0.1759893246385958,0.4694731720203656,0.618644762041379,0.5441619348790138,0.2503458072083898,0.1219509134939606,0.0916444036473096,0.2112404169290954,0.6387747327475535,0.7842984949337405,0.6630673700140143,0.315260031505694,0.1273853533455136,0.2991656567033246,0.5340602708323217,1.596237893687679,2.135927345680783,1.866443048036392,0.8034205147510085,0.3388854790201414,150.2,19153
POLK,2021,19,0.1126190738507673,0.1687549511845109,0.4508549936963696,0.6314764432450205,0.5793066976073117,0.2507484458492232,0.1137684657857461,0.0891115727189515,0.1991983488322594,0.5990196898232246,0.7521741066629194,0.7523829631197299,0.3826543468464657,0.1490387073504364,0.3039213116407175,0.5070313626174907,1.527671018023198,2.181285205233886,1.992408440191965,0.8036885029726927,0.3080949351030397,217.5,19153
POLK,2022,19,0.111168339120817,0.137549344528017,0.44571547209399,0.6416359875971199,0.5940020006338333,0.4012220637200838,0.185488408639205,0.0738093154232735,0.1126974524410175,0.5775658330593136,0.7793517961722259,0.7049028591867801,0.5559988250401409,0.2464278889862736,0.2997781001612747,0.3950831362378518,1.511373592509002,2.220894629756303,2.047643335215623,1.349815161666264,0.5688026694110313,188.6,19153
POTTAWATTAMIE,2020,19,0.1273792449364802,0.1901642689197856,0.3930804959289719,0.6746166726081355,0.524095557592875,0.1928951430957451,0.1365726804840432,0.0762465750231827,0.165690893615718,0.4477054731761284,0.8310539743337838,0.7046851170700922,0.3109515945719686,0.1573752052058571,0.355881919869537,0.582735871260661,1.317059144402777,2.335484651252273,1.790898997091783,0.5926449124747015,0.3888415011758293,176.3,19155
POTTAWATTAMIE,2022,19,0.1352405127261748,0.1642108322110164,0.5120183223250016,0.6458319289775494,0.6124744055207847,0.3330681348878036,0.1713195703529177,0.0639361577785163,0.1287550156457191,0.6034960665878694,0.7822493577551589,0.7265021851353722,0.4947953966287972,0.2084766772933313,0.3846578307658834,0.4892000329629095,1.747444471455265,2.231593105464505,2.111745903281431,1.100076760667301,0.5147676907980853,195.0,19155
POWESHIEK,2021,19,0.1248061913071802,0.171654825127594,0.4742699865692953,0.6689879774472697,0.5600481000407325,0.2582735782935014,0.1300721307775325,0.0871950283416849,0.1765975934763809,0.6098681032459947,0.7233203086787392,0.7454965644286334,0.3975521192480241,0.1530324167865085,0.3473180909729028,0.5166709989073621,1.611532498286226,2.317748207340473,1.921878823287103,0.830059246368074,0.3676990751450114,201.0,19157
POWESHIEK,2022,19,0.1220669133880028,0.142635972126048,0.3934957958324803,0.6667139754370665,0.6279473021112736,0.3500547344852857,0.1777786351087419,0.076390369418146,0.1046835457224099,0.4845845429986323,0.8095936175099459,0.7452267403990629,0.5242919813351516,0.2304460223106111,0.3373920057753823,0.4130062714767397,1.319236962495134,2.309470109747014,2.169702423681335,1.162113599076654,0.5387671363089018,193.3,19157
RINGGOLD,2020,19,0.1366516508487169,0.1664634521277182,0.3135223546216685,0.5425872892887452,0.5040123698323793,0.230942897152821,0.1230902126919734,0.1403677013097537,0.2176344473504726,0.4049034831626157,0.7202254904212563,0.6750764284001911,0.3598049599916015,0.1670116593301331,0.3979507157770142,0.5060351152703463,1.037869018650522,1.866626062907777,1.727062004314613,0.7390966521599951,0.3488856397806361,159.1,19159
RINGGOLD,2021,19,0.1344189993610452,0.1751561486786227,0.3921460769345503,0.5730051297360348,0.5296843266786524,0.2529302096728564,0.1149741250504048,0.1220188217856362,0.1932459607963592,0.5027202878002414,0.7025477248294841,0.6934013419982045,0.3806127961295778,0.1569253925943111,0.389642119270044,0.5370261079272675,1.322099685054512,1.976446111730292,1.819712568341773,0.818417203855038,0.3192920665121652,175.8,19159
RINGGOLD,2022,19,0.1354317008733901,0.1807638105752516,0.3898059879647967,0.5793179808193974,0.5344873138132626,0.3234533168401773,0.1751339775590947,0.1082193253640351,0.1885551036326059,0.4845929527250396,0.7318854133813089,0.6607828056543144,0.4594411820890307,0.2431479556116407,0.3936044450571805,0.557346960980072,1.313721078653389,1.99943635463299,1.837140484044187,1.073607891049282,0.5369743995300145,151.8,19159
SAC,2019,19,0.1017293758738691,0.1143242632931897,0.4664274867207536,0.684397653062104,0.6563400715974725,0.5141063535211227,0.2195811421889441,0.0850910669706642,0.0824978472006299,0.6525515830954876,0.8502412438122544,0.8284214355041993,0.7447945671531664,0.4153157822182052,0.2602626559107001,0.3058275823577803,1.579760749356898,2.368355288170101,2.266844199421097,1.752034918614779,0.6866530434167439,220.6,19161
SAC,2020,19,0.1069933207513374,0.1732948089215998,0.3051690123049059,0.6776568458396521,0.4840667799722621,0.1858759680536959,0.1330705763331751,0.0815764208593265,0.1789581070481021,0.3998218704481033,0.8377577427178945,0.6870332259926242,0.076979824729534,0.1081707592447944,0.2800365727344342,0.5194824466084449,0.9966718506469902,2.344263645092872,1.643854789586829,0.5650699752837315,0.3739511196979277,161.0,19161
SAC,2022,19,0.0976425589063092,0.1395496104266357,0.4735717743296649,0.6700655046735137,0.6332990859907667,0.4253258083635127,0.182315548466399,0.0307686319589154,0.1194487539755689,0.6125066205096529,0.8296035028743932,0.8323183243679236,0.6187765784398273,0.2108192366228468,0.2459025796957478,0.3972112525242797,1.605774503784226,2.3166284814953,2.183775553068943,1.431255124236926,0.5519663617945924,212.4,19161
SCOTT,2020,19,0.1264104076509595,0.1868354798112358,0.3065936745173864,0.6870063588396336,0.5786443591041991,0.2809976542720697,0.1342028794606813,0.1007387906835174,0.1662418347632551,0.3561767738080269,0.8111287680693932,0.744559069650121,0.429202961654098,0.1200621765922154,0.352149679040307,0.5708394628350826,1.004057532818917,2.381277939789503,1.988331560293842,0.911445782211174,0.3803616494011485,181.3,19163
SCOTT,2022,19,0.1224360502344155,0.1617409206337878,0.4664187713079964,0.7040463949409831,0.5476765395039994,0.3863779722377387,0.2212236597432734,0.0640497118381002,0.1514630858312285,0.6311192340874029,0.8142293331619965,0.6154988140777841,0.5584129543407325,0.3129381566344177,0.340429973444021,0.479240403977696,1.58188581270448,2.442188979997683,1.875547973489153,1.292349515976565,0.6945247768417935,216.2,19163
SHELBY,2019,19,0.1167959053069098,0.1420332389085117,0.5326369481136319,0.6943714009612546,0.6524633364834072,0.4972730974624692,0.2240299642942055,0.0804329152699818,0.0940969063479326,0.6943781089281711,0.8468195144025832,0.8341627209975846,0.7357717131354354,0.4198901196865602,0.316340881957313,0.4079560048202371,1.820853634363228,2.406009248883379,2.25438589738211,1.69277956806937,0.7043139568016041,217.3,19165
SHELBY,2020,19,0.1265303063770848,0.1911956527532627,0.3731496887719026,0.691569023757046,0.528734667563881,0.2188883932112623,0.1415129474809432,0.0778421420429063,0.1624365915261156,0.4340028698920667,0.843994498641246,0.72413746430718,0.2273060052301232,0.1549207565072703,0.3514580422061578,0.5854261439519485,1.243775067648783,2.395777712205252,1.806643410226872,0.685749092821566,0.4056741162767003,190.5,19165
SHELBY,2022,19,0.1263277620104211,0.1526543938911206,0.4826960806495095,0.6750632514404796,0.6435925502279461,0.4494997460019557,0.1842452409994831,0.0546902520072257,0.1142590295253376,0.5643376514257867,0.8075785805190802,0.7779323119723169,0.65137899447,0.2190928667402436,0.3509342736436314,0.4461436483370421,1.640239478149575,2.336240954744926,2.222663633476903,1.520159169845723,0.560474162415213,209.0,19165
SIOUX,2019,19,0.1196139395595752,0.1345903982906487,0.2577189738035007,0.7045340091427603,0.6589404283605964,0.5444323216034693,0.3059878255097408,0.0882814535268648,0.0819460689362705,0.3455060919397689,0.8433072304923528,0.8477147092708243,0.7484467037913345,0.4870761497031042,0.3244785780103466,0.3786637171982871,0.8241423466979277,2.440719080830684,2.275761573177326,1.861471462436062,0.9987793901845816,192.1,19167
SIOUX,2020,19,0.1180084832767935,0.1637017643561594,0.3104136709669365,0.7422002739949357,0.6037611551895109,0.2912208479188917,0.1589950802379472,0.0707525395055703,0.1462986332839871,0.3927675637045384,0.846963507033809,0.7791467470498883,0.3491147755003226,0.1469080648270027,0.3184407314332036,0.4837376562417544,1.014541579934571,2.576745285413884,2.075872574288671,0.9451017425835744,0.4667089151139135,201.8,19167
SIOUX,2021,19,0.1202210437249674,0.1955301811816496,0.4856239771585063,0.7023107069324088,0.6403136338735564,0.4882057373272583,0.169066316796111,0.0927970330799766,0.2191220558974083,0.636701082597102,0.796576616032996,0.8039661122436144,0.6789996077414319,0.2849304362316687,0.326601501901141,0.5992534314895086,1.648629811669376,2.432602538832583,2.20829709539897,1.657969238013211,0.5033242908880433,220.6,19167
SIOUX,2022,19,0.110068666661055,0.1406752589414373,0.4646315623232065,0.7010948175723344,0.6414595576013546,0.3836003856462307,0.1631487164248958,0.0603841734967297,0.1057844012479536,0.5945738477625916,0.841707967821131,0.7945357861704839,0.5247418721505874,0.1421195213915166,0.2902096234183817,0.4009093242099631,1.573105275046571,2.428751140273219,2.212859070767454,1.279915523630013,0.4822438995889648,196.6,19167
STORY,2019,19,0.0928689899653837,0.1220541732269979,0.4451265023991615,0.6818646921437707,0.6434647071988708,0.448105316563846,0.1387161536666784,0.0757698078872191,0.1071962838557061,0.6421532663040055,0.8348622811878931,0.8097834040261244,0.6131810744301165,0.2634452144017315,0.2286830166255948,0.3341872686227129,1.503158194328954,2.359559634511297,2.220731261155161,1.513866564142497,0.3945532434367377,189.3,19169
STORY,2020,19,0.1012802832377152,0.1686687992244872,0.4633046729226938,0.6669384517037205,0.5609862046055238,0.2706278522065841,0.1242113997040741,0.0764617902704746,0.1890562632784564,0.6353375123414287,0.8385081209065303,0.6941493023409516,0.3488072051455161,0.1218442441940709,0.2590817231988194,0.5034348262484698,1.568965544608462,2.305631925253513,1.922295162695781,0.8717802604457774,0.3420455724004279,148.4,19169
STORY,2021,19,0.1023493361833032,0.1669855552196758,0.4614184478990556,0.6672923295111092,0.5878829572918773,0.2775232681030714,0.1100343228573002,0.0734967517306007,0.1978226026530766,0.6296505123202728,0.7783111794128412,0.7762832230612002,0.4291991040669274,0.1419254449512624,0.263680937723922,0.4974358653369317,1.562694918373959,2.307607771402183,2.02024290480988,0.8973624081574187,0.2913874042582088,201.2,19169
STORY,2022,19,0.1034203783457424,0.1194824264549503,0.438751352644874,0.6772674946284037,0.6728323753473634,0.4905196235641096,0.2054932217481924,0.0639838503035201,0.093647353621101,0.5689642796832954,0.8244450416806447,0.7835187502089083,0.6545542207579791,0.2667809514392551,0.2669308314494805,0.32644195907352,1.480259912860885,2.34315183214358,2.327157682839401,1.667478565745907,0.6361787499302426,207.1,19169
TAMA,2022,19,0.1153464407426505,0.1339172037984214,0.4566585824138446,0.6994102549583997,0.6543384314092735,0.3971154195727676,0.1828019182123307,0.072656483790161,0.0941606119766398,0.5809379555078277,0.8043941774164165,0.7779231455325848,0.55635879657075,0.2493986797587355,0.3119522928781855,0.3824130564286247,1.546639888786924,2.425436563476346,2.263027614979812,1.331384444950183,0.5559368308868049,203.3,19171
TAYLOR,2020,19,0.1303259152542716,0.1765985995877757,0.3635716102031868,0.5758426817177426,0.5278346914856061,0.2446629035478799,0.1248754273882471,0.1173000667613342,0.205138491332746,0.4696267599446633,0.7563449847644728,0.6994142828806837,0.3755734145783769,0.164911838829169,0.3720908591661296,0.5396441020056513,1.215973738172461,1.983970565532774,1.810277849346188,0.78576218893908,0.3523710988391085,166.2,19173
TAYLOR,2021,19,0.1369192737677178,0.184024695427312,0.3990267833481122,0.5910227536919777,0.5609881935093902,0.2932235863334745,0.1328151395972659,0.1152322109914665,0.1880420515115039,0.5066318323538319,0.7302838837437183,0.7292167928049682,0.4345719848234924,0.181136800067881,0.3948747628890389,0.5653199821651058,1.343179648542827,2.037820752442041,1.929156047927106,0.9603836304010348,0.3800274549073321,192.0,19173
TAYLOR,2022,19,0.1324095933345268,0.1678420502088425,0.4276105661054533,0.6021478604945121,0.558363141358087,0.401498557864801,0.2094095896129396,0.0915210768277463,0.1524093524027994,0.5469092959561113,0.7611109147693754,0.6916403395296241,0.5665096700293014,0.2973333666767092,0.3790413810240866,0.5068245609470017,1.446683934681977,2.078177469087554,1.919732062862247,1.35219799908934,0.6572189798917382,172.1,19173
UNION,2020,19,0.1290244278142235,0.1596045581294919,0.3494379284802948,0.5857807233230522,0.5413571608670921,0.2620294809746092,0.127203014906068,0.1108857440092362,0.1984402181582436,0.4506358194255389,0.7560663954750183,0.7043120649878264,0.3899467525078294,0.1645523469889852,0.3670592172812765,0.4778564954784665,1.164515968119469,2.019604386378937,1.858879318896998,0.8482725105265602,0.3604703562905754,179.7,19175
UNION,2021,19,0.1384281329622116,0.1740859118587106,0.3975584191399535,0.6077127310688433,0.5741236856731246,0.3344709867739086,0.142257117726005,0.1166597211463362,0.1741474901505205,0.5097100801038387,0.7304229817700073,0.7380136216043642,0.4908358664444133,0.2009244650863543,0.4003947946044003,0.5294043970362994,1.337929816578841,2.098267951577339,1.976742677211687,1.109679449509615,0.4148178935469911,185.2,19175
UNION,2022,19,0.1307925267748677,0.1578092676937361,0.3931237286667554,0.5940624152523976,0.5330717514773335,0.3962731452244129,0.2397393993387083,0.0872725896908005,0.151560248631287,0.484493440081344,0.7447975693624627,0.6691569046517166,0.5642455587527339,0.3454544530244061,0.37335027448016,0.4704586725783645,1.321840786322399,2.049085441498778,1.828153995806362,1.333247746616069,0.7668855736928387,149.4,19175
VAN BUREN,2019,19,0.133354983037453,0.1923184683095828,0.2085632458885405,0.5350114776344477,0.5360201742100613,0.3699076643023908,0.1496260814583011,0.1374358342560554,0.1687896470072645,0.195734486013357,0.6693420839579475,0.7055013727744031,0.5357829959892134,0.2469023156208643,0.3865735291111039,0.599899737134811,0.6586795519527425,1.839765467405072,1.843409844021031,1.242417756634572,0.4454414994253441,171.0,19177
VAN BUREN,2020,19,0.1401515119731941,0.2171823730196178,0.3694658997454125,0.6056672467531007,0.5164129829413828,0.2095165834740218,0.1179822806258144,0.1492218297732965,0.2071199171455805,0.4854536564744084,0.7428256849456512,0.6566687555034472,0.3099080654783072,0.1489567549973504,0.4098620844525897,0.6885623664755967,1.239524617750371,2.094100760784026,1.771179164753387,0.660827951694163,0.3296568837756485,153.5,19177
VAN BUREN,2021,19,0.1428171352443051,0.1628717128186592,0.2825660622133638,0.5337033678441772,0.5253711467586797,0.297689111016804,0.1252914302117671,0.1328670263473934,0.1732054838438191,0.3264421046535307,0.6469079512907271,0.6848174576269934,0.4219539282595193,0.1557235387651862,0.4203586851074112,0.4929262398649686,0.9259817249249976,1.834595488495115,1.804452196316947,0.9806975942523912,0.3585102377992871,162.5,19177
VAN BUREN,2022,19,0.1664141982306057,0.1823491122704332,0.4262364984613043,0.6335629851897009,0.5366130543637008,0.2208526198412856,0.1341386339507666,0.157424687241887,0.169117114544027,0.5564642050534745,0.7517561491998288,0.669473546047525,0.3137880447547056,0.1683578847774144,0.5038070605608327,0.561337726758588,1.443784711578542,2.194066337351501,1.84310156446803,0.7006479711370517,0.3868980659714853,151.9,19177
WAPELLO,2019,19,0.1264185163236538,0.2083707121343398,0.2554283247027663,0.6051173666723428,0.607611522326519,0.2834755951454044,0.1230617623264841,0.1277206442529532,0.1879931760158727,0.2489517393492971,0.7512084494262918,0.7548822805598013,0.4444510044677422,0.1801271044988186,0.3537473891872947,0.6502667213486314,0.820581158414228,2.087785977990339,2.094741073087528,0.9241865701574644,0.343743062747171,176.5,19179
WAPELLO,2020,19,0.1351946760954152,0.2317604881927865,0.404227123479057,0.644783592982292,0.5243224567747263,0.2139568500310152,0.113664993674041,0.1254025686903851,0.2180476776483611,0.5293919841588398,0.7884491023755317,0.6630922699676632,0.3182644548188492,0.1205695001594732,0.387757323867365,0.7346806778401467,1.361115843445444,2.231448888476752,1.795621964932526,0.672717711604349,0.3098620027324394,170.6,19179
WAPELLO,2021,19,0.1257701729474902,0.163230556827574,0.3943144134804366,0.6236472381731273,0.5680069952442172,0.2327813809782261,0.1092933205892097,0.1072245207878894,0.1866708455246342,0.4893413078210857,0.7025870015147998,0.7258914296419399,0.3437130668273706,0.1189484985833025,0.3529276519032162,0.4884680231555212,1.324533636139564,2.154318243247478,1.952953929105144,0.7401068608514725,0.2941095996322832,178.0,19179
WAPELLO,2022,19,0.1288357330792439,0.1614266330696978,0.4662248448346828,0.6657199785152994,0.5305339988181683,0.2285071265899477,0.1399907879044789,0.0954130458248595,0.1547085937313891,0.6015167070905058,0.7925107532151844,0.6817413466193984,0.3245511087905944,0.1541259067360106,0.3642207082817179,0.4823789342741628,1.585436236842868,2.308049092556503,1.818226046137836,0.725027977584616,0.4046557813900795,170.8,19179
WARREN,2020,19,0.1301958219487009,0.1776116205469141,0.4249022476299271,0.581124246805717,0.5070516007199445,0.2746558262027996,0.1228611584876042,0.1082911411313803,0.2031982828478079,0.5438027356344303,0.7388745357774986,0.6629859510075756,0.4112410576531062,0.1487472503784464,0.3739013186949571,0.5475511252922796,1.440141735499936,2.005349420517796,1.737355435123489,0.8965497053661925,0.3473567814925285,168.0,19181
WARREN,2022,19,0.1273722232577808,0.1599788092535234,0.4116030950406879,0.6022047961236366,0.5426129912960128,0.3694947033975883,0.1806594199792749,0.0848868836034984,0.1403667974129841,0.5122351061833512,0.746792990262203,0.6536398265044407,0.5178899239394076,0.2377477381959362,0.3629915960463294,0.4806884854775523,1.391115325508333,2.081151370942608,1.865481608347013,1.238799088629774,0.5554893018127527,157.8,19181
WASHINGTON,2019,19,0.1360526008771274,0.2089867533509558,0.2381911287914049,0.6239862065785369,0.6108573460775971,0.3943827625034736,0.1668055781900246,0.1244616921267801,0.1939821870137123,0.2329051374840278,0.7409462834198727,0.7821716755659515,0.6042067390036902,0.2624007981624983,0.3890313700123369,0.6529021167429362,0.7585869165659077,2.154374886935938,2.106873740250286,1.323669052927232,0.5003768825603172,178.9,19183
WASHINGTON,2020,19,0.1436028657468408,0.2089659292827705,0.4564969818213318,0.6858063101702742,0.5659637862872307,0.2548744491416093,0.1326024247254331,0.1229375176583498,0.1975915301567542,0.556452257864017,0.8183685332304549,0.7152719544930553,0.3756088744466718,0.1456672229192397,0.4159197825330537,0.6524042083142505,1.547971739914529,2.377611019144693,1.94402273856956,0.8185014724151254,0.3761212143050295,185.4,19183
WASHINGTON,2022,19,0.141308113736213,0.1781220741256765,0.4791867632604634,0.6900102864805611,0.5544241303452137,0.2967609916491981,0.1744858996851128,0.1029832489201122,0.1643512763097599,0.6206796461547269,0.8115260292054659,0.6330732488473816,0.4409358158334907,0.2017582340703716,0.4078533738510896,0.5409233959947625,1.630236234109044,2.393428931091461,1.902413794599227,0.9701604661459278,0.5277568625359372,185.7,19183
WAYNE,2021,19,0.1402696359664457,0.1676322552831221,0.3696534316360803,0.6105381736587818,0.5513050461772937,0.2072186577163494,0.1156822022641809,0.1176439774420988,0.1940075873971098,0.4439935111563827,0.7727393637218645,0.7168796404996576,0.304721711279033,0.1318067163661518,0.4074642713312798,0.5064683675220546,1.237385477254025,2.109153669305303,1.894599761925425,0.649694156363735,0.3190696822845352,177.0,19185
WEBSTER,2019,19,0.0853695372975377,0.098658177233195,0.4262163887034257,0.6566223972786814,0.6414809361445534,0.503844673210265,0.1500413373993229,0.0808337264197803,0.0847051421741111,0.6317104268593037,0.829687712325692,0.821059067709056,0.6946335673353067,0.2664641214345754,0.2009866165544486,0.2490824188696391,1.434203351187832,2.267779677142258,2.212997787571938,1.715033276681745,0.434969369270679,202.9,19187
WEBSTER,2020,19,0.0870945814815241,0.1638828088419437,0.5312323586781402,0.663212272274035,0.5155408828331199,0.2057967585086974,0.1128068657595838,0.0724822676049533,0.2068999092022409,0.6897174540276667,0.8231390928271165,0.7135725371423549,0.2282418148511119,0.0746707926514663,0.2069702665122215,0.4847914238300893,1.814284388503151,2.291365475388869,1.757089568052404,0.6364475517352995,0.2999986617581152,173.1,19187
WEBSTER,2021,19,0.0889026070897473,0.152435349648166,0.5022090997973582,0.6560599332976975,0.5925446397647025,0.3235133230059833,0.1115882714553088,0.0670029554533147,0.1744231263007329,0.6796287636250012,0.7988390062401571,0.7895814216592055,0.497097982648776,0.1374282604399316,0.2136203603190789,0.4435218788520676,1.708953625624432,2.265586251072728,2.035787590554412,1.062432381907754,0.295736142913412,216.2,19187
WEBSTER,2022,19,0.0928771082146982,0.1125752012082332,0.4617225578958128,0.6823005581767156,0.63821122727782,0.414168627532873,0.1617795862684455,0.0504549017633427,0.1043118496409101,0.6231101854883868,0.8298433419900899,0.7982740315130487,0.5649625686122265,0.1671557389199236,0.2285976713482853,0.299387036778104,1.562693363285284,2.360736348041595,2.201186095764422,1.390585820713632,0.4774225728562291,201.5,19187
WINNEBAGO,2019,19,0.0888828876155442,0.0952589148200859,0.3715764651574265,0.6885936162599687,0.6566281010951291,0.3943604442276929,0.1594440924539048,0.0713904153412261,0.0733979506874255,0.5534614710322894,0.8342656125502754,0.8248525998819825,0.5809526622752698,0.2661470827698019,0.2139069309759436,0.2372025852014857,1.239768890403084,2.383633442000917,2.267981910906312,1.319097251278682,0.46916989056111,198.8,19189
WINNEBAGO,2020,19,0.0975511426737487,0.1500498027507543,0.5982211448541896,0.6978667980422214,0.6356560185124518,0.4653962966467732,0.1675214472296813,0.0686184482691343,0.1761673670988529,0.7474915954964917,0.8537010501617001,0.8104353870492315,0.6643865628726073,0.2009388851005644,0.2450632083713393,0.4349546081294087,2.05661403199562,2.416956309871362,2.191878219926329,1.575878046499786,0.4981668413087363,207.1,19189
WINNEBAGO,2021,19,0.0990145724612807,0.1393536024296155,0.4744612425440818,0.7267011242098571,0.6019661752507334,0.3344594499655254,0.1475648990019722,0.0782485664865036,0.1377525474456093,0.630069540163316,0.7702263186048071,0.7752288545953224,0.5049005022909654,0.2185046217659541,0.2498430719920684,0.3957901514901397,1.608210985925292,2.52081498240173,2.069523826137513,1.101684340642194,0.4254998552560559,197.6,19189
WINNEBAGO,2022,19,0.0952736464174425,0.1108505700686339,0.4419007887824128,0.728097673617321,0.7043647058018507,0.5957816539532862,0.2189604472427023,0.043506902050391,0.0912933947015978,0.5844000040287471,0.8463068535035921,0.8267412200042744,0.7637128578553728,0.2726088138441047,0.2370566139174313,0.2933143776482696,1.49107917925021,2.526543626793298,2.440686221313248,2.047843262954615,0.6844609584773915,217.5,19189
WINNESHIEK,2019,19,0.1361262436256983,0.1394667873714797,0.205623176204504,0.6094156592006519,0.632875973009186,0.4270271633922032,0.1789972668670906,0.0836132943284459,0.1214880930125245,0.1928252930573206,0.736254252656922,0.7911701357403876,0.6399612888664216,0.3263981394474218,0.3903771599089095,0.4048213083188079,0.6416499600630337,2.104528205539531,2.189303802543886,1.444798741358254,0.5494383524557732,200.4,19191
WINNESHIEK,2020,19,0.1160348066548022,0.1684841368814544,0.3721241367608595,0.6183395404479727,0.561937681665334,0.4219516476851847,0.1653289475826803,0.0734851287933011,0.1356379803886085,0.493565179518845,0.7839190423760873,0.737729171817086,0.5949953073800263,0.2315638025024764,0.3196414830895209,0.5094006583774576,1.245763578348598,2.136884378504079,1.932896129991773,1.426350665709225,0.4978896339678865,178.2,19191
WINNESHIEK,2021,19,0.1394089944762609,0.1580772828744375,0.3905806208258938,0.6372409183159393,0.5920096148161131,0.358934321027408,0.2344574946449091,0.1035036631576516,0.1440373298219365,0.4675681342407713,0.7704292621302086,0.7761426266712892,0.5436153722848609,0.3295240696137487,0.4037615785870343,0.4717104096372618,1.312486145124454,2.206204102014736,2.041270210019334,1.197989628891398,0.7483105821111061,199.3,19191
WINNESHIEK,2022,19,0.1098075133419576,0.1513161768809756,0.2598403206891865,0.6858091295368999,0.6188725850216676,0.4859277232429089,0.2078969422461197,0.0762423098572128,0.1102755097013536,0.2685730358228266,0.7384731362536292,0.7641491062609878,0.6516989841201606,0.3013069239897608,0.2984919932294044,0.4502837806150255,0.8411344332942502,2.384548323081366,2.141355576323665,1.659164332528468,0.6532072032553842,212.4,19191
WOODBURY,2019,19,0.116584684159271,0.1542005756157429,0.3744315242783658,0.6853843034107777,0.640056205453608,0.4906766784841667,0.2753765152379718,0.0718922623675737,0.1082626549855155,0.4724986572320291,0.814996070528999,0.8067862736983351,0.7031574541386958,0.4653910092775835,0.3161041128999912,0.4522221141794074,1.248993676267295,2.374020833105704,2.210023777316941,1.669572314376527,0.8906133282363244,218.2,19193
WOODBURY,2020,19,0.1187355728048176,0.1713019568256743,0.3506883523612791,0.6966430262531044,0.5685906268078348,0.2814149908448803,0.1557003101237217,0.0433504322746612,0.1346319172210667,0.402145517991895,0.8209434667940265,0.7533964903630664,0.3170310100604546,0.1693173290411005,0.3255889479011168,0.5141944771452684,1.163211499284343,2.414878466333735,1.951584849844519,0.9126119880108532,0.4577477193776076,191.0,19193
WOODBURY,2021,19,0.1266555635177993,0.1942882949585588,0.4721340155538325,0.6670650297564581,0.579346598803505,0.401115784858586,0.162517042232962,0.0750069557820501,0.1772876799116676,0.5749132171125626,0.7768040769383561,0.7283629074065209,0.5934532882558697,0.2869747963973683,0.3522842707376372,0.598076885080542,1.60222678240761,2.307487459886827,1.990121945734462,1.345282298650401,0.4822622938190747,206.7,19193
WOODBURY,2022,19,0.1105245671467165,0.1416201203589049,0.4212510119135548,0.6497992109687044,0.5965000800954335,0.399101932689426,0.1862074428811958,0.0429107394894759,0.0888485157067638,0.5165496886004534,0.8024279179133926,0.7577688786147752,0.5577409635077546,0.2170397143400766,0.2945743005403607,0.4067436364328713,1.418549150148245,2.245420999250926,2.052540903225115,1.338349233176268,0.5680815224589825,200.2,19193
WORTH,2019,19,0.0945357818114998,0.1043366310748363,0.3506846121511495,0.6683782560300299,0.6321439348147204,0.3728252528323281,0.1575219836042437,0.0789585644452318,0.0927268007752477,0.5644104865553409,0.8193993037260208,0.8078209669926436,0.5868795404342427,0.2862130170445082,0.2353196007547967,0.27095574562552,1.162550653499704,2.311480097697625,2.180385027007403,1.242169737908663,0.4632024314534518,196.5,19195
WORTH,2020,19,0.1039411626292577,0.1517531652623153,0.5621879847197455,0.6505790731859054,0.5985290172963607,0.4475772239780716,0.154009021686313,0.0771272878012448,0.1866624153787819,0.7363355005005141,0.8244628759991504,0.7858008906900065,0.6698392341684487,0.2015030997217406,0.2690076963934645,0.4419597343847004,1.926961325637786,2.246711698039221,2.058394242280023,1.512251178818289,0.4501214229267252,205.7,19195
WORTH,2021,19,0.1033000733877019,0.1403322977620956,0.4548290457174491,0.7004116811055532,0.5770020630234628,0.3080652697597932,0.1347584271901837,0.0829909896015011,0.1471284985276572,0.6135380171054695,0.7802643069502376,0.7678042805141047,0.4804852533412104,0.2092239097466835,0.2660342447568504,0.4000176511759832,1.537866358336382,2.426383801503121,1.979888890632532,1.00687547536917,0.3798513189523207,207.4,19195
WORTH,2022,19,0.1015416406242986,0.1140095458976887,0.4070501209626602,0.7169239583760298,0.7010376935529209,0.5365270160085052,0.1947322623246546,0.0537442948099268,0.1005157028152139,0.5389857748690743,0.8439331886998338,0.8288334282098107,0.7135047331461629,0.2374618019323841,0.2601650668148928,0.3051272039788498,1.36549507619176,2.486645245818893,2.429245108569973,1.833982940222326,0.5972398438048847,219.4,19195
WRIGHT,2019,19,0.0893967825048459,0.0967347991600555,0.3936428486166802,0.679157354152686,0.6698005792461558,0.4911813803184155,0.1604639723165393,0.0763910735418653,0.0745124132782917,0.6134899345586381,0.8487546571117917,0.8507277570895351,0.6814865998856532,0.2961904151185868,0.2145591215136929,0.2411188275077984,1.315632074950785,2.348313983846048,2.31445975033366,1.668215943175666,0.4716810234240265,197.0,19197
WRIGHT,2020,19,0.090300294444247,0.1524400664142414,0.6580158593734928,0.6811770291482988,0.5579321944070667,0.2702859295637619,0.1188173592904139,0.0699737019753827,0.2019319050370761,0.8184569801543247,0.8404381560073689,0.7525398626210598,0.3347240635502271,0.1028057043284383,0.2175536643962348,0.4423662460697131,2.272049617167146,2.355336858752549,1.909437775915041,0.8687326155430396,0.3207193282940681,186.0,19197
WRIGHT,2021,19,0.0947150929068323,0.1378584033068347,0.4773434534596405,0.6799158084697713,0.5755636216531415,0.2983634997655156,0.1126078575311651,0.0691631616174084,0.1518016885775369,0.6423669669925832,0.8298803992775146,0.7748506186808368,0.4724206749316628,0.1542298918693004,0.2335370330463194,0.3896290592973506,1.617885541148263,2.350793909704429,1.973246199463997,0.9703376943702772,0.2982737807663878,192.2,19197
WRIGHT,2022,19,0.0972329778393949,0.1038086198021192,0.4190388489356822,0.7200705877995138,0.6993941165284736,0.5809443575204067,0.2159913238858096,0.0544407843020755,0.0876095606355603,0.5771400018055312,0.854374525301146,0.834237414106621,0.7449991300635262,0.2545613354836624,0.2425055614720344,0.2662596185010278,1.406803785975928,2.495926375642567,2.421124499313406,1.992575236357918,0.672149408913905,209.7,19197
ALLEN,2020,20,0.1182891396073645,0.2040771670725004,0.333592934528824,0.4306886277548425,0.3065775787426125,0.1471346754965881,0.1240975407989821,0.1171679324231673,0.2367747678967067,0.3869731595598033,0.5936469443676868,0.4257936762641507,0.1848721208414075,0.1119702688315342,0.329801122529036,0.6401857182668985,1.108773282816016,1.460056750653716,1.011032013847445,0.4341672051684958,0.3508194304093162,108.3,20001
ALLEN,2021,20,0.1191579045467601,0.170706447179069,0.4515417471058946,0.5229367912111003,0.3427656324158321,0.1365471296813192,0.1229480085063974,0.1400065068531158,0.2556590497198927,0.5609941187214609,0.6713686499866396,0.454356514881466,0.1595744708385788,0.1055436480689038,0.3329551069012852,0.519561306904392,1.535521816279783,1.793829745772667,1.141969391118342,0.3958714554980163,0.3473695085386274,117.6,20001
ANDERSON,2019,20,0.1304350391722616,0.1536671110793698,0.3199917594475096,0.4857041923491529,0.3639435848381094,0.2340097740852798,0.1339491541077686,0.1223448714544603,0.1923379313608578,0.4013121052728921,0.6439472316266881,0.5792593910508085,0.3325264075669796,0.1794310724555444,0.3740381150901332,0.4581326837171389,1.059858740594911,1.659406390453906,1.218873991936757,0.7487757297379966,0.3867570608074548,111.4,20003
ANDERSON,2020,20,0.1335791483871014,0.1923285497494439,0.3275115618864631,0.4672525866608872,0.3654768362631114,0.1550782480998274,0.1348864659748907,0.1386106917538456,0.2339424765062785,0.3945463584870193,0.6574680297355344,0.5073428706046599,0.2107170540528826,0.1247723079332259,0.3834676522305748,0.5960256210914964,1.085117624382895,1.590697809411123,1.222476209316326,0.4612545077120679,0.3882007414630048,109.8,20003
ANDERSON,2021,20,0.1459186431090433,0.1479941186522523,0.3539995716430356,0.4954593146117101,0.389126854988471,0.1785076348675209,0.125288176692131,0.1687222371560923,0.1884424839260572,0.4224354053431953,0.650329161325319,0.5256294428838009,0.2167818888297429,0.1086477614156678,0.4289597919138762,0.4366773474014443,1.181798953390688,1.693600819965304,1.30888916587856,0.5468699030150453,0.3540723159112905,116.6,20003
ATCHISON,2020,20,0.1354033375882782,0.1685080509336897,0.3567494362735276,0.5691004695149124,0.472709154631138,0.1393148085199716,0.1249534220845109,0.1144523908657193,0.1786803176469425,0.4739256424113975,0.7377965341865794,0.6583859126985341,0.2028203999145204,0.1364834889438944,0.3911641568219735,0.5099745916576889,1.191031950205652,1.959314411563415,1.610574348714758,0.4043629614127622,0.352394316393644,166.2,20005
ATCHISON,2021,20,0.137363961468216,0.1743408517272338,0.413015759691172,0.5709918925074836,0.4428309451331327,0.1968428065432701,0.120080395483075,0.112915165606752,0.1641548036838854,0.5322346800149638,0.7228534412204746,0.6282663850980441,0.295805529293645,0.1097078929732785,0.3971450847537053,0.5330714081936926,1.394454731149946,1.966011280101954,1.502324995577016,0.6123407491166764,0.3363587509370438,159.5,20005
ATCHISON,2022,20,0.1320048153450546,0.1747042192369869,0.4821331994564569,0.5827896952524624,0.428342834818586,0.1730814606999874,0.1352790065230828,0.0992718463674311,0.1847216645176461,0.607480236245323,0.7385733926964715,0.5460279377165767,0.2318847725927084,0.1038184932784154,0.3776997131552119,0.532217830891078,1.644524595603785,2.008884004310628,1.449811498439166,0.5262657040375361,0.3895242459540294,145.4,20005
BARTON,2020,20,0.1032015921587505,0.1332843397839267,0.3041915135418573,0.517900174271571,0.4660133499637433,0.2066981623096405,0.1697975986312501,0.0540720610517211,0.085612019283935,0.3743868457374299,0.7190390470918849,0.6231981584033754,0.3134464767097612,0.166198011092112,0.2752632503875281,0.384107239108432,1.002454789513203,1.775647852690405,1.587925077483289,0.6497223346968304,0.5162164891623426,156.2,20009
BOURBON,2020,20,0.1141959955621016,0.1972535838973049,0.3335814105319793,0.3756160187494871,0.2970138841688242,0.1566071828976913,0.1328776518191447,0.1214367898656863,0.2421170620593479,0.3870182875389029,0.5234422775927375,0.4114037671645692,0.2098310212281392,0.1421116267584921,0.3252957351127886,0.6247063545681399,1.118473169315088,1.267129133779575,0.9867337864596714,0.4787455531074804,0.3928924500955026,96.0,20011
BOURBON,2021,20,0.120560296127582,0.1735671198795388,0.4005853675872922,0.4881959299902363,0.3087714961111318,0.1403300483924162,0.0867325816161347,0.1394512430713632,0.2620073337041704,0.4963155312527689,0.6064685534675328,0.425220792442293,0.1775029892698135,0.0196528208786999,0.3450277734030532,0.5372563053934829,1.35818497145581,1.675156989532742,1.02599838407767,0.4165862584283628,0.2193867832618374,123.2,20011
BROWN,2019,20,0.1180363878682591,0.1519608359748607,0.4593225928149589,0.5563504431366649,0.5082209181392111,0.2294456651100455,0.1224421547118586,0.0977721596444557,0.1609861194055836,0.6384869886107679,0.739275668870358,0.7316667480493201,0.318704876011775,0.1772463091885781,0.3242694150543106,0.4496479783872614,1.55904323703788,1.910089884331105,1.735955521076622,0.7315356873648031,0.3402094902449714,174.4,20013
BROWN,2020,20,0.1190246385471357,0.1671319034887215,0.4759477860995431,0.6249576983661852,0.5035330020394836,0.153502748337346,0.1274499454771755,0.0912656601478091,0.1914244344923513,0.6354006020786565,0.789274789411359,0.7188782676536429,0.2268558839839485,0.1335939712734956,0.3270519010157313,0.5010881458765862,1.618387826500369,2.157505873791814,1.718190887241585,0.4517805140483666,0.3575228448270671,191.9,20013
BROWN,2022,20,0.1251221430799048,0.1907452726540608,0.5464239860770039,0.6438357398915131,0.5587710777476824,0.186675827008664,0.1329299772489866,0.0844756815975247,0.1956458563152477,0.694428124067719,0.8062303132422083,0.6839060835077913,0.2519632129765429,0.0956048085189884,0.348754073032874,0.5863440609399073,1.873238704346996,2.225735081629366,1.918281380699537,0.5714033445026614,0.3769433821436553,196.8,20013
BUTLER,2020,20,0.1123369816165422,0.2171575556474726,0.3681048430172038,0.4668522637862348,0.2593607677239271,0.1267484117583958,0.1230391275968997,0.0978456694376417,0.2610669347901913,0.4801811459863759,0.6383806408412117,0.3508998378586868,0.1389601446881706,0.0993863738360749,0.3050192107239465,0.6842821707966534,1.230414611944828,1.587675521892409,0.8369786598943452,0.3571789958122254,0.3437675197892078,124.3,20015
BUTLER,2021,20,0.115665267839805,0.233340039546998,0.4700786986806509,0.5241369786504838,0.2997563079114512,0.1331608471193087,0.1362976409561881,0.0857979358844642,0.281334985342165,0.6061223690863684,0.6903209259963994,0.4053572740050377,0.1419362063256156,0.1428816222328171,0.3168270052003175,0.7439347347280633,1.599097853823418,1.794683757484952,0.9828700378957388,0.3801286018683711,0.391482897152409,128.0,20015
CHASE,2020,20,0.0972676766757414,0.1989035964724169,0.3432271622255319,0.4476628809983895,0.3327539507311797,0.12874125806964,0.1250087141831321,0.0727716860665845,0.26984434058895,0.4721276639697035,0.6186250203759789,0.4979005717062219,0.1654794982197717,0.1220695473348031,0.259742602766935,0.626425508736406,1.148594250331565,1.526442134601457,1.110703981723214,0.373335819397471,0.3590842459637061,135.7,20017
CHASE,2021,20,0.1032113100075196,0.2202539805206259,0.3742484316592797,0.45485893415037,0.3199838501091381,0.1378934184704837,0.113922942563013,0.0949560456766011,0.3074068298143187,0.4978179981189006,0.6096272480046544,0.4334303372800036,0.1641060480546646,0.1166185279093859,0.281925575672065,0.7069059820518793,1.262553038332938,1.554195927771139,1.066214356450014,0.4074180597300914,0.3207016785846356,148.0,20017
CHEROKEE,2019,20,0.1411098418565176,0.1995373907170074,0.4418608855721751,0.5230251470843896,0.3065899147564592,0.1689742126126287,0.1533328603122311,0.1024706245333101,0.2622943897063566,0.4709820552334153,0.6564375688660119,0.4423023060737358,0.2108363566622124,0.1617064637288869,0.4109197225820237,0.6261954240650562,1.499552768755181,1.792759005925112,1.009628647748611,0.511749470128335,0.4551489395495361,133.0,20021
CHEYENNE,2020,20,0.1069787461889118,0.1193880326932807,0.3010352080340707,0.470393942430967,0.4018273645370285,0.2637529604502734,0.1666658449975962,0.0297175129370611,0.040957067420201,0.3292220756497757,0.5956874039323578,0.538811239048468,0.3145882171086279,0.1019660825507384,0.2825653982224611,0.327461594173729,0.9846618273814676,1.597401812527128,1.349327933706832,0.8497747397209627,0.4985135560131768,115.7,20023
CHEYENNE,2021,20,0.1034368488089969,0.1093179173442907,0.2602910854521305,0.4671054498986724,0.4298148957260954,0.2598219336524228,0.1529694951286737,0.0221563254639726,0.0343477825197848,0.2575722590953506,0.5647754714297321,0.5169875871607013,0.3325754319140489,0.1312174547965976,0.2703927340294985,0.291671469241345,0.837890241841145,1.586147455821874,1.451229917855362,0.8361942390373702,0.4496093312666434,91.0,20023
CLAY,2019,20,0.1222644190764063,0.1642600361082347,0.4291777561092114,0.5106277378259987,0.4453833482143751,0.2930948645169925,0.1210748446340606,0.07919941992877,0.1522072808151651,0.5639744522511408,0.6724401859805837,0.6452806810436846,0.4414358664903361,0.1564096564883527,0.3449088644993149,0.4968490176649879,1.455346803594795,1.750008038549555,1.513938384584078,0.9629658508507942,0.3406053713163127,144.2,20027
CLAY,2020,20,0.1170563790438846,0.2270137643307328,0.3980068787498125,0.5774383043212858,0.4842208708717022,0.1705782366247313,0.1344353510504153,0.0736203117265649,0.2232330237253695,0.4986536762808603,0.739276509706093,0.6812302354276724,0.2563008639988853,0.1252818231937298,0.32262746593641,0.7204523435919838,1.33910724794865,1.988290205899066,1.651029718425622,0.5162706677200964,0.3855057077122217,159.0,20027
CLAY,2022,20,0.1220971342501489,0.1681934544632119,0.4516143625899395,0.5614573101062404,0.4238356821951218,0.1674594561544791,0.1227305582857259,0.0659386389844047,0.1582398417287356,0.5455477545783535,0.6930942574614501,0.5549721108519428,0.2042271067223761,0.0938110681902057,0.3425143762952749,0.5093559433242728,1.535097333738714,1.932934378929698,1.434286618403525,0.5066718336007606,0.3448178521047829,152.3,20027
CLOUD,2020,20,0.1120267024704563,0.2334739629596323,0.3846840680971029,0.5672222793877426,0.457903015868927,0.1689564708403203,0.1275455717184275,0.0596545119964448,0.2081921685105113,0.4767433471671314,0.73883782625622,0.6474604408654697,0.238113067417087,0.1176487435192735,0.3048867866078886,0.7438212377774719,1.291361370919501,1.951784128497061,1.556267523957937,0.5108588334599367,0.3610342910214386,154.9,20029
CLOUD,2021,20,0.132804723664297,0.1705982519644641,0.3934716650287972,0.557020677708619,0.3795342892582006,0.2080671809910654,0.1223554081724098,0.0796086830222619,0.1383806198317357,0.4801749912509179,0.6981788210347218,0.5216329116398476,0.286645623641539,0.1261379791653737,0.3819472850070428,0.5243329787076397,1.325214577200269,1.91595352220459,1.274788988265568,0.6544208715711871,0.3443159592002118,142.8,20029
CLOUD,2022,20,0.1229018828424765,0.1630366648085934,0.4070382060069707,0.5624937283449484,0.4429560934533202,0.1856306528399831,0.1163943712381996,0.0603100685014573,0.1386451899137602,0.4823932988348534,0.6983451423491909,0.5732887454789205,0.2302038757533038,0.0854866268662529,0.343545814988479,0.4888451842253341,1.372009556921073,1.934957432669179,1.501608999166675,0.5705846988806477,0.320050300223597,115.7,20029
COFFEY,2019,20,0.1146668299871993,0.1416367941522465,0.30561376318063,0.4399167739484302,0.3639092105697917,0.2341220940663521,0.1262860808042337,0.1117334672674828,0.1786321604943366,0.4051119491381424,0.599179782249507,0.556983094465571,0.340499479278482,0.1738704616318593,0.3228877839580601,0.4203464076177704,1.013725767539382,1.499637448615502,1.224645836512606,0.7550764811479516,0.3649274219313572,115.0,20031
COFFEY,2020,20,0.1261158146677026,0.1974480953190441,0.3287934794200932,0.4714265143257701,0.3528042952897797,0.1388439770617378,0.1250952427210319,0.1225474104162231,0.2463302102849104,0.421191917515203,0.6632616337108035,0.4985255633919802,0.1778268675203026,0.1099177804129846,0.356626547524897,0.6163236546551685,1.091543244712563,1.607588924680213,1.178414822420233,0.4045694201077955,0.3545634702265054,129.7,20031
COWLEY,2019,20,0.1063935601071374,0.1569116422114553,0.3962363317305698,0.3968586788819828,0.2290343051490762,0.1587681198130731,0.1392963609438727,0.0936125448729452,0.1703979366252125,0.5463546046922559,0.5381360685460488,0.3495493116356089,0.2233415567427471,0.166704134783767,0.2956958414263593,0.4784694796322741,1.344351679755642,1.346602732450702,0.7394081249310857,0.4851944563474507,0.4147489658942394,102.9,20035
COWLEY,2020,20,0.1252056731346614,0.2378546142646357,0.3798546604042364,0.4430375502354158,0.2750006596863046,0.1258061325316407,0.1196790673102028,0.1052357111328315,0.3054764244492303,0.4974815747353771,0.6096869359686279,0.3926576922710831,0.1707568321813494,0.1137003932034362,0.3574790630019532,0.7649095470701779,1.278674033726699,1.507262880508282,0.8993129003153243,0.3595104575140008,0.3373596762981493,108.0,20035
COWLEY,2021,20,0.1154658126437255,0.2123893716276849,0.4697426552241887,0.492233801057251,0.3049299595334218,0.1189473155933186,0.1145049151706033,0.1069017005100388,0.2554442079078618,0.5882326761755035,0.6179299072195107,0.4139782443877109,0.1181166836804741,0.1069421778371184,0.3237762970556795,0.6757255290201447,1.605547121501141,1.686930546324126,1.009259923982688,0.3363792177802608,0.3203093340639236,134.5,20035
CRAWFORD,2020,20,0.1345525429643989,0.193872203000549,0.3042313003456947,0.3936747482745756,0.2874487660050662,0.1620391302322691,0.1417647497302811,0.128358027564988,0.2132625529461516,0.3017590104593035,0.504389632602858,0.3617639386535726,0.1971201432166192,0.1346123151144748,0.3918973515132924,0.6053347490396166,1.006906250605337,1.326477967638092,0.9450797331960166,0.4913409797497368,0.4179955596225723,94.6,20037
CRAWFORD,2021,20,0.1391180466144735,0.1965179861133636,0.4944876751559829,0.5595954817943506,0.2922586135233893,0.1441398935160086,0.1335612753635919,0.1598119309347521,0.3114306712148338,0.6200963550502142,0.6641566069301302,0.4237779909690145,0.1641625539914497,0.0662710000418088,0.4057045179228898,0.6133874232010541,1.691344667356972,1.926903571192774,0.9596753432340056,0.4237909803157055,0.3876054020391138,128.3,20037
DECATUR,2020,20,0.1052613315764252,0.108717722866021,0.2724293886122247,0.5051313510441756,0.4421509289136522,0.2539678276958552,0.1507346473984921,0.0323713020472781,0.0288301892666187,0.3043524089882281,0.6473235215430619,0.5783174421763586,0.3125816133935447,0.0918698111626577,0.2756913808429798,0.2881969568028985,0.8805050569670291,1.722430983307536,1.49455836534315,0.8137119051371795,0.4402142588213252,91.0,20039
DICKINSON,2020,20,0.1146481882119087,0.1758260758074838,0.3075774291598591,0.4891545860714215,0.3843704977702831,0.1411585573805645,0.1229665233877053,0.073029641230514,0.174049073314327,0.3844796897582112,0.6585392204999369,0.5516291795654962,0.1877959163023385,0.1081820711254583,0.3206052487380122,0.5410475133695836,1.017685306773773,1.674628331146438,1.295522342205334,0.4155840945908836,0.3497633997379244,142.0,20041
DICKINSON,2021,20,0.129468939852318,0.1609454744695184,0.3431056874763235,0.4562595237502015,0.2967325341849023,0.1541373844177037,0.1185106802758537,0.0858892888331342,0.1768321787034204,0.4244407056880069,0.6098381678727112,0.4118789961574584,0.1885351801135734,0.1034103483423438,0.3736690712066161,0.4888625984377678,1.14660733810512,1.555997674328626,0.9788220405720524,0.4629189451768737,0.3340239961041009,132.6,20041
DONIPHAN,2020,20,0.1343796949170497,0.2226802175699452,0.4654113830279016,0.6429695818633576,0.5549342214400688,0.2298318009827011,0.1329384930674979,0.0928484354531892,0.2458070468150024,0.5819510659288675,0.8015899050600288,0.7429836656646253,0.3408913733974087,0.1554746919987794,0.3833401265352089,0.7027997124849672,1.580998556239426,2.223403880085932,1.904891922971352,0.728671513607345,0.3781115255701407,202.7,20043
DONIPHAN,2021,20,0.1324821178697905,0.1937548546468353,0.4734789677235296,0.6303184984769126,0.5465805714310835,0.2515396017190759,0.1333195330019295,0.0845395419404293,0.1806217176008249,0.5748437784520223,0.7526597629938006,0.7256662754098274,0.3746996417456931,0.1314617812297533,0.3772125475591513,0.5989564716267141,1.610940216383479,2.178385180584441,1.875420800835165,0.807963041716622,0.3812986274974543,206.7,20043
DONIPHAN,2022,20,0.135168935701208,0.1915004341247974,0.6251149196467564,0.675827276516341,0.6015870003883681,0.2661935763466377,0.1503435035394469,0.0822322815726889,0.1801521823085105,0.7336357315986752,0.806749623460484,0.7147307993722547,0.3633138806790569,0.1390352741423406,0.3862141775128593,0.5899931075463174,2.158858953254791,2.342353765529617,2.073929617191622,0.8602280098685733,0.4410739328834328,195.3,20043
DOUGLAS,2019,20,0.1176738269062964,0.1560306791509051,0.3258486209223771,0.4596590420009485,0.3918152497877957,0.1926107393313592,0.1136084992204864,0.1064422338655179,0.1882615141818626,0.441029638674248,0.6178315525664777,0.6182955276244727,0.28531303569016,0.1707495125227595,0.331942074038193,0.4707228731642027,1.0851263152086,1.569241984307628,1.323796506148302,0.6030691947925064,0.3172368662009462,124.2,20045
DOUGLAS,2020,20,0.1286442965238722,0.1587173668911804,0.333568392731587,0.5105003873927879,0.4210741218362521,0.1419236747814919,0.1281781191428783,0.1329782427048834,0.1892647490986025,0.4196164485234926,0.6874502472027492,0.5847385464256561,0.1938672819478393,0.1411428628567298,0.370539745617037,0.4793717009208478,1.111979934567908,1.752117377806676,1.428572367528539,0.4186125718216963,0.3688794908643031,148.4,20045
DOUGLAS,2021,20,0.1349286617760773,0.1524598392578786,0.3234142611691757,0.4822794983182619,0.4280742816955105,0.2002719099762883,0.1184455961322287,0.1352738072852746,0.155864510047932,0.3989434351832812,0.631958791421603,0.5970454689149921,0.2729303159690415,0.1131241558657362,0.3930330455244104,0.4563798941344014,1.074978498241986,1.649747314206698,1.45363507007395,0.6294474482914152,0.333384582056055,125.2,20045
EDWARDS,2019,20,0.1414285924200672,0.1350247905541857,0.3641800656250675,0.5731547279642606,0.5131550904463714,0.2442115110570381,0.1140714199376216,0.1121008513388133,0.0796609474118749,0.4157365019498502,0.7611582118262264,0.7109079097970485,0.352816295841651,0.1294853618676286,0.4108696447992701,0.3848417275771635,1.213927906195161,1.970037051776786,1.752914518425559,0.7799084825147364,0.3092344788370863,160.5,20047
EDWARDS,2020,20,0.1230699406678945,0.1238107904381131,0.4012864148947239,0.529348498142259,0.4670324504773278,0.2112934109342534,0.1555345289497149,0.0614875961866824,0.0806039544958606,0.4887460320322254,0.7356943712985166,0.6683818214202294,0.320236233500802,0.1406676123199431,0.3420741334873812,0.3447876448694003,1.348661496600432,1.81199099570632,1.586530851266574,0.6612670061997502,0.4595313711796785,180.6,20047
ELK,2019,20,0.1070867384039626,0.186237402010253,0.3937415407586554,0.420499177060302,0.2381247436782513,0.1469026747557552,0.1328544462147688,0.1132228700179511,0.2507283474314593,0.5725351473987593,0.5784431682925114,0.3844239427004947,0.2057735767244205,0.1708202750274562,0.3010524685928408,0.5874254188001964,1.338178093996661,1.434986859862379,0.7751519571446047,0.4451123702096499,0.3942891256836086,108.3,20049
ELLSWORTH,2019,20,0.0942360596163555,0.1238057927798502,0.2905510082473341,0.3275623603718117,0.2789958296412521,0.2070552046959263,0.105158134843679,0.0658666094741816,0.105996837422533,0.3543874458173191,0.4357186783469384,0.3874190047007788,0.2883655934054239,0.1144276756995464,0.26788803995237,0.3677338962288348,0.9705311575167914,1.104918944032618,0.9291997782180268,0.6689200418237128,0.3002645305172713,86.0,20053
ELLSWORTH,2020,20,0.0899488753103626,0.1269679243479429,0.2484251305798458,0.3920203076047738,0.3468185363235951,0.1551281024726727,0.1134246697059805,0.0536410273981939,0.0961063420885695,0.2921649937896207,0.5432015151943678,0.4826687049703011,0.2390887892349452,0.1088264237937653,0.2449209661075964,0.3783691529490537,0.8182938849541787,1.337816398724036,1.174288801959732,0.480752148702177,0.3298706847649998,122.0,20053
ELLSWORTH,2021,20,0.0985138855765263,0.135116250074877,0.2308950042827296,0.3657298602160102,0.2247749312178349,0.1511320908741304,0.1024097328804461,0.0569529107431691,0.1257772604099319,0.2716509023510403,0.4674924306831508,0.3020249445902815,0.1923950776440674,0.1043387979041364,0.2779555723496657,0.4104313473337739,0.756914332018343,1.244936660301297,0.7347715744164861,0.4683322939549869,0.2920476489896509,97.6,20053
FINNEY,2019,20,0.1120203542116107,0.1271031262983496,0.2404786691958898,0.5114532340720531,0.46039480234733,0.2977109773958934,0.1367967850169449,0.0452771686246917,0.0519078092150741,0.2331735236902607,0.6341579407285719,0.6225509604404622,0.3882461096677106,0.1197756258405407,0.2991536044972192,0.3537406184845993,0.7639176382121474,1.744302217920945,1.559573543814946,0.9709821350943492,0.3887965920088235,155.9,20055
FINNEY,2020,20,0.111109227853918,0.1135905019319121,0.315069504684465,0.4924721917994343,0.4438567329373057,0.2792322434299786,0.1682625318547551,0.036089784323441,0.0389842580048664,0.3535622518280656,0.6408301412054961,0.6003574524610303,0.3755829585616337,0.1619519353390583,0.2985599186730506,0.3075370893234773,1.036486547834072,1.6783311052469,1.502441053875571,0.906829037498328,0.5053406606049224,156.3,20055
FORD,2019,20,0.1168187692044607,0.1231770082380288,0.3469441888594962,0.5732389170512432,0.4972169791239797,0.2999640048780637,0.1205886994402,0.0647105339195892,0.0586562630127465,0.3876395354244955,0.7290828303970667,0.6613100044104058,0.3986254800077018,0.1222256242488185,0.3217402030842655,0.3440330503101021,1.153621354008793,1.972358141516692,1.697311156765464,0.9836488496030514,0.3346691771669345,185.0,20057
FORD,2020,20,0.1119664308485431,0.1153931707574454,0.4221630960583467,0.5650135813214032,0.4836739958322805,0.244229653626387,0.1580959530615084,0.047558531817725,0.0648210624640592,0.5324185762522944,0.7375099675167582,0.6625871147182094,0.3319680444797693,0.1227042351055547,0.3018282169256173,0.3142266156858238,1.424119764782757,1.940951548158265,1.646666733138097,0.7803571030371862,0.4687253743934527,202.7,20057
FORD,2021,20,0.1141904201554623,0.1651688912940396,0.3712309329832595,0.5998027375427677,0.5373247669561726,0.2525911705545038,0.1342815201632758,0.0491386795249902,0.1251112960774835,0.4606394498976678,0.7182822996758498,0.688724484568573,0.3320242073809507,0.1086474307427044,0.3110117498315087,0.4954394143254491,1.240988367540791,2.06796937708835,1.841920694057775,0.8117491563009944,0.3836993709692588,213.5,20057
FRANKLIN,2019,20,0.1176305694508974,0.1516269084826139,0.2885092707522447,0.4341774333024505,0.4012184804461705,0.2740288086570365,0.1237791476433755,0.1133033238881583,0.1875946705078599,0.3635895293096751,0.5782198713228686,0.6109319715345229,0.3853441505070374,0.1827336812880307,0.3343191906839519,0.4579638938540571,0.9525676954672182,1.479593441299732,1.360343372018463,0.90017684909414,0.3565740294985527,118.1,20059
FRANKLIN,2020,20,0.1273459540215044,0.1813602622142642,0.3518432977181701,0.4840242555980251,0.4092724930732284,0.146110786963414,0.1273871901942303,0.1383252755882523,0.2382982177929972,0.4440583042258428,0.6672872999244605,0.5629269989642403,0.1935726969607123,0.1251167226761235,0.3640619295688291,0.5594964444978445,1.176302856529876,1.654529613674798,1.384080819851964,0.4319640487512007,0.3642228188852001,139.1,20059
GEARY,2020,20,0.1001270121529642,0.2027321271150122,0.3599830997799159,0.533329023109613,0.4188272244984896,0.1430099850093539,0.1257579911761203,0.0573602044430134,0.2101299316415016,0.4598293399042654,0.6902477199751127,0.6037672872159318,0.1968839195487995,0.1233931087909064,0.2697957299463625,0.636271440824505,1.205217511929606,1.832380581031604,1.418109161481262,0.4202864899710568,0.3577916702152756,165.1,20061
GOVE,2020,20,0.1066821905420794,0.1042952729578819,0.310154685712905,0.5218726048917883,0.4362233116660036,0.2504208689031166,0.150166566195116,0.0280158866331022,0.0198360132218428,0.3446790992119327,0.6767226429485204,0.5809058581383565,0.3421750737021181,0.1238390305672611,0.2790615209461816,0.2704257821350182,1.015224943430344,1.781221041463459,1.471341426180991,0.7991081882648795,0.4363881210673274,101.0,20063
GOVE,2021,20,0.1040741049734551,0.125891677314066,0.2139927052488197,0.4640345763599442,0.3924710194724504,0.2183920595272223,0.1201686520378068,0.0199299774915236,0.0487706015078763,0.1944395829354903,0.6051007384136508,0.4569334314233869,0.2607526579932046,0.0883947918034194,0.2702830869589155,0.3493343038844694,0.6679684214534131,1.572620010336079,1.313703338772285,0.6838855454092947,0.3285136643105843,97.3,20063
GRAHAM,2020,20,0.1035365503675787,0.1105301136168141,0.2822195945036702,0.5240933765859819,0.4677173166332867,0.2591589864482649,0.1501874293916014,0.0308934592250305,0.0347963285320036,0.2993688531778252,0.6932122637313083,0.6057191264412471,0.3374819835153944,0.1341693289478855,0.2708975463523203,0.2962002581880585,0.917372800036696,1.792472143610515,1.588503558701654,0.8339395200922486,0.4396804266612384,107.4,20065
GRAHAM,2021,20,0.0993092514396333,0.1316012113470188,0.1986894563696413,0.4485205222201145,0.4265353528437927,0.2321352901518759,0.1334911368254393,0.0246203008062154,0.0732070521114538,0.1723055428601907,0.5668513511932446,0.5296833054620245,0.2919586335877013,0.1341557442005618,0.2580516447221531,0.3749528367368099,0.6176092900465309,1.521498086293543,1.441955743490008,0.7386163166706632,0.3817217699356092,112.3,20065
GRANT,2019,20,0.111467259822165,0.1145568667144085,0.240488303257536,0.5130315765552419,0.4431204517523326,0.2889145706729296,0.1340467512785418,0.0486020180605325,0.0390736277743018,0.2435492888322941,0.6372084116626443,0.5975942471450043,0.3675562014263964,0.1097627622804344,0.2981321195620384,0.3093237407024468,0.7649396574659633,1.750998748036155,1.498059392562585,0.9401416701566426,0.3798341224059643,135.0,20067
GRANT,2020,20,0.1143827788102759,0.11282250398191,0.3262716795074974,0.4702046659535646,0.4265554210792918,0.2566396394865097,0.1526858286716593,0.0519770812069137,0.044435981069079,0.3989193114626262,0.6211711432016462,0.5939194356671245,0.3454351462182918,0.1322970208827472,0.3140694384177837,0.3084294184144007,1.080687401346306,1.601435751179441,1.443512844297119,0.8287575464944641,0.4526525764196071,174.7,20067
GRANT,2021,20,0.1190517394976374,0.1277118421061366,0.2009075962737241,0.5450118320724131,0.511727941401369,0.2856293895526255,0.1241018681699413,0.0571377631304391,0.0653300269030821,0.1858318442382364,0.6619511765075036,0.6220022071013357,0.3772123429894686,0.0858132350738982,0.3295850350309873,0.3616257614508644,0.6258657331037457,1.870709993333277,1.750289165922361,0.9322654249622832,0.3487082506606469,232.7,20067
GRAY,2020,20,0.1187250025683605,0.1224677177277634,0.3824470303497043,0.5436750891331624,0.4672318700629075,0.2734482268629988,0.1666848272308413,0.0539076685338857,0.0591449877911436,0.4527148158800174,0.7022626589994655,0.6508035292689917,0.3717407448905571,0.1370867589186997,0.3259092020840448,0.3394503455307675,1.280055498596951,1.863378615275513,1.586807048679328,0.8856978275820476,0.4994278477129001,189.0,20069
GRAY,2021,20,0.1336871190451294,0.1546274113283033,0.2898283887457556,0.5559017892246219,0.5049502584559048,0.2583756644494507,0.1399709468360641,0.0778525787379625,0.106978611030344,0.3124121937888678,0.6860102844390158,0.6343312980766584,0.3233660736932874,0.1046137386505805,0.381439039919626,0.4583293891393364,0.9463585458659912,1.909012911961416,1.724670558173923,0.8325634523322176,0.4041736004891169,213.8,20069
GREELEY,2019,20,0.0996071982426413,0.1136634501725025,0.1790582080376263,0.4643943767161944,0.4254484685517543,0.2461421399585661,0.127091090752358,0.0303976466021749,0.0312077790811288,0.1256555456300893,0.5766284667034013,0.6074231133622394,0.2885094743128019,0.0838093184569072,0.2555179248649309,0.3064364614464483,0.542976849447517,1.575323065324645,1.434810874988786,0.785677176439976,0.3549598191094141,98.0,20071
GREELEY,2020,20,0.1030739193103418,0.0975344767091802,0.1969065640726385,0.4010056439533652,0.3247415430397722,0.173381824733272,0.1292612309427811,0.025341184465498,0.0174505730517814,0.1748964593939601,0.5099748267459626,0.4068887262574494,0.1731877251914595,0.0738830918013527,0.2715599287655721,0.2516831599350044,0.611051403846233,1.349481977851991,1.073558460746598,0.5259389999136754,0.3663106915796847,49.9,20071
GREELEY,2021,20,0.1020333180811454,0.1104967335646351,0.2293808853910878,0.4730014604493447,0.4113676009091844,0.1991348853818767,0.115299592642644,0.0169946657466115,0.026189044118578,0.2306805241680089,0.6109065715224434,0.4624239724814438,0.2126401727304645,0.0521674745449344,0.2650517479677176,0.2956715975705952,0.7257937679556432,1.607222686750299,1.384249985304435,0.6163738832392419,0.3132038999212649,77.0,20071
HAMILTON,2019,20,0.1121594150746395,0.1078181871484843,0.1736506577885758,0.3991521718090084,0.3932458787313715,0.2327926043882089,0.1230315232125395,0.0512061706522016,0.0323816880823797,0.1260065902394548,0.4835767529314004,0.558474566067095,0.2655348705648107,0.0754778570347756,0.3043429013399057,0.2888773678744423,0.5268182174789285,1.342682695204858,1.321310925117306,0.7407923284203465,0.3436781885828263,98.3,20075
HARVEY,2019,20,0.1145948238975888,0.1678404457595146,0.4089854271929244,0.4634501642574268,0.3424945592862388,0.2112812827730613,0.1231286358392282,0.0832461949361948,0.1667413219252714,0.555007788407337,0.6313986515050352,0.5094297559906139,0.2866419791590078,0.1221305896582172,0.3140045526237768,0.5066461039540575,1.37911151998138,1.576165236374172,1.138547651074919,0.6638149240800288,0.344880421555428,109.2,20079
HARVEY,2020,20,0.1149732048892995,0.2141514306195168,0.3603911333671841,0.4984245813508733,0.2930177952000311,0.1376068442399999,0.1201680935145799,0.0977133811964101,0.2400740404802034,0.4748235617267785,0.6732582434064223,0.3936957044792366,0.1502503683458129,0.0890482070490555,0.3132090496033004,0.672042183462741,1.201138289631976,1.700542570076836,0.9573816296193614,0.3951039248226317,0.3320114089214087,137.3,20079
HARVEY,2021,20,0.1225922270038051,0.2335170637412708,0.4476957970231237,0.5303871667670584,0.3339581201955672,0.1534203877782615,0.1255248041160303,0.0786132325605705,0.3139094687128642,0.5791545758868413,0.6928480890713647,0.457070397139988,0.1862502917947165,0.1151523694367241,0.3400780902218743,0.7418959724521463,1.516302461613614,1.815477021998116,1.104797901935341,0.4516114236636065,0.3506880267963936,151.3,20079
HASKELL,2019,20,0.1112750958057501,0.1277915237741394,0.2954065308518942,0.5700781486840917,0.4936713764127538,0.2893552010357877,0.1243698386350399,0.0449197015617863,0.0588485101147699,0.3259044353862839,0.7074006240522175,0.6433306658718495,0.3648564206158015,0.0969241955670947,0.2963007426920793,0.3560440209394658,0.9624725585243864,1.956234469716321,1.679794874538155,0.9405789820003516,0.3436618060837889,178.2,20081
HASKELL,2020,20,0.1032999656274721,0.1108546591986181,0.4024132337608227,0.5547582084431414,0.4745380217446258,0.2741332085143344,0.1630852748404131,0.0329746136759728,0.0436037894494407,0.4831884808151624,0.7078240566828455,0.6486367532693611,0.3700287590704436,0.1366747765962823,0.2694046486943523,0.2967374744429299,1.351599347508854,1.902780755424948,1.612544034763562,0.8874794341675729,0.485708025749315,185.8,20081
HASKELL,2021,20,0.1082597116509413,0.1496730632805664,0.2890181154482581,0.5940209006859757,0.5457462332973138,0.2770904171903692,0.1487246894170161,0.0379286794108835,0.0964594224496527,0.2989044186064735,0.7297128462901575,0.6717933595788749,0.3503530478018715,0.1137066643617221,0.2864036308594707,0.4364710617085178,0.9403817927378936,2.043886592146415,1.869229193252773,0.8972324536669176,0.4320140048029756,235.5,20081
HODGEMAN,2020,20,0.1018841052669366,0.1204209529753922,0.3028854411924413,0.529325652686482,0.4948052854781924,0.2345835941534665,0.1470989807001408,0.0377233064227252,0.055571527943479,0.3512990533765072,0.6981512316075377,0.640978816213841,0.3030102365913714,0.1163621046217557,0.268177761764205,0.3352450987284625,0.9954016170977542,1.81466125642882,1.689767613723599,0.7482855345107302,0.4317662030366052,157.0,20083
JACKSON,2019,20,0.1163451357164288,0.1643619544647351,0.3176543860706372,0.4528395606325679,0.4261779138994322,0.2626258573324753,0.1149671303711607,0.1093608502658554,0.1970006251832521,0.4533137598328327,0.6338552941436445,0.6327107849358402,0.3901985898432922,0.1757912988839046,0.3276406764588249,0.502498889268039,1.055978728034837,1.54508133889535,1.448619059287597,0.8570082656212076,0.3226556861363392,137.1,20085
JACKSON,2020,20,0.1219540180627634,0.1455848952495834,0.3489924361537125,0.5177970553406601,0.4115879278586748,0.1255383192878581,0.1187618503936147,0.121537251028582,0.1571378870249342,0.482645025433972,0.6933620498103138,0.6047306588805538,0.1748743692272524,0.1352960609948991,0.3434221764675849,0.4309985847392516,1.166927095677657,1.777661402845929,1.393396755653529,0.3588355439418904,0.333952836397619,151.7,20085
JEFFERSON,2019,20,0.1227738448685913,0.1555773575938127,0.3333563303561275,0.5078213886339811,0.4510947261454903,0.2397717842011263,0.1216118549352708,0.1137436571676275,0.1908154653256394,0.4507202301123476,0.6801640125232756,0.6766879529428529,0.3618367624954568,0.18074977109732,0.3467993210348062,0.4655807278604117,1.108675761012588,1.73987728724207,1.534669606213879,0.7701078089522003,0.3425961348039396,144.8,20087
JEFFERSON,2020,20,0.1444141168707151,0.1687803592733777,0.3669884465717977,0.5525075562580753,0.4546419157926185,0.1531395465389879,0.134900552996929,0.139263352979415,0.1878014633508395,0.4784925767416156,0.724270891014904,0.6360604678968,0.210812213935354,0.1619286871213253,0.4226556638630446,0.5116240027843564,1.228741836308768,1.899949235594916,1.545872163597694,0.4551432771338988,0.3890478811949271,162.9,20087
JEFFERSON,2021,20,0.1435785438836794,0.1729699614230574,0.4007952525544556,0.5486128512520776,0.4390897645247223,0.1950580100168699,0.1196390461310933,0.1345010530482766,0.1722025148027739,0.5182990662634074,0.7005505518294892,0.6260535495433369,0.2817457011303141,0.1005201071866703,0.4208075980089867,0.5264765167766884,1.351420826677406,1.88622478059124,1.489970410632898,0.6070634160351065,0.3335978889344468,163.1,20087
JEWELL,2020,20,0.1125979289956684,0.1417936822638164,0.3405422710258114,0.5645375345643913,0.5226814111216582,0.2312251584135348,0.1341466478777502,0.0585972764328026,0.0856393013701597,0.4042636547960569,0.7404979528856905,0.7137056832769174,0.3362693598809083,0.1546388439078997,0.3068332413259829,0.4119487057091622,1.131535978409949,1.941951727660564,1.790515506809837,0.7360255622065208,0.3847967333933834,153.7,20089
KINGMAN,2019,20,0.1251230099557798,0.1247473753719702,0.37929609766438,0.476285674728987,0.3777415703300163,0.1898513548739366,0.1125366684992163,0.0933680753054827,0.0896447374185043,0.4863638994793727,0.6051607195948503,0.5054085801312779,0.2330555858407006,0.1139846934087813,0.3628766372152832,0.3605532765437657,1.281511337600309,1.632416921237384,1.27587959180722,0.5960916438228779,0.316376312266415,135.4,20095
KINGMAN,2020,20,0.1458966979529795,0.1757028544804345,0.3925864500837012,0.5096367161628812,0.3717912520723695,0.1349581529347735,0.1296336910290512,0.1251251562727294,0.1753958787575511,0.5013256336296991,0.6661059929800139,0.5108301328251562,0.165941502503654,0.1103556028775928,0.4335096464239136,0.5413490438779596,1.326033892770573,1.749520314177015,1.250796866365575,0.3939347136857586,0.3746708105108531,120.5,20095
KINGMAN,2021,20,0.1322739536659291,0.1408401680275438,0.3921670242087309,0.4902265201178922,0.3629518847440751,0.1631355127791442,0.1086683512652312,0.096994391721886,0.1112140323806274,0.4705631162197037,0.5938700019379777,0.4647621292415538,0.1964890981616791,0.0826509464755275,0.3858197986828049,0.4173147569398214,1.326111362106368,1.680893192165677,1.2204129090623,0.4974709968725453,0.3004178673228048,168.2,20095
KIOWA,2020,20,0.140608755857603,0.1279628895277479,0.4130778642299779,0.5537236137614677,0.472544663301483,0.2146951921781321,0.1508053267198776,0.0815204497245842,0.0913640001841731,0.5102867544627291,0.7528019519819603,0.6802956681326182,0.329993351291127,0.1381364477266938,0.4068239092086427,0.3610734647763873,1.392618783440468,1.901474617536922,1.607769662197873,0.6748702756736019,0.4437167424456351,192.3,20097
LABETTE,2020,20,0.1389712614352695,0.17825024380145,0.2679322408719229,0.3836213335641366,0.3045632906417711,0.163287448724907,0.133775060435478,0.1342920523142261,0.182703419327921,0.2695332642549262,0.4960019569883501,0.408482194143364,0.2203131071547682,0.1376839463540149,0.4097632147342517,0.5518731400864071,0.8762982392442806,1.296368061167162,1.008889631311522,0.49775153705877,0.390978439271539,80.9,20099
LABETTE,2021,20,0.134241728679515,0.1951972327052854,0.392615913952542,0.4939112447755562,0.3022072625019327,0.1410479592586969,0.1108419708293327,0.1634034333610832,0.2595418535900554,0.4769576855308411,0.6117858903464987,0.4094199855487923,0.1448956612630638,0.0887965880375411,0.3901826650665119,0.6151020702444234,1.324987112931146,1.691540462222878,0.997889999597642,0.4148146099991686,0.3054309535400005,128.5,20099
LANE,2020,20,0.110873100764217,0.1124711729821951,0.2964563073049833,0.4935799535383714,0.4464422861194091,0.2299236540978256,0.1430626435901201,0.0360376439769497,0.037466304987367,0.3188824422992794,0.6302182198976869,0.5797424880298219,0.2831943014375934,0.0990852377629964,0.2978178738495975,0.303599699134245,0.9692577758445754,1.682451267186482,1.511907186464676,0.7285427758105868,0.4142796397937138,121.7,20101
LANE,2021,20,0.099812563989041,0.1337584975793612,0.2164870018537302,0.4815123679182337,0.3864006598412078,0.1897568206015435,0.1136414831965365,0.0387129708769748,0.0605866675270739,0.2048846946616467,0.6004463755088082,0.4523804203677438,0.1961447217845398,0.0691227276790648,0.2589372924013257,0.3817503837267558,0.6810609792620811,1.639921053401452,1.295813608392548,0.5843561980234504,0.3089709072921347,97.0,20101
LEAVENWORTH,2019,20,0.119087736558786,0.1476665480700112,0.2589152883740808,0.4153144075700237,0.3880774308385959,0.2004690408175428,0.1181770544406774,0.1068815936352165,0.182150677672817,0.3293764183379351,0.5596675095222833,0.5890596507700003,0.311143639814651,0.1857432791947621,0.3456487624723654,0.4490552387277712,0.851551718938797,1.417403914697672,1.318836353516452,0.6400645320435548,0.3423624892066642,120.8,20103
LEAVENWORTH,2020,20,0.1518165631292895,0.1539859616110936,0.2779650197381469,0.4615965341835036,0.4292335106257974,0.1788010370923351,0.1283173606834879,0.1652666191612253,0.1768107480853863,0.3522379020397368,0.6386754160947397,0.5860783195751195,0.2667486824649642,0.1718283858324139,0.4609256399251147,0.4687875261432355,0.9173540645534912,1.581696614731584,1.464635958917088,0.5585722463684416,0.3759223863891257,147.2,20103
LEAVENWORTH,2021,20,0.1456131909246626,0.1469390607717571,0.292628338502256,0.4588170770973028,0.4387986400520268,0.2183286932589975,0.1118014941610571,0.1570409764761489,0.1438362172210334,0.363284602163202,0.6045629286259027,0.603723760689284,0.3153379401738815,0.1244853445863409,0.4361363388701449,0.4409497954658465,0.968031504037122,1.569297850369469,1.496872317223751,0.699214313398675,0.3138988089016063,142.1,20103
LINCOLN,2019,20,0.0864911576673295,0.1154015324905064,0.1871291942979778,0.2655160386148926,0.3069635260630171,0.2571211819023368,0.1505958522869269,0.0763319351300104,0.0971845064382391,0.2266682563800948,0.3482810391579018,0.4221364892524246,0.3711708199535907,0.2360757347286765,0.2571060052818296,0.3459781588438938,0.6250487523851805,0.8890573390891271,1.039011146553578,0.858688667482093,0.4732839893819355,98.2,20105
LINN,2020,20,0.1191639070698327,0.184408271011675,0.3502558028943288,0.443806039181952,0.3886430365012158,0.1450247580275577,0.1259630065460402,0.1304436891226141,0.2446674241121014,0.4427130575299212,0.6253294295075221,0.5443525342213265,0.2018701538618791,0.1367853522305316,0.3379698611059494,0.5712351855426309,1.173872850116229,1.509929194731065,1.312968120619104,0.4315587936941428,0.3625932674020452,128.3,20107
LOGAN,2020,20,0.1117015765625064,0.1031396298699029,0.2064215555249416,0.4354894133821624,0.3924695145186892,0.2545080579629797,0.1495147450067073,0.0218461557329588,0.0137111550007875,0.1745003964402887,0.576469081674673,0.4969379430284534,0.3212110825043976,0.1065944562855469,0.2955370035384392,0.2645599369236063,0.6382329550666774,1.467001433579053,1.311355502034729,0.81221095221619,0.4323451459403863,84.2,20109
LOGAN,2021,20,0.1023559427088722,0.1131963572216609,0.1842891485776,0.447055697388792,0.4449019996945845,0.2750046825173821,0.1394551767621635,0.0124197979563892,0.0303467989935183,0.150160601798247,0.575735438597971,0.5350346105378523,0.3566850917826674,0.1255752016190457,0.2625884753866462,0.3018047466523714,0.5590197953491501,1.509712322540043,1.501920004174036,0.8872311888959724,0.3974961685356448,72.4,20109
LYON,2019,20,0.1010728657018288,0.12946808787479,0.3120406669871586,0.3970399337175318,0.3316967099926037,0.195623227223853,0.1203925653224842,0.0999760910918623,0.1732940797283962,0.4478561182155437,0.5622143643159945,0.5229956667928877,0.2942216158798379,0.1764550612425903,0.2767525743880373,0.3793802308808936,1.040032463762948,1.347559675162851,1.111145945031723,0.6188317129037088,0.3466517719491573,96.1,20111
MARION,2019,20,0.1176647015963028,0.1765607504201391,0.3867486423617609,0.4167596385875469,0.3091048670773821,0.1806958774458328,0.1225215577815931,0.0911832407567454,0.1827420771595075,0.5430955557859348,0.5797909678185923,0.4837913939661501,0.2400110398931074,0.1290990745075275,0.3290962817182176,0.5421850387906795,1.302635264571929,1.411221323190652,1.02172641827316,0.557143390616093,0.3466704966106512,100.1,20115
MARION,2020,20,0.1236120673261541,0.186150917945103,0.3036963385898941,0.4599821346679643,0.310479449025796,0.131784101782785,0.1189849365276546,0.098272610798645,0.2115360208877724,0.3999278282609992,0.6342572190328305,0.442129138287758,0.147522639292436,0.0942368443864619,0.3475628879130211,0.5738070662327744,0.999086685918415,1.564526945213985,1.023627791020268,0.3771071886063904,0.3308011445469634,122.6,20115
MARION,2021,20,0.1257263721380306,0.1929171027906199,0.3668103281674855,0.4653178170520828,0.2965580055855663,0.1437924688929449,0.1248471898577235,0.0923345385403126,0.2561875972242532,0.4706982382693876,0.6293974532078329,0.3984949159374609,0.1599107969297675,0.1142018972426399,0.3547475574455317,0.5985761101075113,1.226987681420221,1.583388714938281,0.972815048062216,0.4201103761589718,0.3515663564682613,110.6,20115
MARSHALL,2019,20,0.1155885270449347,0.1426255712990587,0.3965167168781302,0.4919481871213969,0.4477981505943663,0.3348354146776171,0.1105900888312987,0.0816250081415119,0.1461425886631538,0.5541862695553749,0.6704364310990397,0.6572469640834648,0.5041072983372314,0.1529246684776172,0.3198547016825059,0.4196381600900939,1.33625200122968,1.681521867997011,1.521786090692338,1.114694430981176,0.3017704742118071,140.7,20117
MARSHALL,2022,20,0.1153420556695613,0.1842876726650396,0.4335065823615576,0.5683511656622399,0.4385499111473745,0.1528530361507605,0.1164480941621137,0.0620318173169861,0.175851082929331,0.5602801540009004,0.7081774192636403,0.5595225519188404,0.1676145492373379,0.0691586690256165,0.3166068986400872,0.5666543276298607,1.46780548159588,1.956262978966279,1.486047340613444,0.4523239779919789,0.3206164003124707,153.8,20117
MEADE,2020,20,0.1107529614566543,0.1293214706481861,0.5098703294191387,0.6135678988830434,0.5178942007242078,0.2559188788986505,0.1653656823539458,0.0419874646802078,0.080271278418736,0.633354414483378,0.7729950349345711,0.7043688442609669,0.357833125479341,0.1227563673926939,0.2942774039465638,0.3614582702015283,1.738284041234837,2.113461216797249,1.767314407616546,0.8194876932517172,0.4918662281529601,201.5,20119
MEADE,2021,20,0.1147184979549248,0.1768077711996818,0.349808662472909,0.6467572350861699,0.59166103809463,0.2843346449103595,0.1412051713887115,0.0490992905241986,0.1451637909958891,0.4097810614202128,0.7799392197850732,0.7293571563311798,0.3666238055910444,0.0914348020683901,0.3095087181357695,0.5349670801243358,1.160049538358586,2.234425316716079,2.035087170654515,0.923180006799882,0.4053366004671719,240.7,20119
MIAMI,2019,20,0.1308484851398037,0.1586211901467992,0.3044290222450559,0.4473775079512615,0.4180571138039947,0.2786079523837432,0.1270616622437906,0.1357380329785074,0.2010744041156967,0.3916114381325097,0.5968049735421433,0.6268045975863863,0.3869559172743064,0.1924309441385267,0.3849026490836744,0.4862369185196525,1.012941976858441,1.530103199399921,1.424216964768375,0.919489660878598,0.3712069285583871,130.5,20121
MIAMI,2020,20,0.1553752027832813,0.1572430010213609,0.3280644106609007,0.4704054093614446,0.433179818369138,0.1755774553525044,0.1425182345314866,0.1715100411838927,0.198487617020438,0.4220445997722284,0.6343288288399203,0.5953527206766892,0.2639213467733718,0.1670254375007654,0.4697141713419231,0.4766388691736377,1.094538738432904,1.609545613333834,1.474829985754264,0.5428232509284932,0.4232163511952783,136.8,20121
MITCHELL,2019,20,0.1532748099002533,0.1383135364562092,0.1657614558019844,0.4364811866643645,0.4290840113523806,0.2783017549483777,0.1364715930218801,0.1571157213506921,0.1100479794333696,0.1827719516590698,0.5778847222791561,0.5858695350022636,0.4067418650974483,0.1974521727362195,0.4794124787595203,0.4094380376952179,0.5320480648336408,1.488060074624645,1.461444896155714,0.915915269136582,0.4027755465287732,132.5,20123
MITCHELL,2020,20,0.1021609355939174,0.1065377438683227,0.2743216118545953,0.5271552517686445,0.4945248593494865,0.2289732028981684,0.1357040384926905,0.0441966560367587,0.0530977781822162,0.3173298277884973,0.7370733070521551,0.6773767325843782,0.3486550068949568,0.1542615097041659,0.2728495763712128,0.3023879617257504,0.8957276319133057,1.81048834814671,1.692423935383086,0.7316576895939076,0.3942102055231861,150.3,20123
MITCHELL,2021,20,0.1088105232517237,0.1221598541430842,0.257549537334216,0.3923087483624634,0.3242385001309784,0.2139385729460002,0.12172943316718,0.0575046952712261,0.113870899868636,0.3044694184523133,0.4599419315173571,0.4440344207147912,0.3089016112750088,0.1609189102980999,0.3047776034058543,0.3776057467805992,0.8429325509713379,1.354442126192219,1.084213498524136,0.68514761633859,0.3515358077910904,121.3,20123
MONTGOMERY,2019,20,0.1099732654862465,0.1756146882289373,0.3930225246158982,0.451727447188591,0.2606087090719357,0.1591880285726966,0.1416475460691729,0.1017357701852065,0.2291583251874547,0.5305007584204126,0.6043561952208074,0.3932251918676914,0.2107290952783489,0.1703170487614122,0.3043384037888562,0.5418098564733034,1.328404144422539,1.540804526319877,0.8493356158068407,0.4823971284534479,0.4189370456261435,112.7,20125
MONTGOMERY,2020,20,0.1306626656883944,0.2016279263767647,0.3200508083412148,0.4233280096471757,0.2474107172312497,0.1506948971255131,0.1307822516499135,0.1120083128424767,0.2351800765742906,0.3650885439615554,0.5826752131553329,0.340763847791286,0.1788955825848803,0.1331337933404744,0.3792095983859683,0.6359651579636176,1.064419144910995,1.438043400741338,0.8016071106001423,0.4516891247097639,0.3796455068018721,105.6,20125
MORRIS,2019,20,0.1236341129325303,0.1681988913767049,0.3347022585654229,0.4304070876275956,0.3538669502317221,0.2354453154415243,0.1205801650252867,0.1158396081823813,0.1815926158531395,0.4693414447899443,0.5811606010398254,0.5411455955535046,0.3447297370596917,0.165250701947648,0.3558154921270239,0.5170452160024888,1.119450852201312,1.465717070734053,1.188794689245756,0.7603425729297978,0.3447675854636841,101.0,20127
MORRIS,2020,20,0.1252498881140902,0.1578886618039804,0.262505768961808,0.4607429526658391,0.3810366422104383,0.1426835930697669,0.1231769838949327,0.1119290209641266,0.1736553469265607,0.3291564846653094,0.6208833511302573,0.5605924492355963,0.1753487057902382,0.1237032201228696,0.3610982728698647,0.4775765132438208,0.8560806055223947,1.573301181922902,1.284922662408448,0.4230218080219155,0.3519893116138268,143.3,20127
MORRIS,2021,20,0.1290291609418082,0.1522145674473133,0.3299416219136227,0.4507064842999493,0.3156749857341936,0.1515729756958962,0.1207534780220356,0.1090516872354145,0.1724058921668469,0.4011819365250391,0.604671603096846,0.427977281382765,0.1830436450374034,0.1107994319443226,0.3717543864912162,0.4559032471284724,1.098657730290959,1.53558564914449,1.047041206718657,0.4533196099159982,0.3420938507740497,121.0,20127
MORTON,2019,20,0.1046075912644719,0.107286761255177,0.2194545699358197,0.4379519644249925,0.3988713534801645,0.2661380918714783,0.1274152451299769,0.039506654508116,0.0376877383050201,0.2150446745706005,0.5519506774240714,0.5246817791817912,0.3210995553779327,0.0981782805074899,0.2759995664150285,0.2856914806094713,0.6915145934067889,1.482038166668626,1.340649242030713,0.8604179218473637,0.3585163162592544,132.5,20129
MORTON,2020,20,0.0990451043021411,0.105749559948509,0.2809337448155207,0.4381771796937583,0.4289445841318653,0.2924496387077528,0.1637923668993091,0.0305776480059733,0.0408125995986121,0.3236723882204563,0.5594599494032267,0.5714419151805221,0.3946096267670598,0.1668787825473714,0.2623305623235368,0.2863869520956094,0.9202033329444648,1.489110080333918,1.455706549590996,0.9618678370465588,0.4963858276436073,184.7,20129
MORTON,2021,20,0.1062649797147449,0.1148418275418964,0.1657824009334046,0.4636616149210532,0.492215061301725,0.3024346832304904,0.1496298794092911,0.0368974691852223,0.0490607869650839,0.1340643735769314,0.5627860982556714,0.5743370336599085,0.3950057168531492,0.1324467687901964,0.2858824373496202,0.3168979241456062,0.5012123397444405,1.578944690204921,1.68224993653452,0.9956255143746208,0.4427788593210816,175.6,20129
NEMAHA,2020,20,0.1175510438509951,0.1626228249898774,0.4357463139637376,0.5828314117205452,0.4400352895006904,0.1265700866987715,0.123637911509175,0.0814248893525383,0.1729861272874665,0.5834881177702654,0.7440283830960607,0.6341314331433707,0.1677999566328642,0.1114057948136446,0.3240681634560177,0.4870764313510892,1.475238075444938,2.00739190187444,1.490755401190786,0.3567453500720094,0.3460298850322205,175.7,20131
NEOSHO,2019,20,0.1177640364391831,0.1666017622904259,0.3344894135628688,0.4885942248809657,0.3686407631291248,0.2159199399593171,0.138140277942006,0.112839013362338,0.2160413782587993,0.4301087317924422,0.6348622140219673,0.5435948170337334,0.3051643162052873,0.1720214559170902,0.3309582573193413,0.5076967065694334,1.115059496242261,1.67262420954409,1.238620493360966,0.6860879761361686,0.4046843920239104,110.4,20133
NEOSHO,2020,20,0.1332912582194702,0.1912223557475734,0.284228885565603,0.4331189815673207,0.3126727513651491,0.1550384191170122,0.1285088328810403,0.1322104512110416,0.208853283765424,0.3005446919984914,0.5803010108712066,0.4208931770145441,0.2015821644435672,0.13017342134783,0.3864146648915069,0.5960207452875936,0.9325180232828816,1.4712497624104,1.03542802025664,0.4651057932326206,0.3691232195564766,95.5,20133
NEOSHO,2021,20,0.1161861123949555,0.1684984224065059,0.4128364712505766,0.5003713861295843,0.3509553544564805,0.1407513675013733,0.1192049533970383,0.136584934307849,0.2781029015136236,0.5144601556024087,0.6344328827406218,0.4741998810499406,0.1601869094347031,0.1051306006982322,0.3241028180220419,0.5163749705273978,1.397396307720094,1.714097388741908,1.173509274140994,0.412989933391064,0.3352658131112072,127.2,20133
NESS,2019,20,0.1001475530247982,0.1202164035115112,0.1804419560523821,0.3796690867743271,0.3512568498219747,0.2319739677909441,0.1082478078265017,0.0487550752654387,0.0597767754462959,0.1555687975795927,0.4704844681715487,0.4600397138368812,0.2998166422499702,0.0925669888824904,0.266265057141216,0.3390591772571932,0.5569552263500613,1.277757252548987,1.174960700449852,0.7433945782164479,0.2957741983522755,84.8,20135
NESS,2020,20,0.0988527057564021,0.1017016486032817,0.2294705204921961,0.467788578255202,0.4566340193556982,0.2377290827231544,0.1471268237147602,0.0262809349753075,0.028277469503719,0.2372804213317419,0.6219125282923669,0.6007552337269024,0.3231062871464036,0.1215112444302427,0.2581531797316564,0.2684603562902264,0.7307284334457614,1.592963166432311,1.552605972333904,0.7606079115973677,0.4328089385049984,105.4,20135
NESS,2021,20,0.0909923840635208,0.1078092411335123,0.1789191335235882,0.3977180613925152,0.3337416484100225,0.1920253328528013,0.1153210784791372,0.0237290742921633,0.0510372774487881,0.1610841987355766,0.5028156390830376,0.4280012720201744,0.2311395502811847,0.096519947516154,0.2336983597099725,0.295401280760885,0.5518131181159752,1.343431057269966,1.11196149352645,0.5992291086630384,0.3217117256030444,75.4,20135
NORTON,2020,20,0.1059583842180378,0.1117238969409439,0.2532340431402243,0.518854966454703,0.4935762805648147,0.2656574761629692,0.1544708426378555,0.0291684805470728,0.0308789090714019,0.2445494194242414,0.6559054610368921,0.618969968726176,0.3272246931014233,0.1241609245840261,0.279290560979563,0.3001502183570482,0.8121339273060474,1.773150318928855,1.681692142308211,0.8570819079823341,0.4548086678884759,90.1,20137
NORTON,2021,20,0.1075983644326162,0.1315729998689998,0.187982242721203,0.4782232731909115,0.4620591588652561,0.2560732097535438,0.1426061133433441,0.0270823257922007,0.0626616903864739,0.1505177381899808,0.5917973863673305,0.5385946114356207,0.3332743682643536,0.148069613804025,0.2878237711711704,0.3745639786541532,0.5786527286290692,1.628744627865853,1.570262825400874,0.8250056496604595,0.4144818925399616,79.4,20137
NORTON,2022,20,0.1098478799373072,0.1077902926583636,0.1753294633712648,0.299310049203154,0.2743500724575882,0.1609849570879478,0.117249099305243,0.0312395618996538,0.0297904927706808,0.1351426780256346,0.3743567075385639,0.3398114041433919,0.1746211277088526,0.1018355412151483,0.2983841683800925,0.2909070451834778,0.5353984812140298,0.994912379189456,0.8939748083867283,0.4834010389095993,0.3250761317302428,50.3,20137
OSAGE,2019,20,0.1120497567893131,0.1378503616196353,0.2675177442997004,0.4106329663934546,0.3862415504288778,0.2339156874564199,0.1111194757947448,0.1103252322764446,0.194204533530602,0.3824893257309616,0.5723086569682788,0.5925665456857082,0.3507661924101867,0.1833444035279381,0.3150310924070768,0.4082625555132453,0.877496008571399,1.395272817699702,1.307055776470254,0.7559388255221513,0.3116675236506398,115.6,20139
OSAGE,2020,20,0.1157910301210913,0.1484026349540222,0.2736833887079461,0.4488187013856297,0.3825881755689602,0.1478383963753852,0.1303572600460752,0.1154540473873685,0.1864413863497853,0.3611526715835691,0.6378452931751818,0.5609759261174928,0.21074215221063,0.1499904768181112,0.325055621841643,0.4425027922812476,0.8957721369154461,1.52941176022442,1.289790308662543,0.4411994527724049,0.377218970248353,132.3,20139
OSBORNE,2020,20,0.1083194534782048,0.1112699995921194,0.2409714163326998,0.5256185895803308,0.4782479028816784,0.2298898599785512,0.1377933654120549,0.0455686721982238,0.042540156425596,0.246119724249159,0.7143545317280537,0.6301663022480448,0.3335789758425466,0.1504505428048797,0.296049270287459,0.3047602149406928,0.7759828214684086,1.805836613583164,1.634450785661308,0.7358907432938924,0.4026860035484908,110.1,20141
OTTAWA,2020,20,0.1017356098153791,0.1988497096770869,0.3152406160185754,0.5364150122521186,0.4455195462652676,0.180203136216441,0.1293276291557689,0.0500435086898285,0.1690584518876054,0.3740433950858309,0.6850800678771825,0.6137754501474014,0.2657412330599643,0.1259657722795767,0.2734691709841558,0.6248201130054214,1.045930283427322,1.846139249000275,1.517279453059853,0.5573646815032028,0.3732970969576882,163.0,20143
PAWNEE,2020,20,0.1099182224916018,0.1234218061767686,0.3227292343483525,0.548530113585264,0.5074518304700497,0.2356558661073957,0.1488671523439051,0.0532571063264808,0.0645605926572897,0.389666423955788,0.7501899710711601,0.6844152539746381,0.3513347063362543,0.1356309779438156,0.2954313342960652,0.3443363776454967,1.065381457222034,1.882327917068835,1.733708106812011,0.7503502626415263,0.4363486962452284,163.2,20145
PHILLIPS,2020,20,0.1014423269547959,0.1079481893234603,0.2348920962822115,0.5006333300095113,0.4644999263432251,0.2337076403804486,0.1405596867993528,0.0353638809899494,0.0353544231563965,0.2250134622075677,0.646420560187993,0.6066437650207519,0.2870155071135883,0.1289041584487839,0.268900315824774,0.2924369593385255,0.7517212281072654,1.713172781511402,1.582442468215596,0.7474358338490471,0.4104266815458623,93.0,20147
PHILLIPS,2021,20,0.1057871638190041,0.1326430015544707,0.1737178236554084,0.4670256061451634,0.43179455648139,0.2591997776288898,0.142169552441884,0.0341907458155534,0.0768265819998901,0.1370677184726695,0.5963964567407865,0.5359647829459472,0.3423951326659307,0.1822313317325517,0.2874211668559085,0.3848007357707784,0.5331946712044378,1.594589021855721,1.466917679511974,0.8424694828720004,0.4190538068716716,99.7,20147
PHILLIPS,2022,20,0.1104533942537244,0.1160944985089932,0.1937810078522318,0.3920969556913917,0.3814929379064479,0.2095290135544667,0.1281154704242698,0.038450019709436,0.0496293017660296,0.1649273785737899,0.4956507310717573,0.5178826699776052,0.2745110571062838,0.1474693149490152,0.3055157902578,0.326040882514493,0.6072324558266183,1.327369343423976,1.286634274856061,0.6641873498492301,0.3695904958902315,60.3,20147
POTTAWATOMIE,2019,20,0.1162850570834887,0.1564194212475679,0.4011406245050017,0.4906477811048594,0.4163507827047195,0.2223580261400306,0.1150797203812111,0.0942449383651625,0.1944071032451921,0.5594943684334299,0.6656210557114561,0.6174860138348405,0.3289822952756168,0.1462942085924839,0.3258322013302037,0.471231427451613,1.356473586380251,1.680318822996805,1.411472898404743,0.7097192030693762,0.3214726872693827,147.6,20149
PRATT,2020,20,0.1302208684071852,0.1469935282037387,0.4107128363126141,0.5392071101592629,0.4502675876862709,0.1910085190752443,0.1378831841518882,0.076860184155242,0.1304876846240842,0.5233111644046708,0.735186585824534,0.6293454340469639,0.2801422000583096,0.1106386100922751,0.3692690816566426,0.4299535817055293,1.384091274656726,1.848980553981786,1.527200021491526,0.5892009117477858,0.3969935931392251,175.0,20151
RAWLINS,2019,20,0.1117295069904942,0.1191405219596402,0.1621033501145899,0.4186675035188252,0.498470713469215,0.3728854391625183,0.1606475077004495,0.050344612873204,0.0491809834522482,0.1092035577115213,0.5266446164134245,0.6955281112953581,0.527862925824784,0.1966515750364713,0.2975262614455199,0.3244658289215436,0.4797788258685019,1.408028043027362,1.696766756073726,1.242395194385516,0.474511588014134,123.1,20153
RAWLINS,2020,20,0.1074296525450606,0.1112378215604574,0.2615172224520792,0.4391203347537406,0.3856842876037488,0.2296363634198507,0.1532103088787771,0.028995211586718,0.0261592909198233,0.2730695068470344,0.5595356742888745,0.5090299124950404,0.2688427670051599,0.0688985461327756,0.2828403333629766,0.2966183993925684,0.8403289169549973,1.482921656149937,1.289565819113538,0.7249844294161909,0.4484749640865908,74.4,20153
RAWLINS,2021,20,0.1023684992356244,0.1122396116454624,0.2062423137520698,0.3995405415267573,0.3641496001930916,0.1932716659922414,0.1180961557569637,0.0188866148573056,0.0361478425423849,0.1876073391000669,0.495145758369504,0.4286424521245632,0.2117282054765635,0.0767563187944437,0.2653263841232208,0.3010399878426513,0.6411407972808018,1.340496525585329,1.212449359624413,0.5942129936857435,0.3225805256480248,68.8,20153
RENO,2019,20,0.1207471175314166,0.1391667440495399,0.3769043262489918,0.4715049110885901,0.4077886425758517,0.2503380390659947,0.1207463858581636,0.0836107763860264,0.1206842848118931,0.4782590241108808,0.6070534652035687,0.5477214356174407,0.3309994767194523,0.1340056902871663,0.3422945580096668,0.4104550423712284,1.270531864081845,1.612864764890314,1.382340145217844,0.81267743448936,0.3438162997878979,137.6,20155
RENO,2020,20,0.1227582637988021,0.1850760923863738,0.3761651343160501,0.524351459237948,0.3990419424724079,0.1595728470524132,0.1330811023663511,0.0883781993529574,0.1765645056009632,0.4830670796598824,0.6942477975448322,0.5580727974540866,0.2052119649636968,0.1152736698113141,0.3465469068923608,0.5720032470699647,1.263369469124106,1.799506549435296,1.346137406949299,0.4797382197197586,0.383891087445586,157.9,20155
RENO,2021,20,0.1247236943640752,0.1950304982646111,0.4170473611025097,0.5398769927050123,0.3906860967855806,0.2057709467117782,0.1205597961984159,0.0812387540985202,0.2108060453086318,0.5124628772310501,0.6508789135507973,0.5153087046368279,0.2685583173158418,0.1094754439560219,0.3551796047925851,0.6074540046761537,1.412807478385133,1.856998028498666,1.317431205120864,0.6484098118498375,0.3401146377134984,158.0,20155
REPUBLIC,2020,20,0.1115701812412727,0.1867625963828616,0.3863150211804396,0.6070175422041522,0.5103500466450314,0.2074347051575952,0.130793508940179,0.0592457968039931,0.1517278872006427,0.470345452972796,0.7855591742728358,0.7092928114470205,0.3047247811689851,0.1401781102938524,0.2998042717581481,0.571881546016988,1.293831271960608,2.092345318640346,1.74258986959722,0.6466418432700126,0.369354316181082,167.4,20157
REPUBLIC,2021,20,0.1315337232121041,0.165024607554939,0.3992735882216153,0.5378738200514495,0.4869737671132075,0.3429978320443954,0.1321934334039482,0.0739981001628313,0.1570292951565463,0.4961708965565323,0.6733736525805959,0.65755913097583,0.4330288951973493,0.182881428506279,0.3743565802244454,0.4954846198622151,1.342050589529326,1.845029124847748,1.659349973284989,1.138444954312832,0.375754707666987,159.9,20157
REPUBLIC,2022,20,0.1236060434014296,0.1526888383126412,0.3507876419515631,0.5987560784520749,0.5227205648712239,0.2510751782359394,0.1340870306231679,0.0536225824453633,0.1129264615569033,0.4169831089181078,0.753805010630056,0.6990997134278933,0.3596368504168859,0.1300855368238148,0.3433762766624738,0.4484779511794573,1.165244854563586,2.062811614177625,1.787331221758818,0.804477912133663,0.3811767354625827,158.3,20157
RICE,2020,20,0.1174144823581803,0.1632227886478341,0.331658977848879,0.4860542035712489,0.4040602899495977,0.1629688405184233,0.1321468183503086,0.0757188570645248,0.1353551265781861,0.424823212969571,0.6804410311694503,0.5700705363145125,0.2260478123043,0.1025857900110419,0.3266246003001471,0.4923552008202984,1.101766091285036,1.660368145956678,1.363714884227177,0.4914460346455346,0.3799319520866259,129.0,20159
RILEY,2019,20,0.1181408819628507,0.1579751050894758,0.3720147798582018,0.4459507649689807,0.3712335208384069,0.2579520059302169,0.1153690366383989,0.0943339212320412,0.1680727014177257,0.513037033924403,0.6033312592728296,0.5678127939892597,0.3947941733455945,0.1491086632683853,0.3376190669484825,0.4817363955420457,1.256116642536856,1.523631877104195,1.253299676238003,0.8434319018969463,0.3275914858669924,147.9,20161
RILEY,2020,20,0.1156893170457206,0.2110241381683112,0.3826110141074392,0.5266947823797478,0.4061781957310409,0.1375059272155232,0.1265147557581441,0.0699270667598119,0.2301116760867194,0.5099172853956383,0.6959684385559559,0.5877906302146878,0.1776919796183993,0.1203364050292776,0.324554397441827,0.6686972400147615,1.28861630715411,1.809910186784275,1.37387596478734,0.4020511804885421,0.3620591487880254,160.7,20161
RILEY,2022,20,0.1186884929533792,0.1664832498013936,0.4295591446843837,0.5068269052656804,0.4152063326665723,0.1475648785656922,0.1186637722645231,0.0737334974158066,0.1612753418440697,0.5391457873706108,0.6398514820127374,0.5339466401997294,0.1769998300259957,0.0917372973955037,0.3351100738209234,0.5082810726070651,1.460770224112955,1.740370625458585,1.408372256414873,0.4397546556277392,0.3351471068645148,148.8,20161
ROOKS,2019,20,0.1062125739625543,0.1270510500466343,0.2345086570679472,0.4055292396397399,0.4095861705476475,0.281623915522527,0.1443102939980404,0.0582575174272643,0.0678432868748383,0.2338842960341495,0.5084913893078417,0.5541907913452775,0.3866521418786048,0.1873479870291005,0.2927708610515019,0.367894168509996,0.7566654659954778,1.375422598582109,1.390098313737148,0.92713018184304,0.4303390016032579,82.7,20163
ROOKS,2020,20,0.1048424364473404,0.1095609835670853,0.2558997000300861,0.514827483572434,0.4519299341356015,0.2071293792519643,0.1350578321212007,0.0399321111058281,0.0433064548602435,0.2627532825470633,0.6998620599067608,0.6002669993387046,0.2741559265181438,0.1185614657637051,0.2812313626735076,0.2983989336173545,0.8277554952464781,1.764553725926991,1.536993929309636,0.6513051579874395,0.3905506642215325,114.8,20163
SALINE,2020,20,0.1041728769740141,0.1663095986613728,0.318128794450786,0.4885028690193142,0.3781717435654051,0.1491525807466409,0.1197201954904378,0.0591478793775314,0.157106814629208,0.3878248942504974,0.6399374769302167,0.5199805409365926,0.1963918979912375,0.0959367795958727,0.2860068655059552,0.5108179007957552,1.060106694586062,1.676520409798164,1.27734139155041,0.4487510830723917,0.3422647132154466,151.1,20169
SALINE,2021,20,0.1183363598754337,0.1705622628993344,0.3063553183621061,0.4053083225266285,0.2833427593974729,0.1721153676513073,0.1110301970985925,0.0854795750447326,0.1939277514522646,0.3670484401245398,0.5111538816010325,0.3843735277328423,0.2253024484435807,0.1122739664770575,0.3439660418975994,0.5322811555637977,1.024224744514455,1.382229909004145,0.9409530717513864,0.5385451894909604,0.3175451117372579,116.3,20169
SCOTT,2019,20,0.116362687035396,0.1375174983658405,0.1946928803668903,0.4704700754844539,0.4326925672210222,0.2641272165762659,0.1307793555334923,0.050729860824151,0.0691916423121666,0.1603764171904431,0.5989140666199361,0.5979544681123629,0.3392943464629198,0.101383270298616,0.3131087137061145,0.3897155314592384,0.5965095615995525,1.594270931353067,1.45759092762355,0.8477211577581154,0.3652704785323682,106.4,20171
SCOTT,2020,20,0.1161188302876915,0.1074577981647387,0.2920581446246226,0.4466929169325277,0.3742135485483963,0.2219432313612462,0.1524667284119147,0.0383307559962892,0.0256970130330678,0.3371397064641683,0.6096320318426881,0.5027149457391198,0.2683515287527555,0.1202519175740665,0.3143934604904249,0.2830591195561383,0.950940514781874,1.510412592529694,1.248181466819633,0.6972674772305376,0.4459014895598521,95.0,20171
SEDGWICK,2019,20,0.1146225770618848,0.1515769329874572,0.4195496103929227,0.4463392031789308,0.3242990056248048,0.1828407062923282,0.1223414149935917,0.0847334137392716,0.1441414748398374,0.5734409715441555,0.593985122575047,0.4830645864176164,0.2395425890867535,0.1197949994299368,0.3175171461496175,0.4512239054175641,1.420748995796444,1.517669924633854,1.076122541110518,0.5643268798645443,0.345452010271196,123.1,20173
SEDGWICK,2020,20,0.1132410185659251,0.2047373677937384,0.3884286880817512,0.4705826696862229,0.2923251201806768,0.1385528984437796,0.1226946480765034,0.0930776620648732,0.2201940225716079,0.5000899867700511,0.6287622248788997,0.4087878153132007,0.1598861791906555,0.095035728760389,0.3108941104742583,0.6419393709129942,1.306545488816172,1.603767046327806,0.9588436497065844,0.402472534377094,0.3451211056375368,129.9,20173
SEWARD,2020,20,0.1210094572302802,0.1268744520557201,0.4129381246522144,0.5444070150181755,0.4773439625134262,0.2585572455614801,0.1660272327993369,0.0566687310333595,0.0694665834395129,0.4912207706537267,0.6917482486500217,0.632806871492099,0.3503857512077002,0.1287390379029191,0.3345725446949514,0.3557919283476882,1.390770271606918,1.866424791318662,1.623790784809383,0.8322204428772376,0.497446856703802,183.9,20175
SEWARD,2021,20,0.1311997624935794,0.1705000879578831,0.3226981854995298,0.6132425178786637,0.5642086965880375,0.2613788946147594,0.144408178675585,0.072129501790994,0.1352793161635713,0.3625029113858699,0.7457352779785941,0.6920154968409942,0.3261504552755648,0.0895495185917807,0.3705329671398023,0.5131271438443048,1.0633517669105,2.114564352928848,1.937160497161692,0.8415232631494317,0.4184152688354804,221.0,20175
SHAWNEE,2019,20,0.112860670630153,0.1486035964675558,0.369917809971563,0.4826739493359405,0.4189234955208444,0.2167005965321362,0.1202456173843852,0.1024046519970835,0.1890488101393229,0.5264132022859422,0.6680218067647862,0.6373621057769033,0.3347723861185288,0.1732866399056492,0.3122993269164048,0.4419094820182977,1.242362881129947,1.650307498028127,1.419638864322118,0.6879940908872014,0.3390178887259715,148.5,20177
SHAWNEE,2020,20,0.1112053757142903,0.1593442395904984,0.3878468004696762,0.5111834766473168,0.3814236049849125,0.1348375068208667,0.1326203069289129,0.0915648673681498,0.1804706810757597,0.5205341258264458,0.7190446428833642,0.5890292195263772,0.187699551449276,0.14414337674858,0.3101897585769461,0.476952574444898,1.303673429147634,1.749905120548332,1.280432570917393,0.388957948763636,0.3802640316039424,154.4,20177
SHAWNEE,2021,20,0.1267370200878356,0.1220192247822421,0.4024727644143694,0.5274103957711939,0.3881362854536546,0.1677093450807762,0.1087683855749285,0.103632856049182,0.1187391834109211,0.5110708744563242,0.6931081258133247,0.5843742364070689,0.2439740033096548,0.1165769211052543,0.3603886093886991,0.3577120201540462,1.358001737342428,1.810023529892054,1.306129836304638,0.5086261232190266,0.3065712125373684,143.7,20177
SHERIDAN,2021,20,0.1117673126379986,0.1390272444685173,0.277646609009221,0.5459430415625464,0.4823905450305685,0.2776796666143143,0.136829282274102,0.0292468065084515,0.069654599657678,0.2955419747526545,0.6958063236330279,0.5784308159688586,0.3654160236544475,0.119465559506613,0.2979524765599631,0.3965807656222738,0.8981029773016842,1.868800396699037,1.638867557445739,0.8982230128132932,0.3886269087928481,120.4,20179
SHERMAN,2019,20,0.1085558710716852,0.1197699518373542,0.2002468519015402,0.4917534268663773,0.5347103686254562,0.4271816515147119,0.1812541347349865,0.0439127052527635,0.043385310598645,0.1647722399087282,0.623381984672881,0.7407794180488826,0.604802293273606,0.2238724507780667,0.2841077003612838,0.3246805761377728,0.6158456690036972,1.670516530838761,1.825953652338645,1.436921495934603,0.5471300182951099,131.9,20181
SHERMAN,2020,20,0.1082673112475279,0.1194510673930589,0.3038660843255922,0.4997647724411624,0.4341233353104916,0.291740912252722,0.1771298905376437,0.0238624738572824,0.0320911598618452,0.3246626146953935,0.6390312571100344,0.5647948869216779,0.3673446917299292,0.1250575941251545,0.2842087163828322,0.3246710105251129,0.9918843993506888,1.700645952587867,1.463155196718789,0.948015590095788,0.5333529135306343,104.8,20181
SHERMAN,2021,20,0.1037963757204706,0.1164622101275746,0.2841224671777664,0.5181878786767178,0.4593180564699539,0.303700687874089,0.1668962544090467,0.0148155341193325,0.032217832744878,0.2917571812222891,0.64423861740114,0.5491596774255609,0.3944464689790971,0.1489204935293982,0.2677678974155316,0.3135944803495906,0.9201876407235088,1.767036355111246,1.55404533836718,0.9910216987873224,0.4963766047626101,115.2,20181
SMITH,2020,20,0.1069108384677283,0.1118436183529806,0.2304229245153777,0.5435601877641328,0.5368311346795175,0.2509633698520523,0.143020250105114,0.0422637457901692,0.0356547044206213,0.2140541605165629,0.7003749677495267,0.6983787969568768,0.3398705612258935,0.159491551740455,0.2860851868875851,0.3037709280535431,0.7329520360864253,1.865880994647538,1.841537000894172,0.8072658714837342,0.4167292205039708,124.0,20183
SMITH,2021,20,0.1184398806931597,0.1369428656422865,0.2287861527242962,0.4953386707255582,0.4433870640856889,0.3322242768658882,0.1443974425201143,0.0483749062501478,0.0931705583356055,0.211827693565035,0.6450105844250069,0.591759147576974,0.4729278089484653,0.2124343154065175,0.3327373580272866,0.4028576230681839,0.7320503678566576,1.698159768563319,1.508476260177239,1.106288904435352,0.4267328947427305,137.7,20183
SMITH,2022,20,0.1151339640488265,0.1172843850977144,0.2022403554422133,0.479835735151505,0.4460709212798234,0.2179038364273683,0.1337903759060555,0.037569133042764,0.0496973437953413,0.161753305652777,0.6106905701983834,0.6029975702943139,0.2856637876948995,0.1512743048542883,0.3179476253110748,0.3257920838660217,0.6332370919345044,1.639551211760322,1.51549813512935,0.6898765344430074,0.3855368716017048,97.8,20183
STAFFORD,2020,20,0.1183046063368754,0.135214222288494,0.347923120118737,0.5176294187175043,0.4478908683274423,0.1911312349391934,0.1424984082726079,0.0668191382104755,0.0942060209989181,0.4273332616995891,0.7242469602901102,0.6207599970301914,0.2854280379985347,0.1276747729450641,0.3282147345041461,0.3894147765684322,1.158983514885964,1.772977170001751,1.520670776607208,0.5917143113390632,0.4157609359306284,142.9,20185
STANTON,2019,20,0.0989920182017527,0.1024899369075963,0.1855467267245935,0.4373714858362832,0.4450428652822419,0.3008831645489561,0.1494800892258739,0.0311709631173487,0.0210241356789088,0.1474281894264448,0.5297166084557553,0.5948284568451216,0.3635676287296098,0.1133509998336452,0.2504575186515803,0.2631128071114216,0.5636124540872292,1.4747144325533,1.502467528355241,0.98089786384668,0.4331233596168506,118.9,20187
STANTON,2020,20,0.0985622596782387,0.0965482742589752,0.2279338195695541,0.3956529592477179,0.3959513122167075,0.2892146537798056,0.1705291530789735,0.02693090047031,0.0208141396949896,0.2334703286952164,0.4912600433203922,0.5172057483712387,0.3885819750367288,0.170482735363642,0.254682725230673,0.2473956541624218,0.7227499811458074,1.32955782850142,1.330637269543222,0.9444640393184948,0.5150598977828929,138.3,20187
STEVENS,2020,20,0.1095376872375079,0.1306697302180929,0.3919252105977989,0.5208156919215786,0.4869982787520195,0.3194898718535596,0.1761310521904431,0.0354816627270244,0.0623653504815987,0.489757629998934,0.6773309283786427,0.6577930478513005,0.451838713039372,0.1711827227788651,0.2914105519017294,0.3678172361207675,1.313039732007366,1.779365545614553,1.657014188343208,1.050968772184566,0.5322965626434181,170.3,20189
STEVENS,2021,20,0.1107204687864353,0.1402160699242325,0.2383380590467751,0.5850044313787256,0.5614848869698537,0.341265629759584,0.1495390484955027,0.0358788065305154,0.07581335938618,0.2448726624585575,0.7216806098314746,0.657808726556996,0.4775680058881506,0.1220829734978174,0.2949467001094403,0.401840021341028,0.7566733094179706,2.010906262181674,1.925812086446097,1.129057589775235,0.4364941753980352,227.9,20189
SUMNER,2019,20,0.1200360949377594,0.1512551867948777,0.4056315028102805,0.39288176795313,0.221527181674695,0.1552768542418823,0.1417087631502383,0.1049268598061602,0.1418229501720743,0.5488050630574796,0.5138258181986858,0.3130540593087177,0.2088038097096449,0.165525115505028,0.3410008690129014,0.4539588559524455,1.374304181854014,1.328163032709928,0.7081973511741066,0.4685072530625533,0.4194177967457455,93.0,20191
SUMNER,2020,20,0.1343664408976641,0.2253138805714059,0.3658197753660328,0.4225187994133154,0.2556742328275189,0.1256861366769673,0.1212831910254893,0.1095000160575936,0.2591552898678504,0.4695125169157016,0.5684171143875778,0.3600778125488303,0.1501842149045538,0.0986372328760237,0.3881475142904896,0.7171745131127338,1.225532322911742,1.43065445096724,0.8270260657929805,0.3567183488694573,0.3407996355825671,94.9,20191
SUMNER,2021,20,0.1307202848555834,0.2080941185794999,0.4735553401584766,0.4896043092298851,0.2853081382463565,0.1239258391133194,0.1202598543228336,0.1196956302154773,0.2361037404339588,0.593442996166992,0.6119004839385127,0.3720451860924738,0.1213905970255753,0.1053144115366673,0.376918601889626,0.6577101277231615,1.617304494088922,1.675366983743817,0.9362186037061092,0.3523412185200196,0.3390810321574146,114.6,20191
THOMAS,2020,20,0.1112201996593631,0.1104688326157265,0.2882576546954869,0.52392494547088,0.4663673103670501,0.3013077120954932,0.1690526529661847,0.0248647017249579,0.0224334964407779,0.3136938054103184,0.686897762937445,0.6030109718196695,0.3965169796316294,0.1367967936380745,0.2930541589473018,0.29033571789475,0.9335752768567158,1.786220620507726,1.577976429640462,0.9807908030939478,0.5022919991640992,114.5,20193
TREGO,2020,20,0.0977867748948015,0.1041615919067218,0.314923871356796,0.5232751613371559,0.444566974896795,0.2235015509988057,0.1391673707843224,0.0235842756400297,0.0267511619195136,0.3583696870733338,0.7038799982442662,0.5895178247374674,0.2937663912364899,0.1045874944239649,0.2504016157048723,0.2734657036539998,1.036003630704369,1.789818597853315,1.505052379312086,0.7052376756491617,0.4001166116331573,104.4,20195
TREGO,2021,20,0.0892480728477866,0.1226783803087138,0.1900619701301323,0.4478037205491584,0.3713575872332638,0.1936049363733401,0.1157812731448323,0.0177555449257892,0.0584690748123111,0.1647087877559256,0.5768733913083134,0.4690290142816883,0.2275181052605025,0.0893223651645383,0.2224457256238132,0.3434515218921288,0.5871902212037459,1.519699350823472,1.243117763882873,0.6000081567096177,0.318442844298523,87.7,20195
WABAUNSEE,2019,20,0.11381375449661,0.1609968019458329,0.389149541069978,0.4637557687890916,0.3874476245403612,0.2074660323426585,0.1194014306776536,0.0989089964885169,0.1985523755652536,0.5472366250930397,0.637982514932047,0.5852271746428968,0.3128202212904245,0.1573771770017766,0.3176048924206894,0.4883787323140768,1.313784669336024,1.583702224284627,1.307614015823258,0.6564381762392992,0.3378215132506763,112.3,20197
WASHINGTON,2020,20,0.1144955992662776,0.1974198083883777,0.3403075668621773,0.5730214528414529,0.460419734300295,0.1591385813840984,0.1239251448894682,0.0763621480662225,0.185909309975632,0.4225990459592429,0.7385588129622943,0.649297029900454,0.2186090705907596,0.1135623544958916,0.3142887207037522,0.6143076473484571,1.131276576254913,1.97323533987856,1.565842517861464,0.4758073066106629,0.3484050933730885,156.7,20201
WASHINGTON,2022,20,0.1252750398016688,0.1547788843264478,0.3651582935110154,0.561365386289877,0.4830665505999482,0.18427663235182,0.1240130119465301,0.0731051493470658,0.1260183241357945,0.4487844514723129,0.7154499420840373,0.6314199642369778,0.2375622286278698,0.097318758548815,0.3534567321370522,0.4602195579598335,1.22140952731028,1.931607701898891,1.648008460425839,0.566938787402798,0.3488856677521891,149.5,20201
WICHITA,2019,20,0.1045793791805819,0.1207172146221115,0.1972204422869848,0.5272224975769029,0.5141665906640435,0.3056089200693945,0.1331293957121036,0.0355124201298023,0.040973961232262,0.1620593918694522,0.669682268820253,0.7303951704467834,0.3984001593335604,0.1071761450079152,0.2702874303303295,0.3287480015182238,0.6054646894121668,1.79941171270792,1.752329680859253,0.9976108932963926,0.3735833327867036,123.6,20203
WICHITA,2020,20,0.1095438146849184,0.1016628870429728,0.2476182201286697,0.4872796345981796,0.4293850370025959,0.2338817705909074,0.153872708834103,0.0264380507131933,0.0153963831824576,0.2442616637663769,0.647440594107949,0.5653974980465368,0.2823855760447329,0.1232325881355915,0.2902011771882566,0.2617672778988678,0.7897543393168359,1.656849834786915,1.447387174312912,0.740056356435406,0.4505835709992926,91.4,20203
WICHITA,2021,20,0.1034287332485565,0.110640701651517,0.2379528207519533,0.5009028451482167,0.4692415120046037,0.251480441732779,0.1344070332050371,0.0166002262951314,0.0273604527070577,0.2323177151312554,0.643379667217187,0.5456114521104124,0.3070752982882629,0.0922554716048671,0.2679197397905529,0.2946194088105489,0.7546289082845326,1.705982453368973,1.591433178899633,0.8035727336466617,0.3806683497040519,105.2,20203
WILSON,2019,20,0.1075410639049383,0.1745348948298772,0.4150883454955698,0.4779807035881355,0.3143229335688406,0.1708367071236683,0.1390500211171666,0.0987169386486122,0.2166965399408537,0.5693075156759653,0.6429398353635489,0.4761375631495758,0.2286532189531463,0.1644023036416421,0.2905510714546553,0.5329361531584714,1.403261152207545,1.630806378919744,1.038691459057615,0.5195581236924309,0.4045527117061165,120.6,20205
WILSON,2020,20,0.1240177653918143,0.2264551247483804,0.3416451847198421,0.4426455119023346,0.2528803280636071,0.1419144927083828,0.119356852279509,0.1060434294090792,0.2752947973318819,0.3975547123754939,0.6151373144316054,0.3349015060979458,0.1510486027874243,0.1007626720118123,0.3487397743472148,0.7193579529245072,1.136115469572834,1.501548384686856,0.8149644624663309,0.4134899632530084,0.3318764031321293,100.8,20205
WOODSON,2020,20,0.125271983318544,0.2121819315659352,0.3453893164861514,0.4567093710912271,0.3183529848249704,0.1453707603031006,0.1223803469880276,0.1146352805294163,0.244727233783167,0.3940020555573236,0.6329636421937678,0.4425578691773716,0.1721421356175188,0.1049635565748666,0.3541780493194313,0.6688697783634059,1.150814366692009,1.553570572570667,1.052996918741856,0.4271654375612317,0.3439679150478031,91.7,20207
ADAIR,2019,21,0.2546389421665196,0.2225467772439559,0.4017760052287533,0.5156539684801459,0.3706590640545639,0.1655521393762399,0.1276054786392655,0.3042718840159606,0.257412272793508,0.4846178387342674,0.6272242504073648,0.5058760798355069,0.2178937493148016,0.15144631941242,0.8523847475278341,0.7225348870734646,1.370987758350522,1.782997559266905,1.258404505319387,0.5163292741849451,0.3790394884240483,177.0,21001
ADAIR,2020,21,0.2284313253714202,0.1748390153749084,0.3031873265260831,0.4978690054113631,0.4465980659029744,0.2398750675466807,0.1759189916853204,0.2627938887993876,0.2059447657660584,0.3593467870040188,0.6186148461840763,0.587730097095595,0.3268525846232109,0.2488596971270917,0.7457987404187024,0.5657086030163222,1.016272842177951,1.720624902940398,1.535121433943385,0.7872054169698179,0.5558047895267066,183.4,21001
BALLARD,2020,21,0.1683065663941172,0.2350926906499567,0.4794301061615971,0.5293499134050654,0.4968146159061806,0.2265975561446757,0.1583865132333996,0.1672795873666827,0.2640379413907224,0.6152882319401387,0.6650173776211104,0.685522117992876,0.3453554592683943,0.1585777354200022,0.5138098783397911,0.7554193204500175,1.639487811196958,1.820277989856837,1.702360230266961,0.7247154290981628,0.4778799491929083,173.1,21007
BALLARD,2021,21,0.172661326098906,0.2393351261616293,0.5463156975628101,0.6115620012941294,0.4681868722039746,0.2303164756246467,0.1676330738299125,0.1819088421179314,0.2798077245425116,0.6477936736824601,0.7402499916091365,0.646934034766085,0.3394313696591132,0.1877624474835101,0.5258241068635263,0.7670532805227276,1.877658627639053,2.113780315708173,1.596236807518037,0.7344270854699468,0.5076472254213489,200.5,21007
BARREN,2020,21,0.1886389215898028,0.2142007515098298,0.4235682452227186,0.5584610444396055,0.476996723572142,0.2089559360986959,0.1736075219319049,0.198477601929459,0.2304368752464718,0.4966007513041708,0.6983774981688912,0.6317052711189427,0.2907399001646409,0.2361375971128268,0.5909378974079174,0.6826647166270192,1.440923458855712,1.928970167708205,1.634226803873248,0.664459221302042,0.5363665689484826,185.4,21009
BUTLER,2020,21,0.1689691157379853,0.1739532300934777,0.2771311666724002,0.5507893840883239,0.5134774264682773,0.2457488386688409,0.1400133509025353,0.1731085450316375,0.1764928974505798,0.2985974068757887,0.7126612366975242,0.6894409397457051,0.3863812898479905,0.1616254172730329,0.5172784339816339,0.5443174946195651,0.9087469999125188,1.898735065639448,1.7637410658938,0.795082630809467,0.4215657112403385,174.6,21031
CALDWELL,2019,21,0.171313690637145,0.3254364076217952,0.5898166644174463,0.6073788041555446,0.3389753011081058,0.1960384065684788,0.1323717606320184,0.1778619740658466,0.3712846921513981,0.7186325771956545,0.711410990164641,0.5110848578844656,0.2625254943241606,0.1240990816578026,0.5232057740352858,1.080788678469786,2.037320065742627,2.100965365600598,1.129788911100216,0.6126364859097754,0.3822829686252226,173.0,21033
CALDWELL,2020,21,0.1670923706199708,0.2665321479460552,0.4769915802060566,0.560335329488084,0.5015242012051861,0.1979129153704725,0.1673747767118565,0.1657788584435686,0.3148959071787434,0.5735496353051719,0.7106190229955062,0.6558201364738988,0.2901760915038785,0.1762198067022141,0.5080096401703679,0.8677897379172047,1.629236883289476,1.930774641607808,1.717996206180039,0.6195306696532608,0.5090436184296575,187.6,21033
CALDWELL,2021,21,0.162929148263262,0.2651917425472266,0.5753764745808823,0.6417019027329288,0.4904280475716069,0.2053136566243481,0.1514067762869649,0.154906033482363,0.32907996406011,0.6672795504776341,0.6415392690551135,0.6264968390700492,0.2878404519285643,0.1798414830871594,0.4923030393445716,0.8622922704030043,1.984540003238211,2.22471679720772,1.677358872979244,0.6456473595400904,0.450611529968267,199.0,21033
CALLOWAY,2020,21,0.1751311006014489,0.2242785859588849,0.4292088859550691,0.5468254190714682,0.498008752268155,0.2092553829945749,0.1659154932872407,0.1806419633142103,0.2397278706577235,0.4841282543210168,0.6841855020656628,0.6435971692258085,0.3228821173447714,0.1950371153257772,0.5396755828313181,0.7174915914345602,1.45893087884144,1.884467766326804,1.707848931171592,0.6631393758006086,0.5063357338072307,169.2,21035
CALLOWAY,2021,21,0.1848878337996247,0.193706059337137,0.5164707637911243,0.5942882754687321,0.4254964824063176,0.2118803631013155,0.1453418715937136,0.2019956696332128,0.2088714820046662,0.5968481241088645,0.6435665749749144,0.5622822691573598,0.3161986056537919,0.2004706016501104,0.5755727687639777,0.6074769780276195,1.77523676200265,2.056909718262574,1.447375014578077,0.6732321638254238,0.4324948702599323,199.6,21035
CARLISLE,2020,21,0.2004614198042661,0.2295482023312655,0.3892731095540075,0.5482532064282885,0.5190996855955345,0.2297747281392563,0.168390619311482,0.2187823530324462,0.259044316054738,0.4377351815736953,0.6996356748521881,0.6799857693601605,0.3567459667007727,0.1932302036013402,0.6301875649401273,0.7354050258881172,1.315615378651212,1.888522051463366,1.783005847633226,0.736235650721846,0.5141261326381237,188.5,21039
CARLISLE,2021,21,0.2054835356336897,0.2270375885133603,0.6196386915310685,0.5963114293358166,0.4911688427739979,0.2325076731502092,0.181479452767878,0.2294603184324937,0.2599941382312107,0.7021885834262401,0.7204069004520249,0.6544033415100716,0.3513886953034022,0.2268364547934298,0.6471712996222813,0.7251548538779106,2.145234998847361,2.061183120353796,1.680615848963079,0.7449482729043289,0.5603246549061521,192.2,21039
CHRISTIAN,2019,21,0.2606494619725026,0.2865508335347712,0.489164130206078,0.5090096415806453,0.3419223370062931,0.1812146211752825,0.1257097342994519,0.3311109035669313,0.3155066722027183,0.5735971590918134,0.6083681987641911,0.4868015358469044,0.2269953379064209,0.1029797021021006,0.851603816492645,0.9373134797379892,1.68442216163055,1.755297431623302,1.137500101062858,0.5562123265352734,0.3553926321295822,188.0,21047
CHRISTIAN,2020,21,0.1505049578426035,0.2837602519462478,0.4918320100587368,0.5913086818032883,0.499776923274916,0.1710948876788381,0.1483015277719837,0.1082493952722573,0.302557807637687,0.5914692607217344,0.7442106642281032,0.6427092441057813,0.2299579042321263,0.1328701592794683,0.4441038633761354,0.92661583735376,1.679438929788693,2.039345953602933,1.708184831158712,0.5190088368670059,0.4366509337677801,188.0,21047
CHRISTIAN,2021,21,0.1469109843708464,0.2067397936034822,0.5460310111777904,0.5547719835606223,0.3691172051503984,0.1786889184566801,0.1398193587264565,0.1342939862623535,0.2437018009264223,0.6560411850450709,0.533568556535122,0.5291532327056719,0.261463265242586,0.187381915604374,0.4317663710366692,0.6579316352787736,1.875532266368164,1.920729310020033,1.23610492730985,0.5464920730371076,0.4152754584792849,203.9,21047
CRITTENDEN,2020,21,0.1620059540207966,0.2541405760409145,0.480961982524593,0.5319004041169489,0.4755485100333137,0.2027008223093291,0.1602279325919981,0.1634510410196535,0.3129004376288135,0.5798225623157722,0.6682358257149633,0.6270824971021683,0.3010238123492073,0.1958753842200215,0.4951245383793651,0.8284643545053223,1.649112626481856,1.833408319822812,1.629527002056136,0.6423636497492594,0.4886953194589385,188.8,21055
CRITTENDEN,2021,21,0.1728362003343915,0.2009198886870851,0.440991461550967,0.578465846743465,0.4850819126257191,0.2586206381162482,0.1389621463062317,0.1876577995204666,0.252409980231598,0.5158476238622882,0.581969495162479,0.6245847594015655,0.3853353555060013,0.2086169402750424,0.5342693909633021,0.6358752746423821,1.504451627080099,2.002076758380051,1.663993215069669,0.8446384594883679,0.4117169817479801,187.9,21055
DAVIESS,2020,21,0.1567155251984882,0.2518774554713237,0.454000767598712,0.578244337235045,0.5246147606080311,0.2279042825867404,0.1598802185076985,0.1473426780453201,0.2407627691523631,0.5258063950786414,0.7489659881135572,0.6760536987967023,0.3164466526301921,0.1519861956519997,0.4680305609834204,0.8117371188463434,1.542480082382512,1.991995023992721,1.797965628721152,0.7244548330191631,0.4792172857570656,203.3,21059
DAVIESS,2022,21,0.2136145207689081,0.1780523501590074,0.4779930314803663,0.59560336394491,0.5230042620067745,0.2407021796176357,0.1643792531588608,0.2214982468636098,0.126200959129604,0.5634962235937605,0.7531208026847397,0.6818683723197755,0.3542159763393775,0.1708336073091328,0.672873135844862,0.5439088279630175,1.629574740780564,2.055903275957629,1.792229809092201,0.770567601189037,0.4944128030211213,176.7,21059
FULTON,2019,21,0.1724443995594957,0.344941842477863,0.5863042740173305,0.6352519903992346,0.3962573226009003,0.1830297351919628,0.1449626406540533,0.1705393480238445,0.4739770975324661,0.7414107685206961,0.7834281957189075,0.5816394330889996,0.2436431201743079,0.1319723521720183,0.5225523128513394,1.146650782935619,2.019905120218077,2.197002940813374,1.332316222049432,0.5608586516544501,0.4231325065945012,185.0,21075
FULTON,2020,21,0.1775304476266154,0.2340424453714483,0.4285440259750928,0.5723890057048983,0.5235112910816341,0.1990328538917301,0.1592517477459326,0.1814366056759949,0.2530734314688584,0.520394445900027,0.7491439453471543,0.7049910112626752,0.3222540815318718,0.1726487397250394,0.5423217464877628,0.7467681479026225,1.451894288524024,1.970919338914745,1.794077590367732,0.620118416103648,0.4762149567833922,181.0,21075
FULTON,2021,21,0.1958468118493103,0.1974051386007037,0.6084526326433524,0.6265581237898341,0.4983306162665496,0.2489162896817805,0.1594463269323272,0.2087232107082794,0.1873291242528615,0.7120965559334453,0.7712400361047614,0.6860205243143456,0.378762063496986,0.2080063677992331,0.6063880862550006,0.6120218214656247,2.099301474485757,2.164739916091775,1.703561956775572,0.7983910078102506,0.4746907062858647,196.3,21075
GRAVES,2020,21,0.1901638933299553,0.2350290629089436,0.4300443441477234,0.550249754472333,0.4988097167729211,0.2092163387985798,0.1681803814866168,0.2048325416078378,0.26563661584566,0.4865550246601229,0.7024798747199248,0.6611890082688026,0.3281587595752863,0.1920482035027885,0.5930099903918775,0.7555712626707143,1.462556212405805,1.895809942734498,1.709684116128199,0.6619401893556008,0.5134655128634541,182.0,21083
HANCOCK,2020,21,0.1399693104378779,0.2248496000846779,0.416304768737491,0.5630205273951038,0.5203257981409039,0.2560950703629067,0.1483876325438473,0.1239004211017811,0.2509087484057666,0.4905993185924971,0.724272686344876,0.6737667041967509,0.3835954156930871,0.1589589050391867,0.4108900927683709,0.7174845691544118,1.410625702957628,1.941444480178445,1.786978788668853,0.8309669837638942,0.4394403262319271,194.6,21091
HARDIN,2019,21,0.2495335590526283,0.2387917135698041,0.5138210838455274,0.5484176756386413,0.3198418465739563,0.1710447636844468,0.1251078542551444,0.2576723249728093,0.1897895833863911,0.63063947630199,0.6929011133796978,0.44690853505079,0.2498621600096288,0.1183404059425376,0.8171856812530438,0.7706042800491197,1.766208859483965,1.89039837227011,1.067359149680387,0.5250770581481214,0.3588505700402742,139.0,21093
HARDIN,2020,21,0.2017676278055779,0.0969746241058697,0.2848581185980263,0.5595419870726077,0.5154173613926408,0.2967594606066624,0.1718411598753478,0.2276697251838803,0.0896257855530574,0.3307298874693423,0.7363467104998913,0.6745347239085716,0.4690161091817178,0.2228884937354758,0.6335984626081163,0.2791405725112417,0.9343190026001972,1.928031831325575,1.768392079375261,0.97726816417403,0.5277184933738802,179.3,21093
HART,2020,21,0.164856340634439,0.1620784820919205,0.4041810878677853,0.5334153245700789,0.4620656635683504,0.2104241800493877,0.1628552298657423,0.167221291682099,0.1418887113619831,0.4826800831886371,0.6659301985541247,0.6309532390798458,0.301230931755661,0.2116143502065422,0.5074445643643353,0.4941780494391844,1.373320494570452,1.840896587188442,1.582752803729418,0.6723075014949624,0.4980806620736631,188.0,21099
HENDERSON,2019,21,0.2160130434940885,0.2071051573005173,0.5503054785550379,0.6392982061232944,0.5179725646253125,0.3323224359168725,0.1422124186879327,0.2555522380139829,0.1753511523391508,0.6878481671173758,0.7681588790834106,0.7351888922838683,0.4804087075971323,0.1579905304575356,0.6807125980643528,0.6484856800804513,1.890179386223564,2.212165086652173,1.773110486051003,1.101525257848638,0.4137080187507838,172.0,21101
HENDERSON,2020,21,0.1472383633266465,0.2377319736388515,0.4679702990461083,0.5851705203148323,0.5448631761576709,0.2238678114564817,0.1594950286149783,0.120736261016711,0.2467025426179752,0.5570539541362175,0.742170412300586,0.7103828130917613,0.3313873913271837,0.1851542314423501,0.4318884637649331,0.7598431800577995,1.592232981151451,2.016263481870991,1.870431742124022,0.7090703143744682,0.4762697129842735,188.9,21101
HENDERSON,2022,21,0.1912195755640325,0.1529167872699889,0.4492043647005598,0.5980759704365994,0.5449433548815462,0.2659759051048587,0.1737786673018055,0.1812658577496729,0.1189805677575828,0.520598129442386,0.7581729855287223,0.7156960223952599,0.4066244198074329,0.2036199485449647,0.5921429466152699,0.4530850191821577,1.525203763717282,2.064235421865216,1.871701627742261,0.8620080828409606,0.5283838986399809,182.3,21101
HENRY,2020,21,0.2204599056759833,0.1408897385562016,0.1549584919651332,0.422357917775395,0.4624650676772145,0.3872627566146577,0.2441040187054436,0.2725792295791337,0.1340204570761693,0.149694704889695,0.5453640989248001,0.6149139892774644,0.5455334156475602,0.3603983856693847,0.7177933839037833,0.4299931910215734,0.4806086644199769,1.44821838770176,1.593366786308681,1.321284824884348,0.8033365111288113,158.6,21103
HICKMAN,2019,21,0.1827484035397235,0.3233438977377665,0.5673525822055686,0.635006806518241,0.4078153287779807,0.2012020481793613,0.1511971684510257,0.1853633475064642,0.4472831502592679,0.7273684902712836,0.7801390778854337,0.5874664194972992,0.2720263799577555,0.1423800182507343,0.5594799993579,1.06816291439674,1.950982056625714,2.195768136618926,1.373774331022128,0.6262429775810271,0.4453321053892118,181.0,21105
HICKMAN,2020,21,0.1891292545312895,0.2523600209835759,0.4357062084890347,0.5804761316660803,0.5257274014530523,0.2214635490455142,0.1737871118304387,0.1918188698950923,0.2929092632166175,0.4844873007483506,0.7535095392761865,0.7039371176402381,0.3433956464160965,0.1843919867201825,0.58342644185879,0.8122144540422661,1.478026408373333,1.999340345712582,1.801233707433467,0.7004091807479647,0.5279215399027661,191.2,21105
HICKMAN,2021,21,0.2000654715333933,0.2185865097669154,0.6450019793055889,0.6321002305106874,0.2774238206103602,0.2349185707632134,0.1949077572458198,0.2120236498621585,0.2309070617293441,0.7435606682175826,0.7616046179828935,0.4518988891072958,0.3537711055685502,0.2482627032670056,0.621393571093131,0.6884096496789373,2.23171015611822,2.184503071792876,0.9177701481425706,0.7475012330394212,0.6027451668122357,200.2,21105
HOPKINS,2020,21,0.1619868948553628,0.2532668474217465,0.4330958510979664,0.558238344399337,0.5024623925465844,0.1993160215380887,0.1579953908454157,0.1674188697430514,0.2641059179086058,0.5096362556826014,0.7219031903424534,0.6576780514816378,0.2912283391094582,0.1723983572510021,0.4913276763558303,0.8203030306338923,1.469145238506328,1.92191232067937,1.720113660778715,0.623322336632295,0.4738902000547621,173.1,21107
LARUE,2020,21,0.1952456702316529,0.1685583862544131,0.3274456059132568,0.5859686556691527,0.5502151491102147,0.336216321858358,0.1885029155880774,0.2078832799286488,0.1427290175951433,0.3570371660227545,0.7248499702462904,0.6924695019310743,0.4837896017988022,0.2647321499319122,0.6096489736150665,0.5107709288668196,1.087950272106092,2.023291516020523,1.893945746458683,1.119687988358646,0.5852982576221438,201.2,21123
LIVINGSTON,2019,21,0.2019977357496616,0.2314408193037981,0.4042932750584126,0.5566961073480593,0.462306570136694,0.2622223237876204,0.1318992433732489,0.243173960265202,0.2674514437278834,0.4891402914099907,0.6577095560614762,0.6159941260508385,0.3702585869096129,0.1528296470060935,0.6416336024695091,0.7481925369072985,1.373583111300515,1.924950165573829,1.583457267822579,0.859555402517005,0.3880481301759174,163.0,21139
LIVINGSTON,2020,21,0.1823812884789788,0.2377303775459344,0.4706939434992502,0.513291677161882,0.472617417768199,0.2110404052727103,0.1559850803728804,0.1901303568932278,0.2948092384443225,0.5622315186623663,0.6218691081766708,0.6290058111942891,0.3202734818393572,0.1965889215042471,0.5697406100204221,0.7701049616495628,1.612871357789861,1.767064068475025,1.619819187368104,0.6734348308949333,0.4742419599844122,176.9,21139
LIVINGSTON,2021,21,0.1999422603723669,0.1962506758819716,0.4042603769682998,0.56132866277224,0.4897075576277081,0.26385396315449,0.1439404600992761,0.2205906268784118,0.2391416180118491,0.4779103594050713,0.61813147703179,0.6348361602349744,0.395969081064306,0.2211382584889038,0.631447201109679,0.6180825568160347,1.370671499498556,1.939200035513189,1.680005809665418,0.862687741040994,0.4288359938809346,172.2,21139
LOGAN,2020,21,0.1495890450765399,0.2822515294516863,0.4856602940418159,0.6000611629978343,0.5015348126373191,0.1689292900003714,0.1543388694298015,0.1113004747486059,0.3098788698976691,0.5924290050986865,0.7725948366350186,0.6529732010327067,0.2385277426488939,0.1415829377087593,0.438389835124078,0.9189431697567192,1.654306389511828,2.068209034399619,1.711773489671603,0.5083689694376617,0.4555883714120187,190.7,21141
LYON,2019,21,0.1991639274172164,0.3164800388624117,0.5670565728706883,0.5953474867498668,0.3454541839026551,0.1888813157573195,0.1324656595823177,0.2214997230009016,0.3706928105477846,0.689323882582885,0.7009447814106636,0.5033535882512992,0.2543010792480593,0.121191200086361,0.6254432066624797,1.049892766380617,1.956478062211439,2.058886332894651,1.154726331104863,0.5882432683417788,0.3841328219502107,171.0,21143
MARSHALL,2019,21,0.2057835109513764,0.2165994879995627,0.4010225300617211,0.5235679274871716,0.3756006117353783,0.2084603004664452,0.1355791010374482,0.2586821138715833,0.2553553067720965,0.5371488500628062,0.6367468615253674,0.5317567810573814,0.3088744049275773,0.1601542793960912,0.6599907561977258,0.6991391844248808,1.366380285570126,1.80972153564248,1.274400564194803,0.6696897298681543,0.4060072040701608,158.0,21157
MARSHALL,2020,21,0.1827720911101561,0.2105806187913372,0.3463813551458627,0.4631806161879454,0.4223418000114306,0.2033023492949037,0.1575526589614005,0.2079357226140014,0.2417131030123735,0.3892401698448878,0.5839010377678325,0.5493999997346153,0.3073047602268489,0.2068484717361733,0.5795241447462866,0.6801379856133941,1.171466269303512,1.594046530896347,1.446291693969739,0.6538069612773268,0.4882845816507128,155.9,21157
MARSHALL,2021,21,0.1852324781387013,0.1707833718542508,0.3944161380603016,0.5203314481697195,0.4226609788267444,0.2345708914497809,0.1361213787753406,0.215785387718019,0.1972791478719767,0.4532016862753747,0.5549541128686872,0.5345934858475048,0.3551702807881581,0.2179619720629339,0.5861319582878235,0.5338544063774809,1.342960899653592,1.798564807131112,1.445995204887853,0.7646430150426745,0.4084557421887769,181.3,21157
MERCER,2021,21,0.1985869535487914,0.035231020895322,0.5305474361761524,0.6225713275686097,0.558564007308033,0.3032971980231029,0.1126739125201252,0.1987917201343847,0.0950427312187231,0.6253000253260564,0.7140269983222323,0.6927293672761285,0.4587795140868629,0.1870036385056693,0.6235201239492197,0.1122493560090731,1.82363172957227,2.15656568712525,1.925002680741663,1.001451295721222,0.3168305568213447,187.9,21167
METCALFE,2020,21,0.1882285080034301,0.2381736402932663,0.4013813780497346,0.5105286683574703,0.4453440620119012,0.2288575722110577,0.1641266632959434,0.2055100103492443,0.2818246945387708,0.4670706526170501,0.6390775304291597,0.5999844656155263,0.3196984037207344,0.2387583916642908,0.5979290385020889,0.792408565418623,1.36911701232087,1.76401257175252,1.528287263764169,0.7449266935504034,0.510720876391197,198.9,21169
MUHLENBERG,2020,21,0.1485865023187461,0.2323358033687108,0.3452985996760492,0.5158734349856496,0.4785167585186849,0.2034359114687064,0.1603885824835705,0.1582896424394986,0.2345853941121655,0.3949569432833496,0.6789772280749551,0.6293565592683058,0.3016257965368298,0.1927827815608659,0.4578694122248016,0.7501003204606486,1.158459754220316,1.775593471558308,1.64043986142914,0.6451594784816717,0.488197003511964,170.3,21177
OHIO,2020,21,0.1515985170924937,0.2524805524146809,0.3902551868840644,0.5327454258571555,0.4862117647104398,0.2252429268318018,0.2121393386154818,0.1471288990447391,0.2607455821527586,0.4555928112151663,0.6981791537683371,0.6505478445643444,0.33400472696877,0.2466334514206477,0.4531867812071247,0.8182835819839667,1.316419806451325,1.831920388015436,1.663565384888691,0.7193535399989268,0.6711585406704007,183.1,21183
SHELBY,2020,21,0.2134213869400523,0.2006439492997707,0.2398889150781927,0.484792622597497,0.4876608221253733,0.3478762234820924,0.208561005924678,0.2541362667812856,0.2125432450144165,0.2781371263280092,0.6383598358547613,0.6592366015857918,0.5218776908109157,0.303208454400059,0.6832436152654686,0.6371150410730738,0.7790336612984026,1.66522383414334,1.675445669596183,1.169705387194873,0.6656629300721557,171.5,21211
SIMPSON,2020,21,0.1422728009520802,0.2836676901031598,0.4779537597493373,0.5842943130587199,0.5208138129714578,0.1718494230517712,0.1504567669517649,0.0990826478281608,0.3080616884971498,0.584926718265457,0.7676957898568311,0.6878420827798944,0.2505206448177532,0.144107283068936,0.4107365298126936,0.922483324186354,1.625235536259151,2.009977843189303,1.780314165452412,0.5177426446699943,0.4403534657886562,193.8,21213
SPENCER,2020,21,0.1746422367227075,0.1961679875133925,0.2549333438143769,0.4839097450947773,0.4376539299016507,0.2432067636347839,0.1582898412598921,0.2049037832644679,0.2275260253782139,0.3010681698834654,0.6289348244638038,0.5901489753068841,0.3520129759266532,0.2168143774045364,0.5456358241811426,0.628089523879673,0.8361089953479964,1.664577895649035,1.497214077269026,0.7937061201259666,0.4864766949736025,180.2,21215
TODD,2020,21,0.1544784558417836,0.2806923905422346,0.4840284910729437,0.6014734585885733,0.4951442536315821,0.1723494416932506,0.1603515374138504,0.1229289043092363,0.3106304108101707,0.5957734563706107,0.7666636963293003,0.6428201291616541,0.2420432259058434,0.1492944493468789,0.4575818654163932,0.914388132331967,1.649924517173263,2.074838112835117,1.690139482852076,0.5222614500137868,0.4787730628862741,192.9,21219
TRIGG,2019,21,0.165417407947133,0.2769320666902701,0.5643774248808715,0.5604370577484884,0.282664924943292,0.168324654677512,0.1295708921947759,0.1753308466033782,0.3053635370374247,0.7085146274401809,0.6626326090537279,0.428217984918648,0.2199576825162697,0.1284351514835845,0.505330908278544,0.9080787894451304,1.948854138642394,1.935002258897853,0.9288247011354156,0.5151377241141106,0.3749289713580404,171.0,21221
TRIGG,2020,21,0.1595834529292344,0.2544254051282634,0.4726227091637571,0.5547404620468643,0.4482709432062705,0.1698690982669993,0.1607700616874568,0.1427567123454697,0.2854601601497782,0.5721864839121483,0.6955581555978678,0.5996498472677959,0.2404562999955117,0.1581790744971963,0.480198210670298,0.8233452193708344,1.612770477405924,1.909870364324401,1.524663858150821,0.5174079249218182,0.4846906081541548,174.4,21221
TRIGG,2021,21,0.1480890693241265,0.2524238898236302,0.5390000197517378,0.5502625283905155,0.3272576429389624,0.1703872113213431,0.171124807648553,0.1394486461931067,0.3067955726618544,0.6328107357446382,0.6574973106232095,0.4707404126911535,0.2486024839017529,0.222239991045392,0.4425409721090184,0.821469408696358,1.856843748566813,1.900564762054443,1.090652047856283,0.5232098485575303,0.5278894423053149,196.4,21221
TRIMBLE,2020,21,0.124631502381185,0.1450170975920837,0.1726829658307781,0.4277534901779928,0.4167547132698544,0.3003211586367752,0.1775858281071501,0.1295053924055507,0.1262336382870975,0.1607554637881419,0.5168439151090876,0.5652094779492577,0.4326029447710338,0.254831851366853,0.3749557719492498,0.4485891119200402,0.5489764207205502,1.471634693617521,1.431871372719036,1.010609554057803,0.5665583462003679,162.5,21223
UNION,2019,21,0.1702292371744833,0.2528604386518118,0.6155907164410855,0.6693000101397577,0.5061327622465737,0.2933729278247683,0.1412694218030045,0.1724532281315772,0.2528396610459592,0.7601572168881142,0.7979156667434814,0.7243326489476732,0.4072883738352489,0.1265862384622567,0.5113521677214968,0.8103056495273618,2.122666390059923,2.316989776127413,1.726641394121213,0.956883263664289,0.4065757731011983,188.0,21225
UNION,2020,21,0.1350105329557483,0.2992566421897141,0.5680724412805662,0.6145677077305634,0.534670230352526,0.1865601039102175,0.1541618221528893,0.0869221756944535,0.3372377807524918,0.6893636808101884,0.7793593471958667,0.7151852179532397,0.2543987969954988,0.1415691607215166,0.3846611494082175,0.9783401278750612,1.950645512276177,2.118864783617532,1.829795833362012,0.570333184895505,0.453114541528386,205.3,21225
UNION,2021,21,0.1441152615568226,0.3027821755678985,0.6404535547401842,0.7063392633281435,0.5923007849211822,0.2408936601277597,0.1592420143740897,0.1388342889388014,0.4232681087745955,0.7328795007957876,0.679026092077767,0.7320496641908362,0.3495666046461902,0.1933947416757514,0.4168016224373504,0.99085387273971,2.21255516096784,2.452820752717522,2.038364616959025,0.7669478421524843,0.4715681143795666,218.9,21225
UNION,2022,21,0.1661195365554122,0.1744676124544617,0.5370450599885723,0.6371700279094353,0.5561248167866605,0.232480955005305,0.1636653479923572,0.1259891325667329,0.1353200624755471,0.6220602983981118,0.7893403868724785,0.7216906022530604,0.3239131619213646,0.1498255681556244,0.4977802598293107,0.527821575349344,1.841163906414598,2.203798468989743,1.909824642258792,0.7376228205009012,0.4885637877753457,197.9,21225
WARREN,2020,21,0.1558083698418257,0.2801755952860837,0.4551884453850788,0.5671048087127218,0.5023421937623215,0.1934942523865704,0.1576982811054982,0.1411190133836012,0.3259896033826284,0.5531337964358346,0.7375477069074533,0.6495711022366804,0.2767724417960637,0.179287817329187,0.4664811300468619,0.917079375133922,1.549672219392559,1.954574172902257,1.720289109107053,0.6028291672485033,0.4738250381697136,212.7,21227
WASHINGTON,2020,21,0.1968510448151827,0.0745031010814761,0.3609662570837187,0.5121613841735164,0.4442443525156411,0.2334954050080546,0.1498203364454648,0.2270804011982553,0.0746742974826961,0.4484052774498866,0.6516624279281881,0.5636279813059933,0.3605166662049028,0.2319619578746104,0.626816456243708,0.2347427729363745,1.22059972221409,1.767615229124878,1.521889961846402,0.7594129909037352,0.4566682809264651,164.5,21229
WEBSTER,2019,21,0.185358136768111,0.2484379091624886,0.5529771495748034,0.6160968792829833,0.4696346318133598,0.2846730117496319,0.1369770106068298,0.2067263964388215,0.2586533421524244,0.6911468403992175,0.7440703844050744,0.6758847508321655,0.4010754168613241,0.1415818839379079,0.5725429309553308,0.8004919422257912,1.90235348726534,2.130695717370011,1.60110341417921,0.9316031497451206,0.3972407934555317,178.0,21233
WEBSTER,2020,21,0.1486200571784107,0.2756013047686593,0.5143511228451647,0.5925957002213287,0.5139243789657959,0.1867876329900174,0.1548036696539352,0.1240870023076187,0.2981147502644363,0.6221790590293549,0.7468040486827958,0.6808082702544888,0.2771230212885114,0.1703616988207429,0.4381716002166846,0.8976353989781238,1.761348983355131,2.044438622949897,1.759806027114142,0.5762239884137922,0.4605070693801517,195.2,21233
WEBSTER,2021,21,0.1550579133748466,0.2422201082825339,0.5438875816509595,0.6636004287396785,0.5477794454858346,0.2418043886955024,0.1379504017737869,0.1638656712004262,0.3143033710804613,0.6210708250079278,0.6483257094725495,0.6718272346293973,0.3613614365448774,0.1771529512276351,0.4620480164423535,0.7776517254061345,1.868827655569839,2.303202576982504,1.882947613825913,0.7758960815578135,0.4005626518534961,207.7,21233
ALLEGAN,2019,26,0.1546038916893573,0.1620757003645274,0.2198647767203803,0.4779015192627189,0.5267724995754757,0.4308967078048481,0.328354208237429,0.1585536153992729,0.1594753753660451,0.2405676690266315,0.5789745712194551,0.6684197826290694,0.5879088907601241,0.5101394996930945,0.4699467713589482,0.4943689003861555,0.7037205585579124,1.636978540748737,1.813830391100946,1.470930362285789,1.098559244918565,134.0,26005
ALLEGAN,2020,26,0.1740511520939653,0.1507551606426534,0.2650182603660784,0.4976048296484672,0.4871018456274963,0.3325080213040139,0.1693497501000729,0.1622900366851742,0.1334497113533231,0.3106681710584766,0.6275193275011303,0.6397250497862087,0.4832484295341487,0.263761374033329,0.5376688185875632,0.452865666031417,0.8662118440318884,1.707747136924635,1.669782531762216,1.110398127671454,0.5201005784390246,148.7,26005
ALPENA,2019,26,0.1058963825281378,0.1086190473777257,0.148172288086697,0.3873127304102473,0.4669950836303319,0.4085382446300705,0.2169620298882323,0.0876446489762305,0.0778667613181897,0.1276874216099839,0.4971795823083738,0.5772221998181662,0.5630505815368148,0.3075011370210973,0.3039609293032749,0.313543135843899,0.4566501838932182,1.321856881055571,1.610285882071582,1.398186306956439,0.7239374067482998,131.0,26007
ALPENA,2021,26,0.1167290912282567,0.1126990520063024,0.2887976069502236,0.5302074809194912,0.5314300696178469,0.3532562528826151,0.2189228817516291,0.1065819500170109,0.0693009269968948,0.3550942048992573,0.6742707413528941,0.6582181603560159,0.5140622866776251,0.3139848825330583,0.3377732182561233,0.3197940316595511,0.9569177548888336,1.830340081878439,1.83476595823133,1.19013226230012,0.7330142021472872,163.6,26007
ARENAC,2019,26,0.1044977404217769,0.1122600769374276,0.1951189001423571,0.5339252277403843,0.5377193502338637,0.455424837899678,0.263050833274195,0.0589070268083427,0.0684420045891486,0.1902118836785464,0.642102784098518,0.6322351665229793,0.5637986831473204,0.4031413222715079,0.2851792083492032,0.313142606622544,0.6129695802595363,1.838751721551928,1.856995348326289,1.560433909916119,0.8591824651863125,133.3,26011
ARENAC,2020,26,0.0881871058979706,0.1256137610807357,0.217990273994808,0.3736427687276398,0.4310640275245138,0.2846730209825736,0.1004731186376363,0.0494106625494187,0.0807728614749845,0.246296008204829,0.503579379143563,0.5839464259824202,0.425393886721398,0.1053153444458486,0.241709984805944,0.3687698812224457,0.7029923338939724,1.266828716599326,1.473958015516953,0.9442449344643264,0.278350861601513,137.9,26011
BARRY,2020,26,0.1676182065169885,0.1418405950475826,0.2789083184747878,0.4926293820103789,0.4676499100479933,0.282800522561896,0.1466357143647264,0.1469398144373924,0.095257286669541,0.3278002470932923,0.6085643453824966,0.6240232189892397,0.4027353424263113,0.2123708092007847,0.5188216189583493,0.4239206457700777,0.9198172569820058,1.693885813849227,1.602770044537696,0.9339004953642648,0.4412771132332321,153.0,26015
BERRIEN,2020,26,0.1668478009091678,0.1507246089925241,0.2339086345986452,0.3921837411906245,0.4597220614417296,0.3661574725642184,0.1904467259235488,0.161700041994817,0.1319196021712683,0.263294613777201,0.5278059646130472,0.5998052636061837,0.5063880536069395,0.3052846054711077,0.5165099168560169,0.4570515599541938,0.7580050731190675,1.330637385600425,1.575001782129023,1.236485081707432,0.600763549224405,162.3,26021
BERRIEN,2022,26,0.1908481831686188,0.1597890015339862,0.2472216397148615,0.547242796845121,0.5469237883228332,0.4545830144522108,0.2509209285667564,0.1862284413659296,0.1341902222244266,0.2907404266479609,0.6776273804658124,0.6973047117441628,0.6083216769708787,0.3923347778406934,0.5974728776934191,0.4849811208896541,0.8015757404250756,1.887130398069136,1.885875142666548,1.551745665374922,0.8148666089183442,174.8,26021
BRANCH,2020,26,0.1446449076647391,0.1474317812968615,0.2897494215665108,0.4400318005414215,0.4871870745025527,0.3185032671922851,0.1534943770040536,0.1220581460775142,0.1097984308247842,0.3611465734834936,0.6187511022710748,0.6673919132367757,0.4829146913114716,0.2387403522371086,0.4300296326671978,0.4391346231037495,0.9539601600048068,1.49926887000824,1.668292188289715,1.057993512302712,0.4609920502293542,159.9,26023
BRANCH,2022,26,0.162142058562558,0.1571621950854334,0.266899487580198,0.5931144242486645,0.6140674101207467,0.4538130679625271,0.227763388144529,0.1607042424175888,0.1374718569735298,0.3186144172064316,0.7359710933140672,0.6965580978733414,0.6272879063967122,0.3541539091100285,0.4888773323167686,0.471966182052739,0.8679171956146106,2.048681295141056,2.126931225937398,1.544126277480664,0.7262724067791909,172.8,26023
CALHOUN,2020,26,0.1650752525120971,0.1532804456393718,0.2953319830747207,0.4420893785973658,0.4818732912746585,0.3020041119180645,0.1427995238430918,0.1553893723680479,0.1320890933444797,0.3706677217998895,0.6085251862924655,0.6686148969715814,0.4718127407060908,0.217916006137815,0.5049092505204082,0.4611797251715134,0.9750224186415536,1.508215187279323,1.649930887301075,0.9991625263203804,0.4231599719927902,140.0,26025
CASS,2019,26,0.1532292301398855,0.1634507552001421,0.2107483409127596,0.5041760837278766,0.561856713848317,0.3410343620751994,0.2547790208472039,0.1592156354924553,0.1582010907025033,0.2538368405965476,0.6168812587282663,0.736470909789689,0.5124817592954848,0.4283131406596168,0.4579561002405578,0.4947836554126277,0.6659666221397456,1.72752892474026,1.935870096850133,1.14000156951109,0.825209382092148,143.3,26027
CASS,2020,26,0.1717859660080914,0.1506716657131254,0.2818442934869707,0.4524238960034542,0.4699950279048004,0.3130529257212475,0.1496492461487866,0.1649668044413136,0.1157417851005859,0.3493020686690291,0.6097602399006438,0.6357425765324227,0.4635051834658481,0.2365861866811687,0.52756062208504,0.4507419215397901,0.9252951952149624,1.54283372414198,1.60602625108555,1.038209171975303,0.4470150456652333,147.5,26027
CASS,2022,26,0.1996133998996365,0.1541898949031009,0.2608679894103988,0.5717975971199324,0.5830724340100121,0.4430902273484168,0.2547318115385846,0.2106007309700325,0.1302807111094583,0.3063351235959415,0.705006656511024,0.7105511116120757,0.6015595026464823,0.3924096629032199,0.6252140748903245,0.4616726839918089,0.8470231812852184,1.972179580525888,2.013059718676151,1.506189792029966,0.8246811118332529,162.6,26027
CLINTON,2020,26,0.1341081078333026,0.1526240200719769,0.2600979089781126,0.4719776517058875,0.4648772701867722,0.2928937305230467,0.1338506738616836,0.095030276760592,0.1087380074020112,0.3096909205919349,0.5901478302746267,0.6416292617079051,0.4271413462480773,0.1722008354553567,0.3925397612906434,0.4583209684108321,0.8469534622056218,1.61419893537169,1.58779490963032,0.9656131702145746,0.3902028803299879,146.0,26037
EATON,2020,26,0.1646907002667914,0.1437533037602334,0.2591668419454157,0.4794610591604879,0.4605303881923296,0.3084578649729211,0.144651876893317,0.1450943874521663,0.0977158360745916,0.3024413192997261,0.5879971452333151,0.6323257748408264,0.4748726285485444,0.2268951554089678,0.5063165298531808,0.4301840224631534,0.8475211450453275,1.645193254416567,1.576054889703919,1.025855937309936,0.4332140201336491,147.3,26045
GENESEE,2019,26,0.1150955966041595,0.1333843698102101,0.1895530514674237,0.4728035017839159,0.0586710594913316,0.5045637866285844,0.3016552031518992,0.1009825161659657,0.1283293452027491,0.2021303281078345,0.56114239777183,0.0719558839152015,0.6313368293034021,0.4453702762159774,0.3276845644980286,0.3938609613438746,0.5970453076225406,1.621880117944531,0.1955993956337904,1.737274364650554,1.002667841177669,138.7,26049
GENESEE,2020,26,0.0333455679985195,0.1407732047266408,0.2253979923673345,0.333556807499115,0.4691133627125846,0.3643790865060069,0.1687264986535698,0.0370131716487473,0.1241829317622397,0.2546575089266268,0.4506724038003441,0.6152336612737389,0.5166906204349115,0.2694216971867034,0.1038072727389094,0.4229222928782709,0.7291011930773337,1.120590864345307,1.61086510233387,1.231936491018469,0.5240654281683571,157.4,26049
GLADWIN,2020,26,0.0682784820024538,0.1275264644600943,0.2037252840681324,0.34521228803155,0.3855888251352282,0.260723775421559,0.0916515028869197,0.0354253526512449,0.0906786464445445,0.2373832262226918,0.4514350085556851,0.5320121572556606,0.4110650000017447,0.1234389781128467,0.2035221510069418,0.3819680712581124,0.6576413171146728,1.170977817687405,1.315623357000509,0.8639814098508659,0.2618676467172973,136.3,26051
HILLSDALE,2019,26,0.1326951721772875,0.1607569474378187,0.2196655924882611,0.503818060853559,0.5293497551620627,0.4228695801575953,0.2116309606171797,0.1341363304116852,0.1751772735574678,0.2646774137998743,0.606848587120351,0.628362815812622,0.5770085176920087,0.3403526771846216,0.3876671979010292,0.48926600314669,0.7022925130946774,1.730375109873571,1.827983009851538,1.440286030742551,0.6752427132124045,161.0,26059
HILLSDALE,2020,26,0.1604846738176797,0.1417975811245868,0.2537628489007173,0.3670632459846826,0.4608948835016431,0.3273703919588277,0.1675111759901599,0.1477819715289847,0.1177440315546576,0.3023664871811461,0.4889084443116344,0.632259896940915,0.4788654242190142,0.2574959595106754,0.491107553537109,0.4235249426597935,0.8283838156644051,1.239996678650821,1.57778532501589,1.094693559278533,0.5163231683516935,156.4,26059
HILLSDALE,2022,26,0.1682605050600925,0.1710409258350786,0.2630353876088692,0.5744298872270523,0.592900170559049,0.4776820758599273,0.231943945710087,0.1641534320081523,0.1495998462378683,0.2977771969756845,0.7138130478468234,0.7074154177856298,0.6398132327196796,0.3546753972947352,0.5132985657923936,0.5233026540189982,0.856240877224709,1.983124394753425,2.05125493714494,1.632812155405202,0.7436795366626864,186.5,26059
HURON,2020,26,0.1126474918640806,0.1293467787030448,0.3193702491523832,0.4981013614486003,0.548677647602058,0.3781829034653214,0.1518264244935941,0.0671000396610545,0.0725637508294883,0.3842449388000246,0.6611016680474371,0.720293986434883,0.5106081577112886,0.1840560015391491,0.3104374779918601,0.3708654922771761,1.058370624872892,1.705018989378334,1.888004738903173,1.271153263840742,0.4538819738357484,185.6,26063
INGHAM,2019,26,0.121771252825277,0.1401508270405389,0.2139657169756899,0.5956827746404522,0.5113087846348865,0.556248618911639,0.2410896994003304,0.1184686966409346,0.1397958020497512,0.2366222782760794,0.71305768501713,0.6569984611550013,0.6936656983110394,0.3695128150710957,0.3439330588145909,0.4099455060265573,0.6770675909222919,2.058054979690114,1.756458788665364,1.914398926928178,0.7741509198325341,148.3,26065
INGHAM,2020,26,0.1642889476065562,0.152603197096719,0.2937679295832021,0.4534948621709979,0.4844601922305576,0.3016592049937414,0.1370781058857353,0.1469498645058193,0.113076792590568,0.3570215769100298,0.5803897188140374,0.6551080607833161,0.4671662372869087,0.2064010907363001,0.502051789675014,0.4593792649688716,0.9699206914248332,1.549301042204584,1.659848805918748,0.9984737508850592,0.403021400712491,148.1,26065
IONIA,2020,26,0.1400051024725666,0.1549982361040519,0.2891526455715592,0.4993925837238057,0.456065764670539,0.2716084726520228,0.1325570108122181,0.0960165984116249,0.1006821777312346,0.3416556234809642,0.6064726122620868,0.618265783241626,0.3965149741905143,0.1751380263582711,0.4143104975993433,0.4672938108990994,0.9526487490473052,1.713885218878598,1.556709058182262,0.889170803315034,0.3860495442485069,147.6,26067
IOSCO,2019,26,0.1091509963125353,0.1107856018759338,0.1718138533657111,0.4111856599489429,0.465619567552927,0.4251825869289898,0.277011850985594,0.0784481737023284,0.0743166896958154,0.1521219531877265,0.5036038571847711,0.5489280823243509,0.5814834918948504,0.3949362782631422,0.3110878260781384,0.3159710969424433,0.536754677640114,1.402851295530034,1.601410813952003,1.454659114519202,0.9292867886600868,117.1,26069
IOSCO,2020,26,0.1129590766674258,0.1344465879925316,0.1960182077389755,0.3481665898607546,0.4166740753820068,0.2935120537402402,0.0953358501786853,0.0775673894843593,0.0967807222965246,0.2084674236867679,0.4603464777125231,0.5742958346577962,0.4512250549005604,0.1100151682679996,0.3266928802172904,0.4044875993874978,0.6272677135162538,1.178705804905463,1.425599327395441,0.9801076802664256,0.2774252402263891,128.5,26069
IOSCO,2021,26,0.0310475461625436,0.1128111175866153,0.2474051772202436,0.572945545412358,0.5620798643248963,0.3643700827739951,0.2053236375065056,0.0322523448459789,0.0600624198196628,0.2703611354383604,0.6937833534262312,0.6861593903577832,0.5147107758853839,0.3006546278984823,0.0922807228037776,0.3155422540596881,0.8025009014505085,1.980310831604231,1.940998797429801,1.225675287175562,0.6532373377539812,161.6,26069
JACKSON,2019,26,0.1357676675607286,0.1584292333084789,0.231585103110555,0.5614386865603666,0.5016513795563112,0.4163194424935609,0.2055348985934044,0.1390496859358657,0.176952974246716,0.309477552737088,0.6605845052068389,0.6192227813870949,0.5902196512809691,0.3516994803511074,0.398045072664161,0.4795803819037896,0.7441519803289249,1.937554236714194,1.725575168268536,1.41388613008933,0.6510868001107771,155.9,26075
JACKSON,2020,26,0.1531954722342253,0.1503689954242802,0.2844874413953673,0.4168132997837358,0.4563706025114264,0.2918779795777703,0.1466903697112445,0.1387811357791521,0.130858835945314,0.3534071339621408,0.5532487810396173,0.6322498885990575,0.4489174992626482,0.2244748078504509,0.4642564674692127,0.4538672793851335,0.9389958302736804,1.41923442863746,1.56086951167236,0.9657349718269654,0.4404463951188448,139.1,26075
KALAMAZOO,2019,26,0.1367831814942982,0.1621399368534397,0.2195213634179961,0.5223526311816191,0.5810810051911061,0.4306455295281868,0.2980589264961836,0.1567145486313825,0.1554990051482061,0.2464770475029905,0.6412277266737291,0.7253201159282351,0.6018690492983931,0.4804924459737291,0.3967001289837954,0.4884478932751484,0.6961178427031958,1.791669727579214,2.003374352021985,1.46142277614532,0.981705809230068,138.4,26077
KALAMAZOO,2020,26,0.149937524563794,0.1514639960741876,0.2956050397010192,0.4570412220172716,0.4773883675248258,0.3138835675398999,0.1598414459444267,0.1210758385246832,0.106738278831481,0.3622203977681413,0.6228128823059347,0.6280557034709572,0.4634269157593504,0.2458956077777304,0.4489423434617752,0.4529423769965555,0.974425151860245,1.560217207662871,1.632123782072131,1.040553800882919,0.4832572569137749,141.7,26077
KENT,2019,26,0.1385804608038122,0.1539276929386858,0.1860544420112116,0.4762476930983438,0.5193838803378699,0.4293320132045167,0.2748207656120459,0.1311179975092878,0.1454434730445913,0.19672313785675,0.5524734568575301,0.6426181606852858,0.5802694590147747,0.4451116178174407,0.418842514170252,0.4683171126791967,0.5847600313220085,1.634452672362227,1.7909667296358,1.468664468458123,0.9097803162665502,150.5,26081
KENT,2020,26,0.1494122168444758,0.1415272811014224,0.2449982782767495,0.4615874295521834,0.4509704035471391,0.303776519212431,0.1381707717341631,0.1220743819609794,0.1080217001046441,0.2753955096773718,0.5757912905206032,0.5913830748061004,0.4354968351928318,0.2002311220686553,0.4547945095231833,0.4260157139948248,0.8003588261608657,1.584046189201657,1.545743630090142,1.013028430854485,0.4138865180022169,158.8,26081
LAPEER,2019,26,0.1076847063270741,0.1332682464659077,0.2135766337671431,0.4927364552778643,0.484534122237816,0.4967909328891655,0.2699962752701829,0.086370473366051,0.1265771880424365,0.2320212220453921,0.5922042176086709,0.5924852036690272,0.6391216918983897,0.4159053521122583,0.2999229618043597,0.3924291541209231,0.6830032338042855,1.693004073988481,1.664181369778307,1.707790146501662,0.8908374643122078,146.8,26087
LAPEER,2020,26,0.1267120709189416,0.1317018896530895,0.2540325791861283,0.4324295364081756,0.4938074768183943,0.3204551863005786,0.1170001779366638,0.1032728811163196,0.1137123787596445,0.3020469935329296,0.5701546593431708,0.6396193433294337,0.4567974111972516,0.1810920621903988,0.3702740864282941,0.3886331297151124,0.8311924659146593,1.476674664200171,1.698698088635621,1.07150950154216,0.3354092812815193,163.8,26087
LENAWEE,2019,26,0.1114153722031016,0.1423878875169992,0.1679004786083344,0.4507391485409198,0.5579401454826023,0.481265291508495,0.2493267484002514,0.0957466560293653,0.1502206200030588,0.178553847415976,0.5363163301149665,0.6852434423110372,0.6466283143004181,0.4130902533852535,0.3109416909691904,0.4244718203220661,0.5152347639428395,1.538616859255215,1.926678875379006,1.649053843139441,0.8099164535596911,172.3,26091
LENAWEE,2020,26,0.1620804493715837,0.1334991195977421,0.2562305779542794,0.3789256670683565,0.4889881779375238,0.3113141793123549,0.1641208866590049,0.1342955954163426,0.0987082588640576,0.2900593560297173,0.4647929518981447,0.6540880590174425,0.4234117089245705,0.2253856420156991,0.4906834960143376,0.387276723646916,0.831318527674297,1.275543512307973,1.673435526694637,1.0306109996688,0.4980656668489821,158.4,26091
MACOMB,2020,26,0.1436027597647498,0.1159901277494777,0.234268121027084,0.3622752230274604,0.4447783439318531,0.300244057771949,0.1293069268475648,0.1359289547636975,0.1134859059632807,0.2776228376755407,0.4955418445121261,0.5924832767870717,0.3913105516193896,0.2004419449324024,0.436666194204989,0.336863050412659,0.7647529176762727,1.228646955684719,1.526380730704571,1.00345688794171,0.3850063482572818,155.0,26099
MASON,2019,26,0.1363108881696177,0.1422799725151778,0.1730745577590983,0.460293735696149,0.4811853344795901,0.4396254632035317,0.2376576159898688,0.1255202043919332,0.1221682265697235,0.1810692379718397,0.5440830694060877,0.6315559331565865,0.563110303762176,0.3893849682455135,0.4069374418246668,0.4284471095590832,0.5398794509617655,1.579035836381478,1.654620264973381,1.504265280474976,0.7735382018709512,153.6,26105
MASON,2020,26,0.1395631290557694,0.1286641154687038,0.2234804640370599,0.4692504449238566,0.4709063971368191,0.3993021568646268,0.1398373260933788,0.1099991182881682,0.1026311529735852,0.2413309293928809,0.5925336030018864,0.5806276879826526,0.507282637798896,0.1958575744431399,0.4199795948203076,0.3802028736807764,0.7232407708707951,1.612437033487156,1.618408600411489,1.359365207457464,0.4216616493509528,150.6,26105
MECOSTA,2020,26,0.112630213129237,0.1295184299214337,0.2281151736942647,0.4151775757475752,0.3887439707694936,0.2897047274105168,0.1028175783536618,0.0909352328093258,0.0878764449100685,0.2554047717350972,0.5351008069267122,0.5256956861001215,0.4425580241282511,0.1386935033699639,0.3273998971013055,0.3830535175080589,0.7397751071976532,1.416622174157298,1.321559144683652,0.9629165499525676,0.2878155336226992,118.9,26107
MENOMINEE,2019,26,0.0971775871237935,0.1159900892942854,0.1359299335408255,0.3744844933796677,0.402809901903244,0.3158816054749261,0.2693332464663052,0.086395583418733,0.107545490755561,0.1573760436748456,0.4718692801073467,0.5087599621287924,0.4733338711550143,0.4166335391488144,0.2730800867207951,0.3410963017293797,0.4142324929579722,1.276326018505054,1.378811618380833,1.064709396972337,0.895896248766654,73.2,26109
MENOMINEE,2020,26,0.1183168488719026,0.1186699968239334,0.2021784505764022,0.4697413873589496,0.4687584841330533,0.3580873811611968,0.0791519250658719,0.1219500528915763,0.1196045237750201,0.2370018124385996,0.6045546938245523,0.5971376568667004,0.5041686966380778,0.1272310235629243,0.3461299113801481,0.3462550763592279,0.6483875433651051,1.616427489711448,1.612868507349824,1.212453701220756,0.262439795294986,134.5,26109
MONROE,2019,26,0.1105267929248722,0.1380336490525922,0.1413827338723203,0.4692692688091771,0.5821040854483976,0.5047086612409741,0.27953801604354,0.1024090068529742,0.1623072349855265,0.1519172568301166,0.5764473612397082,0.7036585385777,0.6704873059440521,0.4527786070408292,0.3076361918955679,0.4085271108007949,0.419315940561224,1.605646031692563,2.014097774026838,1.73385346940479,0.9201317519791412,178.7,26115
MONROE,2020,26,0.1499625841491165,0.130153637469206,0.2909590401999442,0.439243001391647,0.4479189702110215,0.2346652694272948,0.1325064387066102,0.1355767791947284,0.1039187609865948,0.3582371977141574,0.6011475281033595,0.6111290102925332,0.3384277962773123,0.1754086619034728,0.4492173285409713,0.3775899928648134,0.959419402995086,1.496172984526329,1.52730042977517,0.7557485403396489,0.3861378907922089,147.8,26115
MONTCALM,2020,26,0.1264787740856687,0.144555001835931,0.2669876740420114,0.4827358687117062,0.4552207075343555,0.3150641494472134,0.1272750904643474,0.0882860832176899,0.098842207311792,0.3085123712782026,0.6076483892163436,0.6123250748479707,0.4680451935882194,0.1771664726747549,0.3670610205279291,0.4319838399920829,0.8749364653582558,1.655678310067865,1.55585710591902,1.048874657601721,0.369496020180082,159.4,26117
MUSKEGON,2020,26,0.1637047265048951,0.1460487448328433,0.212343113105318,0.4628953960893877,0.4884242880166562,0.3601824755569164,0.1321755555031476,0.157137358800417,0.1385366176819841,0.229791337296261,0.5974663322762236,0.6093150173068035,0.4890420598117558,0.1750392139249089,0.5028955147346174,0.4390157843396742,0.6788704776517199,1.585370666305745,1.677833472233291,1.213756592908465,0.3888277496661713,138.0,26121
NEWAYGO,2019,26,0.148598527215916,0.1491320905624064,0.1770405583603123,0.4438953761489862,0.4580073311626304,0.4232270574765754,0.2262299615336226,0.1420464608331113,0.1453727267366951,0.2026994928922026,0.5272346217661346,0.5981706028064369,0.5667434913614817,0.3764068871858874,0.4533358034035534,0.4545317776806433,0.5555171956723461,1.520983071431721,1.572062237164059,1.446202155732552,0.733471900428605,137.0,26123
NEWAYGO,2020,26,0.1401549829657056,0.1331406521515998,0.2230040968159661,0.4225944800632001,0.4219355700509141,0.3247396877492144,0.1264682615588324,0.1216931155162881,0.1126431856496327,0.2492185812487417,0.5450557086307911,0.5455628879142119,0.4316448828801639,0.17104038977454,0.4224047936562296,0.3970370372705582,0.7221395753811944,1.444253892955593,1.44196363513518,1.090219234395166,0.3728860456844236,142.2,26123
OCEANA,2019,26,0.1365249975047681,0.1338415330790832,0.162088785935763,0.4037482835772772,0.4378637646804801,0.414136546611356,0.2336098116904064,0.1322619587779574,0.1168412069543628,0.161809978555927,0.4810110655614925,0.5822236845301996,0.5337634832909635,0.371640226055219,0.4131158007634192,0.4025581998165841,0.5047799634082634,1.379079370815976,1.502508606652147,1.416502448674141,0.7635194983854962,142.6,26127
OCEANA,2020,26,0.1303975878341954,0.1222135968102662,0.2027466289598078,0.3946692436859985,0.4013390816761145,0.3060168569858786,0.1351137754912954,0.1081762940123195,0.0941273224621591,0.2191682238701571,0.5038883526519038,0.5060944187768807,0.3992004997354735,0.1895933217778301,0.3916925710184569,0.3620084626017078,0.653375056724686,1.347752928691414,1.371870731542564,1.027008912295725,0.4086926588977228,130.0,26127
OGEMAW,2020,26,0.1074639396628786,0.1430690538531277,0.2355033729228297,0.4015949577633912,0.4541341525404549,0.3163538435508392,0.1074086320256761,0.0622113701570948,0.1013206129015576,0.2688680151017869,0.5430880263739435,0.6218581295357524,0.4945640447738641,0.1222465512969984,0.3012408831845937,0.4317314279358532,0.7626711802107861,1.364420900853175,1.553684678842039,1.055175860422102,0.301934729164581,146.2,26129
OTTAWA,2020,26,0.1590850909109925,0.1454134627436951,0.2231489671907864,0.4664487309827873,0.4549442555758202,0.3149778722279787,0.1418802927077299,0.1472886643415996,0.1357705350687645,0.2451327438239758,0.6012451181359901,0.5921400104671861,0.4484834895509042,0.2015198468239446,0.486816369345983,0.4370445592414999,0.7182806168367794,1.598549025486692,1.556929539726918,1.050531114261622,0.424264307623213,147.0,26139
PRESQUE ISLE,2019,26,0.0997185160657763,0.1080616021071417,0.1356313426781924,0.3446773211275548,0.4209878975238963,0.0503271448927409,0.0528247056004712,0.0894128761957915,0.091511191970225,0.1175277793765882,0.443039965401284,0.5293346464988365,0.0746378192786768,0.0830737483923997,0.2851725603273109,0.3155383983505244,0.4154629009352902,1.171615048052699,1.447481733013054,0.1639462881853401,0.1730532976918377,126.8,26141
PRESQUE ISLE,2021,26,0.1136019072300289,0.1118272660971623,0.2838609144070328,0.5016098484293285,0.5042314112920487,0.3693843430380187,0.0279806146094494,0.0978370329186007,0.0702356707000155,0.3343662934144798,0.6680974571797264,0.6593083102800319,0.5424973318826001,0.0444204444347065,0.3235081733137374,0.3166007792573384,0.9390338720489536,1.726851761208811,1.736344371640471,1.248472468087711,0.0869331485822171,148.5,26141
SANILAC,2019,26,0.1114303273280591,0.1291706392887325,0.2462932884507082,0.5325162910646686,0.4888263004479476,0.5416555044028732,0.3465102612126551,0.0881190543584139,0.1126247067205768,0.2679721573327381,0.6510770446839106,0.6024061750170271,0.6907233119068867,0.511067339765176,0.3074507578153301,0.3707886508808004,0.7954374884527399,1.830948992283019,1.675473596043199,1.864151127515327,1.157625876935838,160.1,26151
SANILAC,2020,26,0.121149865142027,0.1274256100644536,0.3126151605859336,0.5013578724656714,0.5503153472598131,0.3666267473900133,0.1456292999026682,0.0896856275213924,0.090098169769193,0.371199719600619,0.650941408003053,0.7094317298944158,0.5062088648174463,0.1987792477673336,0.3425279859386518,0.3664307098537259,1.036445775782392,1.719319403757077,1.896400054801019,1.231851544009475,0.4334075996409227,179.9,26151
TUSCOLA,2019,26,0.1091878954145077,0.1127892453665377,0.2593273811828758,0.5769754575621251,0.4542637828042302,0.5242350791319327,0.2586551596205933,0.0717146336251381,0.0815901677485688,0.2893141475754504,0.6924642012615657,0.5674410255832243,0.6557278334527445,0.385939725213506,0.2993753491287723,0.3123786961399321,0.8425715826330903,1.991818624570297,1.55787408659385,1.801701402196122,0.8401766171770819,162.1,26157
TUSCOLA,2020,26,0.1227295219238918,0.1380478498404137,0.2965173312771044,0.4776804380339015,0.5204814975446176,0.2944346298132924,0.1245912845215908,0.0916780836068085,0.0925675427911306,0.3573508352435435,0.6337752462231883,0.6892876086257236,0.4358829641102246,0.1670680285333649,0.3544245614601766,0.4057670419227108,0.9791098026053404,1.634557532737334,1.789412156161217,0.9715745887092684,0.3570825857319477,168.3,26157
VAN BUREN,2020,26,0.1539696726417519,0.146216948992246,0.2521696621968011,0.4374771240335395,0.4628135182445705,0.3236623962606685,0.1616015230202325,0.1432004256173908,0.1237679330546486,0.3017664571227623,0.583222854830345,0.619033843656567,0.4703982962003327,0.2484508555721671,0.4672914832103653,0.4387724658597292,0.8220530432475908,1.492528399781345,1.584162817262047,1.080713323936065,0.4943771435049129,150.5,26159
WASHTENAW,2019,26,0.1176600831886846,0.1585029007763282,0.1768500368338349,0.4480423903695174,0.5031657058411501,0.4278410907720111,0.2444610593726176,0.1114974788888145,0.1884440223848611,0.2087886170140675,0.5402878595761892,0.6170939034739794,0.5851007288907225,0.3636692560811799,0.3391731125834648,0.4875404362657526,0.5533275668122853,1.534504012250262,1.734444450721903,1.461313819484007,0.799415937472478,154.2,26161
WASHTENAW,2020,26,0.1591591893156543,0.1371419010515058,0.2411739268442516,0.3478103777032451,0.4396950385616308,0.3065133597028179,0.1636957251522301,0.1501164240068676,0.1138684110685806,0.2810063043898674,0.4355255179823667,0.5898719524957706,0.4443796822898618,0.2418234777894181,0.4893965223275355,0.4098560126863733,0.786243434011888,1.172779604646196,1.504492850407882,1.022641536296691,0.5059273344926675,143.1,26161
WEXFORD,2020,26,0.1271696716655177,0.1193978635137817,0.2427525571819384,0.4901479110812941,0.4560874399797339,0.3529460060925794,0.1366271089046278,0.0865598867544712,0.0798822101302215,0.2792469888363042,0.6307255355203598,0.5821207534604118,0.5038651196634596,0.1141158231567863,0.3707195931606212,0.3418952703998737,0.7881911073361579,1.683259292912731,1.560036058349436,1.186782253642977,0.4151805187058862,100.6,26165
AITKIN,2020,27,0.0583429055765475,0.0835333579142609,0.0936615500661565,0.2565926433912791,0.2027391424137662,0.1542830876004737,0.0773302545771571,0.0593826705256298,0.0932735734734291,0.1042299877607594,0.3678921883576593,0.3213309923304731,0.2289574558736289,0.1045451625147031,0.1561922885168785,0.2473708517551094,0.3141219971593712,0.8734496752577243,0.682336127018633,0.5033108236928665,0.2402361095902646,134.6,27001
BECKER,2019,27,0.1055799650360914,0.1061968846394499,0.203563750923187,0.5533789629472988,0.5879992049858217,0.4076854471112016,0.2273278306589927,0.0846437543524604,0.0615524415160612,0.2988518085338283,0.7398773255867241,0.7609147536068352,0.5799753427199789,0.3453629746022438,0.2971912298685036,0.2850901825613828,0.6373744822893576,1.903008047022856,2.028261805617542,1.385391622795154,0.7382098584173761,160.0,27005
BECKER,2020,27,0.0789280096274253,0.0895316395071876,0.1789172557236282,0.6065217074257274,0.5632300260492569,0.2057274768559336,0.1038684433019865,0.0532000920631439,0.0792737486651395,0.230286007080763,0.7842174182690502,0.7476368850561786,0.287470190148232,0.1483005205024392,0.1850214757205641,0.2234490422813298,0.5468506694992226,2.093918890651474,1.937286411471438,0.643845038939238,0.2744283903798976,154.6,27005
BECKER,2021,27,0.0770438145298824,0.0817102970169196,0.2123087607121914,0.6127067782464526,0.4630164120904371,0.2375139072132239,0.111604035505722,0.0625321492623841,0.0518512762467534,0.261546889104849,0.6769573670234624,0.6404426418691992,0.3945938787835194,0.1612217762197586,0.1786022403816491,0.1955118198707034,0.6848824599141382,2.116634211237493,1.57505230801336,0.7591882608280002,0.3037996935888249,152.0,27005
BELTRAMI,2020,27,0.0873950294949537,0.0932706514823194,0.1957382601040244,0.4520281002699124,0.4377702574142158,0.2516450789938898,0.1053110370216643,0.0621085786134519,0.0648802458432921,0.2043661042979626,0.5837158992500512,0.5700402060923144,0.3489620707091921,0.1222763207142404,0.2374120413117588,0.2586787232301231,0.6294029032690277,1.556659832112385,1.505077724162661,0.8316774019669864,0.3019578402999175,121.6,27007
BELTRAMI,2021,27,0.0736885382181435,0.0821526819850816,0.1740090265118753,0.3162493511061287,0.2488538735515386,0.147638291800372,0.1259654704672392,0.0647297436560188,0.054521201644712,0.1790847365716535,0.3422044226934109,0.3144871614511368,0.2212275874163155,0.1839229689518983,0.1974217577730329,0.2280174323366043,0.5619975810449851,1.075007325459862,0.8314196406326377,0.4649813379612302,0.3865079435292131,78.3,27007
BIG STONE,2020,27,0.0885565174680849,0.0973513046305274,0.2674217021745683,0.624461319831307,0.5676694501378166,0.315677437888789,0.1452668971300984,0.0697712779565112,0.088883723454703,0.4141045053573376,0.81850813922577,0.7605117443650731,0.4328525455288637,0.1526993931560337,0.2156252913440971,0.2472111721202843,0.8625261064189002,2.15463642595492,1.94886703000538,1.040707388450718,0.4205708894533351,185.1,27011
BIG STONE,2021,27,0.0845343253127676,0.1233163800404361,0.5056412427441551,0.6639705751977018,0.5496520882501258,0.3314517028730966,0.1051875473154655,0.0633765447521597,0.1179047459599181,0.7404002960879504,0.8096172871420382,0.7614581744656526,0.5286557902310418,0.1748170046267686,0.1994684225863937,0.3397808555838001,1.72302791637815,2.295875093300232,1.882268526080837,1.092823400689902,0.2741455331805825,181.9,27011
BLUE EARTH,2019,27,0.0831756898150777,0.0925933133729335,0.169652115365337,0.6698817254557838,0.6123438786705226,0.4407260920561484,0.2016801592351491,0.083140808529144,0.0926945284246929,0.1797615876637567,0.8272005185460133,0.8167817119805894,0.6751575557078495,0.3595510410868086,0.1949562368732622,0.229176173320441,0.5082752319425564,2.317646480575806,2.109470373455994,1.488422184887439,0.6237373531457451,187.8,27013
BLUE EARTH,2020,27,0.0919024932348033,0.1560899364609429,0.5745667457771756,0.6631063493891053,0.6113464544364869,0.3749663000151663,0.1476561038234091,0.0760973073635531,0.2091218640383763,0.7391639137519347,0.839126666754444,0.8022661871553418,0.5007401903784335,0.2001994577697089,0.2262774221689312,0.4584915684713395,1.972326553282552,2.292875943305524,2.105607529641613,1.255239939373426,0.4281191234783099,198.1,27013
BLUE EARTH,2021,27,0.0911637597553505,0.1389693267195004,0.4187071820037264,0.6596328188601477,0.5872917060401343,0.3314868819324829,0.1305915587275176,0.0823120858360253,0.1524269548662167,0.6004888161822612,0.7931340171500204,0.7290849375594716,0.5182565169541045,0.1936491719854778,0.2235685510668108,0.3968316510659542,1.40859263084035,2.280139414945152,2.018530802752549,1.093027241884857,0.3654401405000192,200.4,27013
BROWN,2019,27,0.0850152771454313,0.0971541075897694,0.1558751118614673,0.6562897216832314,0.6092561641591479,0.4902890794567802,0.2114539383242073,0.0882446675545044,0.0850991924472596,0.1536003324783233,0.8104493939382418,0.8025685788466816,0.709541259292128,0.3772296957614772,0.2035804025197576,0.2475171904471105,0.4609643579538796,2.270451669330675,2.10028259180655,1.669867894805984,0.6610451700927517,178.2,27015
BROWN,2020,27,0.0887652958231217,0.1638842171064506,0.3595322870272091,0.6754178350860881,0.615747564322942,0.2076453434878099,0.1399837317478886,0.0771951118601168,0.1949841396129755,0.5118669348946421,0.8341769475637227,0.8067813040240998,0.2186471125246487,0.1641014349289399,0.2150604339994887,0.4868420956361623,1.195314548566088,2.337570532012385,2.121683522045005,0.6582167017630736,0.4015257514857355,203.7,27015
BROWN,2021,27,0.0928224213840579,0.1088662023041594,0.4620316549204256,0.6170616332099015,0.5574088533390033,0.2850284142813089,0.1297434460312509,0.0905741395714752,0.1171103092669045,0.6325856662668853,0.7854627701511205,0.7171035128095001,0.4469103632884214,0.1990498409850771,0.2297911454572247,0.2888757245933114,1.565592738939612,2.126868327195743,1.910666818741497,0.9251953805123768,0.3622965319291629,187.2,27015
CARVER,2020,27,0.0913813548993305,0.1922767899571172,0.493712539972321,0.6098540375964989,0.5791484755994628,0.2727327384202692,0.1290548612170601,0.0777795086561105,0.2819361803547324,0.5883618752573079,0.7428671424235938,0.7288377799876795,0.3278452192326661,0.1670840016570684,0.2320376435577456,0.5967254407634789,1.701437024778875,2.107570523347223,1.996419220889135,0.8911818286314881,0.3808781248522661,200.1,27019
CHIPPEWA,2019,27,0.0788993799053354,0.0970470627031348,0.1270638818345557,0.7038695083916215,0.6562306076423589,0.5832166720373542,0.237931809555128,0.093921630966078,0.0635514778419508,0.1489986799917307,0.8251161126062727,0.816521286441198,0.7654636421683679,0.3844176135944624,0.1802975642615966,0.2459564002167954,0.3545296804321466,2.441437329718946,2.269082499695326,2.004916800960108,0.7556782165931868,188.8,27023
CHIPPEWA,2021,27,0.083695210158313,0.1411605393226659,0.4467843070283499,0.7020602078766724,0.5982872790396351,0.3273515506426737,0.1158907342532604,0.0763106846478928,0.1763708540798568,0.636363424939093,0.7931827930623548,0.7811665456200025,0.4969221302669511,0.1625533798698751,0.1954752866099008,0.4033861851575672,1.509133937195258,2.432722018263453,2.057271624586017,1.077026513272353,0.3119612795754625,189.1,27023
CHISAGO,2019,27,0.0927308284184104,0.1320893388247987,0.3227303957449395,0.5041352674252739,0.4978808695002252,0.3841220795774967,0.1914417667558278,0.0587086189749069,0.1221263640161041,0.4496416615320971,0.6318051211807995,0.6437358636587956,0.5591999006176144,0.3220749146045167,0.2479767625196633,0.3903749016517963,1.080293211598686,1.736436233259071,1.713808653822597,1.302496598116658,0.6051121505553968,153.5,27025
CHISAGO,2020,27,0.1088533575499614,0.1625980863915986,0.3740059476764263,0.5276656876227548,0.501229755810251,0.2488846804685152,0.1111728104964287,0.0744859970402042,0.1562278955716324,0.443314745500714,0.6799306958104933,0.6611847855143143,0.355009634917841,0.151986279207635,0.3052709813202881,0.4997201328014386,1.264601925118127,1.820530987018598,1.724883743057373,0.8119016416585668,0.3136630645525333,171.3,27025
CLAY,2021,27,0.0788404500313302,0.0862055850930155,0.4312049244196218,0.6841286925547637,0.4923696390909583,0.2127506631247137,0.1118962847247582,0.061674094479331,0.0598239359097274,0.6023214191069214,0.7434521344689248,0.6677608399513184,0.35441587368955,0.149981961387204,0.1797294025582932,0.2063719350764745,1.454133937059153,2.369664754023007,1.675881449944112,0.6642234635071167,0.2993323224560736,155.6,27027
CLEARWATER,2019,27,0.082210460821815,0.1167564605977155,0.2296553768384081,0.5109958721111205,0.5405588356646899,0.3963565108657809,0.1603292622608072,0.0653435014654965,0.1124952513672935,0.3208690580595615,0.6426753494350833,0.6782117116610711,0.5659512776986888,0.2239746391202838,0.2220178969845213,0.3325178386438133,0.7410037152132865,1.758886479303192,1.865855606620388,1.344596784758874,0.5212042770166379,173.8,27029
CLEARWATER,2020,27,0.0869271178819562,0.0892321371198755,0.1693185769069383,0.5053715691087584,0.4830591450838997,0.2919307341361123,0.1049002108577297,0.0592623373622563,0.0730459408235739,0.1871886859167369,0.6535735249189196,0.6221714758065756,0.4155364784963828,0.1332129233675951,0.228503218633418,0.2368524366659902,0.526584970318595,1.742444841988901,1.661717665933115,0.9702168834433866,0.2922908708257181,153.8,27029
CLEARWATER,2021,27,0.0658025510173494,0.0671216585656406,0.1866415321381115,0.4110406088068218,0.2662452731937195,0.1386255582050933,0.1090552160915782,0.0536318780786247,0.0448652494884771,0.1986517421776747,0.4410919364158928,0.3685971203031622,0.2325325537541169,0.173537639860239,0.1574016664619434,0.1612187601070128,0.6052733734840259,1.406624581213755,0.8826260346203392,0.4208990609014347,0.3139092609249191,99.0,27029
COTTONWOOD,2019,27,0.0890363848603056,0.0988022815011066,0.123014900902821,0.6803305629538616,0.6136868247036793,0.4871096609145769,0.2076696698471077,0.0848407177184806,0.0786369828416596,0.1553919696956964,0.8165097342201055,0.8153386940064156,0.7210679788079982,0.3702454064944646,0.2151843673213088,0.2505217854945936,0.3386188241190102,2.354490852861008,2.113368245057289,1.655443252633856,0.6444115133638414,156.0,27033
COTTONWOOD,2020,27,0.0889501310745045,0.1383133841709143,0.2441569935124361,0.7108454327011337,0.6325945968187818,0.3265441076507951,0.1497774130442209,0.0711132575136451,0.1469847336076329,0.3375102148149882,0.8558023234163303,0.8080381302000297,0.4605380721150712,0.1607298071331626,0.2141253448996623,0.3927193912788511,0.7758918324536301,2.464139940038084,2.181028628654172,1.074393669243363,0.4349962182455215,204.1,27033
COTTONWOOD,2021,27,0.0942310185856663,0.1600563384961771,0.4333339850643461,0.678044778933892,0.5974909566499025,0.3488654775551214,0.1246499940458437,0.0813590877019907,0.1894163779297702,0.5945898685713724,0.8126318382158281,0.7711183309425412,0.5179053924876194,0.166903538315233,0.2331041091281539,0.4718450060276129,1.459980334061542,2.345630013089703,2.053900809962638,1.154372768380036,0.3436401462797701,193.8,27033
CROW WING,2020,27,0.094760466952401,0.1145669507992366,0.257619532879455,0.4674705631938405,0.4348862081341849,0.1997627723169845,0.1013617020683163,0.0708081332900406,0.0957455479772627,0.3280418487753759,0.6034365818680024,0.5865593445031149,0.2711472606982343,0.1782793201844452,0.2597374700097404,0.331400115628098,0.8469680850516333,1.608193853163582,1.491478392870121,0.6396414472877262,0.281197764103762,145.4,27035
CROW WING,2021,27,0.0950326941561613,0.1181756889479958,0.2332877556761495,0.4291462151831981,0.2800299189576951,0.1493005121386776,0.1152134823576785,0.0786722140512575,0.0973466017177151,0.2840350923473326,0.535057781298628,0.3771078425671009,0.2366742272498388,0.1683665396133422,0.2598109344923071,0.3435095161469551,0.760019820736693,1.468641119990088,0.9291400579221568,0.4561633636578021,0.3325447132103805,95.2,27035
DAKOTA,2020,27,0.1100230826288539,0.1797331846857628,0.5657395337039385,0.6396715659752744,0.5678740699558745,0.3146652200562999,0.1446261523998734,0.0832257638428612,0.2230672892752473,0.7282891520213928,0.7763111784714447,0.7381379560378518,0.4522388216363919,0.1884588087340256,0.2961765977337937,0.5483445125298967,1.944907809196012,2.212397385449323,1.95263271334115,1.03651382000509,0.4213273142592735,186.2,27037
DODGE,2020,27,0.0991304274503267,0.1597655941830561,0.5365467250728878,0.6895640164152343,0.6518085353591354,0.4543476039461676,0.1585970887704181,0.0823181769565022,0.1765331594630785,0.7248646432726293,0.8568515998503821,0.8375109088423585,0.6371892539937801,0.2201894736632917,0.2515049303648694,0.4708698364381981,1.834065701935265,2.387679391228083,2.251079704069459,1.53666699420404,0.4666421838552759,209.3,27039
DOUGLAS,2020,27,0.0873661775384378,0.1161489061349598,0.2610851662912982,0.6099820162748917,0.5649664529396353,0.229142768412925,0.1285904424277897,0.0679067928725032,0.122267025257546,0.3828912676356127,0.7592678597852333,0.7153279906542481,0.3152692252118549,0.1923715588463098,0.2187191110866362,0.3228610324788391,0.847240099264634,2.109549142117605,1.946682932227318,0.7316703071641796,0.3688449189066974,184.4,27041
DOUGLAS,2021,27,0.0866786643249402,0.1143148023183033,0.3237132685625336,0.5719306230655232,0.4616420169543909,0.2528856537096725,0.1079551031576519,0.067241095758173,0.1168692650881412,0.4594427902835371,0.6707267352723896,0.6147238760407998,0.4044839472926971,0.1677021512506027,0.2173442525921576,0.3173285531524958,1.074930123052642,1.972985223981073,1.573960603140444,0.8186814105727505,0.294322678675544,138.9,27041
FARIBAULT,2020,27,0.0928816132070611,0.148515997633174,0.5833091847143801,0.6858902427196335,0.6406333543542512,0.4251944162620802,0.1597498331052244,0.0746193304469213,0.1920362931221829,0.7332454026290924,0.8429953639604406,0.8201682957432265,0.5923610878938664,0.2007893668910061,0.2282631709466965,0.4295244716469698,2.002722467837897,2.373744028912486,2.210004265001981,1.431786197389812,0.4701681278046293,214.9,27043
FARIBAULT,2021,27,0.0941009029551389,0.1311053489405886,0.4391898959143818,0.7115761275178419,0.6114358019945684,0.3762124197891848,0.1586778606831919,0.0802624106908902,0.1422730885112747,0.6083043899208496,0.7627349846348671,0.7637966516694346,0.569910887633562,0.2485380676282916,0.232002536932905,0.365605092317305,1.480534400879907,2.466278637169036,2.103717418779195,1.252679039053199,0.4653586821914748,191.5,27043
FARIBAULT,2022,27,0.0954602174513986,0.1098818006481437,0.4027703909427174,0.7032485064746647,0.6991551580042382,0.5839877554244947,0.2012539678253922,0.0500056211179264,0.0850075289005223,0.5572336720530783,0.8528577111738846,0.8249047987920388,0.7494549879177557,0.2320998892807432,0.23715932982812,0.2896190831718916,1.349393752662883,2.436493538525538,2.421624203342369,2.004900053486785,0.6201595341059578,216.3,27043
FILLMORE,2020,27,0.1094696472997264,0.1731164599892393,0.4170312498026731,0.6266162529817749,0.5561627645443386,0.4023650351179236,0.1546600039378168,0.0669949465947863,0.1516660226291576,0.586381459237418,0.803854174584538,0.7490738051428465,0.5957470967609534,0.2333201195107536,0.2950761496215376,0.5253592989573266,1.408500037898682,2.166126034905189,1.912532406054361,1.354772337189782,0.4585757541410321,192.4,27045
FILLMORE,2022,27,0.1075471185641766,0.147388897972623,0.3374917237938186,0.6852029810744213,0.6364286680811508,0.4573711866716821,0.1677841719089898,0.0745024949414855,0.1015722587070867,0.383669743113532,0.7689420892918147,0.7883260915560231,0.6389929088714854,0.2276151412630953,0.2880766562039654,0.4337733698624694,1.119925498770131,2.37864892047276,2.201943692041198,1.553725339997087,0.505941694423565,198.5,27045
FREEBORN,2020,27,0.0953534052427061,0.1465067187825365,0.5388762409923276,0.6628078445612197,0.6226074623088319,0.4817792196076305,0.1679369243982406,0.0793987598150479,0.184016504875647,0.7030197954177031,0.8362357220296137,0.8018945621158706,0.6988109490512352,0.2266326423667853,0.2390063293686798,0.4239893319054515,1.843670492058883,2.291966490511534,2.146521582112872,1.637005197086484,0.5015237730189077,202.0,27047
FREEBORN,2021,27,0.0993919467517688,0.1370824025174671,0.455234110238751,0.7124794976210262,0.5966408247190634,0.367274655786403,0.1727432955719586,0.0833825506216586,0.1464177123798705,0.6163169628032937,0.7616694810717709,0.7610560797813726,0.557913223908716,0.2786519288304952,0.2527396726787619,0.3891147275950768,1.540175827511114,2.470888890271052,2.051784354270601,1.221937259921674,0.5181227986658157,207.0,27047
FREEBORN,2022,27,0.0934926022402379,0.116395540342251,0.3941726952469743,0.7054219796446954,0.6944338881796903,0.5569970462046276,0.2262574939848995,0.0496874328602391,0.0915871403482107,0.5439968823459083,0.8346631117000108,0.7975573450190616,0.735283966684749,0.2925900333411486,0.2322285763327732,0.3148355467211279,1.31998274022195,2.445998990105271,2.406193153858633,1.909132599961058,0.7123653704850832,215.0,27047
GOODHUE,2020,27,0.1107847109271898,0.171727129363732,0.545183455602259,0.6499530111886286,0.5938525905591986,0.390443508728919,0.160239129090687,0.0719377445905329,0.1683098947892813,0.7046761433214896,0.7835913354260684,0.7685057459870981,0.5335376651117533,0.2290397367063249,0.3001544014226286,0.5206422656175815,1.871807072561001,2.250881406947421,2.047891088788994,1.311958223028589,0.4790787901115871,198.0,27049
GOODHUE,2021,27,0.1245167408859012,0.1533287989463761,0.3634920148746431,0.661498933557812,0.5945994731573885,0.3930092136748667,0.1881344559517619,0.091103180581345,0.1530826764041489,0.4505451805951534,0.7754915276235068,0.7532087779099914,0.5743532587026693,0.2531256771369223,0.349352305905993,0.453279701614435,1.213650546360206,2.291838424046965,2.049720143044869,1.320443830535846,0.5757606721075789,199.7,27049
GRANT,2019,27,0.0944432310357186,0.1095811319955401,0.18724547673229,0.7037379734797522,0.6775511004832879,0.5516953209065804,0.2472579985802486,0.0723753342832001,0.0522166966019205,0.2412931662271238,0.8595651105305693,0.8430586731089751,0.7520051671445978,0.3898998052037927,0.2356958642260803,0.2894147463348739,0.5703790709981239,2.439164441565179,2.344288724954344,1.889069952488887,0.7886062120676971,172.9,27051
GRANT,2020,27,0.0844208489626977,0.0943191404835641,0.2681728644865513,0.646168952675002,0.6110601665872365,0.26226011693372,0.1368826927016997,0.064721407857677,0.0896434126180887,0.3935799812004617,0.8229053201673378,0.7718320505111226,0.2958925260016959,0.1501502152950306,0.1989350035421556,0.2344209483981326,0.8634248089751628,2.231615789500489,2.103988521518701,0.8489576585813048,0.3884034511958681,176.1,27051
GRANT,2021,27,0.0795934391719385,0.1104137677100623,0.5344917154497127,0.7017027901366872,0.5706437846003501,0.3382913267323533,0.1039171960630267,0.0605102053098597,0.1076828015446265,0.764837093593877,0.8266394835245787,0.7911436316557127,0.515301709137517,0.1598411836902429,0.1803010147796216,0.2918377349360111,1.826170274943028,2.431094476769366,1.956931992705076,1.116273916615362,0.2683083118537354,179.8,27051
HENNEPIN,2019,27,0.0756802882175949,0.118125610371612,0.3478036183354487,0.4786819459659812,0.4827958170792981,0.3505576823401787,0.2437887702399443,0.0575974320263436,0.1212933766480042,0.4174540654044967,0.5978093493334131,0.6381388224700376,0.4795966320783449,0.4151109509793573,0.1895333964202897,0.3431065764282368,1.172666265049148,1.647993016513333,1.662488188127231,1.194145131710636,0.7977563489567816,141.2,27053
HENNEPIN,2020,27,0.0977301003805222,0.1693422558664667,0.4061310028867397,0.5340744726084266,0.4953863594021389,0.2513122934008735,0.1227438568632367,0.0746648581710278,0.2157928220535694,0.5030803670892822,0.6641454063140791,0.6714877433126949,0.3418024235592397,0.1631827815002565,0.2645791647973162,0.5237102270118235,1.384797480044173,1.843452256349878,1.70331185084853,0.8231892800705352,0.3590624408832814,196.7,27053
HOUSTON,2019,27,0.1210907653176393,0.1508507767737883,0.1566159261804943,0.5288942433960728,0.5406313881911613,0.3659883663657378,0.1878613258081015,0.0871230647536549,0.1061962723765791,0.176886225206678,0.6457491034591399,0.6676090617068883,0.5620303909462632,0.3111913590561717,0.3548704928235244,0.4630540885829606,0.4842735802643306,1.827174659935841,1.869693611614344,1.237782752646519,0.5932823223473551,185.6,27055
HOUSTON,2020,27,0.1090482254913604,0.1604136286788843,0.3055997729763672,0.5291803209603683,0.4877064067806527,0.3287285295566978,0.1376548643116667,0.0727783082490669,0.1468815481498612,0.3432774633386694,0.6633370293951415,0.6293582416625263,0.473625246257512,0.2077144971986022,0.3092384989167148,0.4951622816886771,1.023322064059397,1.829578018787856,1.679223167881366,1.104041305608297,0.4127369803259634,187.4,27055
HOUSTON,2021,27,0.1453352341291086,0.1598139475661053,0.3297332203724326,0.5857034314638098,0.5224692970271289,0.2922563188407048,0.1790303296566052,0.1200406548878421,0.140301634223486,0.3880676977773887,0.6424668192533483,0.6547205525384167,0.4334862540767257,0.2550833182835667,0.439223589220061,0.4930055667001657,1.105963777561125,2.035875327233398,1.803297872907791,0.9703721248758548,0.5652872603545699,200.8,27055
HOUSTON,2022,27,0.1051138534168452,0.1610929625703246,0.2558759664081519,0.5860230404238654,0.552793964896767,0.4295927397018798,0.1958559384463021,0.0798226091694757,0.1244750814047333,0.2738708291487421,0.6370731647563115,0.6739911815293244,0.5750021389153865,0.269413715393232,0.2943951071490953,0.4986139443826692,0.8397550456472846,2.035108042945682,1.914181987772746,1.468443677664609,0.6226706549251086,203.0,27055
HUBBARD,2020,27,0.0984498492722866,0.1175002105947551,0.3066414339228381,0.6015319434196144,0.5604693303870533,0.2563116370957051,0.0989594878374749,0.0672824543413255,0.1035415716603122,0.3879109330233057,0.7517275574735796,0.7451890645734117,0.3683195335404064,0.1565387259032872,0.2577831060581614,0.326708758909379,1.011021704910386,2.077934651985843,1.929370251209911,0.8289284999898114,0.2580584807914516,129.6,27057
HUBBARD,2021,27,0.0932703367383033,0.1127427947942042,0.2707529958481317,0.5389129269743999,0.4517946867782405,0.2936272432802395,0.1170764110475107,0.073599810602262,0.1004205231027292,0.3549626818110309,0.5935150710683328,0.5820631613052825,0.4716352183558688,0.2036517065934377,0.2456886821757702,0.3161383945946829,0.8878231524043267,1.858026517073758,1.542832261372634,0.9705829134683092,0.3318220024502902,152.7,27057
ISANTI,2019,27,0.0891173125473227,0.1221339927753859,0.3401708265131614,0.5092072287430869,0.4846951256310461,0.3851361594002266,0.1725427831354264,0.0601576022966616,0.1048273120151391,0.4506688472636911,0.635489315283089,0.643695128434334,0.5532514471674757,0.3013718326267253,0.233513436771271,0.352955048269207,1.143226365357091,1.753397636883166,1.664704124676996,1.30570568609444,0.535342792755838,145.7,27059
ISANTI,2020,27,0.1049126945228908,0.1506929848217101,0.3169002799675109,0.5150407533500851,0.4955164128933313,0.2083241406443861,0.103253442124082,0.0651681938948329,0.1398475317388192,0.3807313627670267,0.6580930422915516,0.6664803408616833,0.2777950414178493,0.1357777577188089,0.2908458483263516,0.4564638549217107,1.059734152511873,1.774671296277336,1.704027026919357,0.6652485306582291,0.286865388404652,154.1,27059
JACKSON,2019,27,0.0868614608651351,0.0912989535307741,0.1126460969808582,0.6652319866587437,0.5987022702878162,0.4396623130386105,0.1781090282755739,0.0817528477321073,0.0688010907991555,0.1500444647632106,0.8062506229091253,0.8125443098522886,0.6731624960633524,0.3199924731239901,0.2074584620013449,0.2235520058592754,0.3015287749514732,2.300001430289544,2.059297312815939,1.483890140573735,0.5376598624431568,157.0,27063
JACKSON,2020,27,0.090328002406368,0.1342648101435189,0.2256099050789831,0.6884808190190627,0.5873748236136171,0.258822190910174,0.1384586726154467,0.0665917355929984,0.1447313659594522,0.3096427999414702,0.851995715487753,0.7800939932744253,0.3520489408138803,0.1437745652950552,0.2188262308677213,0.377775884960757,0.7086524249117102,2.382929286521687,2.01712788412634,0.8302018019902923,0.3929494972063569,196.1,27063
JACKSON,2021,27,0.0913040452028397,0.1617458425841624,0.4251840075729136,0.6242602167911121,0.5537277570726381,0.3100820834932459,0.1272229358762485,0.0754161962372861,0.2256781582518586,0.5852428804531487,0.7939981471304938,0.734189821785201,0.4857670421727531,0.2182883216313681,0.2223959636592109,0.4772740809088335,1.430375761540016,2.151272884395046,1.895447081482459,1.013936830225732,0.3523788169669142,189.6,27063
JACKSON,2022,27,0.0781981143034873,0.1120973700305668,0.3553017881154902,0.6847999350465241,0.6663001123279649,0.4831346478579212,0.1769720098174393,0.0254236692672081,0.0948096071880994,0.4943264377847574,0.8488260859332308,0.7912946888539029,0.6830033957491125,0.1798721729954394,0.1834524401224621,0.297767279899478,1.177718055478736,2.369920171727567,2.30308620306562,1.640187301850858,0.5324367741053774,213.3,27063
KANDIYOHI,2020,27,0.082006958358421,0.1247885225918212,0.3440825171626057,0.6701674105744,0.5973539161937371,0.2723521046728924,0.1414144659336259,0.059726940365213,0.13490463578581,0.5168310020338722,0.8213409026073348,0.7997491424784569,0.3413346978015416,0.1826090929337976,0.191366256104365,0.3461515150473087,1.139647541070177,2.319332445451718,2.055893199010415,0.8804150598937237,0.4063104951567223,192.2,27067
KITTSON,2019,27,0.0526039417776942,0.086923235226747,0.151467928459769,0.5783603140222363,0.5451699422781476,0.3936304141114093,0.2085105497851004,0.0957841479621724,0.059304852681473,0.2003324115816778,0.7195617181170278,0.6967141139697643,0.5511409112790996,0.3817175140255227,0.0998743212399553,0.2215494829892038,0.4551198590306225,1.999613363058518,1.879534918477638,1.333167225127207,0.6615010805539383,124.5,27069
KITTSON,2020,27,0.064367089293317,0.0696174691923707,0.1530174489648428,0.4303340928933281,0.4388863480148482,0.2576735533052886,0.1092962073606478,0.0495070760428689,0.05547845532279,0.2410398406519685,0.6027571789193845,0.5874102135807742,0.3718248069743624,0.1093323373361646,0.151288413826389,0.1703004599134621,0.4729395607245703,1.475372921163353,1.50631455779522,0.8506873722339986,0.3138581346062886,124.9,27069
LE SUEUR,2020,27,0.0958687050606344,0.1836661521459899,0.5805277919680768,0.6486480339870058,0.6012901838391125,0.3284972310850583,0.1413852870899999,0.0791577315849168,0.2303253695139172,0.7403397927126304,0.8048445465878216,0.7541849948834167,0.4356468266095143,0.1723393615372637,0.2448476407788765,0.5624731298731305,1.999216707825938,2.244777197193275,2.073454996747114,1.08881382147584,0.4103305639128961,199.0,27079
LE SUEUR,2021,27,0.0999218159164282,0.1656042481950778,0.359261009654477,0.6654893592607221,0.578840908962618,0.3581161800383944,0.1435097934976467,0.0895875211620687,0.1959655196201273,0.5357135831118336,0.7816361382943005,0.7514056100609454,0.5489583710238202,0.2232030254188984,0.2587495415492349,0.4963065360968662,1.19695585411761,2.304916195373816,1.991394898712395,1.192812747270919,0.4189022329698654,203.6,27079
LINCOLN,2019,27,0.0831776173922984,0.1156931660544378,0.1103283076332548,0.5680907458463521,0.5861467639431588,0.5050983244364832,0.2363368501110386,0.07352499492554,0.0748854174545361,0.1189444803234549,0.7306817800875844,0.7508685861006987,0.7042955486443209,0.3681594748840041,0.2024005927986113,0.3201782691427574,0.3007031678578155,1.956956628663467,2.022251448425787,1.729015344925728,0.7565864350291546,146.9,27081
LINCOLN,2020,27,0.0822479196388024,0.1135930074744141,0.2231410408486672,0.6544317879186485,0.5885039561882952,0.304581937981592,0.1501709849667247,0.0525361569903152,0.1084515704667175,0.2852921022904705,0.7877912967070406,0.7280431567600025,0.4452203366434339,0.1827027168795466,0.1946716352245122,0.3077785094257248,0.7040674971301609,2.264777305329269,2.025948892508433,0.9987205179046584,0.4400617662822658,182.1,27081
LINCOLN,2021,27,0.0932273007400796,0.1556314529147825,0.4302514483724416,0.6452100208142372,0.5298218212950494,0.2915076520859948,0.1106068062961172,0.0717024927786249,0.1683014457312334,0.5775071605009655,0.771559677004234,0.7053314305509669,0.4475094465099042,0.149929290076404,0.2329738312803091,0.4587521978633876,1.452536777221448,2.230048350397205,1.812573288100049,0.9503541995499204,0.2959070846188009,161.2,27081
LYON,2019,27,0.0867838448432282,0.1100929915810787,0.1095914822475818,0.6326116059258252,0.621881381985659,0.543760365849672,0.2464562767461069,0.084377286248738,0.0702193903668729,0.134087262713939,0.7703191204120592,0.796316605950336,0.7557705684739793,0.3944760579588771,0.2105644502822322,0.2948233898665352,0.293085472792588,2.185435927078366,2.146547364760778,1.863906612470269,0.7882593560685057,172.2,27083
LYON,2020,27,0.0875573456091561,0.1321984211006632,0.292989527364996,0.7124375165935232,0.6365612163202191,0.28756407134968,0.1499877635970671,0.0563447851823211,0.130855915466364,0.4017959958825447,0.8533726539555154,0.7974442603661216,0.4217786459961102,0.1668764652402692,0.2098021407786912,0.3713166538690532,0.9530581609969652,2.470621619443009,2.196101244151737,0.9334298937678528,0.4356784921993844,205.2,27083
LYON,2021,27,0.094653894622326,0.1738500597503692,0.4555573281883626,0.6722416804140895,0.5204680426935268,0.2469162293129234,0.111456649470075,0.0742551407577024,0.2064025906154726,0.6117890230481491,0.7764848393503829,0.7097337700817159,0.3736277014072546,0.1241990382399462,0.2356940922557538,0.5222279932074435,1.541446998226961,2.325410023153741,1.776295013279019,0.7865818469272282,0.2964892138797104,162.8,27083
MAHNOMEN,2020,27,0.0716607313950423,0.0816192131684103,0.1553097740279337,0.6330332787042158,0.5885075361861583,0.3179877937356711,0.1093230163457782,0.0452907646556397,0.0679540653649862,0.1947611391809441,0.8109752968510512,0.7735116741298157,0.4712620523522721,0.1464697482107026,0.1568363899190499,0.1928141868692329,0.4594583837149655,2.187831157187006,2.02673681078813,1.04799659257081,0.2931292002466685,148.9,27087
MAHNOMEN,2021,27,0.071101112329536,0.0734055398001581,0.1169920208972891,0.6301280296717694,0.4296485989658983,0.1827429942124913,0.1130123295191031,0.0614908474193101,0.0417472846586506,0.1350627513176225,0.6778667319558481,0.5953089095301424,0.3201983904363233,0.1426745587924744,0.1536265894887503,0.1619528680782505,0.3754915010001426,2.176188007454332,1.450852872681158,0.5575494652472156,0.3050669489358409,106.6,27087
MARSHALL,2019,27,0.0556010006005417,0.0979087003822181,0.1909309728421528,0.620881709324287,0.6037752851481194,0.4361596522200778,0.222104086521063,0.091983482871367,0.0579096297621935,0.2634022636658711,0.7732705883270945,0.7621746449021418,0.6349437767802054,0.4078616644059497,0.1034393668967629,0.2550938673070075,0.5916529725706694,2.147210082593574,2.085324953347264,1.479145540248715,0.7046353783296065,146.7,27089
MARSHALL,2020,27,0.0717887803523497,0.0787306889320288,0.1742006696165547,0.4607606141677706,0.4607285535916656,0.2753556351996749,0.1196255955770568,0.0557959323854745,0.0685297712534004,0.2520444083821814,0.6576145253883661,0.6313823850788983,0.4042244436073356,0.1222442751786606,0.1703099963216094,0.1954264483925811,0.5408553674997534,1.577610505328403,1.577494722731147,0.906815503988922,0.3448871345601385,122.2,27089
MARSHALL,2021,27,0.0722430157188115,0.0736894114668288,0.2635009956612845,0.5201728838004298,0.4494838903655276,0.2652592919014295,0.1571182637984015,0.0406247647370839,0.0394091971777504,0.378343038643577,0.6624818954204702,0.6094491960673495,0.4553790597069794,0.2350275597717601,0.1653253941787706,0.1705601061685825,0.8568692701151308,1.785860700397991,1.530186637676131,0.8636565038719584,0.4723289342487493,100.0,27089
MARTIN,2022,27,0.0720968384981806,0.1152392268306807,0.4361181988614871,0.6951067086713553,0.681908240149747,0.5124847771111102,0.1691415943188535,0.0041933010721719,0.0997019818342651,0.6156968354132131,0.8563675364337343,0.7930063276397383,0.7025105120656179,0.1604519993837801,0.1815639500243813,0.3086108136116702,1.469622834726892,2.406634317193719,2.360256563035786,1.745861901883486,0.5036496260022212,224.9,27091
MEEKER,2019,27,0.0879262835734001,0.1062039680940141,0.1713538905544868,0.6295269707216816,0.5964825218921542,0.5070305577712082,0.218581143754276,0.0820929472190172,0.0900423541465036,0.191564230011615,0.7748620315286346,0.7710491903821712,0.7065514087892848,0.3816151726374825,0.2171285667700279,0.2834826393038175,0.5182728501181034,2.176678860050457,2.057082945730661,1.733493584494139,0.6898351902745937,165.5,27093
MEEKER,2020,27,0.0927641128013312,0.1576291147481046,0.3299317235970406,0.6473527427655442,0.5977189758304137,0.2373497641537157,0.1383289432427634,0.0792422884650565,0.1733747303847558,0.5030332873429314,0.8092953277918059,0.7859993420151568,0.2867152452732914,0.1775273127080322,0.2330629066422794,0.4677284841276428,1.091092745764248,2.239548690196155,2.059973099131112,0.7604327041579203,0.3970775886650211,187.3,27093
MEEKER,2021,27,0.0944451288688539,0.1147922257624637,0.3950972299353843,0.6117397322408873,0.5202751729990792,0.2823427277365262,0.1083425081138286,0.0820105018752265,0.1121236358644126,0.5529032913335298,0.6999236060255524,0.7022147014809765,0.4679687396765218,0.1797602888618103,0.2392516877925483,0.3138086958227548,1.327012202603741,2.110990012713328,1.779905930586946,0.9190656027978324,0.2891556533504742,155.3,27093
MORRISON,2019,27,0.0988144511281038,0.1214853842203761,0.2532627334003944,0.54792700141179,0.5352790941277472,0.4709250219386471,0.241985045483986,0.08057594671623,0.1096760661922496,0.398783144106501,0.667922150148635,0.6867438853681413,0.6281639557964388,0.4080371808867767,0.2644615210203896,0.3467422814621956,0.8261481969244683,1.889881320798204,1.843846850544247,1.611404798835585,0.7827090369305184,141.3,27097
MORRISON,2020,27,0.1125679029975428,0.1388600748800354,0.2940326821267455,0.5638998381912262,0.5442060850054621,0.2202389145041439,0.1262538058821598,0.0927786666327471,0.1296436379996367,0.4001403208665871,0.7163852690489284,0.7262913980107832,0.3252867809288904,0.2165840756533489,0.312499805132702,0.4076199826275031,0.9706710634009744,1.945411304167803,1.874193810779105,0.7041247178744972,0.3637156275139183,177.2,27097
MORRISON,2021,27,0.1132161991383788,0.1394519854722865,0.3184163823824518,0.5092973866774066,0.4050766602678485,0.2281256060870145,0.1309647998295749,0.1011222978092007,0.1294741122508027,0.4097535770294041,0.6229833843502147,0.5575972722495677,0.3681372322656336,0.2143439296883278,0.3157497588333163,0.4109790114280224,1.058164167143491,1.748771472317856,1.371701461297395,0.731492282985279,0.3815356552411499,110.3,27097
MOWER,2020,27,0.0990099324437809,0.1510722602540815,0.4587635219549472,0.6635333656189245,0.6115949769109132,0.4291401996850913,0.1532559050923197,0.0704693713021207,0.1507498082990277,0.6460846909188228,0.8472284578308175,0.8045916754828653,0.6290881015975471,0.2103588023875357,0.2507484687076925,0.4390572768027267,1.552299815855885,2.293155056522775,2.105477437033437,1.445107185039418,0.4469578720645822,201.6,27099
MOWER,2022,27,0.097354403254213,0.1194316557161693,0.4059992148192985,0.7281744883061285,0.6876385824127657,0.5523499699582902,0.2038080602280408,0.0663782161745572,0.0857280121602712,0.5243231944114985,0.8227606672213689,0.8359951151658183,0.7311812266446519,0.2706906233450641,0.2446938252449187,0.3248904555977103,1.361084365459892,2.52673903510009,2.380056069705749,1.890616055565763,0.6295377226129768,218.0,27099
MURRAY,2019,27,0.0917042957320964,0.1012270932412495,0.1064401927947797,0.6309470490169,0.606641568462185,0.4942447397459562,0.2220027530849756,0.0837308151066289,0.0736818362495343,0.1326213623696579,0.7943478651029078,0.7994650892526912,0.7349051816730718,0.3858752417038461,0.2269456233721304,0.2613981365240913,0.2802711075105744,2.177953922305909,2.089994136642104,1.683339238633059,0.6983655319736976,150.5,27101
MURRAY,2020,27,0.0866501591565473,0.1240479540391885,0.2112167482859866,0.7086887554692635,0.6356560027525501,0.3372558431577928,0.1525784832149328,0.0651827013351331,0.1160436327864902,0.2680308426400128,0.8428692475348233,0.8027608410996427,0.4776895100261643,0.1794374600605154,0.2064198967798505,0.341725211476187,0.6571004639346922,2.45695524000963,2.192723122401148,1.113111258151589,0.4449486567140297,194.4,27101
MURRAY,2021,27,0.0924904890062426,0.1514286010724174,0.4220675883986847,0.6970964586714339,0.6076137120211864,0.3701079843109428,0.1213515076902028,0.0745629498715162,0.1620994773487726,0.5749324600541047,0.8022562834720428,0.7908015545414666,0.5355533643941925,0.165322630042968,0.2272525687153645,0.4405126365461023,1.419664353029009,2.41471911370945,2.090972159182883,1.231673927984424,0.3316729955705896,196.5,27101
NICOLLET,2019,27,0.0782980922236272,0.0918073456907413,0.1530978280536797,0.6897823155864081,0.6402970733958028,0.5424279661952244,0.231657224785298,0.0740920327585505,0.0785454187407606,0.1630589583976271,0.8477123449713752,0.8362661192353505,0.7629961651216488,0.4134553764926427,0.1767602145447959,0.2256075626219633,0.448245334813841,2.389081764801241,2.210041877603793,1.855870491944188,0.7315795126136839,197.2,27103
NOBLES,2019,27,0.0973768946951258,0.1027224407754292,0.1098413300651183,0.6271796198612934,0.6018308190208483,0.4812464098993708,0.2161325898632996,0.08809385883476,0.0702796515039801,0.137767603486036,0.7992524346338354,0.8013577397906788,0.7037259671254189,0.3702957795342771,0.2461823923577126,0.2655215037678103,0.2912737252681762,2.163012014003687,2.071297272374339,1.635022834166092,0.6758401475689013,150.4,27105
NOBLES,2020,27,0.0888401007942192,0.1292789820010301,0.2232220729894216,0.7036568215352672,0.6053879858622279,0.2670642684378632,0.1454616550055492,0.0707295107906941,0.1185847541552512,0.2901186302590818,0.8471688263285765,0.7866305853266374,0.369387982835807,0.135566182327902,0.2138764782288831,0.3601842993486686,0.7000731064673675,2.438282912344013,2.082746679312393,0.8586914483593727,0.4187332142729374,185.0,27105
NOBLES,2021,27,0.0965186206682863,0.1558308032877699,0.4260174946841503,0.6994794497605682,0.6169325208950125,0.4255098237568009,0.1333396473335309,0.0777949030586523,0.1797267446574386,0.5799606388911294,0.8027360065207011,0.7979244212156513,0.621429044276007,0.2029700128501128,0.24132049265194,0.455934615254259,1.433447277267226,2.422832638011658,2.124177341407238,1.431610653703222,0.3745388536007458,202.5,27105
NOBLES,2022,27,0.0849253265506348,0.1142282609580507,0.3507163238984688,0.6871192127984936,0.6499016477075721,0.4312671485064756,0.1623131065444594,0.0422553062982476,0.088237787766807,0.4753358922963138,0.8352315530454671,0.8106628778786487,0.6133529455038661,0.168515675360235,0.2017749318101565,0.3057110896019489,1.161470425812854,2.378531142320088,2.243744856632707,1.452717126287865,0.479612127740362,201.8,27105
NORMAN,2020,27,0.0823178770825674,0.0881305371539726,0.202062991116373,0.6352240733446359,0.5942392763065202,0.2876090267998313,0.1226470289438464,0.0622035219692563,0.0765719983050323,0.2903036076592561,0.7997333519629031,0.7811235056000145,0.4238496846875566,0.1489021781249988,0.1950776062553091,0.2161104055042918,0.6283191125667336,2.195496122592506,2.047211290166389,0.9378248841933916,0.3411376005759124,149.3,27107
OLMSTED,2020,27,0.1097750232325305,0.1684006350804649,0.4495142326830645,0.6376069607011284,0.5787789966024862,0.3990535090610418,0.1490753520720366,0.0745847986787629,0.1628067263446356,0.6281841577971763,0.7974841333000449,0.755048386714941,0.5749059860112193,0.2147450642878834,0.2968570325272905,0.5089607698722342,1.526051354826153,2.20659597275558,1.994689939401818,1.343463520966282,0.4390450608787227,198.4,27109
OTTER TAIL,2019,27,0.1091627399468667,0.1293260630506142,0.2738666262293353,0.6229723133180588,0.617242112375891,0.4681547194964827,0.2294931324676351,0.0866248265771428,0.0847733917710078,0.3837480449615458,0.76889060892757,0.7697480261447452,0.6648173392138061,0.3601202932957019,0.3008658186394425,0.3690991025344253,0.8920690310842305,2.15514079607279,2.134391520067084,1.595034362683135,0.7362280943903882,179.9,27111
OTTER TAIL,2020,27,0.0997047973157258,0.1164980780313199,0.2710770023576977,0.5895481075258349,0.5549596553237689,0.2313534387767508,0.1169818347461807,0.0765459372329069,0.1169634124223505,0.3611121167575085,0.7566857116159549,0.7346992916837772,0.3193485151746669,0.1942210699581722,0.2625130104574711,0.3230274787620416,0.8822953326018057,2.034523026502435,1.90939053395931,0.7401977635373767,0.3276768307277083,177.4,27111
OTTER TAIL,2021,27,0.0948341573093112,0.1132477571183561,0.3925650398935925,0.5709317713227074,0.4197632511087876,0.2367817176681032,0.1111861724528135,0.0718739984519349,0.1007661590093856,0.5341512154537874,0.6615449914207728,0.5870448719483542,0.3788170077387657,0.1676846859066443,0.2457892762249209,0.3124671922091149,1.32416119675458,1.968314141542947,1.421385908723382,0.7593617680431375,0.3049570854542151,140.0,27111
PINE,2019,27,0.0921745720766816,0.1198813590980921,0.2413824665814848,0.4630975297630761,0.4738880393202421,0.406025772344545,0.2130312259160477,0.0685617035240062,0.1073093295995599,0.3365160503636481,0.5862524334182175,0.6066654327545175,0.5737001299145449,0.3375133523593746,0.2483916170389903,0.3486766422002052,0.789448967072303,1.590428269110763,1.629488451491296,1.385566063753516,0.6856923851891702,138.4,27115
PINE,2020,27,0.106636167020803,0.1428402581752391,0.318175471450936,0.508016197830166,0.4910021376084209,0.2532223198963617,0.1043381403762064,0.0741538433910557,0.1170232947899011,0.3631657182879101,0.6553490585830734,0.6453389225018299,0.3453588718865474,0.1299836910903946,0.2989560348682297,0.4299422664023681,1.064317705282454,1.751145613462567,1.6895851439934,0.8292988523152331,0.2906430486394464,163.2,27115
PIPESTONE,2021,27,0.1043719695095834,0.1471039191156013,0.402573085061265,0.6730730858839824,0.5819840210272013,0.3715109973077304,0.1142207503252858,0.0872784829373519,0.1519525717135456,0.5365111437789057,0.7876358233321663,0.7602065251377805,0.5342570560393388,0.1673905921815827,0.2712372484691259,0.4258399369085178,1.350130088915077,2.3287982908534,1.999237461761767,1.237746956351186,0.3068708000657423,182.1,27117
POLK,2020,27,0.0760940370678228,0.0828243963534824,0.1778928741118367,0.5853326594714802,0.5580735914699979,0.3077110274758016,0.1327444740261525,0.0544892237313638,0.0652544056175414,0.2472305546734261,0.7562376774172237,0.7341376648222956,0.4388450758492309,0.1420211682906802,0.1774674372918105,0.201797609710424,0.5457640203993017,2.019872986871904,1.9212490815261,1.015438413392581,0.382328168923321,141.1,27119
POLK,2021,27,0.0694730185739982,0.0731657025900285,0.2818697639419378,0.557332219599864,0.4060406664704475,0.2110881358163149,0.1329423628544229,0.045133084412672,0.0436323738940115,0.4323719240163545,0.6362812415886758,0.561227948502819,0.3743140756561812,0.1855182332055048,0.1508549167936745,0.1641224800173552,0.9176073116982424,1.915941248709425,1.368561302089827,0.6632240210640667,0.3809237212340717,101.2,27119
POPE,2019,27,0.094425264389728,0.1170668152238404,0.1895933890930953,0.6738154583211742,0.6319353510647872,0.5421061136785954,0.2197713995073203,0.0816536609842806,0.084982079408134,0.2573213591675126,0.8068150252471684,0.7977156029939992,0.7386231099550712,0.3709730801470744,0.2390292850089224,0.3209487484022023,0.583358906903272,2.335262822391972,2.183740112080343,1.858737748885306,0.6925307530136527,181.4,27121
POPE,2020,27,0.0914175513276289,0.1168276945075535,0.2910364487089569,0.6625721512102196,0.6009278648305354,0.2310274393893703,0.1423485342252295,0.0743117540629217,0.1202564048424971,0.4188234741030184,0.8089540385845541,0.776956736101586,0.2871720800798023,0.1761904517929095,0.2280983215770888,0.320032301296976,0.9503195031564056,2.294535437872561,2.071506823845711,0.7346983155925302,0.4135935829143515,179.6,27121
POPE,2021,27,0.0947261045667959,0.127298154396834,0.3861076691748609,0.6498159590615797,0.5258322321117425,0.2837153016985068,0.1114111125292964,0.0782321754978407,0.1335205610110948,0.5457960505138055,0.7339917015946028,0.6905977763056641,0.4362857198043863,0.1564103057756818,0.2395150579987475,0.3573605201514007,1.293733466048444,2.247831303967626,1.799257181621407,0.9232791256280566,0.2998825692138515,142.7,27121
RED LAKE,2020,27,0.0818134351249646,0.0925112041578824,0.1983287648159191,0.6076189821326373,0.5760671165507553,0.3173896829815379,0.1340990794010486,0.0649172482344403,0.0835342183117384,0.2708853466009417,0.7828363738051609,0.7542209557081345,0.4485770552939983,0.1478455966729146,0.1947845207947548,0.2334912276102224,0.6163407284357242,2.097151168322895,1.982996518647624,1.047101563994213,0.3838715717017988,143.7,27125
RED LAKE,2021,27,0.0764018689014614,0.0798895351378641,0.2326522192147732,0.5072007564196878,0.3532111091872205,0.1717187126648308,0.1183084079235281,0.0455734178964132,0.0521567972738241,0.3587653809040056,0.5532451118044635,0.4766158477191561,0.3138076037139443,0.1820879829630644,0.1759550290243506,0.1886534599901272,0.7423474272303685,1.734576763762104,1.177455321850371,0.5208119888276883,0.3275638608057827,89.9,27125
REDWOOD,2019,27,0.0838034451127973,0.098985893195268,0.1238866286292284,0.6881658085887665,0.6481237494831267,0.5699919520928756,0.2265484157078751,0.0908313152384061,0.0701579420261619,0.1611281137145106,0.8254400746377845,0.8271341615847757,0.7591869973947246,0.3834232773624312,0.1971928943316728,0.2523374931999035,0.342232097077838,2.383788132146244,2.238903617625454,1.956214694559631,0.7136446171809651,182.3,27127
REDWOOD,2020,27,0.0824842107719144,0.1397533094836211,0.3684937635039265,0.7009556354937146,0.6368706681526547,0.3018980757752753,0.1457203236431903,0.0611870414795459,0.1542258720946595,0.520342754753652,0.8504602751133586,0.8155987554536329,0.4369753738556814,0.1744005381559224,0.1909385656582177,0.3981383351890795,1.225785319083133,2.428568299851897,2.196708899347773,0.9854366821183248,0.4199911162559476,201.7,27127
REDWOOD,2021,27,0.0890811181809208,0.1477184311350296,0.4494250346791252,0.6734758574481523,0.5430101460134605,0.2938343311178688,0.1111389871127666,0.079765038473318,0.1771558895227862,0.6242356215918742,0.8008292577415898,0.739781333825093,0.4651841446334166,0.1465104943501622,0.2146544908969005,0.4269663558455211,1.518380506549475,2.329008519678714,1.856971090899534,0.9554533770371296,0.2944751697429194,172.0,27127
RENVILLE,2019,27,0.0787070568507875,0.0905080256203965,0.1322781952303848,0.6846250127793908,0.6452508936140282,0.5515131844463361,0.2422799038859888,0.0786487658022476,0.061175690127542,0.1354865530126041,0.8319294989599016,0.8171737676992552,0.7362067664635329,0.4057033958292945,0.1790190537800955,0.2218936026519588,0.3731678159890761,2.371226865143593,2.228773169369629,1.890229999825322,0.7708239582200272,189.2,27129
RENVILLE,2020,27,0.0752455341325064,0.1431745526237653,0.3939050119899914,0.6893929399186157,0.6062280919579729,0.3039930543658153,0.146178315274109,0.0585795435632061,0.1646156045262712,0.5681910506566561,0.835261838106142,0.8089162786125471,0.4016570981147994,0.182745270231181,0.1650530149019545,0.410802287705899,1.318092882936127,2.387020070722306,2.086129735325088,0.995963563258344,0.4220012713979482,198.4,27129
RENVILLE,2021,27,0.0826403414599787,0.124210075264112,0.4541052146635908,0.6539421117601245,0.5938270102421006,0.3527394502043761,0.1341249199955214,0.0784782218368156,0.149013762098122,0.6415250475560658,0.7859243500636582,0.7715153225217082,0.5528186435184603,0.2167914502927155,0.1920223023501123,0.3428646135020528,1.535982778883707,2.259156168621806,2.041496301019938,1.169241078976024,0.3786115558216069,177.1,27129
RICE,2020,27,0.1021193885220148,0.1704692262708961,0.5395742551274489,0.6386801576694426,0.5924048930144683,0.3704321224405662,0.1458639717693501,0.0811637778343577,0.1975817756543729,0.7119640736449616,0.8044075296433846,0.7504082449497235,0.5410019996275701,0.1927285599598849,0.2684092224947387,0.5156779981533214,1.851099951602433,2.209666799118657,2.042239337263802,1.239141314307904,0.4266557453435255,195.2,27131
RICE,2021,27,0.10937936249841,0.1546921647970147,0.3307106329759592,0.6567103085798454,0.5810099318202693,0.3435494683123594,0.1888802607498855,0.090026923818937,0.1616020668299005,0.4636265784157312,0.7866707700283289,0.7633086393178813,0.5269393380541302,0.2855665198230505,0.2936992243669205,0.4575717418116175,1.094402232486075,2.27386606257041,1.999980727518788,1.140851590621619,0.5778896359914902,195.8,27131
ROCK,2019,27,0.1140393366809807,0.1242621030653518,0.1332856357442063,0.6360330755254331,0.6123448870946805,0.5046434690583215,0.2475365676583195,0.0943477028620894,0.0801971009627068,0.1486209783622747,0.8015812272837084,0.8061349922335962,0.70669077880341,0.4167514112273863,0.3060594829099989,0.3430425135685288,0.3756897609497842,2.194628228501604,2.108926367091649,1.719263425534615,0.7890508145047793,150.2,27133
ROCK,2020,27,0.1065583980371839,0.1374415937440416,0.2358175131133365,0.7203853535756876,0.6259462159907823,0.3131346407351713,0.1582478454032672,0.0803386903257772,0.1153673556804229,0.2923430449064333,0.841286545590321,0.8026135337273682,0.4359357529293178,0.1728311108093926,0.2785302268102349,0.3902657040322689,0.7461886669770539,2.499355607278677,2.157675403234619,1.025923147512988,0.4655426984490706,195.3,27133
ROCK,2021,27,0.1129263609501963,0.1670799587816437,0.4545706372595991,0.687377840034428,0.613851539093403,0.4186953717491297,0.1323159023852088,0.0875490481614004,0.1684996744340642,0.5814324011739359,0.8211553075797937,0.7994378184225874,0.6107670098244808,0.1974742137936289,0.3006797596439594,0.4966070232420185,1.536749127906038,2.379045496758329,2.113026991071504,1.406952433286804,0.3708315131281753,206.4,27133
ROCK,2022,27,0.1023594704470311,0.1303556302599176,0.3648305699542912,0.6799796450535286,0.6372130033970173,0.5235353412553492,0.2023503917271266,0.0558937351397395,0.0954582331192228,0.4703363694718558,0.8276580684706301,0.806362067237938,0.7229910025634583,0.2337878658463034,0.2634259051959159,0.3642169040865777,1.2125871916533,2.352890727991821,2.19805816117031,1.786768244271839,0.6247087453914805,196.8,27133
ROSEAU,2019,27,0.0568444392628726,0.0998061861905211,0.1819014335213046,0.6135950109065627,0.5862528986981996,0.4622173020050946,0.2121229679793237,0.1244750761311242,0.0713061397570763,0.2488087730396865,0.7471372472976753,0.7361530388089318,0.6558419224269002,0.403811510750009,0.1099773414961209,0.2646312230531001,0.5617276091587423,2.123550353870361,2.024629312384954,1.575299107315508,0.6695462899421821,150.6,27135
ROSEAU,2020,27,0.0648605747735297,0.065949655808955,0.1371280780532232,0.3796847837164188,0.4021689680372941,0.2374431381638809,0.099696618068137,0.0488955272811722,0.0576702369630037,0.1841410981973518,0.5267621748074972,0.5222429753242352,0.325520444080727,0.0985482624833336,0.1609511553244729,0.1649104614246314,0.4227896097602014,1.300005037302374,1.381349695053804,0.7853747636932965,0.2871307661961545,124.5,27135
ROSEAU,2021,27,0.0695792223794015,0.0753426539086926,0.2581287443354792,0.4427216394036378,0.3573898150621256,0.1723707747344316,0.1354032641736877,0.0452220242547422,0.0451279523990445,0.365964578958166,0.5193690638646209,0.4644598764672708,0.2984961261976261,0.1733515268355017,0.163160923295712,0.1838796102962104,0.8453269601205968,1.512927058145207,1.204176011886581,0.5347996748347548,0.4010026844567113,82.6,27135
SCOTT,2020,27,0.0952137427615706,0.1771963441894899,0.5296230637861855,0.6038909836014235,0.5661930700648582,0.3018229664736068,0.1339668233809733,0.0812520048975881,0.2589115613537486,0.6804226418363394,0.7473207668616023,0.7131051005887754,0.3991163917927627,0.1614539647951656,0.2475509258619374,0.544082214207552,1.820971523212302,2.087858366396451,1.951465448511744,0.9969807320161472,0.389284523889045,198.8,27139
SIBLEY,2019,27,0.0740984917469979,0.0931603372860942,0.1424290973766813,0.671092459817045,0.632370073224177,0.5455282387445973,0.2477092227333421,0.079281778842819,0.0856498093253132,0.16396721589114,0.830067453086689,0.8256496325609816,0.7532914227317076,0.4374923262287142,0.1628313034003861,0.2318092347297489,0.4092170586335885,2.322731112368419,2.18262791450741,1.867632770732045,0.7909241683425172,188.3,27143
STEARNS,2019,27,0.0929867472839945,0.1158277656223903,0.2237588556676737,0.5923904407743814,0.5771951777544968,0.5144488861900229,0.2370094900165442,0.0837302168509507,0.1025054644501544,0.3460014585427246,0.7320386282776276,0.7451157110444777,0.703338569900761,0.3938286912209918,0.2384792956539533,0.3211183924093945,0.7105304710324098,2.045448154317167,1.990340264117856,1.763251926182535,0.759549677996599,170.2,27145
STEARNS,2020,27,0.0994305533778761,0.1372156983007637,0.288771937687602,0.6226781586469966,0.5830850798411273,0.2414152980938905,0.1354524523142188,0.0825353692896576,0.1574980537522821,0.433297378019833,0.7765694101773019,0.7575583285140003,0.3242973425785127,0.2124434191542021,0.2598421520578112,0.3965350391889296,0.9433042720727012,2.152940982971908,2.009687596886165,0.7743202038148589,0.3885698113558671,186.3,27145
STEARNS,2021,27,0.0990821353906623,0.1281965515352413,0.354497200502273,0.5715776598186268,0.4988883243565073,0.3210248894372942,0.1267530497398856,0.0885456132727294,0.1389053406444068,0.5016793709436613,0.6699434714633321,0.6703724175050634,0.4972922016549925,0.2081541254577044,0.2599642366711984,0.3653176698318665,1.184056890729143,1.969473084001241,1.706463522892924,1.062953040057477,0.3583612600975375,148.2,27145
STEELE,2020,27,0.0967758235006016,0.1579683168769266,0.5572120312777419,0.6641869668143809,0.6228562552951952,0.4699468195560328,0.1573052571651069,0.0812747172124608,0.1805586590913352,0.7265642069503994,0.8451770142008435,0.7940418731957213,0.6628030807750198,0.2151440326364134,0.2448515775816292,0.4661836228723904,1.91067327436535,2.297679036570612,2.148145224896779,1.594918958339491,0.4637826334720047,202.0,27147
STEELE,2021,27,0.1018694066169436,0.1457653379551443,0.4636389865816965,0.7063265213092756,0.612705475222035,0.3697271075420221,0.1799115402622662,0.0810546664263759,0.1528569557181146,0.6134835930211798,0.8169704861025092,0.7674337098668793,0.5497381343661956,0.276437580618869,0.2624238222663435,0.4212264460880571,1.571287714533796,2.44933434820449,2.110609290146656,1.231513501959542,0.5447610660608116,205.2,27147
STEVENS,2019,27,0.0916561537836566,0.1010439667735876,0.1240963586699196,0.6676390881104013,0.6332526499340381,0.5690770879060608,0.2353855916522036,0.0963890958398756,0.0577056234765012,0.1385025501152867,0.8406048859785433,0.8216756083804491,0.7836418396256245,0.3734229422430929,0.2247820580704415,0.2588478706008885,0.342201084297718,2.308862833604127,2.184343575121899,1.952157946134486,0.7447174460584695,178.4,27149
STEVENS,2020,27,0.0834383757956271,0.0934680463634923,0.2602665954648595,0.6715631024719981,0.6300942512961126,0.2866659669769479,0.1357696691593611,0.0687127642307122,0.0866728272866798,0.3930323781250331,0.8272185116735916,0.8063275408753202,0.3299974205116124,0.1367196504122073,0.1947147542306409,0.2306867330154401,0.8341656084360174,2.322881775667384,2.172201952798267,0.935708751022734,0.3837986427875346,188.7,27149
STEVENS,2021,27,0.0820433834953701,0.1100901319701315,0.4601355053086975,0.6975695864733267,0.5933984777807557,0.3596040364492744,0.1156528435443382,0.0628643090777942,0.1094841240183287,0.6906191419313737,0.8190434150885315,0.8023561231569034,0.5435927661345857,0.17873010443438,0.1886052485622397,0.2900795008237972,1.556542290112081,2.415582852424151,2.038690138056432,1.19282354151595,0.3102081255858864,173.8,27149
SWIFT,2019,27,0.0842973577839354,0.102717797620642,0.1524268988348779,0.7094290677997891,0.6640549193259867,0.5886863536030076,0.2389422644921109,0.092014540645037,0.06911846332314,0.1862356866094256,0.8486528182441521,0.8257087657845906,0.775170800088583,0.3924108910365788,0.1991023333543895,0.2657409879900674,0.4455836125559173,2.460819577141923,2.296658572150639,2.023974891280966,0.7586213957267707,176.3,27151
SWIFT,2020,27,0.0866712195990468,0.1114524971856384,0.3109282110756423,0.7119456896251978,0.6410375281149405,0.2283274892473316,0.1390424452847264,0.0713399577954369,0.1117643550744796,0.4598935665107148,0.8419087147970844,0.832165211014664,0.2632357184719095,0.1498800505255032,0.2066948222529399,0.2960711243525876,1.017774333637368,2.468713013906588,2.212109777925551,0.720894836063792,0.3962040620684534,193.2,27151
TODD,2019,27,0.0989230090540259,0.120348697242303,0.2510033583645716,0.5436050293891972,0.5317577976776815,0.4593179039977222,0.2294916005711002,0.0799549548576304,0.1057026540988444,0.3654535143533643,0.6594918460279932,0.6814673016629567,0.6273330782934062,0.3718904698483417,0.2677715821879473,0.3449647675138059,0.8181082274098425,1.876439870081483,1.833442292334545,1.570532287261791,0.7398440747161494,152.7,27153
TODD,2020,27,0.1064644430623074,0.1310149376282886,0.2710044298836707,0.5668013496216487,0.5274556616198497,0.2146863131085759,0.1239050552452239,0.0896213381318433,0.1340352015379926,0.3707489197541711,0.7103017307394747,0.6907927910064074,0.301963798298865,0.2097847307312638,0.2921651699903957,0.3809895960417721,0.8874716051244562,1.957664891875985,1.815312548518566,0.6837139833510525,0.3553069002329947,161.3,27153
TODD,2021,27,0.1016185207066362,0.1299104481388004,0.293704962833694,0.5041638340635591,0.4311162235043202,0.2669060190632901,0.1196654220840194,0.0873297183173228,0.1300501233455636,0.3898490920180813,0.5985067864453857,0.5777660851102344,0.430632132444398,0.2021840098879352,0.2766863267714077,0.3790466230710332,0.9716556112970332,1.733095955752788,1.468809069631972,0.8746969611587168,0.3419807875836524,130.6,27153
TRAVERSE,2020,27,0.0857706064205746,0.0891066577752663,0.2640938359298125,0.6438439272126688,0.5692641087771423,0.3203764505080453,0.1398169995600757,0.0704266491615423,0.0936180883058423,0.4058158051385294,0.8593833908410201,0.7486840733699511,0.3875357078019243,0.1636908143517139,0.2022448436845498,0.2141071381802243,0.8472115155734249,2.221163818961034,1.952201000245392,1.05426438794325,0.397578219944719,176.0,27155
TRAVERSE,2021,27,0.0823262641321772,0.1136550762296685,0.4912072367132395,0.6842407962377863,0.5995594161343786,0.3777274873032366,0.1186625407687081,0.0712550552070874,0.1125456089148739,0.754304647084823,0.8170886685560331,0.818295966591413,0.5833854591446752,0.1996029216046233,0.1884913818930456,0.3019962421836236,1.667822572140826,2.366220539566361,2.05984271643578,1.257255425191229,0.3199586683582068,179.5,27155
WABASHA,2020,27,0.1143082077530182,0.1633807436418827,0.4897398231073682,0.5926207120520606,0.5499652360219097,0.3557048901352965,0.1513269021114661,0.0752723542748014,0.1690569845792258,0.6150788677433787,0.7338131312357989,0.7302438057414302,0.5095457077384568,0.2183805684770761,0.3185445173545457,0.496088282885201,1.676858212102144,2.049425224221186,1.894878098114642,1.191917137096258,0.4524787020948815,205.4,27157
WADENA,2019,27,0.1076864904100478,0.1171380805413622,0.3163112150991094,0.5744148609646978,0.556470792898543,0.3959114147310258,0.1779073610400081,0.0813061788821511,0.0956175422054542,0.4561555971708722,0.6992667968979532,0.7058322255503615,0.5931430745103137,0.2885362448482492,0.2966535733901494,0.3308556328573531,1.051554492195074,1.985283399672606,1.920361106170474,1.339492215075585,0.5507314955785108,173.2,27159
WADENA,2020,27,0.1086246647418422,0.1266568137498762,0.2665264167796116,0.5670467905600999,0.5262800540001856,0.1705540831988789,0.0984756338533129,0.0805970897835053,0.1223773202022255,0.3470465920980339,0.717358188648272,0.702813106793278,0.2069959977126078,0.1647752902502634,0.2997166924226389,0.3649587651274042,0.8710064145663141,1.958288926987641,1.810796227156321,0.5237796647971981,0.2621814486743928,164.3,27159
WADENA,2021,27,0.0982364385077833,0.1104436149757007,0.2525848680080217,0.4281556572730904,0.3502399342507825,0.229523853252176,0.1374320329068818,0.07809030252974,0.0986838289190785,0.3260996567943272,0.5159398919179812,0.4516475402102958,0.3650216245461546,0.2187960251667488,0.268521223651209,0.312686733406992,0.8269540169606696,1.4621697638055,1.18027085781638,0.7435201044762553,0.4103318984669842,139.9,27159
WASECA,2020,27,0.0929323615949349,0.1578610842506397,0.5808679574520692,0.6793104259068831,0.6229168192035084,0.4671365555033202,0.1566645028039935,0.0776007319724042,0.2007661246101963,0.7503117302194904,0.8489340473713894,0.804161882196488,0.6544449604296751,0.2006175340943053,0.2297047200477867,0.4645684559389352,1.995023418302477,2.351171668874935,2.14713956024298,1.583527096810416,0.4602392101442558,204.4,27161
WASECA,2021,27,0.0965056459548618,0.1439662405342544,0.4438618980124537,0.7199702336117876,0.6127254342735343,0.3684158921777202,0.1589705120882337,0.0800658926123526,0.154323302567601,0.6191794955586123,0.8306314052925264,0.7674219396982012,0.5436631903929641,0.2430204521640525,0.2426911734954805,0.4144071093916662,1.499420363747532,2.498377246382785,2.110368896750792,1.226457369349012,0.4686839841852743,212.4,27161
WASHINGTON,2019,27,0.0914288408718095,0.1449043625293649,0.312199543711474,0.6082761623471898,0.5520779937361759,0.4162217982606927,0.2240871218813212,0.0513128091887201,0.1249581556239245,0.4218670323827291,0.7200208798608227,0.7103393662555337,0.569859593437196,0.3881633119788515,0.2374111139988163,0.4308882909622177,1.051441422266266,2.107364949348741,1.904043623314094,1.417287317935998,0.7173710623045956,200.4,27163
WASHINGTON,2020,27,0.1071542128702368,0.1737379098804729,0.5255943422643686,0.5876242983586051,0.5235388560762415,0.2985677942628624,0.1335378050931727,0.077004799662695,0.1965256290892432,0.6454423017696481,0.7235061575806965,0.6899079488903546,0.4234695672592078,0.185131834371135,0.2954497220253002,0.5363503077191842,1.809347159127827,2.033789428629326,1.801911986019126,0.9879565116469496,0.3909189531820877,195.7,27163
WILKIN,2020,27,0.0797821777551304,0.0850706690409376,0.2499878061378319,0.6029614489877072,0.560411494491993,0.2987151382708007,0.1214544123615914,0.0636661971135632,0.0907008813672379,0.3760851982913263,0.8221885035302342,0.7824201291087002,0.4217118509018134,0.146472508738151,0.1829199501923525,0.2020515512205252,0.7987219440709646,2.075782128317325,1.921837252890566,0.979103598286586,0.3338041164584862,155.3,27167
WILKIN,2021,27,0.0783538266475112,0.0857548039592451,0.5119074763996002,0.6983729120592377,0.5283394544495,0.2326679053592004,0.1003485606548284,0.0622681773378834,0.0603953443190214,0.7392877391951627,0.8195083046121452,0.7348540160253981,0.381909472076948,0.131387336120161,0.1758048839119,0.2031139367135262,1.744490342156083,2.419034747876097,1.803853181754688,0.7341163410608469,0.255384951920422,150.3,27167
WINONA,2019,27,0.101872580606237,0.1247044970498188,0.1298467201971642,0.5573339243703822,0.5638525964360954,0.4064487893923281,0.1662948322847994,0.0745565836884076,0.1046719640053828,0.1518755822513382,0.6870331713703127,0.7025084142544318,0.6105331198208895,0.2775067015913031,0.2963831038728878,0.3731681236226563,0.4004554932365616,1.923953973238137,1.94777523291225,1.378019027846752,0.510147488723879,186.3,27169
WINONA,2020,27,0.111855204258566,0.162197082967778,0.4068648850797909,0.5666760505804767,0.5378046245261212,0.3844692587957634,0.153040145005302,0.0769875416966254,0.1662366152057448,0.5610766028508491,0.7096812990137077,0.7007333542836622,0.5470482169480066,0.2246565090400631,0.3126799505710169,0.4948250431948091,1.379388556360183,1.958391839141999,1.853792000584852,1.299001161117281,0.4616874356648037,197.1,27169
WINONA,2021,27,0.1514628038170917,0.1686673095463717,0.3231997183596792,0.5008253218687189,0.5485227894738006,0.2853198564287452,0.1406711212993132,0.1125226778716236,0.1566943278156146,0.3706758428777599,0.4899530872840007,0.685881803193921,0.4190468889763775,0.1918028092484377,0.456087630435979,0.5165372724419295,1.077108743598014,1.735019356484887,1.892434743299595,0.940059692576068,0.4358803675483713,204.0,27169
YELLOW MEDICINE,2019,27,0.0885876607816742,0.1131236412472688,0.1235966208889978,0.6520190351576859,0.6365076662149393,0.5584587869516187,0.2467086921601487,0.0880608940687336,0.0660880433601545,0.1330318604898321,0.7857334554777807,0.810746116985989,0.7626588729691798,0.3886104864495219,0.2148639952197234,0.3043568993381286,0.3421054181960883,2.254045932377262,2.197817312666823,1.915434555479856,0.7869354271592865,174.0,27173
YELLOW MEDICINE,2020,27,0.0859331517448011,0.1272110453007806,0.3163702373279903,0.6946683832024816,0.5896475324704203,0.2704643541241898,0.1441903323635663,0.049781034236458,0.1281364395258999,0.4493786686719011,0.8357755545440976,0.7708470952743391,0.373284404152561,0.1579073901478008,0.2041762496064568,0.3533405158705606,1.037677844027096,2.406546489457984,2.026394573935744,0.8715908869594995,0.4147114167452044,178.0,27173
ADAIR,2019,29,0.129162441701086,0.1840615539629476,0.184138754623247,0.4590784166219603,0.4608140896785594,0.3466109011436877,0.1402236994169698,0.1179563206341562,0.1640698552161283,0.1784178831872463,0.5632577149874937,0.6228391846144312,0.4691316851364688,0.207354428526321,0.377901078095351,0.5764715823877236,0.5767034736273193,1.572257698057388,1.577747861263527,1.16532146782979,0.4186268012307536,134.0,29001
ADAIR,2020,29,0.1369853721490698,0.2283763260558631,0.3529389746030782,0.5633880353392849,0.4996292945078135,0.2026994725737075,0.1236966300715389,0.1704762745701496,0.2142521231743141,0.4439455243042531,0.6966908726752759,0.6405594957765443,0.3050914744683118,0.1472359656216081,0.4013221363752663,0.733327585062018,1.182662689362064,1.944057070955302,1.713388552785433,0.6391030743277747,0.3532663851102522,176.2,29001
ADAIR,2021,29,0.1613421054626326,0.1747973945894841,0.3615761915415745,0.5695229270615827,0.5008071703034807,0.2092397074192326,0.1252735034919519,0.1552084106601378,0.2041247061960346,0.4439235589385553,0.6125748482168264,0.6656773612998668,0.2880767478050077,0.1287527081115456,0.4887911253263585,0.5375045667093477,1.213260123884215,1.96567754659299,1.717007453826567,0.6621127529803751,0.3630428088413852,169.5,29001
ANDREW,2020,29,0.1417184378053119,0.1945474273875254,0.4138377431989304,0.611994204317912,0.5394980415654154,0.21903630979112,0.1266081280917081,0.141733557483401,0.2325112802719858,0.5193231019065213,0.7825752263041801,0.7069823183148357,0.3239454518028974,0.1540267317616351,0.412196200804772,0.6033385774338573,1.396733396971505,2.113664377735279,1.851372969195246,0.691942810433338,0.3575376490448625,173.6,29003
ATCHISON,2020,29,0.1139105395172807,0.173214133014891,0.4911024368821983,0.662924249473238,0.544679121228202,0.1819176755438336,0.1307881813178979,0.0755268348949897,0.1775507050403695,0.6183170282910897,0.8286413189806517,0.756075274466479,0.2938384486724011,0.1552801034726605,0.3066089454033593,0.521176534622596,1.671306438515146,2.292956963928785,1.865145797516744,0.5526878618679568,0.3676885861898165,205.2,29005
ATCHISON,2022,29,0.1248798972664432,0.2031836313635404,0.6065391789288048,0.6543172130355195,0.599677748720196,0.2585043086206267,0.1491716365466316,0.0790707257310944,0.1863781874652489,0.7638725411718754,0.8189744163324614,0.7097569237570556,0.4014823517704777,0.1455842618643125,0.3458051287376482,0.6291736556079877,2.088985021966723,2.261567239103259,2.066211533960611,0.8292677510127466,0.4336212411323567,198.1,29005
AUDRAIN,2020,29,0.1561990116045349,0.2069838534444177,0.3226101049436463,0.5807935653383894,0.5604072685877725,0.2910061059460769,0.1600947296845018,0.1748727956300417,0.190486743728908,0.3553780265369409,0.7149549959891248,0.7245038816787994,0.4113835886146869,0.2172501212188154,0.4626057032879589,0.6463408960498216,1.064676517701868,1.998846003854058,1.925035592169083,0.950339245332296,0.4766998846072825,176.1,29007
BARTON,2019,29,0.1446733075196457,0.1987065582730941,0.3599538520038891,0.5723736905164519,0.4844317409775577,0.2287281308834389,0.1408425639646451,0.1179203272778535,0.1898802883695562,0.36857006502449,0.7126978749325908,0.6655595035709344,0.3299993602651279,0.1509532728322228,0.4234545750319001,0.6166523243365686,1.202642119879157,1.970889072087337,1.652657184584708,0.7277324936432372,0.4095586184324936,141.5,29011
BATES,2019,29,0.1352140752229915,0.270897427288302,0.4997568956083331,0.576175122915376,0.5176172145570445,0.2172720325935773,0.1400816964933209,0.1096967019756429,0.3111616092545927,0.5726295576109824,0.7194190714749781,0.7008877210327672,0.2864650326892082,0.1474577159427017,0.3900406234628094,0.8843082911716336,1.710598570575921,1.985350772530784,1.77456913718322,0.6869078668397899,0.4075693383976289,160.4,29013
BENTON,2020,29,0.1459900011017848,0.1752691238402195,0.3713239922734601,0.3366769446629805,0.4288391279990136,0.2044592802533865,0.1376887328885767,0.1673649519989839,0.1856104014369152,0.442270793256317,0.4133455099047108,0.580727413460193,0.3010539682853075,0.1473550794253461,0.4320077809367815,0.5607563390621726,1.247266666956874,1.147557076778246,1.455352850183291,0.6435540389422533,0.4019798987514537,149.6,29015
BOLLINGER,2019,29,0.1599345952768094,0.273661543255436,0.424445914729541,0.5120215419256321,0.3916257054685471,0.2141852048596142,0.1315727513699601,0.1714094120467732,0.3603996913017211,0.5157205115119804,0.6162012926816204,0.5439936325392977,0.2741050315594798,0.13976316999413,0.487438564580005,0.8989422892917974,1.4444344512237,1.764169521154365,1.325695130321753,0.6837169550968938,0.3848252786227792,157.5,29017
BOLLINGER,2020,29,0.1320182726987241,0.2664549117695945,0.4986014973727786,0.5227580099870498,0.4286952611815169,0.1751708771525198,0.1309631731328134,0.1065056543702161,0.3442989632069318,0.6056618195814271,0.6269662741815382,0.583597964181873,0.2661597214716923,0.1239691567303735,0.3862128494091845,0.8725761578721795,1.712511109015862,1.80024523500435,1.459581660550998,0.5423378057215156,0.3824154793226634,179.3,29017
BOLLINGER,2021,29,0.130535349343085,0.2608982022342441,0.5527499473849372,0.5871324725602663,0.4012546784468889,0.1876923161642979,0.1448917446723811,0.1137390097222947,0.3250086958817799,0.6525462860291675,0.6963669221485552,0.5760669984877769,0.2678207976806525,0.1613550321066879,0.3774182707741851,0.8490875698261082,1.905025593907733,2.029346659654794,1.356903624852678,0.5842515293188448,0.4294048934156292,173.5,29017
BOONE,2020,29,0.1516905037159301,0.2105342106347981,0.3467820609204569,0.5284909508178937,0.4956604490508882,0.2557033079467649,0.1425826755051878,0.1728875909294091,0.2117881615794021,0.3997011480624446,0.643613630197365,0.6552676309117609,0.3818447642725323,0.182330012830184,0.4552477412837943,0.6681268296481543,1.16109767191332,1.81850665939064,1.699733104514519,0.8315758545850064,0.4223054064113709,157.5,29019
BUCHANAN,2020,29,0.1594251983045025,0.2159821234582261,0.4233170119125701,0.5889462052801561,0.5109081288644698,0.1790087360044491,0.1268498991832121,0.1534387443711741,0.2512697667454433,0.5428985557675746,0.7539977147777176,0.678078189058486,0.2748387818701725,0.1553467625353335,0.4794071429368592,0.6840430827827534,1.434178528195288,2.03341606833119,1.751082841814697,0.5502711069751075,0.3615613115373401,181.8,29021
BUCHANAN,2021,29,0.1641498368521422,0.1860151735332743,0.4212015564437927,0.5638205153736217,0.5017184610890557,0.2316295834763146,0.1386362910407196,0.1562983811153184,0.1870725562467161,0.5184120025930165,0.6894904522640775,0.6724063032024196,0.3393166764882601,0.1440799652953059,0.4969913216861979,0.5761013910257468,1.427021654156727,1.943011048623791,1.718324075188294,0.7411494654226902,0.4045707751546046,171.3,29021
BUCHANAN,2022,29,0.1591678418416819,0.1925801613113703,0.5550426337620922,0.6194692868454101,0.5220541440578749,0.238173045575341,0.1492219668384913,0.1359927318860384,0.2202497229294176,0.674463704590671,0.7610555964051238,0.6521407823120207,0.3340721207641811,0.1594447345740339,0.4774329577195181,0.5984040492418051,1.910151589438124,2.143404165483754,1.790420235782683,0.7632664165916693,0.4413985618207879,182.0,29021
BUTLER,2019,29,0.1110562868518765,0.2361276089665692,0.5499288275405516,0.6068621226001143,0.3429081044476909,0.1772937877272781,0.1236604437324501,0.0812880936217674,0.2662614651057572,0.6599152383952066,0.7117196123929707,0.4880359333135181,0.2295623291421051,0.0973802285198261,0.3052665680467605,0.7577798326556363,1.893114763623791,2.099251159860501,1.144112707784716,0.5449164544165642,0.3508757510060873,161.8,29023
BUTLER,2020,29,0.1135748550380543,0.2372282018772273,0.5308439932717262,0.5394839013199103,0.4318523520440205,0.1509765079164422,0.1277152198127209,0.0679356917832404,0.2288430751334406,0.6379814384874064,0.6973306491063628,0.6018385515427692,0.2223061455619643,0.116680208660901,0.3153904893462634,0.7627606871307019,1.825061933766046,1.856328773026786,1.466909663899817,0.45071033712932,0.3665402113428279,173.1,29023
BUTLER,2021,29,0.1151689998622344,0.2463286272931695,0.5955752716194324,0.6236213612077419,0.3877372555962658,0.1698790274695806,0.1286227667704386,0.0915079543423204,0.2191625191994424,0.6936905011316175,0.732304963574274,0.5606277230286014,0.2421745973592357,0.128980135347054,0.3178738955289814,0.7924125298637862,2.056003453807454,2.157473667449923,1.304041905510702,0.5158288501267081,0.3665733151052259,192.1,29023
CALDWELL,2021,29,0.1623718735153542,0.1668402742554555,0.3179858293892061,0.5018841813397883,0.4422681885589942,0.1817107978198828,0.1131176433075508,0.1650113421261699,0.2016284167110089,0.390921809905841,0.4912169307642947,0.6049942391986243,0.259164636993741,0.1191581589278899,0.4963087080789195,0.5123241635614575,1.059168194103739,1.728602600931384,1.508818365372839,0.5661276649147501,0.317961338889049,134.7,29025
CALLAWAY,2020,29,0.1587215420011939,0.2051247948471778,0.3041658396719141,0.5281021311487011,0.4982407062624128,0.2503579031953789,0.1445697421818627,0.1843104899532364,0.2054389388987308,0.3403781443023035,0.6540511975188574,0.6593960051904457,0.3724632179282129,0.2022172461466683,0.4787950241001897,0.6468873101735467,1.005009162148672,1.815213949356287,1.707144203422221,0.8103448556855408,0.4275980409469885,149.0,29027
CAPE GIRARDEAU,2020,29,0.1514529422436475,0.2264962066299923,0.473391081860281,0.5393916944592365,0.4434910806690647,0.1951116829139879,0.1398489218551459,0.1332235465499828,0.2850089013497039,0.5675242143679615,0.6629466499736519,0.5825190197234063,0.2886470846985883,0.1233595451872567,0.4548520608235171,0.7270426713724781,1.619618699841534,1.858453444061655,1.511434058344576,0.6128085930977978,0.4128748603965883,174.0,29031
CAPE GIRARDEAU,2021,29,0.1537616110763181,0.2373311268435976,0.5063501560641166,0.5740459010082489,0.4286462114896832,0.2202483188752838,0.1457656173482756,0.1530293054872342,0.2825479520083391,0.5924211501397404,0.6816529235134775,0.6011785064458308,0.3072020040927654,0.1542796444066195,0.4626614326747542,0.7650068821146638,1.738332883689716,1.983250387610814,1.457178910860268,0.7032195781274814,0.4337485793641682,167.1,29031
CASS,2020,29,0.1482726778557962,0.2359885350449905,0.3395913836149939,0.4924349280362302,0.4610610241729114,0.1503804905132803,0.141017752754957,0.1747714416458153,0.3332956169075541,0.3979199793022048,0.6457268183291265,0.6137179838789228,0.2317244425122337,0.1479023189724287,0.4423840506516278,0.758713665097582,1.134668807173353,1.689701656089853,1.574061312418963,0.4500208641531362,0.4161480743206136,152.7,29037
CASS,2021,29,0.1760296398317726,0.1574183071342683,0.3166967457805486,0.5070593779812342,0.446029895645419,0.210114675933206,0.1333536231512459,0.1682560991444806,0.2142094744687453,0.384326006236984,0.5864736963969427,0.5973683238330565,0.2765954647443163,0.1548892556964446,0.5455329715043488,0.4750712171487316,1.051066816682543,1.740119052849933,1.518958293486327,0.6654281176814598,0.3918880530501141,109.3,29037
CEDAR,2019,29,0.115426568054688,0.1689458766269235,0.3074147529862185,0.4792604611507612,0.4215129466180904,0.206437668179178,0.1535139872177033,0.0973721362245235,0.160850092457471,0.3278425054864894,0.5964637892276139,0.5904459258398036,0.3075303013855824,0.2057542717583602,0.3380012864974349,0.5241050281447145,1.031128431011094,1.646736267564913,1.437787392156209,0.6596660323088815,0.4681957390590227,131.5,29039
CEDAR,2021,29,0.1458014370670991,0.1955230949122354,0.3870911657519111,0.5288076024163461,0.3352247282531353,0.1616353262213135,0.0690536158230875,0.167360506694835,0.2505108893623904,0.4757290983486759,0.5788759001882153,0.4591475512712923,0.2087478881012311,0.0988311692560884,0.4380403931756375,0.6205858016473631,1.310275412484821,1.82320509707257,1.122790536455576,0.4945914492919838,0.2199403716225522,137.5,29039
CHARITON,2020,29,0.1281502411866844,0.2402958106107318,0.4337784282344403,0.6001512776246448,0.5026040098789406,0.1797635424919774,0.128114177886712,0.1515959437097227,0.2495399990721928,0.5296124554738955,0.7333654738620584,0.6643230641581013,0.2886363512426103,0.123149775635418,0.3651687799402637,0.7714226561415125,1.470939383146179,2.072464606064845,1.720001029508947,0.5519682241467274,0.3650979913102402,173.9,29041
CLARK,2020,29,0.1412368178810799,0.2119588890383669,0.3841071976521839,0.5899223825129037,0.5353607293743703,0.2395371796664732,0.1355893032701547,0.1800693156865024,0.2187567952489467,0.4925242820860755,0.7347834148928286,0.6912982542438988,0.3663355879257364,0.1560742650966674,0.4124019035243828,0.6682759269002155,1.291117292009754,2.035748403656633,1.838346484158781,0.7680569453580549,0.3919732467489786,173.5,29045
CLAY,2020,29,0.1740771339989378,0.1869875052506229,0.4285417090168338,0.5443639184502367,0.5047664008716368,0.1653245890097898,0.1273193481359565,0.1913599835040358,0.2465047162088925,0.5293978956257244,0.7069633733380479,0.6640704500148861,0.2651558805557077,0.1446575397949091,0.5340347022665953,0.5846895371727553,1.454823117941242,1.877442843182402,1.73050742306591,0.502406851581999,0.3649117719429378,187.1,29047
CLAY,2021,29,0.1673353442619447,0.1822749176313261,0.3661343032257721,0.5141645862364673,0.4875995203658481,0.2035166930535399,0.1238316404827759,0.1711767560057916,0.1971666610817399,0.4613617549279923,0.6549005525944747,0.6559016264231873,0.2877604718941098,0.127022564297598,0.5137808363179203,0.5645749200449669,1.229785281322409,1.769122401938062,1.669239461595079,0.6414335525336162,0.3531442332884169,154.2,29047
CLINTON,2019,29,0.1373864376307836,0.177015429849804,0.3190895339401799,0.516339904526775,0.4913269824467997,0.2142952650217273,0.1243260734787156,0.140864463494399,0.2189536016022484,0.4200456614813185,0.6806960840676674,0.7211940089578269,0.3373043583885194,0.1987067532202833,0.3980852196938035,0.5421139296926748,1.056136193832136,1.769787021132091,1.678681072850649,0.6768879668331542,0.3514823788366637,139.2,29049
CLINTON,2020,29,0.1877151266009193,0.1957363525678616,0.3805259101243346,0.6063221111973538,0.544910931156296,0.1961402442299001,0.1298679094985981,0.2194260437143342,0.2441525106681572,0.4876620514468749,0.7818231966886384,0.7210649553874858,0.305739209991507,0.1667999343204349,0.578640561025225,0.607247762965518,1.276232466271001,2.092930892291867,1.87098200722321,0.6091294736403249,0.3693573236570922,182.7,29049
CLINTON,2021,29,0.1941540919484607,0.1747740094341768,0.3952891851795799,0.5780260253450514,0.4837607194656703,0.2188028549539752,0.1245026140140451,0.2224502933716689,0.2007666216491374,0.5081237670332066,0.722502140566126,0.6774188999280034,0.3255902174165901,0.1330301482464584,0.6026813542741154,0.532465261751478,1.330290872442812,1.991191745201254,1.650378866513427,0.6917629488992786,0.3505871677523012,169.2,29049
COLE,2020,29,0.162185599443143,0.2598869854498746,0.3539341350699928,0.4791174653366538,0.3970198085347788,0.1806855157766981,0.136450609879133,0.1923020802543256,0.3058042846310566,0.4244801240490727,0.5908063688853652,0.5404717115914947,0.2669365416172278,0.1912264872812686,0.5054440974434238,0.8595679955360993,1.199203211926757,1.652122932137284,1.355207203724846,0.5724053008305724,0.4123356597585387,150.8,29051
COOPER,2020,29,0.1479224541280892,0.2511307695001017,0.4325993992530369,0.5987655565250697,0.503989356793939,0.2008765188055242,0.1379906137808798,0.1640085133027997,0.2515551715484853,0.5064888563282696,0.7041572491165395,0.6700258585874087,0.3115822188691972,0.1559224676340693,0.4374458718263605,0.811094523690424,1.46740431528544,2.068434682792763,1.725695788690293,0.6290345720746915,0.401512875677136,163.8,29053
COOPER,2021,29,0.1719759068870013,0.177800164390485,0.3280517370184194,0.6127870001462664,0.4938796229836802,0.2205117724040324,0.1170099823627718,0.1423096832074336,0.1688779130761767,0.3967237873715031,0.6930973769360007,0.6487836516090597,0.2839625713413258,0.117127034955854,0.5247219629230749,0.5454538968455427,1.088991667885322,2.118919674352493,1.688953865253155,0.6999133171612786,0.3254440455880029,132.1,29053
DADE,2019,29,0.1396289944256717,0.2160814541989632,0.4227754848428569,0.5502340256773045,0.4687854960122551,0.2117112675621841,0.1409739848217379,0.1034550882894826,0.227659030414783,0.4870792526094623,0.6928414037050866,0.6527843384859054,0.2831638704299437,0.1341148708106581,0.401948666306287,0.681712152962034,1.427337371483219,1.890687620724098,1.595987150076692,0.6658961395529246,0.4099784937260805,122.9,29057
DAVIESS,2020,29,0.1587967933848594,0.1688129749180955,0.3482377545301571,0.5423396688867798,0.5057534638655874,0.203469279886527,0.1195871042765156,0.178531478885071,0.1985398679095352,0.4095183863174169,0.7062708927654596,0.6563992937157449,0.3216036565102195,0.1472703136838363,0.4790893789984333,0.5169324149750933,1.164484065882284,1.866744013159992,1.734380862416738,0.6407164852608314,0.3372323637439534,161.1,29061
DAVIESS,2021,29,0.1471191557676245,0.1817632166605688,0.3390088483585631,0.5149063973243333,0.4899823169528983,0.1796407326494822,0.1098928426950376,0.1381603398829791,0.2221479314338802,0.4076099423769866,0.5531543519892121,0.6642082666378456,0.2485433944333027,0.1077427171136585,0.4363911680301007,0.5617393556726583,1.130654925778723,1.771510360041832,1.676871588231218,0.5540601900298172,0.3017174431063223,142.0,29061
DUNKLIN,2019,29,0.1241586803075818,0.2655566343260098,0.532682767330357,0.5881823645003692,0.30250488247195,0.1684940992006203,0.1371924820238352,0.1073049351525872,0.3408679629682465,0.6803150925611487,0.7061779288250096,0.4514571302081219,0.2078721481775611,0.1242201776800372,0.3516657985574697,0.863242926703735,1.829708758025451,2.030500454772108,0.9969255787846818,0.5120706816081705,0.3988262987296712,180.6,29069
DUNKLIN,2020,29,0.1294348727049604,0.2179246091296781,0.4853850560742638,0.493065918859873,0.3759882266105855,0.1499502312004474,0.1246305272206259,0.1065955620917869,0.1966175755233186,0.6210165270195055,0.6615958402697267,0.5234458949730121,0.220157107508452,0.106029360098093,0.3728516979459703,0.6930027849635728,1.660686756535814,1.688467848246384,1.264880441921676,0.4470752114148553,0.3554659720142776,189.8,29069
DUNKLIN,2021,29,0.1328517325273947,0.2599688163297391,0.557567567610348,0.5759285532515276,0.326381736551309,0.1644109454559048,0.1439864684825466,0.1316687143776142,0.2830524556717395,0.6596412120590273,0.7139013923250775,0.509062650273903,0.2358713749405885,0.1407655814327912,0.3824101257642139,0.8423806352005763,1.919055984051235,1.985466204262213,1.082602306488341,0.4965955961879955,0.4227016435481279,191.0,29069
FRANKLIN,2020,29,0.1720697934688174,0.2159403643588777,0.3126446117861588,0.4755396468319001,0.4593817396311174,0.1753040247165392,0.1286555665522956,0.1957376973387195,0.2384315242523704,0.3666160100949965,0.609123684772503,0.6239930096654114,0.2279359236715924,0.1924684229802158,0.5360759714341924,0.6949058547647198,1.044779532994178,1.634172657448978,1.575558920308439,0.5477695082366176,0.3789793041148761,161.6,29071
GASCONADE,2020,29,0.1801640123287694,0.1952217641785823,0.2630867101703853,0.4589858157156786,0.4612745073811269,0.2118355169586728,0.1436270851173273,0.2146573323942799,0.2091508048592516,0.3134059244701742,0.578591259970784,0.6123461463236528,0.2841623900287662,0.2288225504725424,0.5665869430260057,0.6213176644449337,0.8667350176686403,1.575572508377652,1.583693206125639,0.6811999577241605,0.4343947496809311,149.2,29073
GENTRY,2020,29,0.1435096823400991,0.1791260446956049,0.3520512624058973,0.5539063621251609,0.5085047825118411,0.2221040659630419,0.1214846241758147,0.1610062566078111,0.2166592963370798,0.4350168245805249,0.7288621356651508,0.6796108814206223,0.3374051040705493,0.1604550978671994,0.4229424018984787,0.5517983120199123,1.177441956034489,1.907754732022758,1.743491199142922,0.7072937265428367,0.3432530420971927,159.6,29075
HARRISON,2020,29,0.1437540879914521,0.1706622447180056,0.3654142414133962,0.5443015395786367,0.5203289567252825,0.1982580898828363,0.1173076576256729,0.1537109710319792,0.2231922739196069,0.4412863496218696,0.7063794462705355,0.6680668255744939,0.3110793305407025,0.1487507246686749,0.4245468879456839,0.526157383682605,1.226489037312852,1.873723191188791,1.786991376315349,0.6217413428676115,0.3288609909474004,164.7,29081
HARRISON,2021,29,0.1383711866650063,0.1766751015797102,0.3513012711772353,0.5087767660931103,0.4974938017409131,0.1836511273222158,0.1114004901182457,0.124211810113767,0.2125286964678461,0.4287300732779622,0.6162465892256463,0.6628630501364413,0.2609511808946298,0.1179010382113159,0.4045739484248773,0.5431482407758998,1.174947827963099,1.751600681798484,1.703874421647441,0.5683901358767435,0.3069927621766365,155.9,29081
HENRY,2021,29,0.1809532530981718,0.2017459889047635,0.2993553754823305,0.5136374340260738,0.4186718245394792,0.1949273167376253,0.122562109280375,0.1914808609602482,0.2510054975821306,0.3859224666261744,0.6102438588140519,0.5720794341729168,0.2755874752733724,0.1428953734828578,0.5630763024068859,0.6363276284716375,0.994226655410102,1.764646750422232,1.425942012075501,0.6164565065279841,0.3546590893375913,111.4,29083
HOLT,2020,29,0.1218544296198625,0.1971564276265033,0.481491659740622,0.651927123058985,0.535343161155216,0.201565531684762,0.1257221720484768,0.0927566206253053,0.2277939220009753,0.6003646331280504,0.8157017397254478,0.7348392081886058,0.2884114109502243,0.1474458693129419,0.3369976596080821,0.6094578330663194,1.63819956170142,2.254783175386016,1.832981514068297,0.6255364860123952,0.3509741367267494,203.7,29087
HOWARD,2020,29,0.145166080848139,0.2468607264790886,0.4388659864581384,0.5847160310492785,0.4857433963579148,0.2044136487437124,0.1330117155193943,0.158292366620085,0.2478848402082649,0.5187328486530072,0.6925640537615929,0.6473924254715017,0.3190654152669312,0.1530303464251843,0.4303484367588336,0.7983274843992364,1.492960338273184,2.020639847678382,1.662563058358874,0.6447119319413979,0.3863798370851182,168.4,29089
HOWARD,2021,29,0.1573629729580555,0.172165783414255,0.3881827669971016,0.5288871136594279,0.4278731510260135,0.1997247351819432,0.1346332066894114,0.1072326922961145,0.1646688357985586,0.4599551874554364,0.6267274097054166,0.5620831197762403,0.2543607483472293,0.1323079429351912,0.4686624056647094,0.5290445004466328,1.310593733340842,1.819647075067701,1.454180468032541,0.6287524605581462,0.3932520830343909,129.2,29089
JACKSON,2019,29,0.1092649895050683,0.1700424200543515,0.2775331378094504,0.5160506715247437,0.3724593361952591,0.2388664655647636,0.1179885394177176,0.0901709122957435,0.1880012188216423,0.3383147745898414,0.6609838399536566,0.5703270674601363,0.3742732693933834,0.1527813681914036,0.3136465034370322,0.5260848846714983,0.9151947554313556,1.7779038136326,1.262978018379517,0.7750005138964888,0.3377579307590573,158.0,29095
JACKSON,2020,29,0.1482376663176515,0.1729259950482722,0.4034111890543016,0.3267579989410989,0.5130634218221244,0.1570194803727562,0.1226124340352805,0.1570297657464535,0.2347812111639878,0.4824528146232578,0.4325726144494496,0.6687875368445755,0.2508709215656023,0.1373897110270891,0.4396445194083844,0.5657329576808238,1.36290944435201,1.121714509456288,1.759585799747554,0.4714236182906304,0.3469414885723728,174.6,29095
JOHNSON,2021,29,0.1659317245136246,0.177022018910535,0.3489945504333391,0.4842166566447825,0.4401571787516686,0.1833450515092099,0.1161168941626733,0.1570076099755626,0.2036557863120602,0.4463663114082473,0.5123737119753291,0.5981371412973179,0.2417368566037137,0.1194729822918671,0.5116816559303334,0.5483115211803594,1.167515532149488,1.663577473098347,1.497349470768708,0.568205980057344,0.325092618324298,128.8,29101
KNOX,2020,29,0.144965556051382,0.2088993003697676,0.3705747386483207,0.5844442749269197,0.5211175916205572,0.2082872159982693,0.1300979036030322,0.1843782739448564,0.2172043290304894,0.4480691065039359,0.71961988454119,0.6689118536076616,0.30299874146174,0.1469210170136122,0.4263502321947063,0.6576655887769924,1.24261191953997,2.016398240544094,1.787275916767121,0.6554555549717008,0.3725666227257357,167.8,29103
LAWRENCE,2020,29,0.1509000137934089,0.1572588411121258,0.3169495927291951,0.2069167649390174,0.2850261633526812,0.164704106724928,0.1230520186549822,0.1593134480068727,0.1654755864457464,0.360497122427044,0.4681904731719684,0.381862619825324,0.1717937835622725,0.1149049982703569,0.4633825347955575,0.4864279934321044,1.063992850077501,0.6786955746235642,0.948636370397664,0.514989381241139,0.3626343582052108,99.4,29109
LAWRENCE,2021,29,0.1635767366520635,0.200935080595489,0.3571961122409396,0.5111382404659023,0.3358019206766188,0.1439884748197955,0.0954731205735827,0.184708742144949,0.2629409405591468,0.4424028789968683,0.5256766946144634,0.4336457397578223,0.1678740373842374,0.0773623681273353,0.5081793652351048,0.6342019473928756,1.20785448039849,1.76564530309003,1.130441573383823,0.4364682555999996,0.2734975878997981,152.0,29109
LEWIS,2020,29,0.1632448063776942,0.2022206029474565,0.3449526954143165,0.5762947521016513,0.5213438986910817,0.2297106305806649,0.1400239685664827,0.1995586471563457,0.1961661811789465,0.410517400357834,0.7187517958856141,0.677109187035436,0.3342405260781962,0.15624788468953,0.4923969396663996,0.6334408030690961,1.149815795537018,1.986825368258773,1.787996526921193,0.7328673133620766,0.4084022505497174,167.1,29111
LEWIS,2022,29,0.241237951673075,0.2083946930629231,0.388313728857487,0.5991521329819749,0.5307370662958176,0.2464062319645556,0.1702595028080674,0.2679859256539403,0.2005288365378693,0.4809703787115046,0.7425743540603497,0.6542688925314454,0.3608139554883719,0.215306733041069,0.7754383467575215,0.6562075776970767,1.307982779509972,2.072559733240848,1.823131145288431,0.7936123928898474,0.5179205638110538,155.0,29111
LINCOLN,2020,29,0.1512527091818341,0.2032303658494569,0.2797117409651913,0.5200935193423242,0.4935109810670432,0.2343273290963616,0.1455102961333274,0.1822517958274621,0.2066083282872631,0.303604713935614,0.6377439112972167,0.6740608833418684,0.343022228449414,0.2244788999775978,0.4542614620351189,0.6422866943626889,0.9190206232183724,1.788716172505912,1.692554593311408,0.7548284735934847,0.4338816715639086,162.4,29113
LINCOLN,2022,29,0.2558987172467119,0.1705074017153629,0.3003042272481011,0.4453794061929905,0.475181112206042,0.2906916322719459,0.186320108623228,0.297978752604783,0.1746386441007718,0.3568339551090143,0.5945533441054816,0.6398051031881155,0.4388053386120893,0.2555370419115815,0.8386133569954013,0.5276732049314214,0.9974832279287698,1.522135845481505,1.629778504465729,0.9617018343291274,0.5841469939294307,125.3,29113
LINN,2020,29,0.1510546521041527,0.1835596253644448,0.3826842152338899,0.521619580664234,0.4785520533609221,0.1774552752813853,0.1217446996800825,0.1759758150617927,0.2031650681834387,0.4821971877591701,0.6912494438869006,0.6246719375806575,0.2970392620952345,0.1498913802994448,0.4527092513627419,0.5784234305167936,1.290755273285583,1.793424224095652,1.637606675799722,0.5482362566520655,0.3466786105796944,168.5,29115
LINN,2021,29,0.151323175961323,0.1719672554242638,0.3286181224472391,0.4649196102317181,0.4510351101619907,0.1766339285765095,0.1160736483480857,0.1533963203283076,0.2105510835443308,0.4098212819640293,0.5018585634589083,0.629449822475187,0.2427295009086054,0.1073995108058897,0.4531780141671926,0.527943467076277,1.094703529711438,1.597381952501822,1.537606423947347,0.5448281326087603,0.3257290249697379,126.9,29115
MACON,2020,29,0.1306028783475717,0.238511228836125,0.3966855981487409,0.579100388541641,0.5003264274598611,0.1894229660378238,0.1203592776691353,0.1604294602718195,0.2424739083873996,0.4861571889661614,0.7071417771416993,0.6503969220627317,0.2756170917642229,0.1304240220183515,0.376405517904022,0.7674981146883425,1.339095649959803,1.999065199185336,1.714068124553562,0.5892233291257708,0.3393471486406021,163.1,29121
MARION,2019,29,0.1562788709413865,0.1850514783481433,0.1961998667056405,0.4762661393203636,0.5279226136856746,0.3926698757950264,0.163729709981121,0.1675703695604042,0.1546833889136813,0.2266785585977704,0.5776909250389717,0.7075084496879386,0.5355307769573231,0.2505113775193777,0.4712042833096855,0.5748197649512138,0.6169135640904905,1.628037073286111,1.814928050056651,1.325550198029245,0.4970646952807754,164.9,29127
MARION,2020,29,0.1588510461220219,0.2006082891877544,0.3084370095840528,0.5590401594209883,0.5487517537049763,0.2822630423198164,0.1463364144773965,0.1978494901502159,0.1862727182640652,0.3433663835629024,0.6916893502479087,0.7071612538998655,0.3906662363648075,0.16967442964608,0.4764887365400391,0.6274945218347716,1.017655433432327,1.9243265443262,1.887099137536913,0.922942947542255,0.4311671975940755,169.8,29127
MARION,2021,29,0.1615866262643248,0.1670391483097411,0.2447102963414351,0.5545763442411081,0.5070100668513136,0.2801017928096708,0.1206789124046969,0.1514479078128162,0.1414238219027287,0.2566915367558751,0.5906870478206676,0.6660630152948991,0.3764622025729613,0.1477157060392128,0.4888085013928404,0.5075715729682325,0.7882097550268412,1.909253504665238,1.737167252692688,0.9162115700816144,0.3427456099760076,153.0,29127
MARION,2022,29,0.2444576757768467,0.1926444396206187,0.3714247015453742,0.5868045114278099,0.5392851693113999,0.2618556668879692,0.190525251229666,0.2742213993434684,0.1868804693618108,0.4602109491878047,0.7328701527397113,0.6837645544775793,0.3969841723562964,0.2526894274546504,0.7879954514460717,0.5991828529958184,1.246413738649664,2.026051756162064,1.853007443097658,0.8492572152904481,0.5913017164520017,174.8,29127
MISSISSIPPI,2019,29,0.1238529095647126,0.2523662159355506,0.5522244069302671,0.6034346022887135,0.3627682199789189,0.1652827069803171,0.1166089224486001,0.1332053090120984,0.3741252334168802,0.7192208624637999,0.770990790053166,0.5623264089348682,0.214668541312113,0.0988163840835172,0.3432497418572147,0.808343429915791,1.893147635911403,2.078482890172683,1.207619021160034,0.4931162626899805,0.317015108782174,152.3,29133
MISSISSIPPI,2020,29,0.1272179526796698,0.2358538902072425,0.5755629260489002,0.5636884623794086,0.4427309306524699,0.1568250550177589,0.1212206130342873,0.1082692956769785,0.2469798994106595,0.7500403069984002,0.7543841588632441,0.6521109485579147,0.2287532153441207,0.0876318374944779,0.3547845184608403,0.7478575270635928,1.97687688255922,1.93396736912946,1.496311529545143,0.4619033946919388,0.3330950208260048,183.8,29133
MISSISSIPPI,2021,29,0.1155928186275002,0.2859487516154888,0.6173002953826036,0.6210901904901032,0.3533321482180013,0.1600237241851916,0.1413737071838124,0.1089564025267335,0.3888558691508273,0.7547177865147314,0.7719519052214308,0.5476982566259341,0.2239447353120467,0.1587393383707319,0.3121218538318928,0.9284647476751364,2.127312922341519,2.141027371443962,1.173423431354594,0.4728898654925568,0.4054162327956532,187.4,29133
MONITEAU,2020,29,0.164562970998275,0.2384821946739652,0.3634576595893496,0.517222961476175,0.4605483069003444,0.2046142040920644,0.1370511195123352,0.1965377534920831,0.263939416975097,0.4226744341258563,0.6338783908259843,0.6185777639497015,0.3117229718694349,0.1775051691407129,0.5035963803102416,0.7733558218229092,1.223199524960487,1.779513394643407,1.574473816621424,0.6485045619947362,0.4040611483048289,142.8,29135
MONROE,2020,29,0.1480591655850357,0.21132082747004,0.3445012463614852,0.5613782223413847,0.51345435545812,0.2643595513337425,0.1503216977033896,0.1643288823855295,0.1971057660499182,0.3942341842422605,0.6967966173144716,0.6670598359205304,0.3865962345239381,0.1854404110211642,0.4369612194083684,0.6658434159944737,1.147693855581811,1.932350321464115,1.758966939323356,0.8577432007772556,0.4451536998926321,164.6,29137
MONROE,2021,29,0.1633385310069379,0.1707426239995761,0.3347972953303502,0.5865336872800083,0.4942613114843439,0.2336469278741045,0.1131478494330111,0.1558633919953283,0.1569891952411451,0.3921643369661104,0.6773408308698922,0.646159728771611,0.3011762208261769,0.1085356060737912,0.4952571816802995,0.5194944619465736,1.112983879529098,2.023576083943671,1.689968483155169,0.7470526051733022,0.3111065118091434,148.4,29137
MONTGOMERY,2020,29,0.1642083551425902,0.2132692973418881,0.2969219013884754,0.5406928569141051,0.5262767729280424,0.2659105336643092,0.1524715690224386,0.1876200654159997,0.2002875445297618,0.3135510087234177,0.6751513516179543,0.6908226249954088,0.3733622151077407,0.2285002862728225,0.4953013225437588,0.6727789161176824,0.9754265440588652,1.857675264272896,1.805232446602823,0.8632297238569391,0.4527961240691863,158.3,29139
MORGAN,2019,29,0.156872847328943,0.2344101559672914,0.3301225189225995,0.5014281262923935,0.4605066178995221,0.3160531183394274,0.130833031926896,0.1589431023694624,0.2449401528783809,0.3861430083060898,0.6126260652518143,0.6367700324263761,0.440789818750572,0.170306129366213,0.4779983893393181,0.7603585166198059,1.106651703140958,1.726431389261239,1.578998744045163,1.055743685943245,0.385622339190507,151.0,29141
MORGAN,2020,29,0.1618082005787559,0.2037411709084463,0.3027933659546981,0.4708377310845667,0.4357881633431804,0.2038614481738697,0.1340233168823934,0.2015591133375124,0.2157942421693676,0.3382075121328979,0.5609959200292407,0.5797427301979428,0.294420091086729,0.174221614813974,0.5003214919109448,0.6527410154193991,1.010401903671375,1.618520155068663,1.491584427811693,0.6524721347983302,0.3997992133165727,144.3,29141
NEW MADRID,2019,29,0.1146542222469504,0.2604241472944696,0.5731887806902202,0.6002549120626482,0.2910093760274168,0.1554694445494579,0.1238220108418012,0.1040984468755189,0.3401291986679919,0.7370757840360823,0.7461420740236593,0.4619283893825926,0.188097285027471,0.1001719538222484,0.3126333980868976,0.8399843341888527,1.971585136395128,2.069702149964212,0.9506536645653428,0.4602683912788121,0.3457707859324174,172.8,29143
NEWTON,2019,29,0.1661394467509095,0.202324473950523,0.2296622110265652,0.4669691199017914,0.3421693481118397,0.1768283654216621,0.1420983224907433,0.1462020470507775,0.2610940529869427,0.2762883998924528,0.5769877237660127,0.4701322533164117,0.2361878808194991,0.1534157716176141,0.51581209034974,0.6458339820850655,0.77568915108334,1.60372776445749,1.15194865488066,0.5537644345884912,0.4281169574995878,150.3,29145
NEWTON,2020,29,0.1612571062382067,0.2083923667513162,0.3102247542868651,0.3153870738594878,0.274160814496359,0.2123329449797412,0.1733777925115796,0.1694943303551578,0.2259434136765973,0.3633993285838592,0.389319446022794,0.3489781177249206,0.2549522314833328,0.1854363534819693,0.5013812912847968,0.6728277311305008,1.040116221303962,1.06011730659675,0.909866814530862,0.6861721611422963,0.5452338409899262,102.1,29145
NEWTON,2021,29,0.1816985718686838,0.2072912824013347,0.4272718876734171,0.4934612263762901,0.2845838381832582,0.1398148339054633,0.118252489223277,0.1990849099730496,0.2316074181107553,0.5291862035335376,0.5864026987674287,0.4078149668994246,0.169134934279264,0.1054429165421651,0.5706190305650747,0.6702059691905439,1.459062378932256,1.700019319531037,0.942804032602744,0.419038591717537,0.3414562038042,153.7,29145
OSAGE,2020,29,0.1622262877729615,0.2389772167748767,0.3275857305429742,0.4810554893839692,0.4277115085319485,0.179469188599236,0.1312031627957481,0.1852174679064028,0.273067625388684,0.4048923787195949,0.603823228246443,0.5816378181702566,0.2526687900423576,0.1933778267155608,0.501389835275174,0.7790126279945807,1.100012051306857,1.65501970937392,1.462022345350229,0.563776754053804,0.3891325682645039,157.6,29151
PEMISCOT,2020,29,0.1167483329414784,0.2159030144498932,0.4865394740264069,0.5147725099066028,0.3435840717919716,0.1397639464113304,0.1185965182420806,0.0925266292931546,0.2110289135814517,0.6368380373213092,0.6988970549709068,0.5133431029654031,0.206581505740745,0.0831625775120531,0.3229266333954657,0.6816620537021405,1.661324862365292,1.762978775363591,1.143617922983972,0.4061965316783674,0.3296112698074492,175.9,29155
PEMISCOT,2021,29,0.1138242114624949,0.2648623495015123,0.5803810897807565,0.5880292385467544,0.2988313441583839,0.1530157431112037,0.152586558069829,0.1025331697022092,0.3318331739020261,0.698677382285262,0.7415569324075192,0.485359537203053,0.2095296641896272,0.1673944751741204,0.3103886593389951,0.8570020683614005,1.998401368511742,2.02607902522473,0.9808866087277056,0.4522038047883401,0.4506513739515293,182.6,29155
PERRY,2020,29,0.1414710475871005,0.2051909936263087,0.3966940857366542,0.4968044569351855,0.4232129334014174,0.1745904971353308,0.1268445213394282,0.1244962352627394,0.2318028603591165,0.484796019281971,0.6266196243342488,0.5652118195635059,0.2473281187885022,0.1135527091692718,0.4212690740455716,0.6522546336851507,1.344670461624065,1.706864415732189,1.440606999375428,0.5410951528167963,0.3683502123872199,177.5,29157
PERRY,2021,29,0.1619437803666365,0.161026903481938,0.4383929148497751,0.5568721724208594,0.4435934302846006,0.19702632812686,0.1528746785222945,0.1747961946541622,0.1668292129858821,0.5171574549894132,0.6371697242071567,0.6043113925435558,0.2880108847580455,0.1744524828844647,0.493993801287973,0.4937455902128916,1.49418323586553,1.923337730529992,1.512986301190901,0.6209216945405223,0.4611831978206497,177.4,29157
PERRY,2022,29,0.172404615489168,0.1594512643492045,0.3644012346319723,0.5233384523957205,0.518207983607033,0.229109254701363,0.1541405701051019,0.1411400159604716,0.1227463048297369,0.4427046141897136,0.6735322518139932,0.6710471477185738,0.3335457621862738,0.1613611795699159,0.5349552987668341,0.4850267368323613,1.227385599139874,1.802089726671459,1.783112875093796,0.7368834589166945,0.4655471622676803,136.0,29157
PETTIS,2020,29,0.1607576119630106,0.2569192822926068,0.3896469842540108,0.5699308947497969,0.5073429246954614,0.189547117257706,0.1499786507858358,0.1936855902043426,0.2711586853131668,0.4813738888843294,0.6436186567234313,0.6763563688575289,0.3195633734162485,0.1706434176314349,0.4815797626376825,0.8363040724216381,1.309702466257401,1.966782632599738,1.735523722200372,0.5857431147839453,0.4425852654196023,151.4,29159
PIKE,2020,29,0.1595720066926615,0.2093690891106968,0.2993558826204904,0.5445773968519596,0.5304340364604723,0.2718226839789722,0.15934248361817,0.1861820560980156,0.2005782485158072,0.3208342272427413,0.6703669157037092,0.6995470431607899,0.3870801847681721,0.243588789785468,0.480343114039463,0.6605457964088878,0.9861232220120062,1.87337608932855,1.82217866727625,0.8865234620901321,0.4795832267077069,165.3,29163
PIKE,2022,29,0.2571223215020473,0.1796229632964711,0.3229977387677371,0.4981338051694866,0.4948306415003201,0.2691200683139322,0.1897685288487523,0.283501348689797,0.1761268590637532,0.3554399479751032,0.6341149631716553,0.6473640210172614,0.4003290783216766,0.2447513175895765,0.8387997334922002,0.5553993381502533,1.074547333153434,1.708357219335454,1.696298002998534,0.8791656600062367,0.5920492033340775,151.9,29163
PLATTE,2019,29,0.1282910471636165,0.1706710102887122,0.3761260174948299,0.5240157322913365,0.435749373442049,0.1765166265324363,0.1218368770460871,0.1063540189455996,0.1871455900348679,0.481999734917109,0.6779620753632013,0.6561696039769807,0.2652245126109847,0.1685396507832351,0.3696255291096776,0.5229364834790389,1.266297963380375,1.801354117957735,1.481998635903019,0.5440981085473816,0.346279965742593,146.6,29165
PLATTE,2020,29,0.1620090659930727,0.210002232819463,0.4063207105478251,0.5647543059577953,0.513814182478946,0.1796445460025366,0.1255453425529097,0.1597502289166398,0.2474089205418219,0.532162377627022,0.7491962390690112,0.6884895869973582,0.2820004206565063,0.1593239195514336,0.4881986230469382,0.6618510234851944,1.372133903485186,1.945310364362913,1.761044131915816,0.5520170420626701,0.3562895727646894,185.9,29165
PLATTE,2021,29,0.1566183902349563,0.1751666014476815,0.3862099114362012,0.5544167102343398,0.5038260490601079,0.2333559560729706,0.1169358684645403,0.1534994489403821,0.1691633979162357,0.4792334573650705,0.6997457092595168,0.6766318328536997,0.3437730862687583,0.1335503261862125,0.4691767484160641,0.53627974289585,1.299852003540531,1.908417798346273,1.725383949486999,0.7468234365149684,0.3256176789669641,178.8,29165
RALLS,2019,29,0.1743755864461772,0.1801609610634943,0.1771600874970251,0.4781366036748029,0.5595836515760987,0.4250529081242166,0.1872853550916756,0.192765996360369,0.140187490852112,0.1863884231930446,0.5679659794207648,0.7444861379390205,0.5743892021063284,0.2743670000508519,0.5341435438289929,0.553984031061817,0.5430960189321413,1.630266757263543,1.926716075997452,1.438205378184613,0.5780587231489631,157.2,29173
RALLS,2020,29,0.1621652694639076,0.2098567230059152,0.3055297231333406,0.5669039321595131,0.5642064497411676,0.2873461080443437,0.1622158723636461,0.185831137298062,0.1998398329923419,0.3299013197580297,0.7036363007057032,0.7258907319573429,0.393904684042553,0.2266096868359206,0.4860965376722514,0.6587001932443158,1.004787859891086,1.950440383070552,1.940685738241759,0.939005497344126,0.4862504460906199,167.5,29173
RALLS,2022,29,0.216894627787969,0.1822893937904202,0.3513966804709948,0.5930494663191679,0.5454338853719091,0.228440878513667,0.169803129062862,0.2296546462827461,0.1741842751728477,0.4039786880034505,0.7381576823942373,0.6979610340693382,0.3345239263936614,0.1966505860495713,0.6870664239333258,0.559303966739562,1.172025158936212,2.046660150093784,1.873500713262604,0.7261220202077038,0.51388899757614,171.0,29173
RANDOLPH,2020,29,0.1370461188665457,0.2056960360537121,0.3624761614473994,0.5321601618343016,0.5000660156665372,0.2262373749332372,0.1266782025691614,0.157059987027475,0.2038521865470793,0.4134175093447889,0.627567511929514,0.6430268683171173,0.3373131565149241,0.144164195618868,0.400582827569301,0.6489602595082569,1.216196808341249,1.830108250945634,1.713996985911985,0.7232855072024339,0.3630804215892075,153.4,29175
SALINE,2020,29,0.1356167775451341,0.2514954077756116,0.48018676712899,0.6004407404455504,0.5516827808847896,0.1736081036796778,0.1345554074003183,0.142176588606976,0.2565354181026868,0.595051263302075,0.7333547314878285,0.7313348182719102,0.3033450545285225,0.122854037776852,0.3885016277839493,0.8151717528525002,1.635157283876229,2.076577839884731,1.893835790643079,0.5259630159856549,0.3846703142233942,195.7,29195
SCHUYLER,2022,29,0.179156059251323,0.1749270517117296,0.4091581763188429,0.6126090984720678,0.5198079112709902,0.2464474472280996,0.1410790911689931,0.1793251432417893,0.1642777622887279,0.5344976981639957,0.727199211103159,0.6325652856693194,0.3425715936132279,0.1731228006338145,0.5546557258462239,0.5400634076812212,1.386867537055554,2.123548271453416,1.787055540219421,0.7978762644669544,0.4166499697019,158.1,29197
SCOTLAND,2020,29,0.1324791888302279,0.2006509080848451,0.3592290200112789,0.5838935469899852,0.4741103264691187,0.1730979837451252,0.1274191200350707,0.1663784087618283,0.2183983251142135,0.4577966605429833,0.7244459639784522,0.6111024805889168,0.2519338246631095,0.1451250580178728,0.3834700300153824,0.6301209397401357,1.203850992412464,2.016685485253244,1.619491363830533,0.5304286991951785,0.3651627215564687,153.5,29199
SCOTLAND,2022,29,0.1902192145318474,0.1842454070684027,0.4246647113987061,0.6281249499878375,0.531238355390839,0.2085808776998371,0.1407916107580226,0.2088733432458021,0.1756102194029429,0.5671671439076618,0.7459146113063855,0.6474494608356524,0.2844190619066656,0.1517491989575224,0.5916416598082299,0.5696682693077894,1.439797688822266,2.176123222170105,1.825106669967798,0.657603601334539,0.4123506124592697,156.2,29199
SCOTT,2019,29,0.1371382652045034,0.3060745465499412,0.5462533397530682,0.5834619575991672,0.3659748512222662,0.1725605095188922,0.1441372595701654,0.1333035791366678,0.4207591368678063,0.6765068227591671,0.7203271248306121,0.5459312011304555,0.2067204254934787,0.135391296286585,0.3938566456959872,1.005066697257485,1.874034624522145,2.009558699149443,1.221783441134405,0.5220097560947579,0.4191756580304014,174.2,29201
SCOTT,2020,29,0.132706000875063,0.2720579309185245,0.59648933284894,0.5759647048036314,0.4292906782589709,0.1646269387955498,0.1321893997865217,0.1038213119763498,0.3499185702287036,0.7573025207318856,0.7269220337829763,0.6065398591382289,0.2349854384602762,0.0964597165742637,0.3778288032436773,0.8821170404136756,2.055823623837181,1.981555883031896,1.450870546786612,0.49331961706685,0.3759599814886233,182.6,29201
SCOTT,2021,29,0.1233980538410748,0.3038147987023561,0.5999654456612182,0.6121073262814494,0.354220691818834,0.1702504982361126,0.154703871370903,0.1090790833427164,0.3679854617328029,0.7249274190244587,0.7383259469445411,0.5433011419720106,0.2334707541872118,0.1509574020284927,0.343553578719143,0.9962920876652952,2.067769575401325,2.111704756450464,1.178971239958622,0.513067737774853,0.4568209587776673,189.1,29201
SHELBY,2020,29,0.1395037660940029,0.2163549230083669,0.3813454427626199,0.5934217736354321,0.5247691674156475,0.2105740321488713,0.1303803674322841,0.1701436286053928,0.2230909289899596,0.4519862242190681,0.7301080920954911,0.6823029444222675,0.3062103977530249,0.1394103148199521,0.4062021537891576,0.6842627302567568,1.281191016365099,2.048481352323148,1.800097904045359,0.663339904650183,0.3731992257055762,172.3,29205
SHELBY,2021,29,0.150871011955789,0.1698856060025484,0.3333480010354154,0.5759891525336751,0.5202028956371408,0.2302797921104643,0.1169816100047114,0.1360771952713686,0.1664828474394176,0.383885981957977,0.6511811598389985,0.6833178602468076,0.3031371153150908,0.109162495140159,0.4476040666674247,0.5162385565412673,1.107643376603668,1.985525616114799,1.783694032337784,0.7347505498942468,0.3256359834935833,154.9,29205
STODDARD,2019,29,0.1232646471003588,0.2869895863584299,0.5656384532513719,0.6170092611412312,0.3388341454265211,0.1727131140601693,0.1265574855655462,0.1050540483818203,0.3720528294894,0.696581588050668,0.7282001608047307,0.4996451543518362,0.2035053012860245,0.0965130745609581,0.3455920552946086,0.9379128590287336,1.946083508185485,2.1324243363233,1.125495422165716,0.5244610889429514,0.3574791120555654,170.0,29207
STODDARD,2020,29,0.1326417579764744,0.2723371866076455,0.5782245646709049,0.5667989736707607,0.4224162640609291,0.1623892983170967,0.1350845228533676,0.097884859088834,0.3112999472996055,0.7143942535298157,0.7195237168278941,0.5790355793744465,0.2235766421421131,0.1038621007499618,0.3800645167186594,0.885571471124365,1.992176618893817,1.950845168702191,1.428466202343227,0.4876887466103742,0.388906083591698,174.4,29207
STODDARD,2021,29,0.1198057649262313,0.3071955611663824,0.6228087133475612,0.6269261620128169,0.3318186367254855,0.1619266997170373,0.1493103542659573,0.0987433204023272,0.3460134768900264,0.7388822548366115,0.7579510175567827,0.5125785908142267,0.2126038338549414,0.1311646660747019,0.3312160174224676,1.009193041319787,2.151086383620776,2.16598437112694,1.098304243363025,0.4836149136972337,0.4379730831433055,192.5,29207
SULLIVAN,2020,29,0.1516958127435899,0.2082451140044055,0.3240112870231716,0.4992222357013354,0.4609910321817055,0.1861714893818587,0.1189847172396697,0.1811985094833679,0.235420674962175,0.4215417061494181,0.662993393229099,0.6068004713394719,0.3096023710585744,0.1605126637373118,0.4593289583281129,0.6695669184675397,1.0827828280574,1.716683400117665,1.578374705953421,0.5840852801960191,0.3409988169873574,150.2,29211
WARREN,2020,29,0.1400402848209796,0.2307313934513936,0.3496948149051043,0.5356645693837196,0.4969080465358173,0.1924822853758789,0.1275974264153347,0.1503799379351396,0.2361950891748551,0.400397221861959,0.6779938288274414,0.6860021978123766,0.2687300841911205,0.1837316573573832,0.410610006123372,0.7388031122197136,1.169129473634272,1.842727745982883,1.701779147127851,0.6003684643615789,0.365597851995959,164.9,29219
WORTH,2020,29,0.1349978105804251,0.1790995508202136,0.3436183571199963,0.5418416498838652,0.4895458923457942,0.2192159536403992,0.1151105661637715,0.1489488892342202,0.2217819524125204,0.4494678652974221,0.7143217747415084,0.6537819371997664,0.3412147342441723,0.1589371453002273,0.3947201808113331,0.5542958373538471,1.149525631317187,1.866698033268601,1.677491982495852,0.6994381160391864,0.3227849723692963,163.4,29227
WORTH,2021,29,0.1316360962628082,0.1715336813776015,0.3782594442438763,0.5476460699446754,0.4816688335850168,0.2132052993607468,0.1110765224952238,0.1228906952135203,0.195837148011068,0.485333243419516,0.6545689742270381,0.6478247719539227,0.3228687794674003,0.1367981647961395,0.3834871774338068,0.5278404570527042,1.275774408458666,1.888615142987281,1.64990817769394,0.6786072830383965,0.3091083054670442,173.6,29227
WORTH,2022,29,0.143756256331061,0.1771159071383677,0.3953384668578661,0.5603887662274087,0.5234463769645543,0.3072383110125921,0.1562844403351115,0.1349608780412443,0.1922278205782302,0.4885322534883713,0.709713609661407,0.6497138485657381,0.4383076346982219,0.2162370189156943,0.4281606087942176,0.5483271344966135,1.337657203384722,1.934974819548858,1.801133815141947,1.018844447263095,0.4727506826091726,160.3,29227
ADAMS,2019,31,0.1259315897100215,0.1557199751356346,0.4319355735702494,0.6423830621289022,0.6245489127039499,0.435699692774783,0.2274073413837285,0.07073758380759,0.0928299585790414,0.5264092410304095,0.826689175169167,0.8287699875176888,0.6545278988361317,0.3622187139011764,0.3471212780403098,0.454428668596112,1.45482480725897,2.215219880350528,2.150651909489427,1.467404902997533,0.7137942532145998,195.9,31001
ADAMS,2020,31,0.0981531637369469,0.1544011032992663,0.4082140969134449,0.6028086872029551,0.5705888218333751,0.3559178240234547,0.1866555143384445,0.0427382132927701,0.0708974999195788,0.4827682745319852,0.7882468307222422,0.7671889841204792,0.5197013210104247,0.2356059188213947,0.2466292098801114,0.4503764172200033,1.36842950204926,2.072472403304275,1.955901278704003,1.179223389865463,0.566830572187338,199.6,31001
ADAMS,2022,31,0.1198717260475539,0.1513471709916866,0.3659924256890418,0.6214731082268814,0.5716864597533343,0.3616332293558988,0.2011523331276135,0.0471234550739658,0.0862776017092158,0.4092478811653036,0.788086258592052,0.7584399040416097,0.5400065871397461,0.2711033177079767,0.3258095176918181,0.4396046091561376,1.216373537523246,2.141375037617852,1.960608673561222,1.200509784013042,0.6199478284661262,199.7,31001
BOONE,2019,31,0.1218007590947596,0.146412074131829,0.1950592194008045,0.7093574184020167,0.6846280114911882,0.5703937058767777,0.314628728745104,0.0540212374419075,0.0863062652943429,0.1546082386563204,0.847541176534324,0.8546509054014926,0.8054020806457256,0.4932376922917182,0.3334317269953638,0.4213172606134404,0.5974331185900837,2.458088863278042,2.368572983360779,1.955270493220819,1.030575516583526,205.8,31011
BOONE,2022,31,0.1201894308933442,0.1365599093819141,0.3512222947042855,0.6562318520328876,0.6080804336899562,0.4481588249643483,0.2001744756522304,0.0334034105238024,0.0690510669521865,0.4209474071620855,0.8120704900672964,0.7915973144372856,0.6494278638054213,0.2807399334907574,0.3285224629362951,0.3862846528107706,1.162958442927582,2.267062928807142,2.092297390533558,1.513708636583308,0.6164547736253171,182.8,31011
BOX BUTTE,2019,31,0.1171351556986276,0.1274788189134622,0.1940794665121826,0.4665062530139305,0.4967903503617806,0.3168291401605297,0.1989205062194432,0.0604534217978845,0.0658509070941289,0.1669839089514725,0.610920401775127,0.6829883963113437,0.4865388558663961,0.1851381744556269,0.3226372293184425,0.3600523236573403,0.6012136051236481,1.586656387153697,1.69623218936539,1.045131080521064,0.6185367065929399,150.4,31013
BOX BUTTE,2020,31,0.1255587317349117,0.1427620852135586,0.2521706244310717,0.4962700558143724,0.4446602746194261,0.2413171388934958,0.1634064868840622,0.0792849320972365,0.0881954742226379,0.2438633145175434,0.6373553133942939,0.5760725180054131,0.2847955835624648,0.1301862454116396,0.3604107056739746,0.4161874969605654,0.8113769684416949,1.69453074052104,1.507806581403647,0.7721110920748758,0.4902303773771013,138.6,31013
BOX BUTTE,2021,31,0.1119734182513311,0.1258098757658413,0.244153054006721,0.4431300825876222,0.4162656945377207,0.2760395925566755,0.1659702260421715,0.0562873188470649,0.0680693874753584,0.2373789497645017,0.5434561081927378,0.5002248516374854,0.3873582022314181,0.1714872364444526,0.3046685569294927,0.3548853633944515,0.7828948663617363,1.502794147146702,1.405598972113535,0.8982609736913146,0.5000299670966409,144.8,31013
BOYD,2020,31,0.1127858117945477,0.1380975583748308,0.2756128756201857,0.4980120428435227,0.4756104413543489,0.308778631628187,0.1600046167818316,0.0721419554021048,0.1003456598085443,0.3216124353924888,0.6600829173284543,0.6305123031183454,0.4292794404802001,0.1860443373598282,0.3144949912314463,0.406071042886257,0.9036006536254448,1.708240829136179,1.627191726859736,1.023594239270486,0.4853298535563634,159.5,31015
BOYD,2022,31,0.1161990495012665,0.1604227378995411,0.2577897119963676,0.3914718967619627,0.3351027883287558,0.1976484185215365,0.1365464824276778,0.065992200212187,0.1134525008196852,0.2993761411033784,0.5421986689925338,0.4596509473605903,0.2587318730547229,0.1502765305590291,0.3250866730151197,0.4881250291741316,0.8374420113424914,1.323635931519226,1.117292716754307,0.6198418340247391,0.398754399904002,90.8,31015
BROWN,2020,31,0.1189459883746633,0.1364249409084628,0.4484776108152765,0.5668841176095744,0.5730402798758477,0.4435563001026729,0.2180574900092055,0.0738677691152323,0.0819454784364747,0.5713905182745506,0.7588847106919838,0.7706143414888174,0.6020183010959722,0.3117201292741864,0.3256754019077084,0.3889033286285376,1.517918224347337,1.946298970787475,1.968588217957484,1.500116638394265,0.6842605628484162,214.5,31017
BROWN,2021,31,0.1467765348689834,0.1478658779142054,0.4109501449040698,0.6351757063164312,0.6279890526018475,0.4416420784984323,0.2304226286839646,0.1253065673291118,0.1046366440663252,0.5327700895738662,0.782528710785531,0.7948167391266137,0.6212702882062299,0.4062883069305011,0.4462935105936906,0.4299019619001867,1.381734917507007,2.1929654512451,2.166970281504334,1.492786619737864,0.7281909435133236,228.8,31017
BUFFALO,2019,31,0.1137830530895933,0.1455656428265284,0.3631283687455607,0.6346533483544153,0.6356856039465988,0.5137528991524999,0.2303992879412295,0.0499311478848589,0.0776379484265985,0.4288378119443915,0.8219258598445753,0.8126310752545793,0.7364577634564697,0.368756595876999,0.3047450636869946,0.4195993473451802,1.206746757582086,2.189331971311336,2.192854938761505,1.75170189471079,0.7265533461374304,195.4,31019
BUFFALO,2020,31,0.1011622514160691,0.1359374094049903,0.4167817838362619,0.6247194755451472,0.5843328567430289,0.4009602413643079,0.1941682291171636,0.048141231088039,0.0685060299363475,0.4937871705463573,0.789841492203869,0.7711088739902622,0.5666152824622323,0.2253184129060785,0.2589593324379445,0.3848283058737166,1.400870707483922,2.153191788569736,2.007070516242878,1.343627250783084,0.5954548934924763,204.7,31019
BUFFALO,2022,31,0.1267153181297438,0.1456450412321118,0.3495249366717263,0.6149094109559267,0.5505103513625298,0.373893028120699,0.2063454685733236,0.0556922447921326,0.0809615666379253,0.3960433687565952,0.7660492098215057,0.7392497121509617,0.5483631888034751,0.2770238302191009,0.3522666589152877,0.4208078907920132,1.158659844342216,2.119910120149049,1.885937550304194,1.246833817686039,0.6404921792134822,165.8,31019
BURT,2019,31,0.1130664988794029,0.1489244042121933,0.3969230086970774,0.675283953220261,0.6337348144928651,0.4339612180211494,0.2234487821084792,0.0615472532435241,0.1013485422158524,0.4978207342426413,0.8110474978672523,0.8040546154385718,0.6611113479245039,0.3880303830794852,0.3032568335194227,0.4329926424254386,1.330252044225651,2.337360249543611,2.187035434859569,1.46425056228561,0.7026206189520128,190.9,31021
BURT,2022,31,0.1097940889857874,0.1404137335121284,0.4154915283504444,0.6388451696341697,0.5504977117771922,0.2955055238977062,0.1593092356284401,0.040468923733057,0.0928397989702579,0.5009676936928975,0.7723493875601457,0.7146363123710907,0.4335499800605338,0.1790804821717998,0.2910262209644405,0.4018058251582752,1.397059989812446,2.205352850697936,1.885490561630846,0.9629736132775232,0.4702481490962227,155.9,31021
BUTLER,2019,31,0.1192341611246715,0.1481589929859275,0.4509304546955638,0.6725780060593207,0.6542722261158983,0.5251047684526764,0.197442068166098,0.0638173452312231,0.1143808463648967,0.5853164934145573,0.8246289445528497,0.8123978476580578,0.720399099707428,0.3251434775739129,0.3260860289600598,0.4305830718643579,1.526123447484843,2.327933671388368,2.261703232758279,1.794374129246555,0.6088886784211449,192.2,31023
BUTLER,2020,31,0.0595357997914664,0.1702662170201381,0.3917265292186149,0.6717141784910874,0.5805130370078492,0.3273597591839145,0.173571191580319,0.0243307900260654,0.1225266556674486,0.4680023828681676,0.8235509791355625,0.7669497980272164,0.4198435902499926,0.2101292620065991,0.1094489299176146,0.5101673970228536,1.311309051975672,2.324304014890179,1.994338682656438,1.07842986079598,0.522023085899648,179.0,31023
BUTLER,2022,31,0.1218358539597575,0.1460729218719627,0.4107411325852891,0.6358482778419025,0.5798960969681204,0.3246896084220204,0.1824083390436668,0.0540849390262831,0.1093346921682132,0.4947752838439816,0.7705341505142665,0.7361336830806394,0.4481609104130403,0.2012045018489077,0.3358921193136561,0.4234036730752205,1.38118474507372,2.196103403522204,1.993241101845126,1.069780627897134,0.5548939786530891,170.1,31023
CASS,2019,31,0.1151215502646121,0.1508013852777734,0.48859856287142,0.6291890619040114,0.6147471658490049,0.3451486133666717,0.1343195113362478,0.0728034830778174,0.1245849361549086,0.6508927144972059,0.7970589286353597,0.7996839176400191,0.5044033299734567,0.2068349648680011,0.3125319468048276,0.4422816718272043,1.663771108560416,2.172429547342903,2.120177271597882,1.144793077136736,0.3819915331527834,175.7,31025
CASS,2020,31,0.1132768341546554,0.1932963205097079,0.4338789475750436,0.6540131053924376,0.5622000341725236,0.2413095987121306,0.1475701016718858,0.0580432285950336,0.1705431395179438,0.5303105964945585,0.8048343481356391,0.7535688451977895,0.3727991841225147,0.1796013761749909,0.3055469036546559,0.5950585322991263,1.4654824458672,2.26193201791792,1.929747989163842,0.7687652018620454,0.42962123045696,193.4,31025
CASS,2022,31,0.1247660249018096,0.1648056817154133,0.460397568306563,0.6018815791598586,0.5126813631756457,0.2543077667809283,0.1497770405809473,0.0540664622800783,0.127393300080448,0.566030375326197,0.7426555926716485,0.6418189170414608,0.3651104135710349,0.1517904380282717,0.3472829901946419,0.492105302340529,1.561706713918428,2.073783208334063,1.750894804877504,0.8159557991051735,0.4377271852160432,132.5,31025
CEDAR,2021,31,0.1293852183163869,0.1732194827608246,0.4448252341560128,0.6628355280015118,0.6075579503852307,0.4453907880852835,0.1792450007679738,0.0726444442917504,0.1444336242088762,0.5563616444012871,0.7502825736605351,0.7632396581901657,0.6080122981992525,0.3144560423252665,0.3645979905877884,0.520884441535321,1.503553043093218,2.292315626458072,2.09232044661119,1.505602380081116,0.542683731439356,201.4,31027
CEDAR,2022,31,0.1211692346040521,0.1454746818087757,0.3622524789825906,0.6112963749406124,0.5437417111319011,0.363423551422037,0.161134521698014,0.0592041048961619,0.0873585866336859,0.4561002171013021,0.7769991396383552,0.728381511842797,0.542847546786703,0.2162558142352304,0.3400935628288249,0.4205596828069948,1.204611567887757,2.105931453909847,1.861256486110706,1.208851035969258,0.4800650273909647,169.3,31027
CHASE,2019,31,0.1180759404938968,0.1275042488518267,0.2503300913991816,0.5791818880747027,0.6225027430153949,0.410128072628799,0.1930457455557524,0.0502291857030163,0.0560880909490136,0.2556835853802571,0.7395468707752927,0.7870969164123932,0.5929780717711192,0.2611179046569917,0.3183655495612419,0.3524780887719933,0.7968612331067075,1.986647106778199,2.143398408911892,1.37501587747095,0.5896064698451745,157.6,31029
CHASE,2020,31,0.1263381754048576,0.1813994277402182,0.3787903848461837,0.5551558260346269,0.4950235139896734,0.369512972274879,0.2005714276695768,0.0564613664812855,0.1371535237938868,0.4389893044808879,0.7101437439803784,0.6848245927144863,0.4826348843263424,0.2258670252316023,0.3490081407867044,0.5482195723927012,1.262380279942957,1.900470398531139,1.68291178516822,1.22881460128453,0.6175840452463874,154.6,31029
CHASE,2021,31,0.1278249613790642,0.14406167764929,0.3209890914058334,0.6042984067359406,0.5750950567712998,0.3897948871292014,0.2066665539240136,0.0559194540678074,0.0846632272668324,0.361534413650491,0.7332206384774513,0.6868520322999434,0.5385779471468285,0.2487936239386362,0.3547711370334296,0.4135151831964632,1.053638712803874,2.078651880481209,1.972994369319378,1.302586183838461,0.640030203474153,182.3,31029
CHERRY,2021,31,0.1365752305931653,0.1305254733819303,0.3352761447036567,0.6170074061429067,0.5836515255360916,0.4024241384513297,0.2217502883894676,0.0967202569871931,0.0863886703822378,0.4058441711864139,0.7305896679165281,0.6960276562364085,0.5600326090797028,0.3383167566586859,0.3975084492158761,0.3748335398158905,1.115277620906462,2.134565469341275,2.013891842436399,1.358226704954824,0.7045487154310051,181.2,31031
CHEYENNE,2020,31,0.0852856829277794,0.1218864304898147,0.1405595032856375,0.3630157528767062,0.3497618094422328,0.1857288150764917,0.1299052379047479,0.0288747335265996,0.0603089018574972,0.0800123704293907,0.4684118650467387,0.431249012059062,0.1870561510432707,0.0820124965165786,0.2112810830363416,0.3431577809690188,0.4106960158866017,1.215543152716107,1.167590385370187,0.5747447947469999,0.372149309547568,91.9,31033
CLAY,2019,31,0.1165888684357521,0.1551584676566347,0.4808411173372213,0.6564064661462226,0.6286541845385707,0.4217813634743093,0.2165713904572434,0.0641010823319268,0.1093653826373398,0.5837738528284785,0.8528604685566066,0.8223907690729354,0.6391045010685212,0.3590766010189716,0.3155261894292787,0.4520559988543264,1.632000446291876,2.265596595212289,2.165162361545124,1.416699697947577,0.6742476240977436,191.6,31035
CLAY,2020,31,0.0770286714433339,0.1579220790262882,0.4414644951008225,0.6397450618667608,0.5920121697739091,0.3944143834908784,0.1845851076050859,0.0368311540520841,0.0991319467025944,0.5482311967767649,0.8355878854827173,0.8141554028415775,0.6044545016049204,0.2554462415281645,0.1690723893734853,0.4626754390522877,1.487601527407139,2.204981063746895,2.032282994361265,1.317376507751129,0.5582118834344327,196.9,31035
CLAY,2022,31,0.1199119802227242,0.1479692686836715,0.3658591242173761,0.6209910032494246,0.57398274728926,0.3569624845573433,0.1867945987609954,0.057986794831386,0.1022528464747829,0.4393215292659735,0.8076113094527985,0.7786699175089987,0.5427867939609495,0.2444456546060486,0.3251822978507604,0.4265976841183643,1.214971253104099,2.138370684042871,1.967956376152076,1.182771006238216,0.5674678997488184,170.3,31035
COLFAX,2019,31,0.1292924877675113,0.1458050012692783,0.3551017224769927,0.6768985883940498,0.6441682823334427,0.5592770209766174,0.2625163972292603,0.0765137674592348,0.1086458350421778,0.4430941859605364,0.8082813314919675,0.8159329705387308,0.7534009095265366,0.429067215411368,0.362257988630755,0.4220128523454124,1.179180112564511,2.343427904059643,2.225010198683089,1.917873390010021,0.8441933764333585,201.4,31037
COLFAX,2020,31,0.0671181254400241,0.1571179754928939,0.374692241324863,0.6788429555535214,0.5789948462927381,0.3207441977973292,0.1661533093115209,0.0251720799561737,0.1062811993209542,0.4296066852554033,0.8174878726660926,0.7684066503728365,0.4023690339745927,0.1940945303700491,0.1361552851726173,0.4624759161332763,1.249659285535052,2.350082551865488,1.988826471374734,1.05447562511836,0.495165790576701,189.6,31037
COLFAX,2022,31,0.1268860271455762,0.1423778892889831,0.3288871395116315,0.6127571143360002,0.5456577594903292,0.3181900334856101,0.1802775715824225,0.0525851029465809,0.0903917976891473,0.3868516717280059,0.7713989265079475,0.7182498703732149,0.4414409430753342,0.1908905034210644,0.3539891108041769,0.4097522316733456,1.084685805201209,2.112730624988089,1.86905826091806,1.045964680054149,0.5468911520629852,165.8,31037
CUMING,2022,31,0.1210143211277628,0.1421925277004165,0.357121496309362,0.6316114096157858,0.5487306257208667,0.3170345743692637,0.1741773180223093,0.0531606562588451,0.0834938126066715,0.4186790618798799,0.7690604861540822,0.7137278613250017,0.4402571008690887,0.172601330871947,0.3310631611051785,0.4076836694716962,1.185445752482937,2.179316556665924,1.878721674919207,1.040398478160771,0.5234618250104933,168.6,31039
CUSTER,2019,31,0.1096263499181543,0.1459389720500079,0.2327807977030546,0.5612049936953558,0.604364274317347,0.5319638469471256,0.2444008730842153,0.040300157468776,0.072083956670825,0.2275527759921338,0.7337119051055419,0.790627739651672,0.7584876096061978,0.4071341741603613,0.2908865008363363,0.4222542120880862,0.7363679841656353,1.924620848022888,2.080868276519992,1.818892899887186,0.7784088812507347,188.2,31041
CUSTER,2020,31,0.1195034746919333,0.1327930754742992,0.4158018471237492,0.5813317524266656,0.5504281530396546,0.4109480141901577,0.2043618684646554,0.0574982963106435,0.0585541410739945,0.4892662039244549,0.7326563518419061,0.7417080670885339,0.5600794476942517,0.2471038637530633,0.3272497969804455,0.3753314666646696,1.399282076384582,1.998165809822219,1.886335132586191,1.38169816675881,0.6342659047994048,200.7,31041
DAKOTA,2020,31,0.1134928208801634,0.1605171073020722,0.3920808562896919,0.6949524032110631,0.606524225782101,0.4032801914015659,0.1822777027942652,0.0265151706289059,0.1037806454068056,0.4535001342186096,0.8084378110385624,0.789059384519931,0.5118482690828131,0.2497194759629865,0.3046202247524719,0.4740887963436828,1.311885375820539,2.407675785559626,2.087742639621658,1.352405723232913,0.552818719451685,205.4,31043
DAKOTA,2021,31,0.1273554934295802,0.202809277774897,0.5004520595311438,0.6862042292385931,0.5830689656755199,0.3639047741875899,0.1551580199953592,0.0593743065288492,0.1651004914393002,0.5954751255674449,0.7670548650741432,0.7535096215187878,0.5572366434307345,0.2775540095495742,0.3538589575301462,0.6264298676271413,1.703723188338736,2.375774952698208,2.002630690938927,1.209695332011934,0.4544497676562171,190.6,31043
DAKOTA,2022,31,0.1083631638729476,0.1407597521330305,0.373778419213209,0.6103325210781548,0.5241879660487891,0.3018624979252949,0.1603903098942823,0.0369575929840628,0.0766621098604471,0.4408558514959227,0.7731278068529623,0.6891685495599634,0.4316279488899625,0.1712267415024932,0.2862243758720004,0.4038294850314337,1.248100911303487,2.105306241994894,1.792391360704796,0.987796408955853,0.4752370569891896,160.4,31043
DAWES,2020,31,0.1194321028155052,0.116726129405985,0.1881765438444273,0.3374504457981612,0.3074058263820109,0.1562544323833052,0.1198422202289007,0.0839874314176699,0.0800139860273396,0.1883380346731872,0.4475220446253966,0.400580053957313,0.1559945618022372,0.0821106918310066,0.3492749717173725,0.3470914552239429,0.5947465525465396,1.134820047840538,1.026118614792907,0.4792528713055921,0.3475134877309556,92.1,31045
DAWSON,2019,31,0.1087174265674711,0.1504129687518434,0.32306177066579,0.6147805290211138,0.6107414479008623,0.5190131899466979,0.2168463990082772,0.0454286815316956,0.0789264633168881,0.3908555707711854,0.8152799137479585,0.8201260454480892,0.7582484452721925,0.3591230842058124,0.2857268133176157,0.4366874155831797,1.061172177851607,2.116625396771301,2.102006018094572,1.770132329799834,0.6768849632163589,196.9,31047
DAWSON,2020,31,0.1164896893790188,0.1502941462281042,0.4600555829863555,0.6171380504554341,0.5685722000368768,0.4220172816503199,0.2146676853046398,0.0672964377274261,0.0901017242732728,0.575718781953606,0.8075873191417238,0.7751069834899547,0.5967116158589412,0.2466529872643037,0.3134051225662506,0.4356733672791874,1.556389293957776,2.124713813834813,1.94900338927592,1.418767753566987,0.668576913988306,198.0,31047
DAWSON,2022,31,0.1277631363115507,0.1484239275045085,0.3846451879665694,0.6422253932765087,0.5826839740205554,0.4141747924567783,0.2444214226511185,0.0606562555333405,0.0929900680465307,0.4576258314313052,0.8037550463025501,0.7786073831825303,0.5947306007585711,0.3445941574830616,0.3547963783629481,0.4294916079000683,1.284347674254628,2.217203732805544,2.001111420353277,1.391318421925936,0.7770501476582291,191.6,31047
DEUEL,2019,31,0.1119287394500419,0.1239838491994093,0.1703588928288826,0.3781144521342383,0.5008718640963483,0.3659707474932208,0.1912085700573151,0.0585589640968919,0.0710893665086726,0.1403353889924394,0.4880920732781129,0.6900403898627204,0.5226821220268202,0.2437273307865687,0.301092906665782,0.3447071084696638,0.5124944488626788,1.264154062429455,1.708288209596446,1.220214920343102,0.5879286035106389,109.7,31049
DEUEL,2020,31,0.1156333304894985,0.1335071029226119,0.1917013074956155,0.3705370084210661,0.3666688771564653,0.2597835023322881,0.1542610962179189,0.0432191794854101,0.0623258244689758,0.1495485425190919,0.4559184433772919,0.4708601581490409,0.2848454915215625,0.1276006194001769,0.314174887776204,0.3784112067745353,0.588953048557711,1.235979763693134,1.221984864777819,0.83532795078718,0.4534935133421465,84.6,31049
DIXON,2020,31,0.1178471504443136,0.1452361555819118,0.3679408225261587,0.6880734412983652,0.6060900599265694,0.3863134362085533,0.1763927547755144,0.0287106263124235,0.0750892522250133,0.4082118808936119,0.8099572676673058,0.7781856881510831,0.5180262076468504,0.2413871586932939,0.3217316598511361,0.4191410278722843,1.224986000630953,2.383236207399335,2.086609769628618,1.291458010254354,0.5319656674587239,179.8,31051
DODGE,2019,31,0.1172839661228369,0.142838748199431,0.3858529174338257,0.6625142976883698,0.6320994137529016,0.5094444747298267,0.2335395065670082,0.0739653972328043,0.109624693989982,0.4980647008878174,0.8046926770660561,0.8044072182097649,0.7169910958979712,0.4018759655244288,0.3186939297523606,0.4112245015486442,1.290377882305815,2.291338786719673,2.181297677420068,1.737529515478642,0.7393082398790652,198.2,31053
DODGE,2020,31,0.0455045014520856,0.1678623521528812,0.4112476970543736,0.6854710504229573,0.5707859486971552,0.3034930476063843,0.1601021456591141,0.0088714674604933,0.1343103278253904,0.4988133915684627,0.8308127548222606,0.7667450527883958,0.387613271521842,0.1929864706012548,0.0580714910294298,0.5007928771483035,1.38136100706083,2.373501147489458,1.95857044944548,0.991504733299094,0.4727164500538517,181.6,31053
DODGE,2022,31,0.1097218480836977,0.1423695347024012,0.3619769431767925,0.6148721298875809,0.5468946467421043,0.3127235808438966,0.1742381413709948,0.0408026501954378,0.1008143412302348,0.4468021635592674,0.7774572158749226,0.7196900943387012,0.450441276504703,0.1944703340634365,0.2910062535462766,0.4091824152113537,1.203920337269153,2.119349273684338,1.872966353472198,1.02563792501432,0.5244905631347613,160.2,31053
DOUGLAS,2019,31,0.106616142530039,0.1553378131100624,0.4474360968342201,0.6042734626949994,0.5816142744391362,0.3986850771568658,0.169240944846528,0.0623024610978612,0.1305060082317497,0.5787528335743942,0.7405035919887325,0.7345728155114871,0.5797109842000535,0.2783947436806351,0.2875826929416866,0.4633613973665749,1.520722241557946,2.088111789795874,2.006168102700955,1.34433008575286,0.5141634980313421,187.6,31055
DOUGLAS,2020,31,0.0798168906923216,0.1977508493325416,0.3954851195117112,0.6513998874729232,0.5089831653726669,0.2176283690222549,0.1379663208278742,0.0399314984562746,0.1782962842449489,0.4665658196401746,0.783153664876966,0.6806035920568457,0.2785062007407401,0.1495599218003575,0.1879991878299662,0.6147094257028605,1.330113529253672,2.256011310319612,1.740737124655963,0.6866506941301701,0.3984090015729737,185.6,31055
DOUGLAS,2022,31,0.1247569362024603,0.1575363863435585,0.4114499081869053,0.5880457112378167,0.4968451860370039,0.2677224906555784,0.1563064804153932,0.0666919690703996,0.1335429064741816,0.4989448377686766,0.7072322140154196,0.6340343603744074,0.383217415278659,0.1701325718774529,0.3532032396095153,0.4742140150271803,1.394567204392838,2.04076837129435,1.708246100855284,0.8752275792151321,0.4696674420416267,168.3,31055
DUNDY,2020,31,0.1281834912765542,0.1619558839161759,0.3422659497819871,0.4807183060906223,0.4306130499731943,0.2965121097126511,0.1819819142858487,0.0621927547243219,0.1195197232747962,0.4018110667004862,0.6383563693459225,0.617518257689191,0.3894074800036037,0.1599012004246557,0.3592250355045323,0.4814133440937855,1.133775493169212,1.63469596422938,1.453415147596531,0.9682379457338908,0.5538676986797232,125.2,31057
DUNDY,2021,31,0.1410917040404934,0.1371815042056574,0.3033324263306501,0.5365768967469495,0.4969784922729846,0.290782015760487,0.1665265020686254,0.0731404694562151,0.077500329771148,0.3407392159433122,0.6468931857640384,0.6034218603133306,0.3831828587885032,0.1594720699078667,0.4068227154719933,0.3926756804102005,0.9938094772420432,1.837687971381516,1.694420943994703,0.9484025180029512,0.499025093047039,144.1,31057
FILLMORE,2019,31,0.1130385469113031,0.1617998737550122,0.5245099948619717,0.6723288407806043,0.6549256784617674,0.4473335168873577,0.1665064084843613,0.067020696774395,0.1348707044717439,0.6761595321080568,0.8578920968118385,0.8512139852953884,0.6566858402782554,0.2582402805367271,0.3007862122502135,0.4758046992365174,1.788546790123124,2.322924946151762,2.259940239178597,1.508874095708478,0.4928320088158158,206.5,31059
FILLMORE,2020,31,0.0724139083705665,0.1807238527874599,0.3721862871854969,0.6468412845255223,0.585680553807836,0.3324119587333502,0.1713049055451993,0.031682740575831,0.1305001409853325,0.4467472775671076,0.8245625144211145,0.7995983154709297,0.5061061624790849,0.1937184008302225,0.1522307646502011,0.5444145124771553,1.236808708402637,2.230908038179416,2.009229687093672,1.092904718530181,0.5100185916795162,195.0,31059
FILLMORE,2022,31,0.1123719375574785,0.1520141470673889,0.4042644425611121,0.6463939791649211,0.5954486508384467,0.3417564788835852,0.1805748026370838,0.0473431287573067,0.1230415004998382,0.4950205444205672,0.7969052077695946,0.7841075860147362,0.5027645318869862,0.1983401483404845,0.2986144781756368,0.441013498967993,1.353684461257712,2.23022853480256,2.04538227490512,1.127517357985692,0.5444283741557884,192.0,31059
FRANKLIN,2019,31,0.1145498385756953,0.1470227733922692,0.3949654331362102,0.6038128502222878,0.589255865823206,0.4529767878398855,0.227046344836531,0.047552980092385,0.0808384529519848,0.4444766840724497,0.7877550877775691,0.7961789960206986,0.6614965513453496,0.3630893707034592,0.3062916310830078,0.4256163053409488,1.322673743409201,2.078279325978804,2.025615464275309,1.532559669843593,0.7151407126730364,183.9,31061
FRANKLIN,2020,31,0.1214021564627757,0.1389137048332412,0.3852811522815708,0.5827213433103823,0.5536397720510221,0.3408409377405835,0.1901075134122143,0.0573577791978851,0.0599984439516727,0.4421867734720884,0.7482165399187706,0.7314101654644375,0.462986521710035,0.2231889738960085,0.3334878272523975,0.3968471585306518,1.288202644188473,2.002539670887173,1.897324209812234,1.127416258171984,0.5820644980570238,171.6,31061
FRANKLIN,2021,31,0.1309549275136359,0.1740908538276106,0.3586122829703635,0.6275115479570815,0.5813175589284094,0.4645658833600286,0.1949022692596719,0.058379917384503,0.1302611664669996,0.387118880159017,0.7966196432390991,0.7508927302264109,0.6846246416165614,0.3093212358742802,0.3680192753913872,0.52418865318568,1.191866678032739,2.165029643157671,1.997613643871785,1.57520750655036,0.5995645305965868,208.9,31061
FRANKLIN,2022,31,0.1252053112658642,0.1404003049239569,0.3189747216025233,0.5949256756847439,0.5477966116348599,0.3625905720110555,0.1958057447693186,0.0427576313914753,0.072205516082321,0.3431735953890529,0.7300782757439126,0.7221585857433128,0.5065879862449354,0.2652170478577286,0.3480189068739842,0.4030965594321103,1.049207233289345,2.048971578678039,1.87714042615426,1.206983111260535,0.6035721130578192,153.3,31061
FRONTIER,2019,31,0.1119345950425498,0.1696606567019838,0.2138812520335918,0.494373777190192,0.5415417138296795,0.4437238396257928,0.1768387740654145,0.0481388632408437,0.0874464270459787,0.200582995209775,0.6530447743160765,0.738055083505542,0.6544352085088915,0.2854975449618988,0.3016981392162189,0.5105384987840281,0.6705383156173567,1.685368212334969,1.856131966616237,1.502129432326592,0.5365186303284893,148.7,31063
FRONTIER,2020,31,0.1125613302633947,0.1258829207036443,0.356127096317062,0.5110233470816404,0.4644831699143497,0.2936988025660477,0.1621291150115871,0.0448782605032475,0.0540772855893926,0.43048043263905,0.675043509626553,0.6325743997593902,0.3667507142624027,0.1216043559555306,0.3042886480227932,0.3524869951753373,1.185509681851651,1.745925477600366,1.57754273780449,0.9596448165897772,0.4836257671663023,144.0,31063
FRONTIER,2021,31,0.1187485940282029,0.1323157710208072,0.2809169654010998,0.5197607200808199,0.4938036109148366,0.2953752248009021,0.1447772728062422,0.0469047651082233,0.0723647073169191,0.3148899976059454,0.6536319416749381,0.6179816125624253,0.4215297760119163,0.174244901667083,0.3272435140602644,0.3763241586322109,0.9139637768168446,1.778100837809003,1.684187956304039,0.966274133562737,0.4238814083953306,131.3,31063
FRONTIER,2022,31,0.1157515976973721,0.1188711123945608,0.2316451783354024,0.4482749594201927,0.3723272926176601,0.2485280176726121,0.1518253803039353,0.0404861213383203,0.0450026045427695,0.223473488383303,0.578459598418596,0.4961639233412584,0.3207926396031141,0.1681791918524218,0.3186902656361753,0.3298989314423616,0.7380050769431447,1.529631316595087,1.246976383801385,0.799058449240393,0.4503357671445026,124.4,31063
FURNAS,2019,31,0.1124261133592119,0.1398800617403038,0.2336187107594658,0.5135083446142408,0.5354724068797782,0.3945584149571811,0.1658608433375238,0.0469255883027913,0.0670789251932592,0.23021062678266,0.666437862328811,0.7174365642640016,0.5535875220891283,0.2241037726004094,0.3032097942982466,0.4025357904224152,0.7416844971716843,1.754325516161182,1.833791033789474,1.32396509821709,0.4965364488081855,133.8,31065
FURNAS,2020,31,0.1140635674690286,0.1238819989023444,0.3639733538557105,0.5702329207386929,0.4894902738926145,0.2634202549559304,0.1583408966679224,0.0455370924608208,0.0482143133211873,0.4142995338685841,0.7204860454324766,0.6341163357528989,0.3128535914021654,0.1229678866236932,0.3084431318162605,0.3439662088970073,1.212616756925106,1.958863923494002,1.666736973618616,0.8488156451056864,0.4686385268196809,136.3,31065
FURNAS,2021,31,0.1151195985959908,0.1564675972334498,0.2830569730942797,0.5653224133520682,0.5117589950086632,0.2675272681171922,0.1424861986677785,0.0384814073031021,0.0938350471425771,0.296511210933199,0.7155228544449058,0.6184881836662652,0.3672238131141572,0.1594523501822055,0.3130467142702531,0.4626441430667584,0.9206445571485662,1.941881001565128,1.74808824027769,0.8644582349631056,0.4121301377393709,161.4,31065
FURNAS,2022,31,0.1128637446104062,0.1170563543616076,0.2437305008793161,0.4110529757642354,0.3643133989508599,0.2191952401640659,0.1374966114858704,0.0362483937906433,0.0483763885055944,0.2402157311024225,0.5164017528328515,0.4755249416223597,0.2798260911971549,0.1405669363480967,0.3083669295938705,0.3235255577268885,0.7820236054163896,1.391533157316259,1.218222432184543,0.6931193722363563,0.3975389507840297,89.1,31065
GAGE,2019,31,0.1213718448636174,0.1510926439246979,0.4148886523545947,0.5607179545530695,0.552755807948033,0.3822885465479562,0.1268391799740164,0.0861784318140484,0.1384933300415173,0.5721398548873272,0.7439124444446804,0.7631353206233474,0.5773613923172568,0.201836829446683,0.3358528617394889,0.4432207995422351,1.397797074803997,1.925406735423168,1.89660003474182,1.279694491150574,0.3556334521377425,159.1,31067
GAGE,2020,31,0.1077236285892342,0.1855471127557163,0.345013155535632,0.5958238840043266,0.4836754205381843,0.169505853614952,0.1277625250072505,0.060448810962787,0.1696484791387581,0.4428355300705776,0.7627017325696186,0.6827997988221084,0.225627047230836,0.1219131284300163,0.285572404249474,0.5671376718901083,1.144086058285751,2.051519338784393,1.645766205792991,0.5091007377165854,0.358073530930216,162.5,31067
GAGE,2022,31,0.1198596985180486,0.1592192720770181,0.4232064708159911,0.591557600040039,0.4617281143379045,0.1832965888508656,0.1237752703691266,0.0677064240190571,0.1264605141539048,0.5415101201888733,0.7486336022605707,0.5962339791999042,0.220045306066179,0.088617765253732,0.3299108114906556,0.4723356683343811,1.42752011239253,2.037383052830793,1.566813362169331,0.5594160669234713,0.3440548865716004,133.8,31067
GARDEN,2020,31,0.1219721336301308,0.1489084758514463,0.2009259629498262,0.4207974603495842,0.4028703458295229,0.265095528693854,0.156908589571741,0.0539372463665108,0.0940560036260573,0.1654242842730155,0.5321873287847232,0.5295155742660305,0.30529148874229,0.1297593819140226,0.3393483872565119,0.4370398972631261,0.6241293291240811,1.41962619237538,1.354765892041791,0.8562966036449438,0.4648762579011435,65.1,31069
GARFIELD,2019,31,0.1272241165257407,0.1403710603163812,0.2043206770520032,0.5653192414732452,0.5990715994645074,0.5103172621036165,0.2313496815131298,0.0603580011167698,0.0824143051676067,0.1963772465408251,0.6994598094757105,0.7501613258173254,0.7014656829670428,0.3696034429829682,0.361572022520152,0.4084269697882618,0.6398071623256891,1.945885890115833,2.067975784055948,1.746877787257364,0.7376010083950453,186.6,31071
GARFIELD,2020,31,0.1240859434979277,0.1410224393872453,0.3732642553186127,0.6048864636120279,0.5759946573964194,0.4171954498630468,0.2044026168732137,0.0753125024616784,0.085668672082304,0.4062224412159245,0.7606974234924561,0.7466954995992618,0.589163851333202,0.2851495084582471,0.3480502210963295,0.4093016310127854,1.249580717961108,2.087589867566696,1.98305931267861,1.408523779822871,0.6386393100656491,187.1,31071
GARFIELD,2021,31,0.1393763770802772,0.1534353072220826,0.240917948514949,0.602628096459718,0.5862336499105014,0.4452400960462868,0.2209912630058079,0.0910256843278858,0.111239159644356,0.2415530364172088,0.7044051557366,0.7009621740714062,0.5963771885343302,0.3522689456833914,0.4048140388289865,0.4556866305245323,0.7721961907017051,2.080870679067855,2.021560739564436,1.511442727071661,0.7001137837432478,208.6,31071
GARFIELD,2022,31,0.1321366956777323,0.1480589618992988,0.285564082600198,0.5364910482376573,0.4907341458371583,0.3742723109347675,0.2232662959445383,0.0684774570986077,0.1013455542972319,0.3149199644906823,0.6814041835074434,0.6665920800502947,0.5404491907707563,0.3157491100569994,0.3810560223621133,0.4388313590911388,0.9366866705836052,1.845878911321592,1.67921626288835,1.25779717505073,0.7110731305130121,184.8,31071
GOSPER,2020,31,0.1155522393577821,0.1372111071591132,0.4419919431997078,0.6382189294536661,0.5795089562684174,0.3842028989811488,0.1979574346946637,0.0513264920181619,0.0629652811347367,0.5152853589234196,0.7973131987269969,0.7368803560083317,0.4881573925961454,0.2030828182460621,0.3113603952325897,0.3897221660702368,1.492419247848272,2.202368421911669,1.989955797015274,1.283338481749932,0.6095023919614231,201.8,31073
GOSPER,2021,31,0.123964012188194,0.1732766984241731,0.3344052275145592,0.6306783291270113,0.5990863089340257,0.4003174721228054,0.2171959197952396,0.0518192858471833,0.1085099446951609,0.368594431139129,0.7883019820228795,0.7283039584704674,0.5496206819489158,0.3023175948714478,0.3421588144257941,0.5205725821058362,1.103535958263244,2.175451984845423,2.061151564601746,1.342006689608356,0.6794726278830534,218.3,31073
GOSPER,2022,31,0.124418245840617,0.140294258690139,0.3403616519853855,0.5931001394325951,0.5303907005697948,0.3706669236853807,0.20502110628738,0.0517890037823158,0.0743362556917158,0.3856870890903725,0.7271289462147981,0.6861411306069102,0.5068644225467627,0.2553042578191448,0.345725321304014,0.403139778487202,1.127064035233151,2.04317483167236,1.814582098827756,1.236691679884171,0.6373742615676921,154.1,31073
GREELEY,2019,31,0.132459570816196,0.1533140730583126,0.2275174760534495,0.6701797531264889,0.6624444228703955,0.5556971501225249,0.2791561126076768,0.0570348793551778,0.0894524224383893,0.2084147687499163,0.8229535269690775,0.8228134784872859,0.7605774041048143,0.4390227463081312,0.3767872253908741,0.448271901534344,0.7167849450519455,2.318287959906459,2.290305095565979,1.904094435985964,0.90433527175274,191.8,31077
GREELEY,2020,31,0.1242634809995735,0.1305298841375417,0.3396270871260179,0.6509627432929631,0.6210329417245303,0.4545356797262813,0.2294620374044593,0.0677815306905918,0.079130983828424,0.344703242290403,0.8031400090852797,0.7933907488034605,0.6141015116691328,0.316275734133522,0.3440881013502802,0.3673825980874608,1.122679381794878,2.249091172973522,2.140805867321707,1.53841827958958,0.7241023354917185,203.4,31077
GREELEY,2021,31,0.1388307445819117,0.1605401934032657,0.2795679947028384,0.6612657670317579,0.6382970720238651,0.5390667301430644,0.2397455333828604,0.0837927344427272,0.1032385441999394,0.2888907286042159,0.7402298400745784,0.7629054956935682,0.6871831006888792,0.3978100938038021,0.3983516862775884,0.4755773242169428,0.9061191572686028,2.290655654926502,2.204003590028227,1.84498671372982,0.7620445046900214,222.6,31077
GREELEY,2022,31,0.1408487312189308,0.1530426746491135,0.3390596539758266,0.6419780616284161,0.5933669906103781,0.4304374809627392,0.1963969427284467,0.0649879520614929,0.0930665448353824,0.402134986719962,0.7905675242439131,0.7581363392638089,0.6120023826497336,0.2771557660404385,0.4042406392192432,0.448339215053451,1.121422084137867,2.218496930258091,2.041539171517901,1.452016792839818,0.6052406039368389,184.1,31077
HALL,2019,31,0.122262302307358,0.1512179089339472,0.4484212828175498,0.6444636475191935,0.6482229147076407,0.4202992810736282,0.2331349843140727,0.0670328551893858,0.0999555208479994,0.5454416718560963,0.8376879268754943,0.8384819479324547,0.6491157042555197,0.3625801738156501,0.3334929140879506,0.4379967411716505,1.513522842717262,2.222829549300402,2.236160708735599,1.411547505744494,0.7343821600117217,180.4,31079
HALL,2022,31,0.1160041152078445,0.1500436688200973,0.3135946328805497,0.6002194179242647,0.5769353320787005,0.39535317367893,0.1975120942330609,0.0513786267498541,0.0928248493896895,0.349939259681155,0.7541268638850034,0.7738924439043484,0.596314378810142,0.2653844154937785,0.3116620872146857,0.4347839597014855,1.026749805311774,2.064208670324257,1.979662025460958,1.322531080850686,0.6069424992029656,188.2,31079
HAMILTON,2019,31,0.1135056630070312,0.1567172033292514,0.5149043793514333,0.6813369190279288,0.6744386873278791,0.4908059660132536,0.2724758294644486,0.0525884547424404,0.1032791771748353,0.6508261336248923,0.8761706979492215,0.8728054690449405,0.7310050612824277,0.4600594610460612,0.3053501420180837,0.4566306986219891,1.753463654128018,2.354899339313141,2.329745315233796,1.66536835463571,0.8754449978621565,214.9,31081
HAMILTON,2022,31,0.1150065452335389,0.1469854085269045,0.3588381257924987,0.6510923350677486,0.6185687106001051,0.4307062897551384,0.2062203768964851,0.0516916269995484,0.0989519698277041,0.4203734374888861,0.8149680880940657,0.8149137588308314,0.6300392373737588,0.2840554667808241,0.3067201550581997,0.4223677228791727,1.189066593694245,2.246468688334903,2.128592915737477,1.448897295539677,0.6376745780645936,218.7,31081
HARLAN,2019,31,0.1163964084941606,0.1421959835830966,0.2942470637878024,0.5530466365678455,0.5425986501617193,0.4151935177563848,0.1761299264099417,0.0494485414085337,0.0749983544600402,0.3251452662034744,0.7314926628045855,0.7419173990108868,0.5981640780651187,0.2583810292356137,0.3163583736253463,0.4097024100247869,0.9598233025389896,1.896160478320567,1.858359346335107,1.397405982619821,0.532475623974786,174.9,31083
HARLAN,2020,31,0.1187856262307827,0.1348483149510982,0.4325471309718547,0.6042050653874751,0.5348688417076878,0.3205068269710285,0.1683144734631774,0.0537892310945511,0.0638823859755034,0.5152932178166486,0.7682346823696485,0.7020104860093429,0.4023237838386826,0.1633493229331152,0.3242131759492917,0.382328027939241,1.459402285552018,2.080460562673172,1.829602249544746,1.054040480227505,0.5034085452361,181.1,31083
HARLAN,2021,31,0.1183235383322489,0.1809775076384624,0.3379794963462548,0.6261584866322487,0.5892345046024333,0.3378541617524851,0.1681215758343867,0.0457496839412922,0.1281351922201598,0.3771120834013639,0.7964557944819264,0.7219198044028325,0.4939674827045509,0.2274944087829518,0.3227873759231475,0.5494610939553017,1.117505616853711,2.160137222575268,2.02654575070779,1.117049766947024,0.5029596636123169,216.7,31083
HARLAN,2022,31,0.1214958703000414,0.1364967343509781,0.3309806313907973,0.5433595952554098,0.5003853949923979,0.3201935655105942,0.1786692699114828,0.0428743531761125,0.0675590051410489,0.3688025792958085,0.6873339084093743,0.6717801612021024,0.4492012790869646,0.2277181243474609,0.3358250283270514,0.3901102776116975,1.093846055784,1.863031287477071,1.706722564075114,1.054766596137588,0.5426910314538579,183.8,31083
HAYES,2019,31,0.1186845799340443,0.1532277110349236,0.2273703309885283,0.5130394836050071,0.4920183230670348,0.3595599928126609,0.1531814341363384,0.0532593505965423,0.0826140328684358,0.2087758709912292,0.6535009294555842,0.6452887322329706,0.5157228641650046,0.202332787493796,0.3232539910860441,0.4482482172254247,0.716476326664886,1.750035820636496,1.676701271836716,1.194818086955264,0.4480606972944525,125.0,31085
HAYES,2020,31,0.1198425957744412,0.1339164049548702,0.3898774060995094,0.5062350822925604,0.4224762439224742,0.2982720364807228,0.1715675556675573,0.0488986005596102,0.0637734565509034,0.4631862403390307,0.6577317965142568,0.5833868450028956,0.3759857426242796,0.1081601209327258,0.3277967253946126,0.3787157788261134,1.304782969487462,1.725764715768322,1.422726103846156,0.9733551871166264,0.5149376044390418,125.9,31085
HAYES,2021,31,0.1249824643150273,0.1339690091041722,0.334154427037693,0.5231167826016775,0.4599125914068088,0.2939742408210982,0.1602123216117829,0.0505232751333717,0.0681225359791439,0.376200838734231,0.6420589417673971,0.5534005940145439,0.3913866255372247,0.1721779527320852,0.3473794885676847,0.3798931406238683,1.104164409845781,1.787829707463201,1.559156833089691,0.9587963182663768,0.4752386353258924,109.3,31085
HITCHCOCK,2020,31,0.108072138509252,0.1190512931458787,0.3209049112328316,0.4042830613175587,0.335258354337878,0.2191431317721334,0.1545842630248186,0.0360086931563573,0.043542324209539,0.3693308757203383,0.5326474286919328,0.4682922056363737,0.2443258817884558,0.07202210167161,0.2861710325464044,0.3258933221423011,1.056199223883739,1.357862236250446,1.108130910999858,0.6880261098735858,0.4544521227458067,96.9,31087
HOLT,2019,31,0.0579579214331237,0.1397071204724889,0.2455683859871047,0.6224032311982137,0.619017677571879,0.5026678426500961,0.1968558415062425,0.0496307050048213,0.0955709486035266,0.2939046952703846,0.7929268188673996,0.7760467875611012,0.718140323120679,0.3113529520524768,0.1658508210547512,0.4012680159114152,0.784295518748917,2.147683356790258,2.135435903253254,1.714485565149489,0.6082654620535952,205.2,31089
HOLT,2020,31,0.1249936893716484,0.149373175816091,0.3624971046789762,0.6110743664704318,0.5777343308106827,0.4489674240867077,0.2205231431744868,0.0853880215199228,0.1105489474648971,0.425493156318544,0.7785256407533767,0.7578743240520804,0.645528879317017,0.3087212074863105,0.3479884281393149,0.4361953541876217,1.207192510574069,2.106544893912223,1.985920843425461,1.520042129514398,0.693530766557704,195.0,31089
HOLT,2022,31,0.1460511003108638,0.1536109357429045,0.3967762658674784,0.6182947725672575,0.5817260834672513,0.4443147549547373,0.2055958289074674,0.0926643558393686,0.1095438036128935,0.4871262862227696,0.7774564324340418,0.7627964525837905,0.641723005718366,0.298999960436317,0.4233715822672855,0.450986210625298,1.330676080172631,2.132512421772607,1.999898621002848,1.502723618801178,0.6389537951468252,211.1,31089
HOWARD,2019,31,0.1432873701810095,0.1589439340772203,0.3696225178831414,0.6252560137786246,0.6292606178248465,0.4599825694187147,0.2512616982124842,0.0812381818556983,0.1055003769726688,0.4310469515339959,0.7920864636424338,0.7960922530351,0.6573524770207153,0.3886255855132133,0.4166677628748092,0.4708861208973948,1.233075628423791,2.158446505045456,2.172492107965254,1.560048567793639,0.805023924198321,183.2,31093
HOWARD,2020,31,0.1171790857445841,0.1269149021429192,0.3691976349703728,0.5948229783746719,0.5730429002144201,0.3782009181199445,0.1887112580102428,0.0606196338234124,0.091097898420138,0.424468524541495,0.7454488624813576,0.759122900785645,0.543978943663268,0.2377654162137134,0.3197675809292247,0.352179985646423,1.231571140879715,2.04792327032122,1.969083310532667,1.264144034317258,0.5785714290379338,190.8,31093
HOWARD,2021,31,0.1243788730314207,0.157916440359556,0.2839826353494057,0.6591049198618285,0.5917345043946548,0.5142256861206289,0.2210521922746861,0.0537549779731738,0.1261780959787119,0.3120991257834142,0.8142216550088347,0.7252726400949226,0.6537580209399816,0.3603060835205122,0.3449517604648909,0.4677690327147674,0.9236884293198422,2.280988364741083,2.037136973685563,1.756709933676763,0.696008785442998,198.6,31093
HOWARD,2022,31,0.1251580512339169,0.150084342406109,0.3258705398271684,0.5699071676411362,0.5088641167642424,0.3426528623783725,0.1738588354959919,0.0569463860648229,0.0954518748440508,0.3856834648616926,0.7223667700411801,0.6857941485495415,0.5187496264237853,0.2388881273741965,0.3502597417468176,0.4402614561126255,1.076437120978423,1.960435851903086,1.738508721747918,1.137121382132004,0.5264445235125337,152.3,31093
JEFFERSON,2019,31,0.1258589209174012,0.1592153698040973,0.4786588704813507,0.6222426715873953,0.5974167804715199,0.4005625608495448,0.1333708752616051,0.0813761233017993,0.1386286875519067,0.6350033531219172,0.7935282228966372,0.7981417084095618,0.5883299844825872,0.2012246767121408,0.349681561165661,0.4703653879914756,1.626113032920025,2.14559881138412,2.055778115827003,1.343559786941956,0.3768597996085066,179.7,31095
JEFFERSON,2020,31,0.1118977624296513,0.1959736691223859,0.3380880993043804,0.6185410519432227,0.5097875954123303,0.2050587699810933,0.1391944506940636,0.0591289282582722,0.1668121983732761,0.407941427416636,0.7858166270682442,0.7154274305377305,0.2953555712489564,0.1428564298937201,0.2992365075691717,0.6034221804981847,1.117593042015375,2.13227190592807,1.738801900199279,0.6362930097890708,0.3979959026085942,174.2,31095
JEFFERSON,2022,31,0.124440084755002,0.1598493553316545,0.4353210770523079,0.6225515447631551,0.5286295044797004,0.2341675148286173,0.1392046248540441,0.0663130482653478,0.1237648772535724,0.5510406745103684,0.7706460661821235,0.6837153838939717,0.3103840149818872,0.1218241808451529,0.3455712420617207,0.4736934522128499,1.470395771905022,2.148432400030914,1.808027329149125,0.7426053334078371,0.3989952581471511,169.9,31095
JOHNSON,2020,31,0.1107978281021366,0.1476692101010565,0.4083102495920245,0.5962019780145881,0.4530767270033683,0.1536976647514747,0.1240472869217833,0.0657253923393875,0.1345745977108763,0.540252608141974,0.7495753098901262,0.637530480200779,0.2083041316042682,0.1271863902047312,0.2991341276346671,0.4325299344020354,1.375533575242286,2.055325959852594,1.537497242553648,0.4543451977746598,0.3470704564293116,152.9,31097
JOHNSON,2022,31,0.1199446613125883,0.1715151293933041,0.4286746748748476,0.5531794766289091,0.4517444233027736,0.2043271527637877,0.1277858244771256,0.0691076265193291,0.151966907018268,0.525145649439305,0.7063736399849789,0.5483411095695089,0.2609872717445776,0.1088203635282783,0.3332748158943563,0.519838443945006,1.450290627139407,1.90109152408629,1.533718898749547,0.6385470534773425,0.3616124253336703,125.2,31097
KEARNEY,2019,31,0.1293008555237696,0.1525862954494763,0.4247752849247777,0.6416647723607158,0.6336229189940608,0.497866334740108,0.2375636852834693,0.0695407693394027,0.0872963846079246,0.5037394743034481,0.8390691027548006,0.837687026686392,0.721480116152926,0.3772816344147453,0.3586290178338684,0.4428057690550339,1.427592903016523,2.212306826115585,2.183197333127453,1.692035001763025,0.7502553336709218,209.2,31099
KEARNEY,2020,31,0.1226267353344251,0.1459373995649805,0.4294728838475475,0.6086225187982434,0.5694921470554575,0.3809500162916595,0.2034686991017613,0.0634132349726712,0.0718053849844328,0.5095966613923445,0.7903175626786565,0.7602704157972162,0.5347826313776974,0.2504995306830101,0.3348181465036061,0.4191834791873123,1.444987611141724,2.093151749928563,1.951577067867744,1.269432059465918,0.6273042331712796,208.3,31099
KEARNEY,2022,31,0.136045543575725,0.1460946468406797,0.3320944963203228,0.6342597892279808,0.5939132518430943,0.4131176401323799,0.2294852100041476,0.0631473510064391,0.0788967144707284,0.3658568879957701,0.7940206868124049,0.7892319502109233,0.6002483421100719,0.3245249117939945,0.3835559415151118,0.4198281629787524,1.092831211731242,2.186803929130419,2.04008830882652,1.385966423991565,0.7216493803773356,194.0,31099
KEITH,2020,31,0.1249130883224083,0.1548156060251199,0.3049639384315986,0.5136285898872651,0.4728586965483398,0.3729391795556733,0.1999939593838521,0.0502517145508834,0.0920159797793679,0.3225769510831376,0.6530738438704504,0.6445921062130787,0.4754387271306667,0.2271219939523866,0.3454299158937301,0.4536187787748011,0.9968562983580684,1.751804853348452,1.604299595294607,1.242790632178223,0.6170747601871085,136.4,31101
KEITH,2021,31,0.1230366761064102,0.1357068491737649,0.2751554336160318,0.5564715827904558,0.5308072440672372,0.3818614609589186,0.2205187235943666,0.0541231456916873,0.0690961711139208,0.2871743100505236,0.6763887916508485,0.6445324447362689,0.5265912182451858,0.303935530128423,0.3387263283170366,0.3845673339636333,0.8890927765606547,1.906894152367471,1.814040568625051,1.275161381304228,0.6914265336160677,122.5,31101
KEYA PAHA,2020,31,0.1257878683685125,0.1318039786578199,0.4169041839643167,0.5413228947006703,0.5398755896020756,0.3722464998906875,0.177818952869448,0.0881033449465762,0.0783893032695655,0.5173959651278331,0.7068855199382803,0.7121113872248223,0.5178277891390266,0.2128428989979872,0.3557432800811458,0.3775020048664891,1.408999515782019,1.859307156522238,1.853913834744823,1.24743094067992,0.5439929230461806,164.4,31103
KNOX,2020,31,0.1095169718164603,0.1409899303890719,0.3316637106121109,0.6274715371007764,0.5648946494753774,0.3821188193551627,0.1809737180530441,0.0573483023289012,0.08269739503018,0.3542792734218041,0.792638470085309,0.7458416906278055,0.560301097869659,0.2406194294153885,0.2999631506123775,0.4114033456090021,1.096692221910557,2.166924415870803,1.940521939353396,1.279238942650213,0.5514965701308059,201.5,31107
KNOX,2021,31,0.1404760811135124,0.1604409382565528,0.3466033445610927,0.626031608816908,0.578838460203482,0.3925946856961758,0.1664548835553543,0.0775963962279962,0.1264923169197915,0.4144217972966481,0.7288140784394044,0.7170254765342863,0.5563078358684576,0.2899376340607595,0.4044822898867991,0.4775868177116948,1.151141400512113,2.162096024497947,1.991350542898766,1.31751780913956,0.4993478830294416,179.9,31107
KNOX,2022,31,0.1205989193881245,0.1385373799280919,0.3218505132525476,0.5399732768884506,0.4918323780937503,0.3317383898010581,0.1578624598771652,0.0520779190544793,0.0902255348057996,0.3904594772878424,0.6898711996491788,0.6523352897224463,0.4789747327946684,0.2099657880094893,0.3406085563952364,0.4012985679870488,1.063044889015075,1.852521735132054,1.678094709061766,1.098885564914948,0.4714326859723009,152.1,31107
LANCASTER,2019,31,0.1194833204859292,0.1535630208303386,0.4488229870802063,0.573980305244087,0.5742413770378507,0.3953821466466986,0.1322695244977352,0.0844076978458769,0.1376594241180735,0.5969316193996247,0.7449844557682491,0.7630319640888715,0.5700268044391283,0.2140812242360392,0.331150763225246,0.4544507118230649,1.522702552676066,1.975523181457247,1.976467107584003,1.329354679823599,0.377412453606037,158.2,31109
LANCASTER,2020,31,0.0752106728597942,0.187085926275371,0.3696471563880113,0.6168011227218272,0.5214947180534695,0.2071660168848111,0.134263463917332,0.0388900967134479,0.1617421278755881,0.4572359289770838,0.7705513934021188,0.709223277823787,0.3044977481133828,0.1448785900283934,0.1702491723491991,0.5750128116683695,1.235520805700891,2.129723802897626,1.784905288765278,0.6476640907373425,0.3839026113007425,167.0,31109
LANCASTER,2022,31,0.1181773315951268,0.1541717909761464,0.3748239157320916,0.5436024463528142,0.4210003708140292,0.1923476942747129,0.1377683384865136,0.0595134573420787,0.122717212169095,0.4649046680764178,0.6949082653155263,0.5560228186108299,0.2453036124774638,0.1155513412089511,0.3269907978823527,0.4572216539721045,1.255602979618247,1.867972068078798,1.422692297529217,0.5953692594098601,0.3978781995534058,112.1,31109
LINCOLN,2019,31,0.1241848897634965,0.1656535841596754,0.2684634432881672,0.5284758618258087,0.5593040817675118,0.4419826227055722,0.1970163341986998,0.0631138761374434,0.0905782684441949,0.29255562804012,0.6959081543642484,0.7618059394533703,0.6510238729826141,0.3119178077696259,0.3431107476061597,0.4931836119461664,0.865076431681402,1.805857416985838,1.918128502361049,1.492956787718979,0.6065797537197575,177.5,31111
LINCOLN,2020,31,0.1323088187450847,0.1428564200448363,0.4508038921672145,0.5511220264683593,0.4876345184190422,0.3567717529955039,0.1886698612385342,0.0682787507324888,0.0782039968993947,0.5550939072903728,0.7071945967789447,0.6622766254923353,0.4832622607945867,0.1912901771788312,0.3736144304358564,0.4115943020746329,1.525751426454186,1.888700012707287,1.659002695972763,1.185541675804894,0.5773474113591647,155.4,31111
LINCOLN,2021,31,0.1541892565712538,0.1480366978698043,0.3622392929874214,0.5769186001774681,0.5565866536961969,0.362322764231214,0.1908935582356785,0.0994845267076008,0.1023365487472258,0.441497343613457,0.7161103998543847,0.685176536653085,0.5112513322542652,0.2437421820629974,0.4530069628330037,0.4307455198748768,1.205733096874192,1.982436051294147,1.908881229751274,1.206044444280123,0.5946145658428849,191.9,31111
LINCOLN,2022,31,0.1535589707531683,0.1530437238120705,0.3195893750816049,0.5632547954199278,0.5126867971898665,0.3881969460707314,0.2452192515993615,0.0948303067856149,0.0911169918243105,0.3585142935144714,0.7063255125284815,0.6595185176786055,0.5233399007900322,0.305186982429359,0.4517233056786474,0.4496850124777563,1.052655687146142,1.936413010262774,1.751155990136079,1.300717977904973,0.7836405630369563,165.6,31111
LOGAN,2019,31,0.1255421906341033,0.1739632662440322,0.2429454160272836,0.5240278611743598,0.5854305568426649,0.4937902804045471,0.2330783597536279,0.0600926019227258,0.0910751286543035,0.2577574388771073,0.6881748092593051,0.7884645292151851,0.7289914060033116,0.3926449096390959,0.3473984652142167,0.5229451751485722,0.7724232860436157,1.789439646023552,2.011802974140154,1.680151400225278,0.7367204173748353,184.1,31113
LOGAN,2020,31,0.1321355277262946,0.1353981087604165,0.4345746214517861,0.5721747013847857,0.5595325534829356,0.4105491320611892,0.2042199399302099,0.0620608405353935,0.0608792352956738,0.5206058104449288,0.7244320113126458,0.7493669600032543,0.543449600592285,0.2605851720877343,0.3725850125591608,0.3843991268998116,1.466867890390583,1.964661234263378,1.918918499366865,1.379901050445931,0.6333966390694653,202.2,31113
LOUP,2020,31,0.1202375821894372,0.1331965301823615,0.3982513580099124,0.6076952809375473,0.5738236921879302,0.3985926352045474,0.1857942549055468,0.0684440456309905,0.0892080330604466,0.4500020106771678,0.7530948631431447,0.7364120902689043,0.5480414915140666,0.2392420220633725,0.3364942571637979,0.3833665180583497,1.342351021990842,2.100118377838143,1.977571727046896,1.343585762881013,0.5736812229592362,169.3,31115
MADISON,2022,31,0.1292496355982036,0.1362779248253823,0.365312419686556,0.6104087678624953,0.5317129927697729,0.3506047696279502,0.1677988463969373,0.0325458512084633,0.0747544302398865,0.4685244424417971,0.7603491129480953,0.7180767946534595,0.509162325113935,0.2067137643508952,0.3753617430912799,0.3875541505502954,1.216411001438573,2.103595782915745,1.818541993376112,1.163214504983192,0.5017866147368626,164.9,31119
MERRICK,2019,31,0.131230758634268,0.1545020061516133,0.3596179625089222,0.6004310028918785,0.6038729152645493,0.4213465118702948,0.2327491761009412,0.0883981772091762,0.1293829997515143,0.4806032776409717,0.8125098655951563,0.7971148265133783,0.6271644586657936,0.3610267567371237,0.3710357459411973,0.454111645790964,1.196575510571332,2.067551608216533,2.079946159658202,1.419561491440955,0.7372100650210639,174.8,31121
MORRILL,2019,31,0.1258060625746807,0.1196233618252517,0.2131464531670122,0.5454300144756302,0.5704100401336233,0.3821832908404102,0.2154602075962209,0.06299370368335,0.0579942904337411,0.1952914432628596,0.7191393255981872,0.7654443167703029,0.5618266811596487,0.2493979687695673,0.3512521413509598,0.3288779087283057,0.6672500143139892,1.869451061137279,1.959829381523317,1.278825219255999,0.6756197589720282,159.3,31123
MORRILL,2020,31,0.0885650922639251,0.1531909023882078,0.2633297339094368,0.5446642209153661,0.5017689155101459,0.2898387001440416,0.1822060134446793,0.0367927772631871,0.0983826659364143,0.2568353791708332,0.7042056060180577,0.6403108932508551,0.3386010030485367,0.1626996243203647,0.23173148265811,0.4511884070791125,0.8495527561772542,1.867424155137998,1.71222908769493,0.9454822536615014,0.5560505080220637,159.6,31123
MORRILL,2021,31,0.1280085680011828,0.1286460667079747,0.2505493626558908,0.5759460286853273,0.5775614028985341,0.3923047189737252,0.1974779794412584,0.0673011417220059,0.063358058924951,0.24529583981985,0.6881755341229268,0.6810020410469318,0.5294272800484363,0.2188633058784609,0.3598464200892602,0.362190129698647,0.8031998060310958,1.980484411663049,1.986331154973428,1.316067682961919,0.6111894002477404,178.3,31123
NANCE,2019,31,0.1303173222970588,0.1517294447539659,0.3079323572255404,0.6499949728607259,0.6336140965829415,0.4890400843294313,0.2609981757600174,0.0722897248725784,0.1033720970669695,0.3758090525510741,0.8187655679565791,0.8087367207941958,0.6874169986746699,0.4180555167032901,0.3690679501013436,0.4451726949536698,1.010729653097285,2.247960213262374,2.18863251878667,1.665565377807613,0.8405164159762013,192.6,31125
NANCE,2020,31,0.0875958313331134,0.1279406812100653,0.3493582779267709,0.6033500397836551,0.5749448052324388,0.3804606829311863,0.1892526520276514,0.0423287702183808,0.0565202120053715,0.3879080024764752,0.7515079324489512,0.7703031834770515,0.5518940206208527,0.2549833076752977,0.2128742337578842,0.3555898698126202,1.15993134930192,2.079069540376484,1.976103352640013,1.272457324769679,0.5806691423450987,189.8,31125
NANCE,2022,31,0.1217116833535476,0.1404565102125614,0.3268295783360406,0.5612937775116086,0.4875709050885584,0.2914855805775831,0.1601509612022541,0.0492217356915174,0.0887239250949745,0.4016260322975103,0.7261264660667913,0.6590599117932183,0.4309156724238264,0.1913320377683984,0.3373993505108307,0.405051755148767,1.079469755635633,1.929659323144439,1.661056839459726,0.9515854753064922,0.4764256956456327,141.1,31125
NEMAHA,2020,31,0.113472811413428,0.1568602618935806,0.4424346567584047,0.6061404826906159,0.486514984555832,0.1654481536340725,0.1285655127228373,0.0684812744239611,0.1525131570949749,0.5755926313650648,0.7693401337890623,0.6909009268531372,0.2512977937624456,0.1476950870781339,0.3075394754232284,0.4644821002433048,1.497733234986094,2.090020687822587,1.657215669577731,0.4955940844987954,0.3621549612452306,177.1,31127
NEMAHA,2022,31,0.1232109002824231,0.1814680515236418,0.4823687183190147,0.5905854265984198,0.5070212354671523,0.2195598635171769,0.1328462729152017,0.074233108772576,0.1593062195353555,0.6180650002781545,0.7560943925332393,0.6333335648009897,0.3191468366583565,0.1205914539254837,0.3431459803132409,0.5539496290619585,1.642681502291632,2.03433070015372,1.732752098509499,0.691734058338283,0.3779855841940259,153.0,31127
NUCKOLLS,2020,31,0.1170809409873132,0.1497909823448169,0.4292718070798572,0.6132973012834455,0.5587174085136057,0.2813312863821877,0.1505622631965993,0.0692691686163121,0.0921165316356676,0.5269862125904745,0.8015104885242097,0.7776510461865549,0.432721369325534,0.1854704316879305,0.3176231722997775,0.4359070882286581,1.447072678765396,2.112874848088245,1.915407191390583,0.911822866732468,0.4387018756336719,179.0,31129
NUCKOLLS,2022,31,0.1185168432378833,0.1412107244322082,0.3445424504050316,0.5890456431289476,0.5072722721061458,0.2617959871475658,0.1490863473084198,0.042058653202878,0.0916066782953597,0.4247386436473347,0.7585683475169727,0.6957197940566029,0.3879205248061436,0.1573295861715912,0.3235670940569942,0.4056014048371457,1.141309474879006,2.0278271166565,1.730061094051372,0.841909896318671,0.434130529814821,163.5,31129
OTOE,2019,31,0.1160288867632673,0.1550132255306452,0.4262835799930944,0.5461167313050849,0.5480054939481918,0.303551622174999,0.124726881116521,0.0824870812087693,0.1272317385164794,0.5909065973205057,0.7249506356219122,0.7479536696879298,0.4562535523891614,0.1932724102803129,0.3176671506148938,0.4594318469715399,1.440170415886915,1.873722123333976,1.880552815275,0.996225129910374,0.3491341004794786,157.1,31131
OTOE,2020,31,0.1198252185739935,0.1937654943300098,0.4248426127561256,0.6213223493791884,0.4929258920147054,0.1680254802263427,0.1306877038381725,0.0707309197072346,0.182287346294205,0.5356474032774449,0.7901767615213933,0.6924706749711196,0.2458026049552525,0.1450837197700522,0.3300678055728719,0.5975848870657277,1.433622560676133,2.144486276871626,1.679946646004866,0.504456479530329,0.3693702747932832,175.9,31131
OTOE,2022,31,0.1262136867667445,0.1684254454623716,0.4469456543008819,0.5746690761971954,0.4613333286315001,0.1827435595497847,0.1281498420928887,0.0664354324378937,0.1395334830648217,0.5615594925659166,0.7382992829360819,0.565292631980739,0.2389385440246506,0.0991254050687449,0.353479946568565,0.5062061671726819,1.514015766050558,1.976798377364942,1.566490079319502,0.5579870700082887,0.3604587371183095,129.8,31131
PERKINS,2019,31,0.1119325228328616,0.1267108446479525,0.2215508759206466,0.4745516755738914,0.5219587863753865,0.3335148124378868,0.1709138109511136,0.0428494379382832,0.0579549253919031,0.2068954994378413,0.6249307246820114,0.7221088613690027,0.491789067360063,0.2193723781449543,0.2956362172579961,0.3491035692196634,0.6922335429098933,1.6075922262804,1.77960092114152,1.09734211325318,0.5090286418501185,123.8,31135
PERKINS,2020,31,0.126938564603552,0.1510917230836711,0.2912637046530926,0.464475690094732,0.4375895848916987,0.3045841988177162,0.1732504786725336,0.0529455639717,0.0845836466263733,0.3044143408727421,0.6048159806771736,0.6052835470477163,0.3691197137612868,0.1573398242048364,0.3502066018287154,0.4375928433282898,0.9447351857125964,1.571415882598822,1.474141953974256,0.992928538973094,0.5177630676733159,114.7,31135
PERKINS,2021,31,0.1207385548670325,0.1316253004433682,0.2636306872770433,0.500566734550657,0.4505045520363313,0.2907278192401753,0.1726548798071393,0.0459664261004651,0.0621810275337795,0.2712912598974627,0.6223043137188118,0.5483542548018961,0.390044572765874,0.1910361224037809,0.3282567398290644,0.3676462389456447,0.8452425673480328,1.70247553505958,1.521350333384496,0.9432838654477814,0.5161126197385445,136.9,31135
PHELPS,2019,31,0.1147104135989758,0.1480638428100267,0.3549539307045659,0.6454096652430428,0.6324532361171635,0.5316075911828733,0.2234547052360734,0.0508280882505475,0.0773774837008615,0.4257531042502557,0.8463495941143789,0.8274628205896964,0.7465193694239779,0.3536681642739477,0.3052289211148137,0.4258998721183679,1.174428474394774,2.225307699993456,2.178422547848411,1.813586371561111,0.6986641436448848,214.3,31137
PHELPS,2020,31,0.1144591523099836,0.1533542907592081,0.4865169695667009,0.6589367932267385,0.6147979912452387,0.4537186589170011,0.213696490284329,0.0590698745776341,0.0897633460084586,0.5934847167191821,0.8296462146596536,0.7983072309491142,0.608250795854766,0.2457018997646546,0.3043713816782651,0.4450940932860806,1.650476725554524,2.274291543502803,2.114597357933784,1.531812361278001,0.6634121274572189,230.0,31137
PHELPS,2021,31,0.1331977809668552,0.2084469577379666,0.3868385243199103,0.6730907404750158,0.6464722970955338,0.4506777463730292,0.2190626804636714,0.0661855015561532,0.1623719800925017,0.4541792006094847,0.8366437569600711,0.7805645695551362,0.6503594886793563,0.3275312535149735,0.3722184586731181,0.6444679056634799,1.289890222455577,2.325552398703417,2.229245633887821,1.520862752163164,0.6828787452011037,227.0,31137
PHELPS,2022,31,0.1339752739623842,0.1513530292236613,0.4221028614359329,0.6763886792321014,0.6247284910015264,0.4567166385700024,0.2532192109857024,0.0616533906401949,0.0940477970993592,0.4990225957164249,0.8272761080611495,0.8154149961059887,0.6472972150576033,0.3412050621887573,0.3753766961947363,0.4381775436503348,1.418001068523342,2.33811904351761,2.151082415288263,1.543250883232652,0.8068755057417069,227.0,31137
PIERCE,2020,31,0.0060051639587869,0.13794643446722,0.3505203251257507,0.6409603693979373,0.5981256599594341,0.4039041335985796,0.1912493855340028,0.0,0.0719351358002924,0.3786476389571291,0.8017575842754017,0.7989423053434334,0.5795602223992655,0.2898284212713048,0.017021981169322,0.3953513753465722,1.161732078806697,2.212571528304467,2.057567963789369,1.354874481415819,0.5854896029181624,202.4,31139
PIERCE,2021,31,0.1434869846109535,0.1792619682896595,0.3705990952881577,0.6724170776598082,0.6181895199129335,0.4831615979953031,0.1817530693323747,0.0666499533048578,0.150190278040355,0.4428941366432092,0.7234871288966883,0.7426021406121447,0.6571223726391621,0.3313645697196951,0.4154141580314647,0.5420119365206492,1.234296340489094,2.326850791488778,2.130058936259538,1.64152802708881,0.5510318816040836,199.5,31139
PIERCE,2022,31,0.13120281458012,0.1496189186127158,0.3833474733832894,0.6176412804808906,0.5571231199586213,0.3824994285707835,0.1653225831272259,0.0393866887489847,0.0864057692480916,0.479799164727803,0.7772275291375874,0.731490156940934,0.5610355049439893,0.2219123603131768,0.3810811000537683,0.4379693682139997,1.281029724920769,2.129040186566871,1.909784885993522,1.277976154277947,0.4939999085248519,176.6,31139
PLATTE,2019,31,0.1290750719998384,0.1467982719821647,0.2111068923800549,0.7015804028162088,0.6667556514476205,0.5406065496663116,0.2841200679572202,0.0834497037368365,0.1007433725982265,0.2121081300990562,0.8349671484508495,0.8536503851500141,0.7798489327504101,0.466827066568899,0.3628125194086813,0.4234281227505989,0.6558203929184429,2.43066233433474,2.304607821422743,1.84819908451142,0.9203981304064498,211.1,31141
PLATTE,2020,31,0.0397641082617318,0.1299452674141417,0.3593035854092733,0.6452820247077339,0.5898569668289723,0.3731804461045521,0.200785087105045,0.0115790998457011,0.0659486922105339,0.4023139326403534,0.8227095819697208,0.801093216891188,0.530958355924853,0.2862329667452266,0.0380170686475893,0.3620828266662532,1.192105363346053,2.226863896880938,2.026248368505059,1.242312713455894,0.6185863076639189,191.9,31141
PLATTE,2021,31,0.1336070479503672,0.1827902694762937,0.3687685438538594,0.6576465136705444,0.6203545942259524,0.4899816090688518,0.1922337247935742,0.0942753482042518,0.1324304861407486,0.4464665045618057,0.7596494938367007,0.7696504483804294,0.7038125398142634,0.3303413141552231,0.3836495866167966,0.5521151304707572,1.226835075811493,2.272380035105485,2.137081110803263,1.665384364686751,0.5881401462500017,213.3,31141
PLATTE,2022,31,0.1238676091027595,0.1311080012373476,0.3683662653423667,0.6513197039518205,0.5637563626106994,0.381168715975642,0.1900526660249009,0.0459095588672609,0.0770540468390976,0.464780318956431,0.7950584678887459,0.7668774069859846,0.5668923373436078,0.2261785969417724,0.3481589218512764,0.3671067720659741,1.225659465477012,2.250151803773489,1.93270104353459,1.271983964125864,0.5803883011887684,170.9,31141
POLK,2020,31,0.0178946461132015,0.1441391499959278,0.3789254763070838,0.6123390827059413,0.5834798489611589,0.3617341717332372,0.1860221098830389,0.0075421657258669,0.078732521110951,0.4515833900454126,0.8235576985306999,0.7917999004602347,0.536743689199238,0.2449685726024718,-0.0429697298521047,0.4141239945030693,1.263226900739089,2.107936657816934,2.003304048137836,1.201028223506829,0.5653019481532086,202.8,31143
POLK,2022,31,0.1174136825246802,0.134043876417325,0.3850635912529045,0.6539146655247684,0.5892312280625979,0.3486613904459434,0.1849275118366694,0.0524833787622384,0.0934834608122633,0.4859088013984293,0.7952344125613389,0.776716386386479,0.5223731346315872,0.2305280360951511,0.3183062659757469,0.3778765671234589,1.286115015330275,2.259397689790346,2.024826787033369,1.154422630584012,0.5619895184875441,210.6,31143
RED WILLOW,2019,31,0.1149635312498823,0.1631323119629417,0.1949352998586342,0.4906525143056135,0.5293457994355947,0.4168665747253034,0.1627208491409792,0.0527999545857103,0.0881295006828673,0.1706134484584723,0.6498276384318157,0.7213651774728775,0.6141336576751492,0.2322655692392605,0.3108490362439532,0.4851501411604659,0.6001874234023806,1.670092230199305,1.810140536728765,1.40313422524731,0.4836355407059039,155.9,31145
RED WILLOW,2020,31,0.1103708420058828,0.1220665953294675,0.3502947004401566,0.5215219059451969,0.4454641110698838,0.2878438870142578,0.1639880671620694,0.0397974562339229,0.0490384974980432,0.4324476762368218,0.6872380255378795,0.6333479710609885,0.3564215900029971,0.0893598474889195,0.2948233890535471,0.3371393501137364,1.162867557581338,1.78236903465772,1.507191924347121,0.9369219536673182,0.4888115974421053,138.3,31145
RED WILLOW,2021,31,0.1112361376487398,0.1265137054024167,0.2805552531165629,0.5039681472388474,0.4554907103983193,0.2328917563705246,0.1301969700127536,0.0345329430729168,0.0655071365687543,0.3089104743066306,0.6295463624585879,0.5697100471881656,0.3048271183417428,0.130981205329542,0.2992820054204053,0.3545564293298276,0.9118786015320282,1.720188054316974,1.544796961826741,0.7394330279041406,0.3678843016617316,145.6,31145
RICHARDSON,2020,31,0.1198603445756357,0.1605213347874616,0.4595361068186332,0.6250609473464802,0.5000520913657404,0.1747944938644331,0.1291983414871141,0.0817016822998517,0.1607348402237789,0.5893141640080153,0.7802629653404349,0.7182329496674017,0.2586930896190604,0.1579873917294003,0.3306026077758727,0.4777343413016418,1.559554519288322,2.158423088567341,1.706143560336507,0.529359392807636,0.3643926012047456,188.5,31147
RICHARDSON,2022,31,0.1248759406433209,0.2033833595859845,0.519374595958219,0.6264858215832565,0.5437505882284044,0.2195346260143228,0.1319011287694798,0.0823783462158986,0.1972284125222198,0.6546856879318954,0.7910139462875835,0.6478837656010608,0.312964594681925,0.1202276710361948,0.3487510946601078,0.6329356502428738,1.776064058652096,2.163942851128045,1.866475941341002,0.6911976011456386,0.3741283801115356,166.9,31147
ROCK,2019,31,0.1043277399036844,0.1400437056728526,0.2026552365474754,0.5743505866980868,0.5998055354392039,0.5078882084879481,0.2101214711481407,0.042792746694915,0.0955500450665061,0.215753468989814,0.7502399072024262,0.7872250033109414,0.7284959930593448,0.3203211251953298,0.2838977384262958,0.4029433738556624,0.6292479430699223,1.974036328883756,2.066141219995007,1.733591269546151,0.6562040470974747,201.3,31149
ROCK,2020,31,0.1167265901924128,0.13440640454662,0.3833807568208599,0.5277551235096732,0.5190303067949256,0.393792236903152,0.2003215045890993,0.069108923248616,0.0859998471560042,0.48639671302427,0.7077910895874783,0.7166230361953815,0.5493089546386062,0.2726295344494756,0.3216599321028862,0.3857778667165471,1.286409758992913,1.808747069778464,1.777185015347739,1.32409517698614,0.6240965689670774,182.7,31149
ROCK,2021,31,0.1438089077454547,0.1413428589415987,0.3692570007077549,0.632406276963369,0.6211871667665753,0.4110763716712049,0.2023134332582624,0.0913675421847584,0.0973411483360748,0.4671663430408221,0.7643432722665219,0.7662963948400063,0.5713135811458033,0.3272302655135086,0.4217518673634532,0.407930251194149,1.232510757632094,2.184589897381278,2.144010186618258,1.383819437899432,0.6279674649952909,195.3,31149
SALINE,2019,31,0.1162805503022401,0.1537836087528011,0.4958257868492629,0.6402311141922804,0.6150426652510464,0.4290024746977001,0.127098465015294,0.073944926430678,0.1344583333033031,0.6564454412744862,0.8127017418238898,0.8085037426685896,0.6278170653308888,0.1916502098076092,0.3155354054338438,0.451221845781025,1.688736757192896,2.211190337765121,2.120056126937738,1.446962817154476,0.3546749664685847,186.1,31151
SALINE,2020,31,0.0876683685963547,0.197606563078111,0.3589299429892432,0.6439224713883858,0.5515174571415669,0.2410029544632876,0.1445207207121796,0.0419542262511114,0.162678981108342,0.4266894550661916,0.789254915264778,0.7508899996031795,0.3557945914830502,0.1572477644182971,0.2116890221452656,0.6094452457574646,1.193113810774,2.224216439890578,1.88989512917622,0.7664536584861902,0.4173809367746793,185.2,31151
SALINE,2022,31,0.1160738347316651,0.1609000270670722,0.4003430195123093,0.5878339696337933,0.5258053455955821,0.272377529059918,0.1597672749512294,0.0537593027826785,0.1328644759344968,0.4865647960287997,0.7327878405096834,0.6814453342695218,0.3695024293096534,0.1540656162762161,0.3161321396263166,0.4783427425221623,1.34471337906907,2.023474277265648,1.798662182352124,0.8817008186826706,0.4742521116021158,157.6,31151
SARPY,2020,31,0.1122099007850643,0.1845032618291573,0.3871341345931025,0.6295971613254986,0.5136875984782545,0.1932065397522166,0.1380331613364386,0.0539917013339753,0.1559676791093767,0.4465685704885205,0.7613976182308659,0.6881996502573156,0.3173586413957445,0.1586282821243209,0.3054800517998953,0.5670385705160123,1.300155672242461,2.177388319267998,1.758003447773969,0.5985223642132262,0.3989097469333554,201.1,31153
SARPY,2022,31,0.130758167929144,0.1585587098842886,0.4661730469165802,0.5669095211747053,0.4961562555120025,0.2537132879674276,0.144910492702365,0.0601592826017811,0.1190498157374764,0.5609345524013404,0.6714077261265176,0.6151783066111803,0.3642893274809238,0.1520213496818743,0.374770339285472,0.4772048732281494,1.59526855170683,1.957984034743277,1.705366082304815,0.8236665248261315,0.4278934671086644,156.8,31153
SAUNDERS,2019,31,0.1187698813053094,0.1513725172761703,0.4735743571485498,0.6501417372813448,0.6373558252420337,0.4782175498722126,0.1787836166599611,0.0662642593735644,0.1208939264813471,0.6078826238688844,0.8029094960995415,0.806691808216876,0.6722489627306432,0.3046051598074691,0.3254648714055684,0.4434224577159326,1.609165172824496,2.24797580378078,2.201715727116891,1.625953378885482,0.5425961761375789,197.3,31155
SAUNDERS,2020,31,0.0560093161559675,0.179883093396173,0.3836254678560776,0.6650356831269479,0.5663853807341225,0.2893887914517308,0.157448807824089,0.0208601917997926,0.1394811058832054,0.4615776511042841,0.8147306558408374,0.7591496910446855,0.3941440494784764,0.1917109198384756,0.09782774232614,0.5460026020128839,1.283142404910325,2.301284670825132,1.944367911102756,0.9421942814629912,0.464835390314264,188.1,31155
SAUNDERS,2022,31,0.1245189602376587,0.1548624520221465,0.4023476069434556,0.6242695012607472,0.5478284081752741,0.2857289489985799,0.1670845247550147,0.0537815008131478,0.1159959488458981,0.485245933302441,0.7738450696559287,0.7139155171990397,0.4080013637279547,0.1810239039444743,0.3461787366169661,0.4559797686426827,1.351547478599604,2.154788259055612,1.877968076082669,0.9295244239699292,0.5001593524454325,169.8,31155
SCOTTS BLUFF,2019,31,0.1034584683105721,0.0986403551760924,0.1888069737221414,0.4852110341114782,0.545796429002351,0.386054970543873,0.2183496199364591,0.0339959704771491,0.0221824333227911,0.1450145048205612,0.6235723243064388,0.7271032116464423,0.5746067560928316,0.2209958434034876,0.2734142821662242,0.2559822063544377,0.5821884914308982,1.654595065233899,1.873791101320127,1.295847052995887,0.6890904687486842,151.1,31157
SCOTTS BLUFF,2020,31,0.0999215590132773,0.1196350162098061,0.250984397969536,0.5155332162338848,0.4870404911602694,0.2437852465271196,0.1638850921304616,0.036422962515477,0.0513326409898702,0.2617272145729116,0.661156728137772,0.6110629163664834,0.2728102083600187,0.1277250083052931,0.2626662903793785,0.3333884244074801,0.8085196437350352,1.765657814709331,1.662571273459647,0.7824737983768905,0.493395039769778,141.2,31157
SCOTTS BLUFF,2021,31,0.1035343120217128,0.1133429358473986,0.223507470830153,0.5729734712807422,0.5949971421083525,0.4046468163844367,0.2159741889078187,0.0421939341298803,0.0349519412684395,0.2109832382560062,0.6876668287171299,0.65952709269101,0.5311270530556077,0.2568715961019915,0.2739576484816762,0.3094637291544818,0.7079858716726768,1.972353571008349,2.052035863743471,1.363344485780441,0.6807308190639314,184.9,31157
SEWARD,2019,31,0.1151589687369597,0.1454807549030977,0.4419587774599942,0.6317083805763215,0.6158303039062788,0.4767150196467926,0.1727512530112828,0.0698419801161571,0.113836305028209,0.5744214658135689,0.8043611293824378,0.8013808568697193,0.6721230195152911,0.2654077518780112,0.3112933606737304,0.4209986674299337,1.493663702692668,2.180170655251242,2.122723392844614,1.619405101968562,0.51966301712936,193.1,31159
SEWARD,2020,31,0.0623786035312553,0.1763513618121211,0.3827892418426055,0.6354665114569427,0.5405969936046373,0.3079200909216758,0.1798587999716619,0.0298884906593064,0.1288401142598779,0.4556837363024369,0.7891213472956479,0.736716498840696,0.4430735913474292,0.2120650920582346,0.1200810495368147,0.5324356249900178,1.279327955190665,2.19351431873464,1.850276436218168,1.008451402311193,0.5451256516540549,186.4,31159
SEWARD,2022,31,0.1264987943196845,0.1547276752801701,0.3768421006821854,0.5683513442058838,0.5096800623175657,0.2995371822118268,0.1815959086957325,0.0613932386145013,0.1227709263731951,0.4525734802330048,0.7109957452288151,0.6733467952353858,0.4257426590344999,0.1880549199853747,0.3534808280365008,0.4555590358592061,1.259220910037617,1.952739302178079,1.739838254549164,0.9795183327415882,0.5528162618279274,151.2,31159
SHERIDAN,2020,31,0.1248353228630747,0.135029123811018,0.2420396952966277,0.4705738710647039,0.4378700817204595,0.2553812864628553,0.1584606087747976,0.0765237798096724,0.0907147158527055,0.2616818685360345,0.6128230628792786,0.5745066847889339,0.3134056864863381,0.1540816164602252,0.3573756685040538,0.3943831796250451,0.7796719874144281,1.60650945013439,1.488187607974559,0.8279429997405182,0.4772076073550801,150.2,31161
SHERIDAN,2021,31,0.1061826996576109,0.1377507387691443,0.2323942915157207,0.4872206227797444,0.4455508695365658,0.3114208944083878,0.166660991992159,0.0578292910788914,0.0805468935782493,0.2348498620274545,0.6014650471483443,0.5278410074578845,0.4425406984081802,0.1967092054879012,0.2890122247419627,0.4043296890728002,0.7456538926470706,1.667612939036959,1.51685469290951,1.031568222360649,0.5078320632720097,148.9,31161
SHERMAN,2019,31,0.108640496951805,0.1447207180701746,0.2797307571439823,0.6119151738344947,0.6175052242773282,0.5053183876812588,0.2270232000484206,0.0356294791178913,0.0745446806040851,0.2971468073795642,0.7832112507002069,0.786707095191181,0.7117117899172565,0.3757725206682108,0.2882473338428072,0.4187066696871983,0.9071729863529084,2.109090453842755,2.129243585415028,1.723357377656486,0.7164770494844853,185.8,31163
SHERMAN,2020,31,0.1157492935427498,0.1323596149727861,0.3904380955838972,0.6279515363448247,0.591374668055936,0.4161989574977172,0.1961632266027649,0.050446947192791,0.0656126389348152,0.442661675036604,0.7828277217969615,0.7551835319346397,0.5821714309188644,0.2323968826000472,0.3139040094108641,0.3738878227053882,1.307728095195719,2.167051416065243,2.034716767332504,1.400931046532881,0.6048417721549467,195.9,31163
SHERMAN,2021,31,0.1289443479228293,0.1574938488532249,0.2732494868152711,0.6460033805643701,0.604966089578848,0.4546514698000485,0.221425620966422,0.0641758084233448,0.0999260639074972,0.283303649446825,0.7903563208914285,0.7249005775643941,0.6230413133539238,0.3467542004787394,0.3616797777422554,0.4650613717311359,0.8838632913399518,2.23232835310108,2.084017038448973,1.540178168627854,0.6963676230092334,222.0,31163
SHERMAN,2022,31,0.1233881031394888,0.1397075238382695,0.3380669487779398,0.6032597173308134,0.5486161674977659,0.3868224382299474,0.1913800922515302,0.0427018716143061,0.0703389265110009,0.3869645572314501,0.7493306195649473,0.7245464604272287,0.5438101899420497,0.2371938849429228,0.3421819771687253,0.4011966652364166,1.118958588107204,2.07964877493837,1.880695965323661,1.295352245256004,0.5882165174660056,169.2,31163
SIOUX,2019,31,0.121812620506522,0.1130222534226477,0.2207369221032153,0.5085638819162451,0.590368130173371,0.4747258185737919,0.2415102947264417,0.0604438090422805,0.034795475784757,0.2003836936507941,0.6644456579891154,0.7756577645177952,0.6509066574678655,0.267918749190821,0.3377976940588217,0.3059932934592272,0.6958918089435348,1.737063757839194,2.033031120604315,1.61463764466621,0.770863879386494,172.2,31165
SIOUX,2020,31,0.1217116233719455,0.1223529221269111,0.2728554252340473,0.5666248824098572,0.566946186145134,0.2454637216340773,0.1730168901280266,0.0567151964166434,0.0583468550441177,0.3094373227152457,0.7142196883767813,0.6842097479892139,0.2631700363600159,0.1296794186365822,0.339612378769114,0.3419358630705994,0.8864550711259388,1.94931296718801,1.950475444102258,0.7873518875012521,0.525239251112358,153.2,31165
SIOUX,2021,31,0.1302384395680238,0.1310239584085699,0.2620030565195042,0.5975295014374347,0.6019191596437347,0.3716656381314929,0.2077768595149078,0.0779492996801909,0.0554576545142841,0.2836839046084137,0.724412382174178,0.6809129178855857,0.4821613213236078,0.2381939774999611,0.3691299537951034,0.3719763326775894,0.8458587096429488,2.059793015478378,2.075675170746413,1.242617081689173,0.6496683288803189,183.8,31165
STANTON,2019,31,0.1316717564486532,0.1467037932685082,0.2447066307774088,0.6824867206259978,0.6386787573941141,0.5198110337993075,0.2929543007786218,0.068627427630557,0.0955889849058391,0.2514689603340115,0.8027284544560559,0.807728823703854,0.7450353455904422,0.4791817930268979,0.3703444234677858,0.4259160177934024,0.7804553821565627,2.364487127028024,2.205844884262944,1.775765640841539,0.955108149607632,197.0,31167
STANTON,2022,31,0.1327067029931538,0.1497287110943369,0.3191686855760674,0.58657182224981,0.4898280078637019,0.2682959641391049,0.1610337781629922,0.0515092292724965,0.0922117472033844,0.3781603983237517,0.7272215258456717,0.6703811035313555,0.3765316739559932,0.1590813316267353,0.380026615401105,0.4375137974151061,1.050634431784582,2.019288919656721,1.668086680990616,0.866508708208455,0.4783902187406939,130.0,31167
THAYER,2019,31,0.1239074450849923,0.1591993849258464,0.4937350871474108,0.6567725445275107,0.6305333861600997,0.4297116627224995,0.1552243006338825,0.0667707661239527,0.1227501599327446,0.6174976705197078,0.8299035506922933,0.8119323710888777,0.6285876409177042,0.2385831130448014,0.3415366695438636,0.4680765619229597,1.67877478005715,2.268296939246449,2.173362332483812,1.446789862863797,0.4536950796515017,183.5,31169
THAYER,2020,31,0.1133200392177951,0.1758382916249922,0.3702657739688281,0.6356921844509738,0.5404740031303219,0.2703431161661364,0.1528606966131011,0.0601547998870925,0.1283973821193789,0.4457349835033727,0.8140492531184386,0.7561498702337722,0.4210600734254775,0.1716629657905109,0.3021566213353252,0.5283468193593859,1.231786304193494,2.192251442175396,1.847599725405425,0.8702657069279031,0.4452147824261556,194.0,31169
THAYER,2021,31,0.1362013635062067,0.167234884756075,0.4850014021332701,0.6258664609191315,0.5594735841286005,0.4381388916266279,0.1609257947212894,0.0757166366343874,0.1528209456756427,0.5899053171221159,0.7870558210147537,0.7229523694770696,0.4855340939710837,0.2369908408809491,0.3869737920413162,0.4959725142911871,1.647509481097933,2.15724269111164,1.917014363351454,1.478598099072941,0.4750049268182386,200.7,31169
THAYER,2022,31,0.1187554019574298,0.1570698690391112,0.4316273436754169,0.6546114026249356,0.5791936687642123,0.3247482556967023,0.1559636280093789,0.0452955946994083,0.1172773036227046,0.5465824181922353,0.797884075298227,0.7556616763051438,0.4639494347395462,0.1698520927344772,0.3223489807783099,0.4607557250010985,1.454171583637336,2.261482095128925,1.98806789181444,1.067451175734889,0.4567962012437971,183.9,31169
THURSTON,2019,31,0.1220069151995626,0.1514185636151837,0.373708837962679,0.7213296687128982,0.6607223191092079,0.5034567506298864,0.2589159925097954,0.0664791792368544,0.1024741217164383,0.4544716769924938,0.83532113820069,0.8251827657247247,0.7114828227975742,0.4323807184206528,0.3350464117453998,0.4414931102999374,1.245703178596425,2.503394089026448,2.28411667461405,1.715131715961425,0.8303813670010144,195.5,31173
THURSTON,2022,31,0.1143458859022988,0.144049821536215,0.3867985679010059,0.5987042251359554,0.4934119643577182,0.2929208201783698,0.1563899541262116,0.0421293441693483,0.0806795148168046,0.454470442945334,0.7496550049819285,0.6437310893510363,0.4195571432773072,0.1572412985068149,0.3078077955405783,0.4152336235571083,1.293559850961742,2.060554331285141,1.679240747624221,0.9538638372867227,0.459893256148452,121.4,31173
VALLEY,2019,31,0.1216621756690619,0.1459364049901562,0.2357745679483423,0.6051600102777068,0.6206600598879062,0.5161067994239937,0.2225651812101858,0.0570362188914941,0.0881938942567762,0.2450400940670808,0.7730878798506862,0.7935732519776683,0.7467157864669949,0.3687325137549831,0.3365281776939896,0.4237434815934002,0.7487781732634716,2.085214567566385,2.141303026933637,1.763029784795066,0.7009867002469651,173.8,31175
VALLEY,2020,31,0.1233450244014813,0.1322143573623888,0.3860601655378464,0.6283895912284994,0.5988642731416116,0.4473433465162946,0.2134739315529756,0.0705093381102207,0.0935908106479833,0.4358749435056144,0.7934438478845648,0.7657667564303481,0.6193899656405213,0.2870989216767668,0.3419004674683412,0.3739960245327105,1.29240375899586,2.169151621144619,2.062329020306284,1.514126307775866,0.6679867644385918,195.0,31175
VALLEY,2021,31,0.1241275194430735,0.155362323538169,0.2714522151414901,0.6434179157941927,0.6117568506774316,0.460173660805643,0.2287042219107932,0.063985900229166,0.1109274571727469,0.284820261170938,0.7791331909690982,0.732375636170836,0.6411675263143893,0.3682605481288129,0.3445151793041306,0.4575226193799803,0.8775334055120015,2.223307147620905,2.108758675901651,1.560330288013869,0.7228742650239421,229.9,31175
VALLEY,2022,31,0.1254002892585379,0.1352845102324323,0.3306052346569151,0.6196576070311794,0.5635580346103786,0.4290490639247272,0.215587557248749,0.0493395070033187,0.0814099163158686,0.3942268937089005,0.7747875263820472,0.7424776291083492,0.6021810508702866,0.2978310890989961,0.3497677104699159,0.3854815227727954,1.092314291144831,2.139518384637281,1.935188447718472,1.448426555807648,0.6760611465109615,204.3,31175
WASHINGTON,2019,31,0.1159414589660424,0.154902252901722,0.3996080405977,0.6387421221394204,0.6127009785800753,0.4224455426747329,0.2186967604224696,0.0667593127713289,0.1095031676724765,0.5023186530789076,0.7762451640008421,0.7765786152459454,0.6368661044314418,0.3755468491832313,0.3167148076160632,0.4575162396990344,1.34300936809293,2.208208150035494,2.11399011513472,1.425633356453082,0.6884840313435682,175.5,31177
WASHINGTON,2020,31,0.0793677863951846,0.170380010158178,0.3827806459852892,0.6611113552819512,0.5180287677512542,0.2307943495151801,0.1410706125458433,0.0364482004667381,0.1313603993465131,0.4502712962683955,0.8001932354775806,0.6973193546700064,0.2708900506724818,0.1503579800145358,0.1853890188972969,0.5130764445160734,1.28154072128305,2.288542451173908,1.770867561264234,0.7316916115147184,0.4070350439546622,173.1,31177
WASHINGTON,2022,31,0.1218105908446523,0.149589210228831,0.3760854726286445,0.6050306736879247,0.5123251921536683,0.27981568765679,0.1632888501898178,0.0536159118926522,0.1077810894610943,0.4413199544810472,0.7427822127576038,0.6683508279742867,0.4051247574047982,0.1819354273930184,0.3377704911616384,0.4382978274014193,1.257986243317382,2.086953552553678,1.751024209992044,0.909758606887661,0.4879617203554618,145.8,31177
WAYNE,2019,31,0.1263776833747493,0.1334320058951624,0.2222513308244671,0.7191593548631853,0.6675150990585726,0.538373417904311,0.3055549243138198,0.0671551504340755,0.0724281957839497,0.2156455749158685,0.8482076355042869,0.8493823383155169,0.7727563904646114,0.5033433997356717,0.3485746213056958,0.3748576832155895,0.6961853671061429,2.494008295236257,2.307150433490945,1.839914996906406,0.9981899941602296,199.0,31179
WAYNE,2021,31,0.1318452231126756,0.1405560697852733,0.3500155091010845,0.6915135590516602,0.621011308339762,0.4661651028791531,0.1845416444703403,0.0625235834034089,0.0871621485421358,0.3954970012287103,0.7490975411732401,0.7579112140749023,0.6592096765887168,0.3226220599503884,0.3682113199825083,0.4117544523823836,1.158592466544959,2.394261172821086,2.139055958168725,1.578820785871237,0.5599087544508161,198.1,31179
WAYNE,2022,31,0.1204789910718879,0.1424455178549429,0.3447754113728616,0.5763812121358945,0.4908502527196805,0.3073263737973417,0.1641918869604772,0.0429759961492257,0.0735316817345568,0.4168980927072915,0.7317479843969079,0.6656688010044053,0.4522025836713202,0.1773203742318612,0.3358586333408339,0.4081870279549198,1.139794667369158,1.978238346781294,1.668286722280315,1.004278773420716,0.4871935628895928,116.2,31179
WEBSTER,2020,31,0.1241123625419379,0.1424306316303363,0.3679708026475159,0.5606882926552975,0.5312225501164951,0.2623349566090295,0.1570645541188413,0.0660106531412339,0.0669491770583719,0.4197501035247906,0.7428021089565632,0.7024418107909091,0.3581228812915598,0.172819660766429,0.3444478236146009,0.4107207329877436,1.226728598770807,1.923979113501011,1.817373420944392,0.8445356501509643,0.463669791424906,172.3,31181
WEBSTER,2022,31,0.1295540325779032,0.154869327317748,0.3236570155390182,0.5676689429024262,0.5087116750151995,0.2874005921138349,0.1622826820492019,0.0553579786134939,0.0961566599462658,0.3611673099053474,0.7286189525908995,0.6824245110644828,0.3972572750921988,0.1880151964278562,0.3646872036023384,0.4562153615099322,1.066982762764354,1.951378875648471,1.736578606922931,0.9357970380419904,0.483242828261189,147.3,31181
WHEELER,2020,31,0.1510987295840491,0.1488903927236074,0.3159758433474972,0.6170306144324061,0.5951931166817847,0.4664224833205467,0.2378304720774277,0.1148214569032949,0.1102516437952625,0.3358937416195512,0.7815603262719447,0.7738541394844316,0.6637117651126432,0.3401452564031138,0.4448782838850651,0.4369261257671818,1.040000738928306,2.12921266636534,2.050204413590121,1.584312542108804,0.7572666665274348,215.8,31183
YORK,2019,31,0.1108674594996716,0.1568546361510095,0.5090982045347109,0.6849260043759703,0.670435602394259,0.5164967696740612,0.2299899011143433,0.0565727018174765,0.1164020008359645,0.6732232208845494,0.878259115335493,0.8607598780985077,0.7566859889073179,0.382899892081761,0.2948247464218579,0.45760039919393,1.731730076474098,2.36822271430574,2.31574103002305,1.758792282572197,0.7222062280697822,206.5,31185
YORK,2020,31,0.0239603427825727,0.189062385298435,0.4072947023568065,0.6576739891056582,0.6136792336325886,0.4061208284395626,0.1945198025500123,0.0114362582457922,0.133798192990973,0.4873946912657828,0.8597477146688273,0.8262493506912754,0.6027353938026064,0.2510861046913133,-0.0234758158345394,0.5755035817934465,1.363423117629995,2.269300069070593,2.110122280405159,1.359176468187408,0.5936034587484385,223.1,31185
YORK,2022,31,0.1129032531576856,0.1450202301213927,0.3169313401981106,0.5886483110462966,0.5915687128755397,0.4252661009883733,0.2267650202824619,0.0536064336893951,0.107800328993185,0.3685198631686153,0.7324216418118921,0.786234983342046,0.6199511483804587,0.2961690787139918,0.3007787063982226,0.4168866535885953,1.038966242026548,2.022410652813593,2.032599116665236,1.430857374499855,0.7132490427867484,192.9,31185
ADAMS,2020,38,0.09375607396821,0.1114926051536051,0.1566937197576346,0.4038090175793587,0.3782624089670221,0.1844247227369759,0.1388277335119442,0.0463793152925443,0.0561337712484215,0.1255627558609652,0.5386577494217518,0.5241962176364343,0.2152353097864403,0.1088168102946024,0.2423543896581769,0.305775789317255,0.469313701920565,1.363376849439552,1.270949219480122,0.5696444706998122,0.4046745636836533,45.7,38001
ADAMS,2021,38,0.0906547938140103,0.1037082381708757,0.1507913653482449,0.3318883110599733,0.3225819234568917,0.2021096662113185,0.1306139606242263,0.0248867197189872,0.0378750146903752,0.1089169790949364,0.4122980025528309,0.4230722104193994,0.2776444542169329,0.1291565161735757,0.2312552267172173,0.2784827028125232,0.4488294569402397,1.104038206525268,1.070367696177327,0.6344990694628424,0.3758276066487439,57.7,38001
BARNES,2020,38,0.0840763306574207,0.0855843312766936,0.2217253773155107,0.5324040141522132,0.54403282474228,0.2834913578251917,0.1434820911890386,0.0505478129083914,0.0681227295628521,0.3250590945963897,0.7278069402490436,0.7167101118009005,0.4042171360089788,0.172620696193646,0.2105510240137329,0.2159814573115924,0.7085992245341646,1.832582287699777,1.87254173650716,0.9320165483319526,0.4254630216423526,151.8,38003
BARNES,2021,38,0.0929542732432591,0.0883819100321138,0.303413195460991,0.6193533436791101,0.4870482557256809,0.2673529193943287,0.1431093249520203,0.0608642029542245,0.0644780492510142,0.4134173388399053,0.7061360897723368,0.6556137794957783,0.4579018095491783,0.2405284973489076,0.2330502942128272,0.2175851977905363,0.9955041041263186,2.138613522929309,1.659893492496071,0.8650416501813931,0.4152811869732686,119.6,38003
BENSON,2020,38,0.0861143555152898,0.0863636264481184,0.2319816764748636,0.5095648595490265,0.4766718494710427,0.2109767347793733,0.1425933566541228,0.050106020577017,0.0700129877505379,0.3162018026841058,0.6767836089231479,0.6630542555579023,0.2950509353278954,0.1289040769731236,0.2222866282374068,0.2232788796291223,0.7501245930351377,1.754420703178361,1.635410668439528,0.6741292319991323,0.4267181699419749,134.2,38005
BENSON,2021,38,0.0952554316553737,0.0922800082677985,0.1840567996471197,0.494528886947792,0.4451282307931944,0.3322929664961954,0.1968922827459527,0.0584487935987088,0.0558810480592127,0.2106312101271139,0.629460284870692,0.585490468262547,0.5260955451355666,0.3041353933414731,0.2493251976836014,0.2389990677261531,0.5710482682372315,1.694336747644949,1.515605621347125,1.107367871362024,0.6174881975536435,91.3,38005
BILLINGS,2020,38,0.0786681184020514,0.0827949453513386,0.1273401994658189,0.3038445005889837,0.3264667797429902,0.1980050214450281,0.1159849069490123,0.0516481549335579,0.0370400456778941,0.1146975947200511,0.4177123518077034,0.4684118345183266,0.2390891608131786,0.0958872178300904,0.2005093340385606,0.2152144785722079,0.3826801655481424,1.015200383265567,1.097047789244762,0.6322708437558568,0.3363014221000975,76.8,38007
BILLINGS,2021,38,0.0826528834600185,0.0890473507946212,0.132776867525059,0.3269627487700159,0.230382073119779,0.1141920718267693,0.0965027647559275,0.0204328330806345,0.0303313692548691,0.0976684535161978,0.3881704337937397,0.3026914383426183,0.1027348893750419,0.0576652434085494,0.2068291093701406,0.2305856897624009,0.3881776837174578,1.090742202061707,0.7413133175591531,0.3209378928810453,0.2569379798987392,43.0,38007
BOTTINEAU,2020,38,0.0777817511031795,0.0776490242083167,0.172379381267695,0.4241652260581557,0.4370756278699212,0.1998936531756585,0.1269469345250782,0.04639383518022,0.0586229104111797,0.2196425138102647,0.5559695757680277,0.5770681308629073,0.2577135625360595,0.1130034801537814,0.2066177416291538,0.2062656607269112,0.5489996466630184,1.459961103237064,1.506670936992041,0.6485465525481888,0.3846253244703905,98.4,38009
BOTTINEAU,2021,38,0.0892623448773584,0.0877410487562923,0.1656995669762263,0.4800102221520167,0.4521609023949041,0.2825669244874865,0.1846680458816299,0.0351136635838883,0.03797063043017,0.1651305627925768,0.5874691642759391,0.5144150534260004,0.4407757138681151,0.2541805353387469,0.2300549663133136,0.2263397587922279,0.5084641702274251,1.645639620430397,1.544767487624489,0.9312772597614754,0.5768637215222367,75.2,38009
BOWMAN,2020,38,0.09224124336524,0.10838633157385,0.1539646868436241,0.3686299106262873,0.3434488175082308,0.1880747803707522,0.128709380177833,0.0466322396512816,0.0581741251473098,0.1293450425490314,0.4906060852115864,0.4639426625537662,0.2183307632435127,0.0951961805094564,0.2418994753545617,0.2999911118980659,0.464396121591911,1.241554013696073,1.15044881879494,0.5883038984737883,0.3735323788693212,73.3,38011
BURLEIGH,2019,38,0.0922757055568213,0.1079314877502904,0.1478518950837995,0.4964075926222306,0.5505705008640377,0.4628675568968233,0.2863714053310726,0.0511096422196801,0.0702990632030964,0.1465349062230221,0.6716477015717052,0.7147292569222999,0.6852091323477214,0.4874056390087697,0.2339287012597099,0.2905683523096591,0.4350012042866479,1.696469398438396,1.893325515088218,1.574856228596412,0.9353111170895996,122.7,38015
BURLEIGH,2020,38,0.0962549932605299,0.1074094476397367,0.175142707496953,0.4947785998455585,0.4610464708332643,0.1696865825622325,0.1315977944910129,0.0549213474445161,0.0753817856656153,0.1885384556035862,0.6624337320791702,0.634339125956463,0.2146317517263965,0.1112779602538195,0.256341505990777,0.2967353371886864,0.5417952632155021,1.698238399394097,1.576195556627611,0.5220544254712326,0.3842502456213471,94.8,38015
CASS,2019,38,0.0709247023396764,0.0967298719739253,0.2090459591027096,0.6196690576281593,0.6499059097019435,0.5311098352302186,0.2582188677965603,0.0808780426631539,0.0733494281247471,0.2820326657977851,0.813160255359553,0.8296139746217014,0.7289358949346995,0.440376729407804,0.1497600272174497,0.2430084153751183,0.6493860782000743,2.135022492364631,2.244419129440602,1.814633082793439,0.8272738910018684,148.8,38017
CASS,2020,38,0.0885162015544791,0.090910526950163,0.2165262527737933,0.6282620139418229,0.5971703140537338,0.2904881765734526,0.1389950455818769,0.0687091394654206,0.0777529633774185,0.3098163345708215,0.8266271903174868,0.7447253708416892,0.3940445128703675,0.1524301824166764,0.2157910971349358,0.2244534864869434,0.6789313970360465,2.168591529351172,2.056101284348644,0.946525818066858,0.3984236701393337,168.0,38017
CASS,2021,38,0.0854079339917787,0.0899405075397979,0.3513304809169913,0.6643538272328103,0.5044521778468544,0.2438444256031529,0.1384995700043245,0.0642771390658237,0.0719199350083917,0.4982896472255437,0.7380599002353838,0.6724655248931541,0.4145487584025135,0.1934130563955389,0.2019302894190609,0.2183317791837974,1.164042232388028,2.296559781774875,1.718037230530543,0.775158453239373,0.3940199602171141,143.3,38017
DICKEY,2020,38,0.0905764588312603,0.1001333693636047,0.235766972222571,0.5596973122414817,0.5181380971724162,0.3243294951125808,0.1379888330251826,0.0622733753804898,0.081443383989339,0.3171382863588154,0.7409105077268028,0.656876514477541,0.47773292250978,0.1640739288611583,0.2334079975512882,0.2678568828365257,0.7586192661949777,1.930561105120218,1.7801992373311,1.079000280735977,0.4048197653037735,172.2,38021
DICKEY,2021,38,0.1168896098291209,0.1118186598434616,0.3127392740189326,0.6074038176208933,0.4945670471068927,0.2737621007237787,0.1491264012457404,0.0913234476433581,0.0913946363742119,0.4319270614021334,0.7370273940759673,0.6699367284501424,0.466226041373683,0.2189554591187524,0.3187877645182738,0.3010219222836167,1.027976114549896,2.094075195211518,1.685830931999439,0.8869613644054023,0.4362137462549221,123.6,38021
DUNN,2020,38,0.0905003096726591,0.1061776047331408,0.1434450952678637,0.4236491507685833,0.4602761261218652,0.2332725741158425,0.1486538593414095,0.0579914998535213,0.061017294892706,0.1219840834718282,0.5556491453348086,0.6171030584331042,0.288750459419224,0.1303283990167724,0.2364532454505538,0.2931650012521231,0.4279967011454179,1.441792451986825,1.574308848814997,0.7530099976572077,0.4468284682960392,82.4,38025
DUNN,2021,38,0.0849845189367309,0.0950022925559294,0.1630642777015757,0.3760553270478608,0.3462981362220421,0.1573528351066707,0.1144669340795082,0.0230368551325749,0.0349539324457755,0.1447927737847528,0.4512826530850119,0.4487104967870796,0.1974392728679811,0.0969868578430177,0.2164995380631575,0.252752304018827,0.4990003183825523,1.269602787893898,1.161941271486091,0.4783371720506738,0.3231759821343988,64.1,38025
EDDY,2020,38,0.0875973950946914,0.0865017235356289,0.2400487077391623,0.4934824595775129,0.4738526168220534,0.1851049228673358,0.1246076979860148,0.0535778032971884,0.0751298839806092,0.3379218891526388,0.6441931212592987,0.655664714344465,0.2533834235859448,0.1001772002953824,0.2300450276334829,0.2261891885694491,0.7817238130331804,1.698647956326474,1.627485491780626,0.582938028509049,0.3640590688884321,132.5,38027
EDDY,2021,38,0.097958022231973,0.0957305446485504,0.1969229632391694,0.4855203189441987,0.4030471173986241,0.2959331154100051,0.1804142737412708,0.0821820054592843,0.0680548197094559,0.2415936829879042,0.6358916900597955,0.5742957887745931,0.4895341078361951,0.3129804732630453,0.2573148330368597,0.249666698250044,0.6157768505737888,1.659923637918927,1.36153555810132,0.9739970989064878,0.5560499297490087,77.2,38027
EMMONS,2020,38,0.100417734069225,0.1128818295880957,0.2212002895026832,0.5378620579241687,0.4744598883823832,0.2061320414467937,0.1364742963395025,0.0469910802981557,0.0739154219426714,0.2532907433707845,0.7136520904552641,0.656128767046281,0.2672376034242248,0.1078817918392845,0.2654342464296983,0.3105134746919709,0.7024093942833197,1.848092038824212,1.618702845270626,0.6478928392090788,0.3958711174108987,117.2,38029
EMMONS,2021,38,0.109348893070103,0.112903558640248,0.2071871788225178,0.4399315400246297,0.3282679349497189,0.226925626740985,0.1520613450297777,0.0504770105788537,0.0575235954176716,0.2221216025514565,0.5438166981928646,0.4329207011421107,0.3324764654688417,0.1884153790075041,0.2953839675623634,0.3081618134520706,0.6492784596219837,1.491351028825607,1.087350154086092,0.7206962751377166,0.4498373039065678,74.9,38029
FOSTER,2020,38,0.0885770321104145,0.0871089623643266,0.2536830004338808,0.4838651424277242,0.4863792773694514,0.2098377032993415,0.1386016102222696,0.0513012408570655,0.0761574346104152,0.36772745847168,0.6713585816508297,0.7043654481113664,0.294381450484221,0.120912346972715,0.227856710182955,0.2226815191529643,0.8254014098736897,1.658153451748288,1.665420668383896,0.6667221769817928,0.4089899922289528,141.8,38031
FOSTER,2021,38,0.098911666628325,0.0985910074468261,0.2376711217541457,0.5655330012897499,0.4425685287381161,0.2561452884829204,0.1465936901816037,0.079310469310547,0.0673248831441536,0.2986051861714376,0.7104805351023267,0.6175644900040211,0.4323707919002905,0.2568186109975151,0.2546076848959817,0.2532673781837858,0.7564197899603934,1.942624778512036,1.497739472448636,0.8232605673708718,0.4269027538656347,82.6,38031
GOLDEN VALLEY,2021,38,0.0765442265094741,0.0743490697670393,0.101312689628505,0.2587753100818768,0.1946602403750147,0.1198621303073369,0.0897709754476967,0.0144662935111633,0.0123180777123219,0.0417452397764513,0.3186116084541284,0.2111164223847269,0.1023522082205945,0.0451347009441876,0.1899781733899099,0.1830501139790389,0.2795904729545625,0.8492902337548681,0.6173219115554355,0.3467023493305768,0.2378325510484003,27.8,38033
GRAND FORKS,2019,38,0.070583567876145,0.1015129296467126,0.2168560616856761,0.6309019514661207,0.6157060389231273,0.4620021723202829,0.2318542318652718,0.0956543808497772,0.0565778463140202,0.3334623940650008,0.7996724373280724,0.7931862228211815,0.6534770307023411,0.4240515126311096,0.1528531723957773,0.2650324045107957,0.6818974195283827,2.179919830580831,2.124940917952187,1.569149751734061,0.7366644447122617,147.8,38035
GRAND FORKS,2020,38,0.0830757791680415,0.0870829613526809,0.2304569067026577,0.5670445932287197,0.540777457330272,0.2929577104428847,0.1509276270196726,0.0648199444467039,0.081276179037513,0.357308143492159,0.7437978947576602,0.6857435351434317,0.406910321130869,0.1592982972405043,0.2050509220317832,0.2196014806365001,0.7383256900739622,1.956134600676321,1.860930346539967,0.9644577502149306,0.4505929083897451,145.1,38035
GRAND FORKS,2021,38,0.0790693607001039,0.0819044064419121,0.2732885302796822,0.5643977377528097,0.5056930458396353,0.3188229311750226,0.1767482324196203,0.0512973936446459,0.0633099375217853,0.3892590912874134,0.6889141352092886,0.6725313216155744,0.5210955297821107,0.2619244401989286,0.1856060205689534,0.1954890169874247,0.8879110703919648,1.941144097022071,1.728751269671376,1.05265537301903,0.5386288099124965,123.3,38035
GRANT,2020,38,0.0922523992834532,0.1069155397819869,0.1462564690828043,0.4290250415794819,0.409316535481585,0.1593527280123927,0.1269130013843065,0.0583918211462643,0.0688656981496772,0.1265236352654744,0.5764211903633842,0.5690735203957368,0.1884906044466491,0.0995207393737342,0.2435442813492257,0.2952612038496025,0.4375964386792328,1.460653381352935,1.389348006290747,0.484978950867211,0.3676120199267962,63.3,38037
GRANT,2021,38,0.0819603443740409,0.1013351994666488,0.1534917660440313,0.339043527540082,0.3093745171661955,0.1813639447012904,0.1177284606226382,0.0196643735624591,0.0509108950307576,0.135126035842249,0.4275825135091203,0.4218369682446155,0.2568130733955329,0.1107152865621181,0.2020887808413588,0.2747301298795538,0.4634374726875573,1.134759945873197,1.02741630980048,0.5642741301952586,0.3340409487986996,59.9,38037
HETTINGER,2019,38,0.0853875701010314,0.101235819807126,0.15117889452393,0.4653726912619488,0.4905968170411457,0.4082623761108322,0.271528528058983,0.041406400639937,0.0539420648893019,0.1410648838608222,0.6489195329276087,0.6991345927576016,0.6336100654432926,0.2312062722886854,0.2106876520211358,0.268026355847576,0.4487764932167951,1.585473844950805,1.676734220070983,1.378848724734057,0.8847807003921364,90.3,38041
HETTINGER,2020,38,0.0899133724496465,0.1054757065053645,0.1472865138397517,0.442460805831832,0.4192241511264286,0.1953343298073985,0.1460856418343003,0.0518423269977077,0.0515393826085871,0.1137758484697528,0.5907810580416474,0.5808934971963327,0.2336872212622496,0.1114211347481952,0.2297133257135513,0.2852969064503416,0.4365669795417294,1.504509122471318,1.420438905747167,0.6104055322149193,0.432223779128253,70.9,38041
HETTINGER,2021,38,0.0880118684131912,0.0988273386186922,0.1473608791390515,0.40143832782292,0.3807523052306581,0.223447741768746,0.1381203735300085,0.023061334324538,0.0337143106454657,0.1112354382227439,0.5016445395425981,0.4965335687952781,0.3252791605691906,0.1346211051702265,0.2225553734082536,0.2616858437303506,0.4372795204769359,1.356532802566321,1.281690772827519,0.7125628622223141,0.4038484439345641,75.0,38041
KIDDER,2019,38,0.0855460245456138,0.0997175579225811,0.1307108689091103,0.5194183752833893,0.5369433675880189,0.4639775281457566,0.2652155023390851,0.0532979186917372,0.0688190078045504,0.1299226959875709,0.6845257121709362,0.7021353284485801,0.6597837543336973,0.4166365568333733,0.2169204521682984,0.2681925534950291,0.3803257657470352,1.786670669969986,1.850074587901302,1.585945746070673,0.8667224698782233,131.6,38043
KIDDER,2020,38,0.0885078008525671,0.1000297438688858,0.2338127813604685,0.46122871996378,0.4523381907277156,0.1861470101461493,0.1255228733842014,0.056785927402553,0.0829672686472036,0.3107573771383754,0.6142851654816688,0.6192101302915274,0.2591977876502466,0.1163777965462568,0.2356221724632403,0.277376472161632,0.7614063935047682,1.584198373174605,1.552032438398531,0.588952747054417,0.3696146202496934,116.6,38043
KIDDER,2021,38,0.0991112829821961,0.0995534421606106,0.1963028512454016,0.4480851974394121,0.3653747241459836,0.2660444619913732,0.1665547279826198,0.0649953723505979,0.0698438464489263,0.2284613642035539,0.531925554064531,0.4693428873246031,0.3897645281203318,0.2371742727220261,0.2699292389876346,0.27148694899621,0.621526692807908,1.53247886292266,1.233231533830814,0.8738565097501709,0.5139026521065034,95.8,38043
LOGAN,2020,38,0.0934915671712699,0.1030190870304287,0.2018537967163054,0.4706512733599452,0.4541089922229295,0.2095152058660906,0.1246382416996291,0.0491955062788874,0.0703642367100895,0.2394679883641137,0.6429014423206847,0.6451262090565263,0.2727983254721028,0.1046335230182471,0.2477779802852408,0.2821521814398777,0.6398333797897224,1.612353018310709,1.552501528700905,0.6675627261179308,0.36047786976368,116.7,38047
LOGAN,2021,38,0.1020799198671463,0.1078830726033055,0.1967478974358149,0.4508786264396504,0.3529728116075982,0.2466677522834902,0.1647012923594089,0.0575549690810749,0.0676436854921983,0.2219110355123823,0.5515017015855525,0.474295440416324,0.3725299755040991,0.2423022111213924,0.2736824926052171,0.2944831152204821,0.6160760881042003,1.535529880212148,1.181304397945223,0.7966949309425547,0.5001402789372338,96.6,38047
MERCER,2020,38,0.0929361727964259,0.1156539645033286,0.1688974896514785,0.4816507024729047,0.4832349001889027,0.2297197830937233,0.1540024385095722,0.0603752047534935,0.0848353140627421,0.1704493158047484,0.648833363990896,0.6606683369680267,0.2971406351617093,0.1303775398783625,0.2419599991484857,0.3241522547081858,0.5167877986249858,1.648329317278376,1.654060944614856,0.736840409581486,0.4628978982590397,104.2,38057
MERCER,2021,38,0.0873195158433732,0.0943800567704092,0.1737264793313505,0.3956266495789964,0.3053209043426815,0.1838315273992934,0.129671653512625,0.0318398607326616,0.0371216391581148,0.1712827780009,0.4700783392505017,0.4130568894620226,0.2328098202154307,0.1340692097565314,0.222906348348335,0.2484717699651883,0.5355471267906738,1.338381942746645,1.011655756481672,0.572107190700491,0.3761567669785263,54.4,38057
MORTON,2020,38,0.0948216196846971,0.1059376658892356,0.1532349358350191,0.4627178641074398,0.4390322725537877,0.1548998141599147,0.1230386383701751,0.057496350723214,0.0725467209865975,0.1483753411575815,0.6170657108110797,0.6012033499607353,0.1885180641607203,0.0937107851465895,0.2543115948413879,0.2944457521416447,0.4655674235407548,1.585276859497701,1.499582389256588,0.4715910994222502,0.356317420780276,93.4,38059
MOUNTRAIL,2019,38,0.0641266539377636,0.0768732240781746,0.1273915923982052,0.3815517818922647,0.428488812263651,0.3530859623528413,0.1748093446060813,0.0353120589004709,0.0448009011562893,0.1332804322709093,0.5102572363795361,0.590224650770997,0.5328731671220732,0.2271186158609439,0.1575822993344127,0.2037026401717925,0.3864768198807489,1.306190096517383,1.475832332075964,1.200555482229543,0.5656044559956881,108.3,38061
MOUNTRAIL,2020,38,0.0645467026031212,0.0852343273782746,0.1388246038569436,0.3344392581964087,0.364621783357698,0.1836088536642709,0.1194703335849609,0.0328201721447672,0.0642740410029076,0.149203178475358,0.4429652226841513,0.4825103831805565,0.2264060995012179,0.0976131919340172,0.1659090412692161,0.2390323487759321,0.4328042917786851,1.142756414096553,1.251958473350438,0.5970426991581512,0.3629157206738193,111.1,38061
NELSON,2020,38,0.0708919583946448,0.0759266307967382,0.1610600825327655,0.4249476766009214,0.3770397289054433,0.1975431417369926,0.1182555054118286,0.0377340743273979,0.067123871003222,0.2155693019746062,0.5619908715104621,0.4670855306141593,0.2802948857499346,0.12538597001859,0.1803341932438633,0.1990591065803174,0.5070849185524501,1.462094695824092,1.288211057842197,0.6390826375933746,0.3522199693689324,122.1,38063
OLIVER,2020,38,0.0948859747707678,0.109721822429533,0.1695230681932683,0.477570532341344,0.4681470433600428,0.1827135961742533,0.1361016743053961,0.059005568076544,0.0738374598179065,0.1686744319360524,0.6350774240067408,0.6353632747200108,0.2316283243400304,0.1052626367603201,0.2524718003333184,0.3061520475414379,0.5225129547146304,1.637028680002369,1.60293449686802,0.5702355541536462,0.4015943516283123,88.8,38065
PEMBINA,2020,38,0.0713938844178036,0.0865305619485978,0.1804602366570855,0.497300017203983,0.4790403127979086,0.2480507692956149,0.1317994096100936,0.0530531390363203,0.0832943809770733,0.2615383341961981,0.653779749621812,0.6522544422747991,0.3427687411868823,0.1360422445256446,0.1753239670843286,0.2300337898568814,0.5697958381784105,1.71619786711422,1.650124454918326,0.8144143739384033,0.3938169545961876,166.9,38067
PEMBINA,2021,38,0.0798752189225924,0.0870343696647738,0.1640364365808433,0.4593283435295846,0.4559035292650553,0.308166550109743,0.1705149808408544,0.0580387910512213,0.0630930512293941,0.1948681720178958,0.5879800226606761,0.5836834567723684,0.5009199985468008,0.2516182590825286,0.1979960495571567,0.2244822069103174,0.5030259907460525,1.571396749994027,1.558994203044893,1.024495567897694,0.526472190282856,104.5,38067
PIERCE,2020,38,0.0862783250338386,0.0892785827675672,0.2043976871422639,0.4778171079106182,0.4472282301303873,0.1804224618793141,0.1283121782196415,0.0566570942567791,0.0668779926425986,0.261496802700152,0.6210151996824038,0.6211566144158928,0.2474907705695453,0.100295769448479,0.2267538703381858,0.237668185151872,0.6541709547090495,1.643399643511584,1.532730675508596,0.5674276280798541,0.3788926217991578,115.4,38069
PIERCE,2021,38,0.0839808116588787,0.0823480924716222,0.13995424792862,0.3362179123253165,0.3052625805104568,0.2477148404896536,0.1659649844401064,0.0460156512646808,0.0472437030762195,0.1439140297536899,0.4369896051156862,0.3771135176602039,0.3888273474225492,0.2383981035692415,0.2210339322794658,0.219639462810762,0.4280590814449463,1.138141180740732,1.026144709108346,0.8178083154565701,0.5221660065258193,37.0,38069
RAMSEY,2020,38,0.0708709472157299,0.0737009616413468,0.1905231745355283,0.4719546059305561,0.4418921769198333,0.2128829452723566,0.1267102098037924,0.0404432715259216,0.0574998400374065,0.264304554502117,0.6581439785053183,0.6163020517192425,0.2963532735302757,0.1222341061002412,0.1706472299609372,0.18106001616782,0.6037220112134598,1.621941255334732,1.513175989092336,0.6846205889917696,0.3728476320665073,129.8,38071
RAMSEY,2021,38,0.0852302184729935,0.0820449942773249,0.173708357702266,0.4972338793086683,0.4662578284720822,0.3267867280714208,0.1874069964795321,0.0482741397213963,0.0443550279208463,0.2063132794733639,0.6448734052587288,0.6148204485216927,0.5364656221636005,0.3056093459375186,0.2168628787785622,0.2021541931101527,0.5337965812501128,1.704312475335256,1.592241797416411,1.087635552450018,0.5833596835505678,110.3,38071
RANSOM,2020,38,0.0940447582714784,0.0983630841940693,0.2408717219055125,0.6051071810482113,0.5629037116609616,0.2978175673406145,0.1385497457358543,0.0623402571048004,0.0798219371840539,0.3185505241895626,0.7913144512050233,0.7289412363628871,0.4249440922179003,0.1699179336769105,0.2410618729559299,0.2566851952377069,0.7722816639661311,2.09008559955051,1.937393447307439,0.9783117771564276,0.4020807985904058,183.4,38073
RANSOM,2021,38,0.1050100517189437,0.1056031160350952,0.361895840135636,0.6418700325597249,0.508784284888681,0.2766141600958415,0.1508317804846315,0.0835709452551923,0.0938529399794739,0.5036845366192564,0.7421156393395859,0.6748946793164289,0.4548105332201148,0.2207446009245703,0.2766949730727536,0.2788448847896799,1.206116602462777,2.219064962588779,1.737560057211695,0.8975692347382123,0.4425174177950053,138.6,38073
RENVILLE,2020,38,0.0793344640958062,0.0783771403374547,0.1897504683706991,0.4372327575353331,0.4617678461824159,0.2394538534887051,0.1436407840648229,0.0440969364137915,0.0551435877856422,0.2274904038103795,0.5886254492286856,0.6250850463694462,0.3104358888693259,0.1361264743944975,0.2053059924765904,0.2019179884946136,0.6048662181625035,1.500257611516542,1.589025562241685,0.7846935366758389,0.4380418515002324,112.2,38075
RENVILLE,2021,38,0.0945738466894301,0.095111811560775,0.180401347643494,0.533806616762487,0.4803136043485354,0.2940928740544512,0.193275103079315,0.042863219110129,0.0376921076554749,0.1755927550101665,0.6607505695919264,0.5539256787233504,0.4344786530768407,0.2530428907815487,0.2429528335497271,0.2448989540073268,0.5534739627436045,1.832096634822318,1.638559164064688,0.9648125618606928,0.600053866472651,81.5,38075
RICHLAND,2019,38,0.0558242842888869,0.1098716725186967,0.215330865878814,0.6140713604644672,0.6426453462095341,0.5229084615748645,0.2227860019050176,0.0383658347703478,0.0867808473959184,0.2819412569735516,0.7955320343767887,0.8266839675041711,0.7318387341926793,0.3862282690307962,0.0969545480345954,0.2922045536076172,0.673467810634482,2.116110997378435,2.219489978524014,1.786285667640806,0.7008570658404955,153.0,38077
RICHLAND,2020,38,0.0922529763470096,0.100805249696937,0.2725141000515481,0.6411855715064724,0.6012816153194267,0.3125694102682007,0.1396504265537066,0.0758517963776916,0.0975851630409727,0.3956874151347016,0.8430311102609069,0.7664216560472457,0.4340693352120293,0.1721618893728605,0.2282831774759638,0.259225146703608,0.8804678854257811,2.214321437930054,2.07000086739458,1.026257617859616,0.3997672527855935,187.6,38077
RICHLAND,2021,38,0.0953314611156197,0.1110840534795682,0.4476186180176751,0.6819951681449704,0.5511374858589068,0.2664687586870671,0.1184851560892581,0.0754108861562532,0.101755466684969,0.6331203899081284,0.7991944193637855,0.7384722046847277,0.4334317429116269,0.1707154706477976,0.2385607615079712,0.2958217559283166,1.513136464672732,2.361111853470939,1.88766854616761,0.8577378250027754,0.3223467410091928,149.1,38077
ROLETTE,2021,38,0.0800940851092581,0.0756084322064825,0.1310926332005774,0.3488663419191566,0.3387821119603167,0.2356945483961767,0.1425673872246434,0.0403477758022103,0.0496710325328447,0.1441949348171153,0.4441405159521826,0.4107082751979876,0.3720815633609451,0.1965791844991938,0.2091450581704035,0.2004794353129791,0.4012824225734814,1.189187925936321,1.150988510097057,0.7797327419218385,0.4426757756838781,48.8,38079
SARGENT,2019,38,0.0669386890981301,0.1021216963231923,0.1939844509167026,0.5661261817546248,0.5809021952068967,0.5032480385464857,0.2119265509583192,0.036264684495438,0.0634887358169589,0.255011484631372,0.7387134932332915,0.7568007981446176,0.6986241474551322,0.3743939475496823,0.1440900726527393,0.2706274538582712,0.6030403793569494,1.949456537917751,2.002916163453661,1.721963547340534,0.6678061817277634,156.3,38081
SARGENT,2020,38,0.0903928964776752,0.0923483715113094,0.2313703131882314,0.6006294360899749,0.5562433957551407,0.3288899267989295,0.1435788666274496,0.057305093894374,0.0728737079886501,0.318864796223005,0.7829676169424472,0.7039603849983611,0.4797565934078412,0.172475669543983,0.2287475245956779,0.2358236810041574,0.7388058582979445,2.074785853855844,1.914196514277138,1.091632309240836,0.4211768935404188,183.1,38081
SARGENT,2021,38,0.0973871799450221,0.103902197947782,0.3707073584910537,0.6415401385260677,0.4911154476596867,0.2274713909471212,0.1216484101963602,0.0723591739872179,0.0912481678258637,0.537159912748144,0.7674910147804024,0.6587198579089794,0.3756254926120854,0.1545800248744762,0.2493651965853345,0.2729432711288592,1.23824761289508,2.218122671006708,1.673886308950553,0.7200231950701239,0.3375153670955628,141.5,38081
SHERIDAN,2019,38,0.0799795610514276,0.0913864857154567,0.1384944900124069,0.4813820597438491,0.5570923799638097,0.4144538459208453,0.2235397278873735,0.0412786315943241,0.0494464761132996,0.1287464926250838,0.6505173949535572,0.71043226174915,0.6353301995229922,0.3497787939645678,0.196577904690028,0.2378079056247012,0.4084553917472302,1.648810111615049,1.921854164504003,1.406720689192866,0.7183892392886061,105.6,38083
SHERIDAN,2020,38,0.0867731571569945,0.0922919360663218,0.2120238578424006,0.4746365811494514,0.47282033233025,0.2010873332147528,0.1350101071660771,0.0522975109451574,0.0740237021892058,0.2731992744825781,0.633269901230743,0.6520069023601314,0.2798784093811246,0.1152342548935967,0.2277304305769472,0.2480659562578449,0.6813468727166262,1.631399231416527,1.624827299553783,0.6416982024791728,0.4026290983092049,111.2,38083
SLOPE,2019,38,0.0862393549593859,0.1362476213262465,0.1463225577092557,0.4546074083368075,0.5005320100391906,0.4025058865135232,0.2497524550027679,0.0383169346256819,0.0650949669563435,0.126783760625135,0.6241083661544105,0.6869089508926184,0.6118726236032175,0.292746035047851,0.2140361897085481,0.3949661461546105,0.4314135950002497,1.546791855558824,1.712946261868715,1.358298302058538,0.8014370537553364,84.2,38087
SLOPE,2020,38,0.0842395806977442,0.0971121460481108,0.1505541717747988,0.3637980173494248,0.3182420028278471,0.1773679599489599,0.1225473472374389,0.0383291652843005,0.041706161202277,0.1217974954993871,0.4842803258214636,0.4291533616755024,0.1928502104759938,0.089067676386037,0.2164605383729224,0.2628737019949865,0.4577376589881872,1.22774659422764,1.062925345081999,0.5532413720195515,0.3550539284365354,63.7,38087
SLOPE,2021,38,0.0798522554492912,0.0836074523425451,0.1234264115250188,0.2807753548410188,0.2531101806189728,0.1407993655373565,0.0989478435767613,0.0193408010208363,0.0222375875323496,0.0788446886737193,0.3384786491447805,0.3380595343203545,0.1648799448598863,0.0688451146978965,0.2017472058444256,0.2159506443816692,0.3593985025264096,0.9286869794436974,0.8285943791083313,0.4222538501430466,0.2708350436896132,43.5,38087
STARK,2020,38,0.0903160145566323,0.1069096627038412,0.1510978973866411,0.4163407036274388,0.4180160173523319,0.211263552637727,0.143535150348893,0.0519588160733222,0.0542804387426173,0.1217565283838607,0.5417588288544974,0.5631041150981044,0.2519863183180743,0.1140685171176976,0.2339353003773499,0.2939440258480835,0.453718906263975,1.413508544715108,1.419569829771771,0.6715392807521927,0.4265772924802958,66.3,38089
STARK,2021,38,0.0903382743450947,0.0986179004137773,0.153042599275795,0.4385142941064054,0.3910252278978782,0.18329870442071,0.1228178793484415,0.0256905312421237,0.0342888432652658,0.1177018157356308,0.5263061572196595,0.5029904575539383,0.238708367243806,0.0995911875595755,0.2317785754210381,0.2618116253541999,0.4586428230203108,1.491479644616388,1.319664203073935,0.5681096411335381,0.3492900160220732,83.1,38089
STEELE,2019,38,0.0832434065725228,0.1003290971783552,0.1785766977803263,0.601650381996992,0.6194859471195155,0.4865964455112732,0.2609707301349335,0.0779335329982267,0.0679636463124968,0.2142257509221642,0.7977267139763867,0.8004449769889459,0.6706008483679803,0.4480032608626761,0.1981126027422476,0.2598433156061312,0.54319701083447,2.073630847763705,2.138155117019923,1.656606731005814,0.8400120949963736,138.8,38091
STEELE,2020,38,0.0858426030965955,0.0887293003205087,0.2443265387686018,0.5764671880758361,0.6061616153341619,0.2864620090857245,0.146523761482778,0.068825937207622,0.0779645173589202,0.3727719275864148,0.7592678668046198,0.7376528535040563,0.3753623321367082,0.1559803870820386,0.2132300526078213,0.2236793855022489,0.7866336840133177,1.988320476077812,2.093445722316417,0.9390817384915788,0.4327851586641171,162.6,38091
STEELE,2021,38,0.0941919552751507,0.0883128580113176,0.2727237934352275,0.6094373033326462,0.4911188933352755,0.2832634305688046,0.1705764323840183,0.0688610563189294,0.0654689894449057,0.3836289356550944,0.7270540068431119,0.6567278033970742,0.4825206418339493,0.2679225199107395,0.2359524998952761,0.2153795658302385,0.8825342446824764,2.100764528852593,1.672689816441533,0.9206689097228512,0.5129812017384605,124.1,38091
STUTSMAN,2019,38,0.0853224744449846,0.1005048897426376,0.1370080545812847,0.5812538017738066,0.5787935535124393,0.5067219813243525,0.2566961790067971,0.0523870473447473,0.0631414220313622,0.1367362695321333,0.7712812075151406,0.775535721316591,0.7252554746809332,0.4482816119095646,0.207878807751458,0.2626933360810512,0.3947600277571023,2.002042882956919,1.993146860058933,1.733374778646012,0.8287823094483713,127.4,38093
STUTSMAN,2020,38,0.0849297295813752,0.089646077673713,0.219347289190207,0.4732829147019585,0.4790701645153807,0.2250756899897087,0.1432256990420131,0.0498062503040178,0.0690964210762665,0.3060585398690639,0.6654068150013618,0.651127450491467,0.3065629935199136,0.1399931983661854,0.2175288379363089,0.2341864042629776,0.703471737671235,1.622189752610216,1.643903651782669,0.724176013601301,0.4280427463525378,146.9,38093
STUTSMAN,2021,38,0.0901984650894707,0.0976135354176476,0.2507929351871753,0.5561960329849445,0.4452801077870884,0.2523744368689432,0.1414786140684534,0.0637132035221351,0.0653619110309502,0.3153547314214123,0.6550240268154455,0.6144996064358158,0.4243375824805218,0.2471869040012035,0.2291985487492824,0.2528009850255043,0.807007796044734,1.911961183192039,1.51066222668851,0.8127364772782952,0.4111299277915448,98.7,38093
TOWNER,2020,38,0.0616450781695495,0.0677077224949948,0.1858169936445577,0.4159426351276218,0.38805337997834,0.1720479109421606,0.1093537370545928,0.0352734941484948,0.0540668734469637,0.2491266556848537,0.5514168635785025,0.5404166498916624,0.238351340157036,0.0943289918174662,0.1506815167378401,0.1727590871674659,0.600078836048307,1.432673988884367,1.331770663754276,0.550262876781372,0.3234353556561532,79.1,38095
TOWNER,2021,38,0.0809422976061267,0.0785263047865544,0.1528708391095895,0.4713759714318235,0.4781582668299098,0.376146644835781,0.2383613260213693,0.0490267831397523,0.0442137703699515,0.1747167929755984,0.5986262471660126,0.6179481396263705,0.5723265986596522,0.3625504248366161,0.205117009791804,0.1948751911151606,0.4638634557678234,1.616215454804595,1.640754028454989,1.271675980080229,0.7731686966096978,89.4,38095
TRAILL,2020,38,0.0811938246968254,0.0885267057359475,0.202994401483127,0.5940012389923445,0.5828562456972113,0.2932001117494359,0.1460214257393625,0.079241203634246,0.0852181995153939,0.3255584385583411,0.7699595826459503,0.7211694235262286,0.379435323041038,0.1486342581332835,0.1953982546445979,0.2219294968695352,0.6360736631027232,2.050736089020373,2.010411765198311,0.9624378798263376,0.4299453938418907,174.0,38097
WALSH,2020,38,0.0672058030422598,0.0796434009796459,0.1889683572288353,0.5087878384195441,0.4836750727077074,0.264587009988033,0.1429672176025878,0.0564782070609209,0.0814455251091382,0.2818953369556526,0.6764645503475704,0.6531975181086034,0.3775612449750812,0.1534666342811239,0.1572090166819015,0.2022285355053246,0.5977612054966136,1.754887977791648,1.664009155933637,0.8713549312417818,0.4313345223912381,144.9,38099
WALSH,2021,38,0.0615443305859008,0.0716225547398637,0.2189542278084441,0.4852540283673616,0.4288530164410921,0.2424170834780719,0.146973594283879,0.0296878321231102,0.0476507818042553,0.307608884855473,0.6131210138191908,0.5735979235236999,0.4174338615056696,0.2090450141583574,0.1332697471576437,0.1673245207479695,0.7003746121320389,1.663847209049443,1.459789402686358,0.785265095079075,0.4399505511744854,93.5,38099
WARD,2019,38,0.0798174418057266,0.0958719514706607,0.1662798254419051,0.4899428562431042,0.5526591885206346,0.4319137762138018,0.3289457203284167,0.0393350433405117,0.054245009028305,0.1775945299739612,0.6627043178652194,0.7595661970314703,0.6507239498156534,0.5392891700256447,0.1930224551982866,0.2511085347049549,0.5058441714901576,1.676857152556627,1.903753740042208,1.466907941010607,1.093371676647896,92.4,38101
WARD,2020,38,0.0817109985777167,0.0903494202850421,0.2019891731343652,0.473341317271168,0.4688709280505377,0.2373902092788681,0.1431175709754815,0.0509740802108947,0.0685205634689859,0.2476475151008614,0.6203369022334735,0.6368175104135183,0.3100024079653365,0.1279612766768113,0.2108223937790595,0.2422179296374079,0.6461284177930116,1.627884868100014,1.61171099989977,0.7742133428092396,0.4331353540022211,121.0,38101
WARD,2021,38,0.0856844265501328,0.0866444262228065,0.1493629390479036,0.403206066316504,0.3891270857271727,0.2193496491476083,0.1424964031392004,0.0376171643574605,0.0326365929340208,0.1365836267201971,0.4898845775173268,0.4573975144185547,0.3264737370113807,0.1620766624558043,0.2203141261085909,0.2239096139212291,0.4508244687024831,1.369231528217496,1.318294531761074,0.7040399392566012,0.4259848951981795,58.5,38101
WELLS,2020,38,0.0976744296433225,0.0937100920875802,0.2606497031641415,0.5419595115732166,0.5471790152943001,0.2646231302973652,0.162480812913128,0.0644780683176964,0.0783520387614481,0.3717074090724672,0.7129607702148251,0.7389073303568517,0.3678326435716483,0.1384396179172923,0.2569865461819204,0.2428146924187068,0.8468025220950246,1.864582029272255,1.883466193735144,0.8611790018162312,0.4916280975200596,121.8,38103
WELLS,2021,38,0.1042663231885207,0.1047595481464025,0.2163910235810147,0.5352571374917156,0.4262215883170434,0.3007497972328261,0.1879867126367942,0.0704201596689107,0.065127616202535,0.2487199898399311,0.6504773613262418,0.5857481254416997,0.4854486665961825,0.2968488455704679,0.2757583890861511,0.2767091953878962,0.6805910655652785,1.834249086625575,1.439758416506388,0.9858016912482228,0.5778248511797829,84.2,38103
WILLIAMS,2021,38,0.067129657237412,0.0711347563399823,0.1463509695629383,0.3321610116219867,0.3238256440319728,0.1592709270315562,0.1056456486662273,0.0208304246777032,0.025154131881684,0.1472657854628865,0.4080401384583114,0.397854429630511,0.2060601612231083,0.1132203024988793,0.1693183697688648,0.1840802710891053,0.4559218784794581,1.128202556853621,1.098043666908422,0.5026880071212543,0.3086717499954937,58.0,38105
ADAMS,2020,39,0.2692598214093974,0.1375515715967067,0.2195170262406918,0.4453840472877808,0.4866009574345077,0.4273651959352472,0.2598004932959331,0.328768542022065,0.124222736921029,0.2663043092794899,0.5759699653578189,0.6472820474749478,0.5557399828102454,0.4321332660222461,0.8950058593644052,0.4141304570433415,0.7377234678144864,1.52760471684283,1.677671860614766,1.462432936057267,0.8561905779361623,172.5,39001
ADAMS,2022,39,0.2766877397449295,0.1850892457295353,0.2859788779255103,0.491282744250987,0.4877977752059524,0.3333211847870176,0.1719427831240281,0.3425792331067305,0.1926738902218087,0.3486722852299411,0.537989805423555,0.6228627301753344,0.4634792240404539,0.249630837642312,0.9197629364486622,0.5882200647505526,0.9530684722837526,1.698672707168706,1.685880857863897,1.124239579252932,0.5404324106678748,171.3,39001
ALLEN,2020,39,0.1406886887581493,0.1426808432126763,0.3272376566204368,0.4751654179315879,0.5007443115846821,0.2987352017843809,0.1611304285205829,0.0957755711449692,0.0792264530872299,0.3967430042084838,0.6133165737548624,0.6710217565985516,0.4431945935827088,0.2293032712934844,0.4108862653784347,0.4180772156849816,1.085805703680048,1.621008410619562,1.713553268595486,0.982684309338007,0.4848302396695749,169.9,39003
ALLEN,2022,39,0.156285962020563,0.1436555061639865,0.2707844780855021,0.5891676893957626,0.6477184366056101,0.5131830544519885,0.2867297562726088,0.1209223861444463,0.0882479882069496,0.2714316128127797,0.6914598969244997,0.7400616803602093,0.6893010902237144,0.4166808139021946,0.4651932125190049,0.4194110473466102,0.8795771553955989,2.031528277347096,2.243318609941629,1.756630149052789,0.937225858988602,194.9,39003
ASHLAND,2019,39,0.1932691041181453,0.1522283034349213,0.2135793588073376,0.4770344822525629,0.4672712272774434,0.3444478395199766,0.1753229878996327,0.2094472319808897,0.1354560735943098,0.2288449241280005,0.5590890932395122,0.6236161430037485,0.4821635957414267,0.280038127358982,0.6139925602444529,0.4653914882222532,0.6873748140818854,1.640910177616648,1.606675124031699,1.161215573004879,0.5493270809259442,145.7,39005
ASHLAND,2020,39,0.1822204669730143,0.143241981203309,0.2861570900950192,0.41972101114791,0.455776001664692,0.3710566221074058,0.2097503482025205,0.208158244270994,0.1222264128793659,0.3129343677723011,0.5417196222748523,0.5853288757274473,0.5115084059645515,0.3235805509903183,0.5739671506879956,0.4317311807887721,0.9484343965890146,1.432032973290263,1.562479855477466,1.255965562820739,0.6719679428000281,142.6,39005
ASHLAND,2021,39,0.2261763567302237,0.161644032306061,0.4843195106729134,0.5482151307481734,0.5311439992657256,0.3515772822815144,0.1902290459418046,0.2309047724789794,0.1353956671896084,0.5318753335088945,0.6803961140457078,0.6776385569515333,0.5143039758476584,0.3141076515545641,0.7292088900639412,0.4957162029551599,1.663805058408206,1.894308799030849,1.832581955716452,1.182857624127312,0.5991070325272108,178.3,39005
ASHTABULA,2019,39,0.0848602866383179,0.1016336269958867,0.1350893620373044,0.4972426898028643,0.4953555190411235,0.4132383544265837,0.2251102033676582,0.0675244257418962,0.0767225893896593,0.1498930194790147,0.576508096127357,0.6138016802292182,0.5706317657365549,0.3646326571107292,0.2645364920961765,0.2853169455529062,0.4061446473179323,1.717203226796387,1.709585588719344,1.412476381437933,0.7318437687624175,170.4,39007
ASHTABULA,2021,39,0.16061469720893,0.1085177139721832,0.2741593819874461,0.5791918641382863,0.5319490577481831,0.3358291783407865,0.1363447192625329,0.1737529497300085,0.1147973674798056,0.2894250841567405,0.5983203565471221,0.6556823601668315,0.4595615346565831,0.2539180645204626,0.49339748941506,0.3233415256111481,0.9083675657523922,2.009647280254522,1.836880740493238,1.1388493233567,0.432620050444141,172.0,39007
AUGLAIZE,2019,39,0.1244441490906174,0.1377155832263152,0.1138289901109968,0.4399120299165981,0.5966728283047342,0.4649634492904679,0.2381758443738841,0.0852432891129626,0.0972896658196893,0.0643912504453386,0.5057426081382833,0.7351998229077642,0.6107517146372058,0.3905017742814742,0.3535446147357433,0.4012899256253858,0.3147062014483588,1.494474831811264,2.061835241442281,1.585110580926023,0.7645950140813558,160.9,39011
AUGLAIZE,2020,39,0.1420732625575264,0.1467936678968673,0.3210255969103789,0.4835253490601853,0.4900651572233904,0.2401189537772178,0.1389006833674629,0.0881470363270319,0.089006086668586,0.3916028147438222,0.6181992211101165,0.6682848735606164,0.3619515814994422,0.1901522516499639,0.4164028931143431,0.4333222745191304,1.063691926694522,1.651622932205554,1.675280868937037,0.7709755048687874,0.4047646253202797,172.8,39011
AUGLAIZE,2021,39,0.1266148698080898,0.1402039743598797,0.3677133574069385,0.6625096293549753,0.5993410876266595,0.2738087266311647,0.1276866622876952,0.0678356937352371,0.075546306124587,0.4130098990946057,0.7742213892139715,0.7367299320238351,0.4108773249629449,0.1746969307981507,0.3586859729139556,0.4053220869970886,1.228673253393056,2.295245459719585,2.066797943052449,0.8889251627282843,0.3602565965486022,197.2,39011
AUGLAIZE,2022,39,0.15189821027393,0.1326766746838235,0.3091919320386881,0.5993140233065114,0.6334009442767433,0.494244781561281,0.2586554529617283,0.1050993595405964,0.0735981432319753,0.332300404319376,0.7123206058674733,0.7356461644802772,0.6558462968820817,0.3679334878169506,0.4492477777083821,0.3796705026792384,1.018500329588262,2.068245422850683,2.191801086905145,1.688220886859929,0.8355675122553814,197.2,39011
BROWN,2022,39,0.2387719002000067,0.1628031196098248,0.318207084164079,0.5369663495533269,0.5390772027669374,0.39436671632606,0.1902161338291583,0.2727684502466589,0.1648722722203387,0.3784817023384899,0.5816758218927008,0.669683606797121,0.5247932976084554,0.2588337794811411,0.7776178933943394,0.5026876962031568,1.064942047411394,1.85945005549026,1.864462780394373,1.340465674800331,0.6015915960037491,182.7,39015
BUTLER,2020,39,0.1606714857640819,0.1479908721901668,0.1916020926549044,0.5195165440913517,0.4942778576751633,0.2596429552199905,0.1387280753018862,0.1639171347288477,0.115754133381336,0.1897331279303876,0.6453315210178893,0.6475308521217713,0.3418428068007033,0.1673262298309701,0.4906174214165728,0.4460677879534965,0.6029604400318987,1.78901512094241,1.69760627803012,0.8486974474831831,0.4112274119394831,167.2,39017
BUTLER,2022,39,0.1925857224973162,0.1481778649240831,0.342728505521361,0.5467011561088565,0.5393625810165085,0.3504812744470345,0.2042691166959904,0.1998053084293477,0.1297611369572997,0.3843588468575784,0.6509663075191798,0.6636818040791577,0.4793837179115883,0.2770017034329697,0.6057737989823329,0.445116261791937,1.1497404926815,1.888193715691004,1.861481477389831,1.177748587854167,0.648130466749445,168.3,39017
CHAMPAIGN,2019,39,0.1283440378056872,0.1516532916000157,0.1682494256219832,0.5100118796991018,0.5177952294996088,0.2658310486038325,0.1453389940460053,0.0776363631864192,0.122286983296165,0.206575869850646,0.6318707897185507,0.6942613946422117,0.3911954036778159,0.2272617269041519,0.3672583512958542,0.4483230335932985,0.5081108033497231,1.744563669645716,1.773613849813482,0.8611169196150167,0.425315171707312,148.1,39021
CHAMPAIGN,2020,39,0.1502651014557904,0.1487906237769034,0.3545993546812552,0.4747122859036158,0.5442587378516193,0.3461398923622968,0.1779794612080124,0.1286734777488203,0.1058838442696692,0.4040556593274611,0.6263905852053451,0.7119114299286446,0.4730965943610605,0.2536458896004861,0.4436822057469382,0.4383430838765418,1.183380400212845,1.61754306256826,1.869344167187649,1.152350193623825,0.5442011225318776,168.7,39021
CHAMPAIGN,2022,39,0.1508278516558483,0.1516630947098857,0.3938377830083547,0.6268737870943917,0.6412662632597286,0.3905736899744038,0.1906244085508647,0.1187022275343423,0.1193200442011199,0.4793125713939156,0.7947847718655833,0.7686384377665395,0.5161052779335915,0.238632335103534,0.4425297676198036,0.4454725847340468,1.321825000899923,2.165179072841131,2.217449472172429,1.311440950607097,0.5873890460686335,195.7,39021
CLARK,2022,39,0.173405801000133,0.1742759415046504,0.3838720655320992,0.6364099689321995,0.6468150807457944,0.4155796051177101,0.2034528599936888,0.1547173886197008,0.1516544138587178,0.4592117277542254,0.7898179435726458,0.777793614338831,0.5577846460207935,0.2465538404444372,0.5247780087044408,0.5277942748903808,1.28641740503933,2.200431040689747,2.238154456110708,1.401991164757788,0.6338347930739792,200.9,39023
CLERMONT,2022,39,0.1858977182336556,0.1576044094560278,0.3577782496896289,0.5908160368621586,0.569364755009165,0.3950099928319281,0.1968094765095013,0.1841510018423696,0.1534447181805605,0.403817310171648,0.6188451550275375,0.6810218144859453,0.5302303347291838,0.2421818091184922,0.5829441212583327,0.4804703741132657,1.205135190169072,2.049484621427081,1.971204023742718,1.339709791827658,0.6217420597784818,176.5,39025
CLINTON,2022,39,0.164742892134299,0.1452224047447151,0.349118858008222,0.6084672469854008,0.679994652729065,0.5036117391222874,0.2415195351063709,0.1401156450176621,0.1156618905530902,0.4010160054952643,0.6706296542093785,0.7646618777890577,0.6100795104185666,0.3121087304271628,0.494001444846563,0.4233145997517893,1.16112988989395,2.101733249838587,2.359706420322154,1.721520848673199,0.7722756010508294,196.2,39027
COLUMBIANA,2019,39,0.1620204087303004,0.1311263183424375,0.1831521535965603,0.4686351111222752,0.475022601652338,0.2395874159529554,0.1145675110307596,0.1757478445616933,0.1323715028538163,0.2149961071194249,0.5368971951565588,0.5912452575691716,0.3437791541835199,0.1775297600199146,0.5100657032708427,0.3977766888453415,0.5860080751502214,1.619382837113578,1.63800372809347,0.7901868003952623,0.3378698821925934,133.7,39029
COSHOCTON,2019,39,0.1952458754007301,0.1605077891913984,0.2834714503139385,0.4842134863801071,0.5131358367144476,0.2768757058780748,0.12551167898904,0.212342304426402,0.1536150322766154,0.347873049276784,0.580647661349627,0.6136089490908735,0.4072913419964055,0.1937716417000531,0.6228656124514957,0.5049647453659123,0.9427228680477432,1.668250966238801,1.772828918113807,0.9180601096894948,0.3704261502093617,147.4,39031
COSHOCTON,2020,39,0.1837517114978727,0.1600528191614778,0.3657754899811494,0.4790518971850742,0.5108516995996508,0.367997013391466,0.1990245587160065,0.1981433232771096,0.1498186935223691,0.4428013613064776,0.609041450186639,0.6386594003757757,0.521303616981629,0.3102023833503375,0.5800975345567844,0.4937630123915266,1.238064616829655,1.647899700907685,1.762953037283561,1.246104586508618,0.6347628421504852,161.8,39031
COSHOCTON,2021,39,0.1992790715534985,0.1415523109471315,0.2738933556284799,0.523355998517237,0.4805928429589479,0.3687371528088881,0.1990546866934505,0.2079093411952289,0.1236286758897115,0.3461420773804603,0.5765328853923328,0.609441773696687,0.5325828234274631,0.3486128125705178,0.6369865382856297,0.4281284169957985,0.9069132756892992,1.810985595640802,1.656101625071027,1.250082562196367,0.6361677435136154,182.8,39031
COSHOCTON,2022,39,0.1859252416188799,0.1634277627000932,0.2884141642636177,0.5075312290966327,0.5341149394880209,0.4366423871984259,0.2562833297991965,0.1944479673437323,0.1610371551317406,0.3529753165476222,0.5839143267575229,0.6315212538966326,0.5259366992371293,0.3776259546298238,0.5892065007920023,0.5076096863850709,0.9601856689567464,1.752687942640655,1.848912166709263,1.497040268302451,0.8436838766778529,165.6,39031
CRAWFORD,2022,39,0.1485811723435783,0.1329547221845147,0.3632874125199917,0.6372536297017135,0.644726663508159,0.4754672694254724,0.2077154872172558,0.1031101227808745,0.0874547633625634,0.4148015309138306,0.7380151775536745,0.7811576902999362,0.604324544486116,0.2942662133831183,0.4352572518142863,0.3786862898316255,1.212174004252969,2.203392348004059,2.230443350591062,1.619846561648293,0.6492147507108398,210.1,39033
DARKE,2019,39,0.147893568251144,0.1551409012974477,0.1623785429324846,0.4534030750638368,0.5979490806769149,0.4359790805224045,0.1701955912163918,0.1159803543457455,0.1226465356892614,0.1177693343206221,0.5279279268405134,0.7437625874341766,0.5639529732415817,0.2631745081050795,0.4353591467932231,0.4623700979203055,0.4877143837928659,1.540675050644036,2.064283402078476,1.478288946103725,0.5160073814424917,160.6,39037
DARKE,2020,39,0.1343334856111149,0.1603446858799293,0.3317982108196874,0.5720593376101539,0.5726004959950227,0.3261939827922724,0.1543645570694478,0.0960630580220742,0.0982839755785691,0.40196641724213,0.7228120547429376,0.7542033644484223,0.4810961105148381,0.2214884014370466,0.3856982243784135,0.4796376382029002,1.099964426730957,1.969719265377362,1.971179746730925,1.079680954549723,0.4580021196982174,195.8,39037
DARKE,2021,39,0.1252188529283667,0.1422896976006717,0.4204099586576179,0.6651615068609251,0.5879953994149475,0.2820686364567147,0.1440540671222736,0.0648764231522588,0.0765256363265202,0.5184686693144451,0.7895698847095451,0.7211495168952108,0.422183898381252,0.1965200449486729,0.3510863414922708,0.4131633805325302,1.41866025043166,2.304172899782638,2.024984187245702,0.9181409696257692,0.4188047110466272,184.7,39037
DARKE,2022,39,0.1582588815262925,0.1353419682179671,0.3286030983632106,0.6031086681455002,0.6183502331329336,0.3764529665996342,0.1940393368741785,0.1188321415096054,0.0813172249596799,0.3579401298475214,0.7480687499334578,0.7307341306976668,0.5129061506915654,0.2403190461630109,0.4707553394518152,0.3877954970245951,1.087213819944032,2.080539849644507,2.135568136055009,1.260184844213379,0.6001910393577939,194.2,39037
DEFIANCE,2019,39,0.1141754048506672,0.1270449261840947,0.1355292198907236,0.3791383370400372,0.5892696169122473,0.5358428918342792,0.3935507833117058,0.0892849986778455,0.0979924489254663,0.1056966928643377,0.4429441349985036,0.7149564723814801,0.6792677934672403,0.5274074979323344,0.3211006431946731,0.3675097443211804,0.3982857530228713,1.279613750073588,2.039814401688187,1.846511369565689,1.33261929013709,160.0,39039
DEFIANCE,2020,39,0.1330412994789433,0.1180400702005741,0.2433867838940081,0.3971202315427053,0.4145494107662495,0.2637042449553032,0.1275465587824914,0.078404754166679,0.0549926319731608,0.2694277845030588,0.4950530578670324,0.5648954602352527,0.3783072770761591,0.1563227948556088,0.3903116007692134,0.336353894553552,0.7898586602105604,1.345127796575909,1.409127597096642,0.8633696575485947,0.3707512786193964,136.0,39039
DEFIANCE,2022,39,0.1339848747414196,0.1344513329084946,0.2531292816815118,0.5879297706929281,0.6370644920625157,0.5299903952174041,0.2434686609095605,0.0928435820968659,0.0803380264411341,0.243123692613918,0.7104443417556056,0.7497515009906703,0.6629390429612421,0.3457565718650945,0.3856579606678442,0.3873406340902648,0.8170899739229628,2.029077450670717,2.20658046423926,1.818853111582049,0.7821582865169703,185.1,39039
DELAWARE,2022,39,0.1503061337970555,0.1422726200121945,0.3155125511753571,0.5590510621888166,0.5741474792248736,0.3290335202737077,0.1690355337904815,0.1263607473778919,0.1279574499213003,0.3677052938887752,0.6872602499485313,0.6935770318588269,0.4733223103146178,0.2171819882775099,0.4493151477828973,0.4203185779021474,1.047869614813395,1.929036330342036,1.984164215280339,1.096336476586299,0.5174257397166527,185.8,39041
ERIE,2020,39,0.1335306233446422,0.119155932498605,0.0589776954848714,0.4541664618773424,0.4643183279773208,0.3685895738679403,0.0878087110924298,0.1278967184952649,0.0765251521789321,0.0816102173522101,0.6102553974475136,0.6195660571107268,0.4839805730414236,0.1642949705532796,0.3893795734899686,0.3371865703608769,0.1858105055503146,1.549278158696909,1.586008195410727,1.239662233938193,0.2899708254737007,164.6,39043
ERIE,2022,39,0.1449923815528753,0.1553312238068708,0.3654320082848258,0.5909100176133717,0.5883364800228733,0.420101367462482,0.19550091330384,0.1265021821689758,0.1244092117651593,0.4593597150856974,0.6527585570382463,0.7286443645495887,0.5436288902333533,0.2841559624076085,0.4292612210206588,0.4666638285220366,1.227254961555763,2.044938798942312,2.034632571692695,1.429715505143358,0.6119940913009512,187.2,39043
FAIRFIELD,2019,39,0.1980305261626268,0.1591932609328991,0.241118970907011,0.5790132862670708,0.5962245489785556,0.3126701087153568,0.1325267266991946,0.2157984910287096,0.1047260267270183,0.3043720495036022,0.7071721983679817,0.7224772237401473,0.4395327667601377,0.1926505459057636,0.6198547251924138,0.4831340837737415,0.7757053239871219,1.998294517933376,2.06038345374525,1.034508759953597,0.3827609284456564,173.4,39045
FAIRFIELD,2020,39,0.1740330047592658,0.1426473072470727,0.3315416815135599,0.5363795784213371,0.5897582981068283,0.4597455551326883,0.2324034049433041,0.1987236218062362,0.0997903382103398,0.3688276529326761,0.7087494409674594,0.7346405278567293,0.622377210710067,0.3431958587419013,0.5318597935221927,0.4183050095943898,1.101943220959802,1.842829569622276,2.036438462425739,1.56559887001524,0.7430440778172157,181.2,39045
FAIRFIELD,2022,39,0.1992714488476369,0.1592372616410603,0.3426835050214873,0.5994407646800259,0.6285418789141053,0.4271764630030706,0.2421388895804504,0.1962389475954161,0.1502745827181429,0.407570310001863,0.7081575363030579,0.7384076923277642,0.5578225923241736,0.3426074292323089,0.6230282968366485,0.4781509973207966,1.142014662337193,2.071146009318838,2.176644243314417,1.448298318106448,0.7781257242749567,190.4,39045
FAYETTE,2020,39,0.1363697620143001,0.1320495183398011,0.4162200155024307,0.5235138108682083,0.6028888227986121,0.3856173723660205,0.1905891957216436,0.1358555266439798,0.0753469830005747,0.4537419587948901,0.6984706250855034,0.7539974064140053,0.5196030790974194,0.2628892060496555,0.3895036059196477,0.3734380998500827,1.406137265771039,1.789758143958841,2.079151374962672,1.290847904451856,0.5852378606662313,180.9,39047
FAYETTE,2022,39,0.1580242791392214,0.1547511031758394,0.3098737869125713,0.6188952893581159,0.6426789462860625,0.4451002493463378,0.2106584068121599,0.1364622538202753,0.1340597206452958,0.3423893236636363,0.6844095045172801,0.7805668383662083,0.5738575024239846,0.2615355773963798,0.4674046761691575,0.455556064347998,1.01684180952827,2.136616527066898,2.22188023487925,1.506680176331879,0.6579554090563638,181.5,39047
FRANKLIN,2022,39,0.1535583152421466,0.150328199161329,0.2368069465996742,0.4594572287108175,0.524217954411825,0.3744148242546837,0.1918793074403371,0.142434902852955,0.1404005652629261,0.2537631717034732,0.553738844080739,0.6272166379535021,0.4977142611030478,0.2602796572308241,0.470763362846656,0.4593308881001334,0.7733641813974397,1.580186946351395,1.81509610830077,1.269874320293567,0.6098231727145056,185.8,39049
FULTON,2019,39,0.1244783844553193,0.1362880107872936,0.1641667656646005,0.4884683426875341,0.6152972109553663,0.5251121369562599,0.2716019506107232,0.1140446999617645,0.1341391045734394,0.1575903806431808,0.5847431659216313,0.7525655975797755,0.7019757712874597,0.4392372660023499,0.3529343635350059,0.3976396926451343,0.4965266802480572,1.669850014923296,2.128717080723641,1.802425636570439,0.8854916551061961,176.6,39051
FULTON,2020,39,0.1411786403861256,0.1312098433960664,0.3161119515857336,0.4451259954794986,0.514404522491814,0.3541937541245549,0.1726929428251079,0.1061838254538819,0.093887651208547,0.3881460032621439,0.5749770781646744,0.6955147798342993,0.492525755884966,0.2596434598116004,0.4119640807359117,0.3758973878620112,1.044872220475812,1.51176869211258,1.762294573281167,1.182652013328408,0.5259821454770751,164.2,39051
FULTON,2022,39,0.144703281768602,0.1366395580394304,0.3524028237453012,0.6647723919828041,0.6482277899072469,0.5016184707708256,0.214923639985282,0.1056965567624793,0.0892416945266915,0.4122495980238365,0.7788071827487268,0.7780354105207973,0.6399299485131483,0.3064706063150306,0.4217922760246267,0.3925613894952552,1.173634472102249,2.303939225377412,2.243924252172943,1.713049567501158,0.6759117592680329,200.3,39051
GALLIA,2019,39,0.2071799020351279,0.2063720134741177,0.2747745661607744,0.4564099650112831,0.4123970534839074,0.2193689033287977,0.1138020334881234,0.2456130079882175,0.2561673078002594,0.3529966329811214,0.5373190855616016,0.5091558301645608,0.3263268607616642,0.15405999057821,0.6767415699403427,0.6685080996460999,0.9212990647469322,1.578452465892607,1.419212587370861,0.7208353946437438,0.338900441537282,150.0,39053
GALLIA,2020,39,0.1707267643126377,0.1514501670892892,0.2252450041812491,0.3143143800937369,0.4355404268406903,0.3510431511488683,0.1789663184336267,0.2005391999579857,0.1525743351168176,0.2621550223695101,0.3953579859389734,0.5402958293953836,0.4798470646738565,0.2972148546153361,0.5428253104029584,0.4766565018750766,0.7436437004538697,1.06589912326965,1.50448524131745,1.19878551563079,0.5762115348670461,161.5,39053
GALLIA,2021,39,0.2181544355831172,0.132578141471661,0.2974448197723955,0.4708531910944357,0.3948539622525979,0.2694209989450973,0.1399828176721761,0.2531402877861377,0.1284928314157319,0.3843873134364016,0.4745261336084149,0.5013739411018668,0.3990984713600346,0.2301540486963715,0.7183764995064366,0.4087635221010268,1.004883133626504,1.632634594712499,1.357755940440853,0.903875553445616,0.4400496666444953,166.8,39053
GREENE,2022,39,0.1684877526287969,0.1648871781533749,0.4168340986725363,0.6742384400065891,0.671587416516608,0.4348892698375137,0.1960994840241672,0.1507771628843662,0.1372126379612502,0.4954084142138099,0.7417766125733566,0.7662569639396299,0.5792039307291773,0.2457354664910649,0.5071923851343325,0.4940889890817618,1.405872912133934,2.339229942399508,2.329056399113234,1.47178665273484,0.6078228927994872,190.5,39057
HAMILTON,2020,39,0.1928172029867546,0.1195895030679077,0.148619219490397,0.5521109473454219,0.5403077469952224,0.3270840645549463,0.1683032389775425,0.2220013524345091,0.0806834932525278,0.1109808814695295,0.6857561312643492,0.6919230833495786,0.4539185915250822,0.2302333267996376,0.6041871375365826,0.3429095664272445,0.4442241989714612,1.904435395688758,1.86171683076087,1.090285578224272,0.5158228038850716,180.1,39061
HANCOCK,2020,39,0.1478877844152548,0.1298701103569195,0.3256321049451172,0.4588328816663042,0.505130190844501,0.3949702792467138,0.197191984556183,0.1021232996887293,0.0634291975616161,0.3903305180877317,0.6141119959419791,0.6772012492991435,0.5604799840989056,0.299415784921272,0.4362776552779501,0.3710508447792827,1.079361720741578,1.561240565649249,1.728744723060454,1.330181588273084,0.6142665306567425,171.2,39063
HANCOCK,2022,39,0.1518526984667932,0.1363745970624656,0.2816670378400454,0.5803553546151606,0.6270892432556637,0.4922301996899267,0.2179540962577783,0.1097387649219234,0.0867049388926443,0.2863317284632437,0.6837935712120503,0.7488795985125062,0.6191232552352479,0.3092258260354887,0.4494381865336887,0.3934016491724626,0.9192159229831668,2.000252118332996,2.169122379581363,1.682639529804375,0.688653533452165,189.9,39063
HARDIN,2019,39,0.1052513165277259,0.1319766413510928,0.1074178152152573,0.3551453982908802,0.5480474368861862,0.4549142855405921,0.246089445824214,0.0804961492988711,0.0993552596099042,0.1097581863030641,0.429691231988519,0.7108832106368151,0.630957119946737,0.3913039318784681,0.2877086778646895,0.3821924988022265,0.2928043781353551,1.188666269121344,1.886809183611142,1.549654338569473,0.7941262432928207,138.1,39065
HARDIN,2020,39,0.1583974445638169,0.1312944170373945,0.2751961082781693,0.3969862237552917,0.4886584517911346,0.4096151679440532,0.2063391629543335,0.1086164039825671,0.0791906437502527,0.3225324693202129,0.5419537793956528,0.6482488567154595,0.5559435104627871,0.3012960995014666,0.4765283975460769,0.3787157167597287,0.900552855997593,1.339713353241792,1.67138060648316,1.385577360458603,0.6532021093205854,159.7,39065
HARDIN,2021,39,0.0873079163672188,0.1456234040547341,0.2210852998800555,0.6682747339141205,0.5760363924956248,0.2731853925774922,0.1280469893724947,0.0439398973333042,0.1056269427957068,0.1951370525074877,0.7421342366304862,0.7251964378755841,0.3927887364237088,0.1647313706464115,0.2505278524938577,0.4259678492324821,0.6983442132593319,2.314804308309919,1.982343604833384,0.8852644138997774,0.3601557497343003,191.5,39065
HARDIN,2022,39,0.1521651423160612,0.1463749499254216,0.2923343170998703,0.5948300191524998,0.628664392465206,0.5213370441263468,0.2390615878613183,0.1147148787115353,0.1079065200358306,0.320932060568372,0.6724491333717623,0.7716624146585499,0.6141893725894437,0.3283175598578905,0.448683841811079,0.4277187351739317,0.9557956027004484,2.05165092501971,2.17282916311572,1.787914741222185,0.763503377573789,191.6,39065
HENRY,2020,39,0.1342668034691046,0.1438020254170001,0.3507708538869408,0.4844651579436945,0.4744526486764542,0.2813353239888208,0.1325889894477745,0.0808314460516879,0.0882677763280064,0.4406525354320968,0.6324646607051604,0.6504752456907467,0.4196963920563684,0.1675060670827797,0.3867245081713789,0.4212221627675612,1.170035881190286,1.653764235225341,1.617517005539904,0.9188185248200368,0.380654338179794,158.0,39069
HENRY,2022,39,0.1429150172986078,0.1366554955131992,0.3319708885614019,0.6444731160064893,0.6426132664342018,0.4806168850615984,0.2027257562161237,0.0977977692174873,0.0811157573926555,0.3646243136732962,0.746992276951945,0.7688772743721767,0.6235034485425379,0.2888271315844247,0.416132585629517,0.3934482452364439,1.100261908561983,2.230833270625201,2.224175767374454,1.638060188065674,0.6325494634591865,201.3,39069
HIGHLAND,2022,39,0.2451333618069104,0.1635711429807596,0.2937632502250875,0.5292032535677778,0.5616156315879001,0.4557622544502727,0.2179889737296454,0.2822993097206986,0.1611369544856516,0.320263515571673,0.5843991200299201,0.6928299708629031,0.5647111688148495,0.2927430411871199,0.7964951270481483,0.501292100966474,0.9724383042841512,1.826508169290757,1.942184804190189,1.558645126893148,0.6980978815614778,188.2,39071
HOLMES,2019,39,0.2079375348373917,0.1708845123964826,0.2175996552602633,0.4464739966093285,0.4559861610976039,0.2993502581001875,0.1606271318989362,0.2404413519293156,0.162803307189406,0.2547972503668964,0.5261049081007301,0.5577856029269294,0.4181593841936628,0.2436807712451725,0.6752576541166225,0.538806679406155,0.7100091561514544,1.538017232802171,1.572680485027086,1.005753304115322,0.5038553433203672,146.5,39075
HOLMES,2020,39,0.2467933748323511,0.1625079501515126,0.2893171345477076,0.4276639325520936,0.4567916073189716,0.3318841582500825,0.2027177442427122,0.2813667035053082,0.1627788677885919,0.3345779054915437,0.538488883101947,0.5687718474201958,0.4482560505973705,0.3036241325607382,0.8152578172639424,0.5095734988512968,0.9683580368854826,1.468907684491231,1.574291051040543,1.122376288709532,0.6550522028308701,147.6,39075
HOLMES,2021,39,0.2543646255664278,0.1567035806172926,0.3167528916635438,0.4909588301515999,0.4756135753346985,0.3488026131942185,0.2007099095362807,0.2739704329222887,0.1467899039177545,0.3709519217917552,0.5750601185683345,0.5872370479978456,0.4833230049110944,0.3171219173274537,0.8404220123770717,0.4870481174210085,1.066145951470541,1.695953032920176,1.640971664156716,1.182109037967741,0.6463115808393897,176.2,39075
HOLMES,2022,39,0.2330963867964783,0.1803171432910635,0.2441528145040962,0.46102673681765,0.4922004621462684,0.4230056465762505,0.2415501220379762,0.2670600558174779,0.1772107271947756,0.2862907765406613,0.5183818607638461,0.588524622649018,0.5041405377544516,0.3440534310114861,0.7653363372979571,0.5741814510783838,0.8054398341692366,1.590060077907278,1.702910536200111,1.452683630794163,0.795889319984692,158.2,39075
HURON,2022,39,0.1664730874629516,0.1393378547593884,0.3066013210473959,0.5628210019454825,0.6055524241118749,0.4440528999834795,0.2119116093649079,0.1471611297913198,0.1048111169886543,0.3430316500268447,0.64109531884234,0.736773613978862,0.5579617490904353,0.302473197807883,0.5055947254315659,0.4073773555755444,1.012698445802515,1.94012910557466,2.094259144053593,1.513215338854839,0.6699989462442053,181.3,39077
JACKSON,2022,39,0.2291678704825825,0.1642232025831161,0.3172779107686952,0.5015668814905268,0.4838608689288091,0.3168625467060529,0.1580135952196049,0.2561938699992343,0.1541956143878114,0.3866651137616566,0.5571871518518962,0.5700031491031623,0.421171470646319,0.2188547850330199,0.7531521950904303,0.5180976180602646,1.071940273235848,1.738774647306945,1.6745789923764,1.070383380127269,0.4954531294178685,155.6,39079
KNOX,2019,39,0.2195224993788458,0.1715074020667114,0.2168042032744214,0.5434329451295665,0.5480418315365098,0.314033334730412,0.1346148174632125,0.2363084261047005,0.1569692612281603,0.2653812317908481,0.6472518149606333,0.6259625753019282,0.4545114856562782,0.2075633585871348,0.7062232250378979,0.5325296658215882,0.6946193062799527,1.875360318754861,1.895391894767133,1.045022642154064,0.3958941621674401,165.4,39083
KNOX,2020,39,0.227194644817825,0.165999354214623,0.3762552033507934,0.5363606615934705,0.5604336097041093,0.3804802134422648,0.2126417256817118,0.2607076044002726,0.1468980805889327,0.4472434624169013,0.6774810125486052,0.6930801027598646,0.5346047772486628,0.3537480741802838,0.7295624162484571,0.5080912440472517,1.270972118149505,1.848055479275089,1.935694537853158,1.284077108236397,0.6768407757804672,165.9,39083
KNOX,2021,39,0.2521515776262539,0.2173564881063669,0.5314589725639159,0.5891010221539655,0.5263130206528904,0.3769257726060621,0.1811217394548019,0.2731634323037361,0.1927960674883336,0.6396397337286783,0.672495091675319,0.6795026126967102,0.5535737375958835,0.2996770884563207,0.8227135622277332,0.6971020014202737,1.83413844058796,2.040003246759531,1.812683407802206,1.271455635836874,0.5630360966983441,185.6,39083
KNOX,2022,39,0.2306323485924372,0.1898824681328146,0.3600265402551404,0.589334239705039,0.6053454919198435,0.4409868148164129,0.2275018222716708,0.2596599203187661,0.1825107212199488,0.4497023495625654,0.6979928065443524,0.7066783622185667,0.5672301567033485,0.3363389715046651,0.7414105806636258,0.5939805911631698,1.210282708901581,2.039519818663929,2.098041411756724,1.503872164554447,0.7304844437597076,184.3,39083
LICKING,2020,39,0.1750960838373761,0.1443949470162775,0.3146599372861987,0.5171717939909529,0.564816988366715,0.4467914343301285,0.2566461672284043,0.1847306656744513,0.1076875597899586,0.3338113223747013,0.6861303698566833,0.7089132139461432,0.603375972173512,0.4006537534356607,0.5391344464298565,0.4279724218769591,1.046231632435986,1.77668170859064,1.949321278980235,1.522026731094909,0.8341010231205629,172.7,39089
LICKING,2021,39,0.1832814289509446,0.161516910775026,0.5401196818008006,0.5939332954876824,0.5519937299272992,0.3914859617829671,0.1777437162438513,0.1817413575626361,0.1169248104655085,0.6410712969285474,0.675376627086047,0.7202920914259726,0.57167596834701,0.2965308333833651,0.5699559737100488,0.4916645481235523,1.862456924547318,2.055482235032491,1.902149544624706,1.321369018656279,0.5480465372223655,179.8,39089
LICKING,2022,39,0.1851862315224069,0.1640921016763693,0.3314490854805488,0.5747854723677612,0.5999739365924428,0.4204868601347138,0.2448693677196832,0.1876933343116159,0.1564783645246299,0.3954933728883306,0.6679432413516821,0.7119966000397723,0.5600172758903391,0.3479157205153484,0.5762433170654416,0.4998176451740607,1.106130878924354,1.986294142003538,2.07857720739326,1.428709923279673,0.7925790554373687,181.9,39089
LOGAN,2019,39,0.1325971577836988,0.1507519098433064,0.1282526362660443,0.4010521361524495,0.5044152163556549,0.3206689353911062,0.1615388683888646,0.0638050390938541,0.1262017663003429,0.1265231220610924,0.4839774203087042,0.6658321792594312,0.4548493846717559,0.2633924739049613,0.3809440610704171,0.4513512708227503,0.3697754887895975,1.356766176289408,1.731436656102226,1.065937574958707,0.4903642362440181,131.9,39091
LOGAN,2020,39,0.1635724441268453,0.1416240883766961,0.2973342915323357,0.4384722209955948,0.5368886806239684,0.4141629683299022,0.2191522350641933,0.1231179372793135,0.0939963064881943,0.344829165230806,0.577800341523901,0.7013443373772482,0.5515099829823978,0.3323598831241607,0.4962034776211191,0.4167889536418729,0.9745504414602352,1.490817990001528,1.846915185243469,1.402836953737203,0.6965501686800236,174.6,39091
LOGAN,2021,39,0.1386660014785024,0.1652032731248311,0.4525542844891469,0.6473412189568165,0.5645088829010623,0.3261318604252536,0.1628090311370381,0.0774040775884405,0.1070245806829173,0.5214156289154873,0.7440465982816465,0.717601236449334,0.4816458450581615,0.2432284662978431,0.3989505262182695,0.4968725277354103,1.537856406881702,2.241286960805744,1.941511324902609,1.079056265908175,0.4881585346463757,200.5,39091
LOGAN,2022,39,0.1572259527578264,0.1541988218988037,0.2935730441312899,0.5786597786639432,0.6198924534439744,0.4738302783723244,0.2296688882836705,0.1183987813699167,0.1196740297994705,0.3258348762140541,0.7184298131227494,0.7428460213732008,0.5836825723566307,0.313897650631101,0.4688727185389482,0.4578823468533255,0.9622494085279536,1.993824090826602,2.143348757866759,1.616846833895806,0.7317140009965063,182.1,39091
LORAIN,2020,39,0.1241302893602655,0.1078838412120524,0.1695888171176261,0.3581178533823916,0.4804237109096085,0.4673284419701686,0.322620837707477,0.1105755353716816,0.0608367446543845,0.1324148729081806,0.4646843149248044,0.6312768126459937,0.6128181169816079,0.4777587397584328,0.3587559814186525,0.3010559553845378,0.5275216270424165,1.206406213688653,1.648909769246813,1.60153145505252,1.080963573538506,165.6,39093
LORAIN,2021,39,0.1263988072322708,0.1273077110713955,0.4914398650031271,0.5585140687121106,0.5382003023464509,0.365249053891413,0.1988538709264245,0.0966102589747409,0.0781012785852948,0.5648621191184614,0.6667294349833432,0.6874969552532877,0.5392986554707361,0.3302284819083932,0.3685260187376407,0.3693391691300942,1.689241276392139,1.929494616877814,1.856097173070555,1.230259122504116,0.6282549150654757,179.3,39093
LORAIN,2022,39,0.1656074091513754,0.1389046588945883,0.2685124689294427,0.5181002738139641,0.5554871362428488,0.4633165582570042,0.2484601020081738,0.1482722937345193,0.1038073701950386,0.2964037823069673,0.6045989371572712,0.669320349555633,0.5489054617927441,0.3674515539315908,0.5103774667326196,0.4136381015812171,0.8833229485834283,1.787430599043931,1.922272517798935,1.591416569825655,0.8105145076021697,181.7,39093
LUCAS,2019,39,0.1133107652079967,0.1270377661363976,0.1409500408295121,0.4968501283193391,0.5976451688959321,0.4992588915038178,0.2506059195404672,0.1116875864964265,0.1143510942867446,0.1429941912803229,0.6136661395247023,0.7392579558133119,0.6688486542189558,0.4035613593392989,0.3143401335157945,0.3640975694573835,0.413524802792236,1.701992327078447,2.066613105865869,1.710705404143204,0.8107476842733958,182.6,39095
LUCAS,2020,39,0.1231479398707862,0.1419805537952725,0.3479132006378905,0.4858430413762439,0.5039754980176622,0.2933280896038894,0.1411848198605202,0.0915119922642918,0.1214174237402072,0.4378898779497266,0.6190992851206177,0.6637473011351122,0.4123385250043539,0.2098794281019814,0.3504116313467506,0.4180329584338292,1.163042051470544,1.662103036379018,1.727692586647084,0.9655704776439064,0.4151066391285869,170.9,39095
LUCAS,2022,39,0.1336614695908407,0.1334251870570531,0.3625842032686687,0.6289332268860442,0.6061771875453767,0.4411130843799502,0.1823144444454661,0.1003274872343387,0.093723736558879,0.4389106729261906,0.730272207414955,0.7293638335931978,0.5855615415818765,0.2624310098682095,0.3876065895412493,0.3862366076296557,1.21857864398341,2.184506908411926,2.102930710160043,1.50029187901712,0.565262975122192,194.2,39095
MADISON,2020,39,0.1329691646578625,0.1233392918844366,0.3621396473893006,0.4973304114260501,0.5616807691061078,0.3279553461410004,0.1568659629279608,0.108095271300515,0.0707011752984497,0.4119923325700805,0.6730596732420748,0.7082695287572798,0.457936036068956,0.2346352699070702,0.3794895472263805,0.3446387580820338,1.215936462179864,1.697741317398304,1.930794187668115,1.084940181060099,0.4659413895497961,172.4,39097
MADISON,2022,39,0.1466395971556961,0.146057859049451,0.3507657333158032,0.6324932245367871,0.6360402950981129,0.3343206596996116,0.1745766753528115,0.1171871867103241,0.110531027752819,0.4282785917620302,0.758946606829252,0.7775382189234293,0.4430529905310496,0.2013336877020622,0.4267842036766948,0.4246440188372674,1.165416444655491,2.186137597163204,2.19849613058116,1.107962778030772,0.5280044904263629,187.8,39097
MAHONING,2019,39,0.1375474921747167,0.117310143725905,0.1670457697546437,0.4456181573080358,0.480884057729245,0.2951235354098191,0.1446284369854213,0.1369161502248708,0.118371074913516,0.186846932608433,0.5077652523085614,0.5991656039152619,0.4199922536064405,0.2266851374562991,0.4208767616829536,0.3458881165465879,0.5258328847870123,1.534793714612264,1.658844378636755,0.9892044272252074,0.4447281800530861,134.8,39099
MARION,2019,39,0.0896762945523794,0.1314180655982083,0.1235764780766953,0.4851428059871047,0.5684950389954267,0.3661560781895332,0.161734491634012,0.0507576373617602,0.095147675345504,0.1381521046178455,0.6042743583606421,0.7331249703186755,0.5259312919605855,0.2684900286164126,0.2378155660439002,0.3796029707466083,0.3527736285078112,1.657238652736358,1.958602642559522,1.22674284903895,0.4873155137119304,164.4,39101
MARION,2020,39,0.1306940552589101,0.1400005474884956,0.3942258281654368,0.491373847771675,0.5650464270259572,0.4489462393259799,0.2578306602673414,0.0826779296110561,0.0893783394406504,0.46571879997538,0.6451048562319603,0.7069065736675176,0.6088859408788142,0.3878375948386383,0.3754331605052146,0.4082585165625412,1.327580259886126,1.679533283172832,1.945769069698854,1.526028406127152,0.8384289708974596,177.3,39101
MARION,2022,39,0.1510488648595919,0.1415198115978555,0.375788476590366,0.6273084765962958,0.6270862967576937,0.405898648694687,0.1840700511004246,0.1128836621063962,0.1124581030223518,0.4582070512625644,0.7258604943578321,0.7543367048018487,0.5154913251805104,0.2389677719270022,0.4464603944473466,0.4119623643702508,1.259706968276807,2.170250199391714,2.169409858949676,1.370873165907324,0.5659376486623501,197.5,39101
MEDINA,2019,39,0.1481143430423801,0.1355935846611527,0.1611942140905495,0.401498512786856,0.4785129168975804,0.3326177106200046,0.1756385159048244,0.1576408185522073,0.1120477042328425,0.1684595359718208,0.4739990764655293,0.6006079185987507,0.467126185827199,0.2766152020953873,0.4553461697113337,0.4099420671844182,0.5025742415867397,1.371995121561508,1.650632898213242,1.12277928314929,0.5548444082287636,172.6,39103
MEDINA,2020,39,0.1403127653909661,0.1243123216538929,0.1976023886368503,0.3642128617494561,0.4645863418656678,0.4132049393949882,0.2440220512518565,0.1238314545055554,0.1031852711552143,0.1884065838092746,0.4819647185463075,0.593619499972904,0.5503292804669239,0.3808555196292192,0.4209983461440564,0.3672645197804676,0.6324315295441116,1.235225931529419,1.598376450948736,1.412479389879052,0.8003756989580402,155.9,39103
MEDINA,2021,39,0.1564709662566027,0.1184072159717701,0.4119685381836152,0.5048588729513217,0.5005347538058508,0.3222098405581438,0.1778875998598253,0.158323745080395,0.0856003966785875,0.5024474765348191,0.6031525871018482,0.6048987810749145,0.4752072316752381,0.2923823196128748,0.4822275729244171,0.34373571584716,1.406747907398673,1.742833959411616,1.727113622073906,1.081876549404156,0.559737430190672,172.7,39103
MEDINA,2022,39,0.1816431323996194,0.1520493417349355,0.2319258476287663,0.4883449313864792,0.5047307311581993,0.4420068634171644,0.2399736378208236,0.1898531876254214,0.1308151524048758,0.2629908437536182,0.5518118636511166,0.6197631903576928,0.507342978067829,0.3481884154504625,0.5738427357195739,0.466651050664951,0.7560361499634021,1.684115648757109,1.743068034597302,1.517133979176268,0.7850750501833905,172.8,39103
MERCER,2019,39,0.148997247654777,0.1640828719863283,0.1415971085660775,0.4503687116370091,0.6322471216649188,0.5221614633532007,0.2210798228476596,0.1306561708906158,0.1398579084870315,0.0929488890700456,0.511456724930666,0.7696884619293209,0.6558522892885837,0.3432694037066644,0.4388828322668364,0.4936822547325351,0.4119877519126435,1.529122375524694,2.187277352725873,1.788889078630572,0.6995578873029217,176.7,39107
MERCER,2020,39,0.1570649217364386,0.1614354465642421,0.3312603303913816,0.5600524538591231,0.5316622901814353,0.2653929058849792,0.1485393647800165,0.0970460333680252,0.1048878601036105,0.3957390110624872,0.6935016035399495,0.7040750443288097,0.3934921064898299,0.1962975910723063,0.4682540447979592,0.4839688490858149,1.098407522555069,1.92626178368289,1.823454231613728,0.8600915694040483,0.43731548751142,185.2,39107
MERCER,2021,39,0.1620345689129058,0.1670198881735278,0.3941964595370651,0.6742776973096961,0.6025234809945961,0.2995904789992668,0.1508466291259484,0.1120344666597348,0.1071029038190388,0.4557223339568311,0.7934930850180509,0.7570188547760206,0.4315652542410398,0.1997368529078826,0.4847291451557901,0.5014541795188789,1.32341019706616,2.336742960210608,2.07714102375547,0.9811269650829804,0.4429734017045089,200.4,39107
MERCER,2022,39,0.172728737168796,0.1390526010421771,0.2944275547934785,0.626111993459987,0.6467242102437966,0.4458082594097228,0.2280461635934341,0.1359488784088509,0.0792907452036587,0.3140030309608527,0.7408416565337294,0.7429387174927444,0.5912138706209252,0.3060377434793295,0.5231974611408811,0.4010947900787299,0.963564168871643,2.163906369473326,2.238432249888706,1.511017193015639,0.7232208140268035,190.3,39107
MIAMI,2019,39,0.1430625939585672,0.1480823587924534,0.1596805415915867,0.4955928480675173,0.5565456491619584,0.3540958683513254,0.1467947757136755,0.0995111509417837,0.120116863370287,0.1390825244525477,0.5933064573658211,0.715091256076196,0.4786948538029067,0.2261807511231411,0.4188336689137684,0.4381623583516367,0.4789344684194812,1.694265289069381,1.915464251973072,1.18233452928551,0.432317626863831,151.6,39109
MIAMI,2020,39,0.150726524791642,0.1643101717696835,0.3556596581825301,0.5512268121557068,0.5637356914847975,0.3241397109296092,0.1470469002709526,0.1233506512931631,0.1127328470613821,0.42990958585552,0.6890193764757347,0.7426586717668283,0.4698165535587876,0.2079352472307003,0.4460042403562139,0.4950699017878363,1.187256428978962,1.895000986299916,1.940189815190582,1.073333992355424,0.4326728591184574,190.1,39109
MIAMI,2022,39,0.1532420298213536,0.1515712079653078,0.3856346108175122,0.6155158983310476,0.6297869838767419,0.3604686211321827,0.1880994669281399,0.1197197919391759,0.1123657437126245,0.4421640220827901,0.7634706406843299,0.7285286710896418,0.4994591324802718,0.2357996436311447,0.453067843887439,0.4470164368919047,1.294186543180513,2.126252620912735,2.177859849262616,1.202980181616729,0.5794687442980349,176.9,39109
MONTGOMERY,2019,39,0.1650968143923963,0.159316286419294,0.2172342581477858,0.545520300028051,0.5363586342757959,0.2912312046470523,0.131400104383873,0.1462441781750587,0.1268932200816638,0.2058273303108364,0.6481675689333954,0.6881042905511501,0.4020723766678211,0.1852025959846618,0.5006002595072626,0.4814649301908512,0.6895024445005833,1.87740753171911,1.844787361186817,0.9572215415687152,0.3789426220780293,167.2,39113
MORROW,2022,39,0.1600244728606821,0.1529054881245645,0.3365259438971723,0.5767142363317752,0.6146109474568642,0.3944285172186947,0.2013560474691884,0.1395488918956682,0.1359400975785665,0.3956423858397844,0.7041766819055079,0.7179369339112007,0.5445859876095067,0.287890850704467,0.4832002236745586,0.457372974730369,1.121866365354567,1.99095368669204,2.128344468801138,1.331905149949633,0.6327053712700806,181.0,39117
MUSKINGUM,2019,39,0.2197658425335925,0.152998363506628,0.2975430896413492,0.5105810832034994,0.513044250052221,0.3004656008181143,0.1285704684300319,0.2488026402571284,0.1198233072103741,0.3742359919100519,0.6048033390471748,0.6150427107046765,0.4373737297886133,0.1997651797182332,0.7115090925783093,0.4672922410630781,0.992201204009752,1.76365255596899,1.772498330350656,1.003418312039418,0.381501842840932,179.4,39119
MUSKINGUM,2020,39,0.2075068323253664,0.1614462559771466,0.3320465982905055,0.4535858707164903,0.4992712547061383,0.3905993307532175,0.2208634775938762,0.2447672522018157,0.1557532025046824,0.4036763908156474,0.5770815247188564,0.6153025156011367,0.5375349922277122,0.3512508898142842,0.6685932791910033,0.5019425256867385,1.119170830258856,1.558903378963947,1.724193572063025,1.331017962038732,0.7169141906464248,168.1,39119
MUSKINGUM,2021,39,0.2221755542659386,0.1567031823233426,0.277919499415795,0.531068795060765,0.4855618426639097,0.3973135283683834,0.2100521731961483,0.242564140792447,0.1431728855157706,0.3598688369768349,0.5802105942340224,0.5987412970845518,0.5537420391969594,0.3623174867198535,0.7211035201488519,0.48434160395524,0.9229075449529148,1.839057865526447,1.675582067287216,1.35476360033145,0.6772544044935682,187.0,39119
MUSKINGUM,2022,39,0.2082367279336716,0.1732588980386981,0.2976687370282443,0.530879482038785,0.5410517920195074,0.4258355588509117,0.2586770713966115,0.2285381224862079,0.1724736215128593,0.3638663755341048,0.6170138412219254,0.6320759544700546,0.5382269634535106,0.3846859091305357,0.6694371381713122,0.5424416992447346,0.9928590874128784,1.83652815948476,1.873349570182802,1.457543130387615,0.8515984121224398,168.8,39119
OTTAWA,2020,39,0.1717917546275931,0.1167027576895914,0.2507369590772418,0.441721551071616,0.5092167499076219,0.3558901308495981,0.1719943776155552,0.1309585054899466,0.061093323189112,0.278455262786638,0.5688137584127773,0.6598818037524725,0.48068651404091,0.2771327151006218,0.5275815942727905,0.3283208569605553,0.8139304225875267,1.504919100972613,1.749078572215398,1.194342864463432,0.5290043663442413,166.7,39123
OTTAWA,2022,39,0.1773021923616451,0.1441402647894676,0.280196816482529,0.5473582410723671,0.566842941710618,0.4156235517538771,0.1896595024515376,0.1613350780638384,0.0979029390440782,0.311380668265523,0.6016667367556487,0.7116708895738343,0.522856794335741,0.2571364118934564,0.5490434173684551,0.4290209018536513,0.921610960406607,1.889015662781048,1.959145956446016,1.414679404841004,0.5941205752954163,185.9,39123
PAULDING,2020,39,0.1264696992532516,0.1179003395969375,0.2523231931149212,0.4482141080895655,0.4669551796917294,0.2832110771249412,0.132761194282117,0.0573545525089441,0.0441762046495792,0.2742615873581633,0.5631857101945476,0.6412155474027029,0.4040495327533293,0.1567126349209451,0.362105810036734,0.3296793493663132,0.8160259040617007,1.524784661612911,1.592565299967629,0.9277791325021768,0.3834514607556321,149.1,39125
PAULDING,2022,39,0.1342641772970151,0.1378151637776042,0.2393776314927612,0.5870253908267875,0.6304391900352824,0.5335635210299817,0.2563802951429977,0.0809167681407527,0.0766033197103587,0.221503998495986,0.7127338837605012,0.7752622723919813,0.7004229077679786,0.347706462614449,0.3838844851224902,0.3968308053017786,0.7644398254798576,2.022433474192361,2.179796865788876,1.828798052924642,0.8258910031884855,195.7,39125
PERRY,2020,39,0.2120227544080436,0.169306614289177,0.267223526997728,0.4808751129394014,0.5355458385055779,0.4413128216822767,0.2295713131454001,0.2648298526646622,0.1541183265245275,0.2813886578783268,0.6351301618264642,0.6592579844749604,0.5914389683145093,0.3800543622368051,0.6781234737503049,0.5237948836488971,0.8780565868434134,1.65105028758555,1.848847797663014,1.507920993328056,0.7418331399308389,166.9,39127
PERRY,2021,39,0.2206842550032018,0.1929180148406104,0.4685126712776467,0.5302763073407147,0.5045856910655837,0.3874221658903283,0.1752345755129233,0.2469921354523286,0.1732498804053267,0.5741532391186521,0.6219401541234246,0.6524805928168904,0.5530333002465664,0.3024834041044745,0.7116935726828216,0.6117383943268648,1.607947072942793,1.833260142908212,1.738849184218772,1.314959406115627,0.5472653001320968,189.0,39127
PICKAWAY,2019,39,0.2434244161563813,0.1457436549961367,0.2218987721763857,0.5672951909415399,0.5167470726180438,0.2219037779325276,0.132112535611428,0.2766065257950691,0.1034797507178156,0.2486769018895546,0.7199829931325539,0.6941392620807133,0.3249294265557942,0.1852921710392567,0.7976921763734226,0.4316235123914407,0.7025708252477735,1.952409361947246,1.770530995798885,0.7025792155824452,0.3777201974537339,162.9,39129
PICKAWAY,2020,39,0.1636136258043194,0.1266037082033035,0.3754024600558658,0.4957884886831999,0.5808002637456466,0.3632697159849292,0.1836162790350929,0.1837263745101289,0.0770951410684385,0.4289756998651783,0.6784879492783539,0.7563552473344788,0.5040907357786931,0.2437922915086374,0.4908482434248527,0.3570045411117984,1.260301523625391,1.692722426066952,2.000584512811598,1.213432881542391,0.5632876249204997,170.7,39129
PICKAWAY,2021,39,0.2434390790432883,0.1639687174788602,0.5691018014254444,0.659562205435817,0.5331623536458288,0.2954057714158531,0.1475336183151718,0.2711749543572601,0.1687963899046549,0.6328350416752535,0.8049384037586571,0.7215229623974265,0.4452367689953952,0.2247207848342891,0.796453833797125,0.5048136433732832,1.958362180963711,2.284210491401019,1.826749443200769,0.9665477647745851,0.431546339661452,195.8,39129
PICKAWAY,2022,39,0.1829473322331744,0.1495015512779989,0.3397324052469272,0.6078372826726314,0.6163766735882742,0.3937972480870998,0.2043109728034779,0.1691409843053227,0.1352088242755605,0.3904829071679309,0.6856235314524828,0.7454214306863515,0.5513106488577689,0.2571928955717836,0.5606259224040467,0.439652714764435,1.128191814748884,2.100219252504394,2.130417569719136,1.323941601781999,0.6381218942669216,182.9,39129
PIKE,2019,39,0.2390695814203351,0.164250181963429,0.3208195728642466,0.5437190718588787,0.4937985870451246,0.2387688723279272,0.1356297129802671,0.2688372042255784,0.1663916192985566,0.4246494112499249,0.6783945474283126,0.6709660300849685,0.3644332989570026,0.2071245456687691,0.7810986556755737,0.5109543316415954,1.067522618948179,1.874974140872176,1.693479168401817,0.7706461787233242,0.3974900802337991,148.1,39131
PIKE,2021,39,0.2786297544822684,0.168121795528554,0.4638948736439697,0.5877003130438831,0.5331277393039794,0.3618046642307836,0.1916350321378198,0.3335369957863849,0.1467891292425254,0.5241914136764214,0.7370512205725664,0.6828089832020331,0.5343273166313688,0.3272749247079564,0.922263387627461,0.5220325576481778,1.595092433634475,2.03288983596215,1.835289122821443,1.215461637213742,0.5997806521727183,195.1,39131
PIKE,2022,39,0.2214245173611239,0.1803831421556388,0.363037376026382,0.5621380126576273,0.5465916470804316,0.3428993629301934,0.1780416297701482,0.2494913023924893,0.1757140141760475,0.4281784531030612,0.6052752333851324,0.6695539411440649,0.4761612249072353,0.2481476039953734,0.7118216416372567,0.5634122398757796,1.224003741270254,1.94670263142699,1.889238005838476,1.151260037042525,0.5629413678613162,173.7,39131
PORTAGE,2019,39,0.138755303002959,0.1148850887926658,0.173270353320031,0.4141311639006388,0.4518723990974793,0.3064349432347171,0.1708891133182304,0.1457391665961162,0.106884632764261,0.197352592935808,0.511588627688635,0.5699198691802582,0.4474240275894814,0.2804295238432924,0.4254889707806815,0.3386044257398499,0.5498442766877035,1.421462678098496,1.55801900593203,1.031621196597678,0.54123107435357,145.8,39133
PORTAGE,2021,39,0.1677781793198772,0.1154434666219278,0.4378499092674097,0.5305779427754839,0.5020036407061561,0.3479587715732591,0.217278591434373,0.1738136901145349,0.1037852117525269,0.5288276967131399,0.6188093765389516,0.6356607439687112,0.5142346667151945,0.3650458366421692,0.5225621800445261,0.3329944570742681,1.499403814699023,1.836206528543804,1.73181711062819,1.175137676304848,0.7026134395771699,169.2,39133
PREBLE,2019,39,0.1832566572020542,0.1548533677774766,0.2865686871616184,0.5543149173794736,0.5785085363678755,0.3818567225480855,0.1460767116069233,0.1778424955878743,0.1184209113962509,0.2911579931116804,0.6577656668756028,0.7343842029694861,0.5141065837430351,0.2067134562151445,0.5626525323557098,0.4608381478441956,0.9365100393781374,1.905232345421108,1.993843016308686,1.281667058930931,0.4281084616102398,179.6,39135
PREBLE,2020,39,0.1461590487748948,0.1727246196846562,0.3198711612618594,0.5847522012095637,0.5657249212145202,0.288478366448887,0.1374868199959224,0.1128245975841497,0.1129072211965358,0.3736439461729658,0.7377497862325041,0.7576140119678191,0.3973501696101638,0.1696183943132261,0.4289609354835495,0.5251088629611699,1.057278936308297,2.016109985510397,1.946787764033425,0.943709728891338,0.3974223138245221,196.9,39135
PREBLE,2021,39,0.1463507894646029,0.1539205124586088,0.4039139639637852,0.6521129121795948,0.5724467888874081,0.2836849993514591,0.1367892322464942,0.1054720452534181,0.0980699520662644,0.491637327699616,0.7876339244154554,0.7279927088280602,0.4389738690210927,0.2011780618714346,0.4302133852609113,0.4569739417853753,1.360156531692612,2.258148400325791,1.969914537975336,0.9251749768126156,0.3937497919314469,187.5,39135
PREBLE,2022,39,0.1764987503330881,0.1457632662411802,0.3627891983016465,0.5915282651608276,0.5826015610444083,0.3815249668695842,0.1972281647576843,0.1540400748964862,0.0995339568905549,0.3915571531719106,0.7445921648609573,0.7152353157530994,0.5271791205043064,0.2525474222131888,0.5376114387087144,0.4263753341548102,1.211662207111276,2.039660379551878,2.006931711374949,1.279398627757636,0.6126091340852624,178.5,39135
PUTNAM,2019,39,0.1095261686714794,0.1201534241847861,0.1185197553784079,0.4693006969258566,0.6274209667492935,0.5293555500311682,0.2940226046811909,0.0689877608700585,0.0729977893797096,0.0723469202386993,0.5713406813451583,0.7551848576555327,0.6770719980797781,0.4702299367749273,0.2990617284509682,0.3375164672363757,0.3315866142117958,1.60072643972684,2.172890612069979,1.81800308413063,0.9665706883255034,169.5,39137
PUTNAM,2020,39,0.1263294896058766,0.1350433688319357,0.3300443845766785,0.4977976030316922,0.4989598715082132,0.3067591711628047,0.1382868902723653,0.0625418079257274,0.0705277704321244,0.3997249545943508,0.6595748928809799,0.6722300822549176,0.4579430749359686,0.1834964582768221,0.3588579438797143,0.3903816169838891,1.095897551807867,1.702828689811104,1.707034833341746,1.011652699492086,0.4021199872304624,169.7,39137
PUTNAM,2022,39,0.1420130330064072,0.1311144346213726,0.2767199273107683,0.5924071722387407,0.6334249548790657,0.4876918451523301,0.2432124284324353,0.0977880855012721,0.0714806293157342,0.2820231236223672,0.7017786766878977,0.7391426901048215,0.651226574269248,0.3454530123998318,0.4146569393625506,0.3751992294454829,0.902198439207154,2.044247471050656,2.192651394205799,1.665448061862738,0.7808673806598536,186.8,39137
RICHLAND,2019,39,0.2113495970552224,0.1657604063966502,0.1945158699639282,0.5193507502145759,0.5084228604520297,0.3216171161868586,0.1594401055965498,0.2281997256141951,0.1562189923326497,0.2265051973863427,0.6363621773103048,0.669947745220151,0.4708299265795463,0.2638427259680144,0.6840233126251424,0.5180603672527804,0.6222490988072626,1.789015839063195,1.750340653455928,1.073631722917067,0.4870524425316748,163.0,39139
RICHLAND,2020,39,0.1574622466302641,0.1286438183859429,0.3227259782389222,0.4147738857633173,0.4501110167892772,0.3741624634339086,0.2139739448232603,0.14955994938959,0.0837933421657382,0.3884582092367186,0.556740786570273,0.5812279098878304,0.5267588388776052,0.3524635404928012,0.4806937003650187,0.3753398043793369,1.086974252384183,1.410560354224362,1.538462749312983,1.263630513282854,0.6950568908491613,168.2,39139
RICHLAND,2022,39,0.1745722256133713,0.1434890676063788,0.3154095660929655,0.5439086666727309,0.5685381694138025,0.4473855400490397,0.2057382555304694,0.1633385142533872,0.1281897058350164,0.3643470312046333,0.6443746931013438,0.7097732002209947,0.5332694941093675,0.3021352147378136,0.5391554107333778,0.4265878161622781,1.048944834850787,1.875641125512259,1.964733399023612,1.531148541439307,0.6519662505990763,189.8,39139
ROSS,2019,39,0.1660428172615184,0.1793718645460716,0.2855979771730978,0.5649166415520133,0.5166061588082539,0.227821494680099,0.1278296022388385,0.1609470967962515,0.1624000510597637,0.3546017124183211,0.7118325556292738,0.6899316416321213,0.3449984586649831,0.1946800610188347,0.509650325595545,0.5569463205726531,0.9375578634042762,1.948324821854454,1.774194099500543,0.7285183008144162,0.3667614787401157,174.5,39141
ROSS,2021,39,0.1477551537731546,0.152324139311372,0.516317691639006,0.6228155541847992,0.5390208077782647,0.3285310125281069,0.1658019083171979,0.1188409854939599,0.0988255608816987,0.5938452423684056,0.759209855426586,0.7059937398096628,0.4909920309864682,0.2713449928175049,0.4404310311788211,0.4589575325083634,1.772568981471778,2.156271083797187,1.85220691145925,1.09065757144193,0.5018951277335464,187.1,39141
ROSS,2022,39,0.2040823701310047,0.1529703363415865,0.3398152016738364,0.5985917977534079,0.5946545803363152,0.4010039007311272,0.2061387966185038,0.2098438754909627,0.1450506579288044,0.3952956032748386,0.6663209040286825,0.7246677345758064,0.5320484285654792,0.2749772534595147,0.6416691356649985,0.4567192143428724,1.132771662881956,2.071400357273736,2.055707699527918,1.355159550541401,0.6494427488641906,180.2,39141
SANDUSKY,2019,39,0.1140240942425322,0.1275274110262007,0.1246417809101241,0.5054592396188925,0.6010854921568196,0.4461115602664615,0.2146407103195739,0.0855045099076279,0.0834616357243826,0.1162612474660067,0.6114411707279843,0.7506456463956949,0.6235364979388824,0.3583720362976493,0.3173485396045553,0.3645752868322864,0.3547645500205174,1.730404065318572,2.076519241979013,1.515701794052175,0.6783503692931562,180.6,39143
SANDUSKY,2020,39,0.1453507077031395,0.1306422874825377,0.3418068386311867,0.4655140837170625,0.4399238321481227,0.317229180147879,0.1448320588000385,0.1066736557096511,0.0818440239573691,0.438267623654903,0.6176354981164726,0.5875567160584233,0.4270703017263019,0.2139513958423889,0.4296190029111359,0.3749933567954774,1.139505967420346,1.586562127646459,1.493977094166295,1.050066098967358,0.426764803245429,151.5,39143
SANDUSKY,2022,39,0.1515122269177777,0.1474483389512177,0.3542720884422143,0.6229415487226967,0.6052765321615339,0.4410085422530015,0.190853028740521,0.1222535097921857,0.108064085012415,0.4243960704090648,0.6858386570944676,0.7527454741125029,0.5375961250472114,0.27534590151435,0.4500173336044409,0.4352407397016757,1.183732899720307,2.156146545565946,2.091882663312691,1.499830511836642,0.5922634166229873,196.5,39143
SCIOTO,2019,39,0.2278984017608647,0.1617091198332595,0.3011408491331664,0.5077544930386027,0.4639143454213661,0.2438002800618551,0.1249794609781934,0.2633814657935754,0.1761842306573793,0.4047852923758529,0.6163460722645158,0.6046078225656472,0.3770481819445376,0.179378186003595,0.74790279580791,0.5095105886651591,1.00516714472813,1.752672913533856,1.593553865140834,0.7977013787539814,0.3668912205291587,157.8,39145
SCIOTO,2020,39,0.2032796701470608,0.1297077466618778,0.2814551915532239,0.4164693546036445,0.5265399669475361,0.4485805694080941,0.2445902174334926,0.2593140901325276,0.1094434606100506,0.3210849121165482,0.5273901545259073,0.6320011781777377,0.5928136004035821,0.3861257781719257,0.6561414733537458,0.3854690502598746,0.9355415903972262,1.422969967950088,1.823576493644773,1.539158523412324,0.8011261551965416,157.6,39145
SCIOTO,2021,39,0.2611621837924249,0.1459390014089211,0.3100878550183821,0.5707761534005187,0.5199854650846659,0.3664731907200094,0.1908235337670085,0.312086425822464,0.129940383326929,0.3642252750708056,0.6749768742748706,0.6585912782047462,0.5343514816131177,0.3257073480017776,0.8622473437156382,0.4453843697748922,1.042493196867935,1.976863050510518,1.79314221527362,1.237733823841743,0.6004562185721756,180.0,39145
SENECA,2019,39,0.1010453380850048,0.1284810413687615,0.1241943567584794,0.4654025553577067,0.5639182821507053,0.4100175145791153,0.2035256992178706,0.0774929560181027,0.0951413091489978,0.1349661860838427,0.5514578355061898,0.7227124964161555,0.5697210084463185,0.3400531339945182,0.2812137384468618,0.3762596598412192,0.3601596101656176,1.588199227494702,1.944781579551906,1.387747699335955,0.6407591940521448,167.4,39147
SENECA,2020,39,0.1557718379459649,0.1165823049405152,0.3027076263727245,0.4259099400298008,0.472822761237881,0.4014132901581141,0.1888278273860619,0.1294672801844588,0.055355896813686,0.3648543719494457,0.5594182788738912,0.6206717275847683,0.5546354378946593,0.2833855944803155,0.4671451932388987,0.3247727423717115,1.000579073147203,1.443920501367614,1.613653464606602,1.355293157424982,0.5887398557033463,164.4,39147
SENECA,2022,39,0.159337144249421,0.1375586547870428,0.3250283828236942,0.6002087460941233,0.6088676619477412,0.4563300493427644,0.2017522805853686,0.1212956469073808,0.0944927450997081,0.3550753125397438,0.6850209541031542,0.7478284832118645,0.5731634678293481,0.2863870921321944,0.4776363828651339,0.3988712275311085,1.077291790528955,2.073434617626064,2.104285155717762,1.555338261000643,0.6311179897331662,196.7,39147
SHELBY,2019,39,0.1441277091057118,0.1557081990993876,0.1286071743060091,0.4331349741347365,0.5837100421514501,0.4156000494566381,0.1858495431669728,0.0857870165524923,0.1260945487752072,0.0825878839507225,0.5017304652963067,0.7305079817953438,0.5556231665393823,0.3004172098825333,0.424283905295366,0.4657986615024921,0.3674533569964517,1.4692340317404,2.014400688788054,1.40579845540066,0.5745631840683829,159.0,39149
SHELBY,2020,39,0.1584530076421695,0.1529187773639778,0.3087215726426977,0.5292677638421504,0.5570866215530097,0.3437200927915897,0.164726319574355,0.1061094464042632,0.0916652940878808,0.3552371248730837,0.6565393873758604,0.7415325556088384,0.4976905843530829,0.2572374458034683,0.4744353490239725,0.4544043479901135,1.018109214552917,1.816096416152979,1.916687303331687,1.144727202272859,0.497127203793214,187.6,39149
SHELBY,2022,39,0.1655808567525317,0.1482776985811092,0.2960629140909806,0.5693226477612691,0.6164078106986364,0.4610750459990025,0.2476136736718598,0.1281435645095449,0.0914298948334222,0.3064541589564689,0.695937613503383,0.7306797514877102,0.6175419659491154,0.3383725270800752,0.4989088170275715,0.4362709894057772,0.971139980615844,1.95984152175759,2.130252867389399,1.568191826492625,0.7957582494513318,188.4,39149
STARK,2019,39,0.1671603096862451,0.1272722883107048,0.202575430166617,0.4744403408199807,0.4748738980972799,0.2719761189644321,0.1389533128002318,0.190451499800515,0.1202896306915723,0.2364551617838248,0.5671812186581681,0.5975215126248201,0.3970941090027474,0.220954215270279,0.5235033011849398,0.379172972272296,0.6516246882451459,1.635697588357765,1.637070016902303,0.902713040719248,0.4214458418822555,154.0,39151
STARK,2020,39,0.1794106525599134,0.1278234970687841,0.2732192248870405,0.4258526665594281,0.4531419616470978,0.3228886861711494,0.1712629404166785,0.2251244289750174,0.1144503714776184,0.3085153450188834,0.5428867007081333,0.586836541995349,0.4448774387687384,0.2804732204890045,0.576946865240408,0.3809501113095073,0.9067118265786076,1.458930117858176,1.557664435796045,1.086409432042643,0.5378957607821518,149.0,39151
STARK,2021,39,0.1782377129193344,0.1159851012393397,0.447069126990907,0.516802032473053,0.4921046001230439,0.333172598305372,0.1952812238424193,0.1906266137331782,0.1066644237150344,0.5420164998889776,0.5891362976164768,0.622131488951772,0.4911509618394627,0.3298585984858603,0.5606204876820677,0.3351820346074982,1.533167224009429,1.786950513308581,1.696231130784607,1.122678145663515,0.6238433298329878,177.4,39151
TRUMBULL,2019,39,0.1278202918039227,0.0955019560956828,0.1549506952032841,0.470079920972678,0.5002644034593867,0.4043950083547769,0.2177134866007674,0.1091680599848899,0.0727871407696203,0.1593255426247334,0.5620360500133875,0.6241081807318224,0.5716529088702814,0.3710171739147712,0.3831637271500708,0.2621691971442163,0.4771965789878076,1.61888726951741,1.727002413052136,1.379676900962026,0.704273128080847,163.3,39155
TUSCARAWAS,2019,39,0.2022321376141025,0.1327734371589289,0.2412176327588694,0.4350492553717785,0.4691042857865199,0.2764855870767195,0.1482945811534629,0.2361196133268506,0.1348782804500825,0.3006338101419668,0.5180093795968478,0.5568957569170735,0.3838050794061459,0.2175070814937457,0.6528848094760029,0.4045335902523323,0.7935089101271384,1.495071546027893,1.618236831885335,0.9213183294919778,0.4575234156786257,152.4,39157
TUSCARAWAS,2020,39,0.2319816286451465,0.1596607040263077,0.298879824769672,0.4085720601471089,0.4583676757311065,0.3560909537116991,0.2016065089778635,0.2559455881267979,0.1604173007574338,0.3638857950962767,0.5278599204355148,0.591199831743214,0.4739589081062211,0.2947002483230402,0.7619035608682062,0.4958036350581666,0.9994960389342118,1.39637018998935,1.576529973944983,1.206499190894493,0.6475745751343637,141.9,39157
TUSCARAWAS,2021,39,0.2406894401165544,0.1404162882759113,0.2561743512627364,0.4880954951359924,0.4877038909505694,0.3863246578738266,0.2260280728753826,0.260954026434921,0.1297190970316673,0.317330555373008,0.5217952756274354,0.6242913993354766,0.5382841976242531,0.3600778779290768,0.7882470226427398,0.4254753866540381,0.845197423206078,1.685948820597992,1.682011075373155,1.315165850832009,0.7361373035742952,169.1,39157
UNION,2019,39,0.0087480936550602,0.1383994253385838,0.1212209629205,0.4282292843837076,0.503889149845791,0.3073350850312062,0.1444137099463322,0.0020712980870445,0.1082098278556036,0.1187057875431967,0.5259477611790718,0.6812968598116077,0.4589125731162125,0.2400526090246711,0.0125435301287359,0.4073684343167305,0.3446448059586436,1.45525612427961,1.72926604468397,1.017860309940433,0.4284439447872467,148.4,39159
UNION,2022,39,0.1437757881519732,0.1364120728948933,0.2979711849952225,0.5857575491955814,0.605146850626704,0.3958438749289399,0.1833913044271171,0.1009002962120437,0.1031495382721593,0.3390872837271213,0.7220601738239424,0.7274012678128162,0.49122329752333,0.2282445923002907,0.4220290172693691,0.3954223698879775,0.980086167024967,2.021483205904359,2.091828342884462,1.337042536282511,0.5657277929181374,183.4,39159
VAN WERT,2019,39,0.1211524333382753,0.1292181048132995,0.1355023462362255,0.5018191688199164,0.6510745361201177,0.5603226130819039,0.3044117350700977,0.0939367748129712,0.0813173977104761,0.0997381280880295,0.595490092038291,0.7857369645692585,0.7168471791299618,0.4886587065170492,0.3374753358060826,0.3672771525604686,0.389388596722983,1.714727764952104,2.254763519253152,1.926390568777342,1.000508200364805,181.3,39161
VAN WERT,2020,39,0.1304912183498335,0.1382499705641399,0.2989399423728537,0.4780852790811755,0.4862755593244273,0.289344979598924,0.1403904219465495,0.0652586393813783,0.0760373772455257,0.357645445099131,0.618619356693044,0.6713901197743813,0.4371450196557099,0.1855566482452599,0.3735219126873637,0.4009954866433816,0.9823723941765798,1.630526133503314,1.660152656307392,0.9476578188605012,0.4087402292742069,163.8,39161
VAN WERT,2022,39,0.1418303345256522,0.1327312923531695,0.3006375282326854,0.6343607936700956,0.6531339354711512,0.4855193632826236,0.2320785367956702,0.0868432030921944,0.0662607085714266,0.3221735034688531,0.7367730409475605,0.745769813148646,0.6659319888129798,0.3297546687508179,0.4110958928024709,0.378191601565053,0.9858013496018152,2.193180992113674,2.261268050995376,1.654685282760756,0.7377002773815073,195.9,39161
WARREN,2019,39,0.1804960044248948,0.1592974776492108,0.2564937655782715,0.5128184005833714,0.537787035429034,0.2695829755171672,0.1489767219339598,0.2045129935083171,0.1240871039502383,0.3050153754822167,0.6215549224585043,0.6952277010792305,0.3842364988670996,0.2129825995436538,0.5654775513686258,0.4836043013587138,0.8349365413212863,1.762515248088346,1.853290584485882,0.8822972405602972,0.4459541618902831,167.4,39165
WARREN,2020,39,0.170034987317994,0.127617157998166,0.252647546777319,0.4762922787904881,0.5272626638916267,0.3959046896897825,0.2196301454230066,0.1977936020226493,0.0754277705127565,0.3130727115942863,0.5988247057263242,0.6857063918150086,0.5116358233249102,0.3204041795391192,0.524982243923378,0.3714667927110311,0.8238503385360073,1.633001630508399,1.817637815524579,1.342136260084825,0.7043866733751236,176.7,39165
WARREN,2022,39,0.1879373520999768,0.1463010896473719,0.3052074815955963,0.5204300965167281,0.5840919374877985,0.4268021396617854,0.2204271774829701,0.2057141484423439,0.1385189318672862,0.3322097279389855,0.5743083368784099,0.6665006820032008,0.5548293516423307,0.3004955100133642,0.5896435396742694,0.4387843590917348,1.013914546897203,1.795293337294943,2.023725881363102,1.454018963096424,0.7071446293877193,179.6,39165
WASHINGTON,2019,39,0.2146777589875803,0.1536668225928542,0.2748123863387405,0.4738948633553981,0.4618085359143156,0.2810808945039623,0.1168954849249742,0.2635037702967396,0.1491663141246395,0.3576860023158372,0.5402562141622328,0.5313448236182814,0.3980403542252526,0.1633303250305829,0.7034375215793272,0.4824346012573671,0.9211874260548966,1.641308403469356,1.597166909190571,0.9436839005496538,0.3496624520191056,169.7,39167
WASHINGTON,2020,39,0.1979885647517602,0.1365397392743164,0.2228661155897065,0.3425565109676992,0.4146609880105955,0.3785360073869677,0.214620963324295,0.2591828712967028,0.144343202878693,0.2572144040005404,0.4235244210445265,0.52789124584978,0.5000001072803689,0.3282619467119971,0.6552427706432363,0.4245164390327948,0.7368525579610085,1.169902163762866,1.43076771942309,1.300121693699028,0.7070376352568233,159.4,39167
WASHINGTON,2021,39,0.2051908575317929,0.1225690887960665,0.1971606054160186,0.4242763027165167,0.3986436186240368,0.3361064285606929,0.1817331131240615,0.2348269418779848,0.1055622171908609,0.2548564998745142,0.5002013065928633,0.517396987061095,0.469592801646198,0.3122630516996821,0.6700067763313472,0.372172840838896,0.6516616882819621,1.471651339843022,1.371117647649324,1.143667825554106,0.5945983329174721,173.5,39167
WAYNE,2019,39,0.1836757789030884,0.1509247817193702,0.1859592222461014,0.4489404501518172,0.4836169345732036,0.3185325569196837,0.1805317053721433,0.2077615432589854,0.1414122929333456,0.1963431182188522,0.5220259094819779,0.6077762364531651,0.4474133583997202,0.2698283676547551,0.5817968433724559,0.4631825617603914,0.5899568816398038,1.541424844880062,1.667397615249536,1.069593672794234,0.5703124536799158,156.6,39169
WAYNE,2020,39,0.1648606733281553,0.1480422022773295,0.2561548872804234,0.4186886588028443,0.4871673629475167,0.3879268209699401,0.2093370601024523,0.1868062808445429,0.1317999213486191,0.2666052149786848,0.5264005696718831,0.6147848738596042,0.5108234070516303,0.3156754985974748,0.5197684770143285,0.4503179841582928,0.8414701213993017,1.429517235315863,1.677272991300379,1.318220555835668,0.6720827555927812,151.5,39169
WAYNE,2021,39,0.2241924689857564,0.130962817060891,0.4539975993741736,0.5336430413077593,0.5241678514101109,0.3194684988792727,0.1761838021355738,0.2395209036191672,0.0979244306414653,0.5213653615589,0.6021265850301989,0.6335255661479189,0.4595353743374285,0.2750201123654494,0.7247045733447582,0.387380168002381,1.557014536599476,1.845219636970884,1.810027218346116,1.069412848157152,0.5510128293541201,177.4,39169
WAYNE,2022,39,0.2347452564986859,0.1743860818299049,0.2475618237463352,0.496732099480853,0.5381724286234227,0.4680998881247069,0.2660484770887123,0.2635688644011655,0.1576469305626801,0.2727165294154799,0.5595959660653738,0.6559683935392594,0.5374020751108375,0.3667108525582437,0.7633220633070719,0.5442835743867137,0.8097337689669063,1.710896352245245,1.8607163084004,1.608344447289166,0.8758993819616456,163.9,39169
WILLIAMS,2019,39,0.1129625311868242,0.1343884678088833,0.1630226126447602,0.4448751001120452,0.6068321862718833,0.5321689668646655,0.2989651799759752,0.0869846560381844,0.1144672852843861,0.1443176884623893,0.5133701902366624,0.7357051427784276,0.6876727023638426,0.4414901962797915,0.3141945341071789,0.3918512252382667,0.49522676956368,1.515006605094116,2.099190383016426,1.829308289583902,0.985704676549772,156.3,39171
WILLIAMS,2020,39,0.1417446485083749,0.1204938367151179,0.2435415857205082,0.3862030323072042,0.467827782718534,0.293520955999998,0.1402264829261892,0.0976397089476344,0.0620008445544862,0.2695118725201402,0.5071800756554836,0.635115754308653,0.4114201609003927,0.1885974142259288,0.4188846703063942,0.3418604402802248,0.7870448868490258,1.303665371001409,1.59851386591671,0.9678716051756032,0.4132524206580493,143.9,39171
WILLIAMS,2022,39,0.1506837270607134,0.1540541570039486,0.2821006235994056,0.615976586467252,0.6406088900218962,0.5112326444915815,0.2267634976433949,0.1186561603037898,0.11607041659238,0.2894506250191522,0.7378305074434488,0.7586902443330896,0.6463751966673353,0.3200894493227335,0.445288891403013,0.4574665188189029,0.9209770251655042,2.12892673062302,2.218142298740648,1.749735974851668,0.7206227017791671,187.9,39171
WOOD,2020,39,0.1476621054844779,0.12976705151111,0.32457124236445,0.4540033437603893,0.4743904112757328,0.3171521747169259,0.147050352516649,0.106444581563067,0.0757879294538525,0.4103287100735627,0.6045044618401699,0.6425819547244492,0.4545895529320827,0.2113547354544285,0.4369511122476605,0.3719685254335437,1.077025512607683,1.545043205977251,1.618819656104599,1.049931933420331,0.4345769645723827,161.1,39173
WOOD,2022,39,0.15226786948212,0.1381970122289349,0.2720490450191611,0.6036137003962154,0.6191025041149865,0.4795868005329092,0.2145661263535158,0.1174328167511565,0.0927319537776023,0.2900531250725144,0.7022323129709139,0.7515988919925791,0.6229430769228623,0.3051495511080811,0.4516326230295084,0.4006966529493463,0.8853889578299283,2.085755605812879,2.141543704502038,1.637291825907329,0.6771529076099553,186.4,39173
WYANDOT,2019,39,0.10101953071992,0.1313924907023493,0.1057602840048373,0.4259574091202869,0.540482003646249,0.4091350259369725,0.2142820817017587,0.0770931587698704,0.0975113854889402,0.0950632943581277,0.5018401754325691,0.703963471975526,0.5712318145400577,0.3510527222129863,0.2781867174775834,0.3827376432664588,0.2899846898014259,1.44564148903336,1.860712811668881,1.384775599279581,0.6798641332116223,163.2,39175
WYANDOT,2020,39,0.1425007666941498,0.1385764045457133,0.341285748750619,0.4591268338215505,0.5160654370228515,0.4167132957281604,0.1947864227362472,0.0801078361186777,0.0741556019486523,0.3973508525879787,0.6089799964683051,0.6657541684189324,0.5736540134230066,0.3105939337971715,0.4173419065578526,0.4027426162737947,1.136765323597396,1.562501381238947,1.768505169188603,1.409048793983191,0.6076998767970925,174.5,39175
WYANDOT,2022,39,0.1473219402799605,0.1289326272947613,0.3610205125877367,0.6286129337627248,0.6324232457018966,0.4709856663768483,0.2157437508683611,0.099211409141119,0.0846631827070655,0.4007412290053941,0.7236433313571511,0.7687493740992328,0.5869790224161638,0.3036796760712396,0.432102054463639,0.3655227993936696,1.205374988855221,2.174250800138807,2.187551360724818,1.605799747829216,0.6796211386344572,200.3,39175
AURORA,2020,46,0.1170796070189209,0.1219461265370859,0.3401412095948793,0.5882504198865307,0.5293312399003633,0.3510474259657499,0.1649678692584815,0.0947506555680764,0.0983642625465049,0.4354761601477647,0.7725313802347237,0.7082670172632618,0.4899650633768108,0.2098960664063865,0.3220950487447371,0.3397026833021347,1.129132339219778,2.026791153159005,1.813621343822073,1.168591102789431,0.4953552960468712,169.3,46003
AURORA,2021,46,0.1177464967973194,0.1394285400460363,0.3265382683317627,0.5723188308089423,0.4768812834746258,0.1747807214850498,0.112388208175571,0.0754338310564245,0.1143808702053774,0.4321872110639065,0.7102249785170851,0.6283673712465863,0.2612060793081923,0.1301916885505326,0.323132875804243,0.401586880774341,1.078560021692769,1.967796433859082,1.622502705366353,0.5295036071370083,0.3037674939833168,113.4,46003
BEADLE,2020,46,0.1147257700172555,0.1239885387923525,0.3375403208916004,0.6158582378971715,0.5424258845733715,0.3157807081333045,0.1543540200048373,0.0811889770152594,0.0932640602273804,0.4362931077015945,0.7846686351376773,0.6972903379112763,0.4581106251620759,0.1924926356958255,0.3134587145269065,0.3470035504307014,1.119636687675446,2.126591365238373,1.860912991849708,1.040910926086078,0.4568691684372805,171.7,46005
BEADLE,2021,46,0.120254221166145,0.1256372333625996,0.3336249874291308,0.580874126262576,0.49032448824911,0.2196098028478291,0.1157077164477051,0.0752461097830327,0.1019396657780864,0.4342651354599034,0.7158413394212583,0.6365063792874176,0.3358165774017335,0.1470429623773802,0.3314576908587862,0.3509292251957194,1.103445058200567,1.997996387354474,1.670389000426498,0.6909446249166229,0.3150268763209757,130.0,46005
BENNETT,2020,46,0.122046566330197,0.1231996111860278,0.2152691360910719,0.3780210459268595,0.3762510996818521,0.1876040858553898,0.1269994068198294,0.0730736309630901,0.0671085559354679,0.205093671846296,0.50690871213276,0.5175616856162969,0.2116598308329816,0.0932478306586343,0.3451483110281153,0.3479919928524597,0.6811746090655736,1.270011018851446,1.263607353337006,0.5810824573128706,0.3627475137800404,77.8,46007
BENNETT,2021,46,0.102991167061592,0.1342866724714339,0.1825882534016136,0.4257467367930754,0.3349312269567482,0.2076905931077641,0.1499837997590188,0.0423838296626735,0.0799160750055318,0.1520454566058809,0.5513827713075261,0.4006878981907436,0.2753324043312599,0.1759663182848828,0.2726079101012956,0.3868014317387543,0.5605514214230973,1.440298507907917,1.111727964596381,0.6513718177009534,0.4425886393651959,82.2,46007
BON HOMME,2020,46,0.1197595443853306,0.1386460157954986,0.3340337534500918,0.5980448691783964,0.540166995743078,0.3417359239179101,0.1599137057409643,0.0813683668088195,0.0981360444263894,0.3947843043902367,0.7660713759639128,0.7211001022177066,0.5174555573450696,0.2036463889149839,0.3305347250792554,0.398937690218284,1.105745712526188,2.060937912493311,1.851535925653705,1.133612053004204,0.4757845981213411,172.6,46009
BON HOMME,2021,46,0.1157760458673951,0.1609626379348856,0.3407087468440222,0.6123204615703522,0.5218377747715361,0.1919755916816039,0.109104180793277,0.0777387269678525,0.1474327226047588,0.4530222379706049,0.7455662082267925,0.6805643107296615,0.2964062213937031,0.1346266767070925,0.31946950240491,0.4792731368131213,1.129605027486531,2.112300021691014,1.784931552985465,0.5914866070525661,0.291695965729272,125.7,46009
BON HOMME,2022,46,0.1158486578878178,0.1214681660616441,0.2871825836940118,0.4746523952064718,0.3915685558754809,0.2175515079416262,0.1160131429466773,0.047547194894127,0.0844012595801067,0.3568710384022125,0.6559241463350645,0.5560140730826424,0.31902605154998,0.1240419794916767,0.3161592420485782,0.3364407181628545,0.9360826076123916,1.617486867413551,1.313806326706247,0.6841813416006202,0.3170251170806155,81.0,46009
BROOKINGS,2020,46,0.092822907038362,0.1126999879424763,0.2242269495955084,0.6475428622162286,0.5596794967296376,0.3169528392178851,0.1469937907973099,0.0764093773562072,0.1215128674383358,0.3033592586067398,0.8129639636097128,0.7236376366505696,0.4504199000267945,0.2033478896540806,0.2317083210462774,0.3035660842688609,0.7070713375175102,2.238628379934919,1.92073807318819,1.042554255877243,0.4276424703722912,190.6,46011
BROOKINGS,2021,46,0.1028763011692008,0.1596223311947633,0.5039268825257658,0.6341802198546537,0.5197296244267632,0.2683243194925099,0.1108589192693878,0.0916001640678593,0.1701650984757111,0.6943618915547259,0.7515120311020433,0.6909148469256666,0.4234055012400934,0.1690700753689594,0.2675858921400295,0.4728902280273022,1.719006030571598,2.189846418877747,1.775766112430932,0.8661825316902633,0.2964749249302621,162.7,46011
BROWN,2020,46,0.1003964770659812,0.109946721554967,0.2973563499458586,0.5955409099164187,0.5165068220317144,0.3102984080466758,0.1434559316721723,0.0521554045788769,0.0780909374894447,0.3869954759600302,0.7730405568753134,0.6345391125957747,0.4454402313994185,0.170462064374893,0.2658174103095298,0.3004335640235344,0.9784933521568588,2.057318598995373,1.771371595224609,1.025311321472414,0.4216749061421037,164.4,46013
BROWN,2021,46,0.1184333362593436,0.1212367070222694,0.3389225476196506,0.6353921952958624,0.5574095739314214,0.3112786986594076,0.1400106641969773,0.0799120713170503,0.0970461411875417,0.4732903875131424,0.7615595435086951,0.7315025908758949,0.4939968704512529,0.1929832439285046,0.3226736558103796,0.3339300807643997,1.121522753134099,2.194152685684399,1.912011228163564,1.021511092317862,0.4018777534721074,142.0,46013
BRULE,2020,46,0.1130604171935159,0.1275719944962515,0.3423870227282977,0.5346591341699762,0.4988082589851771,0.3161287321691329,0.1624610212618087,0.0812282830803262,0.0966651703960246,0.4463487337562914,0.697362676959051,0.692078012771685,0.4496647914763055,0.2098628730669605,0.3113241992773995,0.3638182647095067,1.141028828955388,1.837376367976491,1.706963214948986,1.046027862492067,0.4900580844293702,160.2,46015
BRULE,2021,46,0.1159194050612265,0.1288131310135712,0.2588059880045279,0.5228189294767862,0.4355905614448063,0.1890761014537809,0.1148405968915478,0.0753445492108789,0.0915220812441819,0.3096413838592449,0.6639428667595492,0.5896467216740442,0.2870892687751316,0.1653569877420379,0.3193185898590613,0.3653700245612535,0.8356646193626472,1.790920756359163,1.475331094205613,0.583444266198734,0.3148603832567878,107.2,46015
BUFFALO,2020,46,0.1109097084826645,0.1336428725032774,0.3708148340878324,0.5682673035141348,0.5262605282871219,0.2779629766586362,0.155671873064827,0.0607750138044874,0.0900991553711751,0.465650703551573,0.7624434217310815,0.723458723871293,0.3903344828400836,0.1799394108586348,0.299000605299016,0.3814787562409025,1.240552387435252,1.954867158282209,1.801739878271932,0.90339933648007,0.4609501236776718,159.3,46017
BUFFALO,2021,46,0.1197183636008826,0.1172437029151278,0.192201439924863,0.49170372091719,0.4389516901993318,0.2544698790189221,0.1294924050172125,0.0673001574458582,0.0654443239453059,0.1809390610264379,0.6116380253695762,0.5829157181911443,0.3782629968954565,0.1943296648381841,0.3320035760600151,0.3223091562555865,0.5947578466862338,1.677111962901174,1.486254475293656,0.8187999229132289,0.366639560310157,121.8,46017
BUTTE,2020,46,0.0818612084158644,0.1136518935884161,0.2804023708934999,0.5147101953506887,0.4899370287486781,0.1840860145614259,0.1237094185498322,0.0494634828776377,0.0849232433854964,0.357674880842787,0.6559996896187023,0.6189131428058644,0.2099533937436112,0.0900044497833917,0.2078112000302147,0.3230650708953637,0.9263369336717496,1.774105436857237,1.68447804758793,0.5779090782584433,0.3594534719527599,97.8,46019
BUTTE,2021,46,0.086621601421644,0.1067008214935793,0.2205430703733677,0.4588568711244626,0.4471546730487216,0.2731536256446283,0.1267918968665214,0.0473373908139157,0.0543914166298932,0.2398807714864161,0.552210324511341,0.5638003645931802,0.3208922580381276,0.1166558527196969,0.2257407059249463,0.2983949042402689,0.7102758827388609,1.572496123877744,1.530157548553851,0.900622253246714,0.3710855185275211,145.6,46019
CAMPBELL,2020,46,0.0959714518180387,0.1198326434126806,0.2322109650789188,0.5229714939590803,0.4696644057769671,0.2113002645570545,0.1425105547596933,0.0401792270245554,0.0760227344321202,0.2597334004195688,0.6987567844037612,0.640540834297269,0.2610227521232157,0.1327602704965533,0.2524706493016391,0.3379711682718393,0.7445569183390623,1.796528356871405,1.603663466784593,0.6689020038509511,0.4200208338041071,126.9,46021
CAMPBELL,2021,46,0.1186973895453829,0.1206113158125109,0.2227456600761879,0.4568131034648683,0.3648515880398721,0.2419050260674242,0.1424052115019951,0.0654617183973873,0.0632805499543449,0.2434915318540024,0.5455259666934708,0.4839710075900856,0.3610014580805575,0.1899266373057168,0.329746747919994,0.336499423805348,0.7060194727717785,1.552877788409446,1.220161071518668,0.7753413040769366,0.4153509749792076,81.0,46021
CHARLES MIX,2020,46,0.1141908048330358,0.1285993312782312,0.3209960522474006,0.5523518977554671,0.5187641975847307,0.3348108681979297,0.1588093395204276,0.0866810193891705,0.0958236000027914,0.4089686517941906,0.7287058384238491,0.6986374687386764,0.4777820212304033,0.1939671030856498,0.3126510523465598,0.3647817996586964,1.060873611623016,1.897989169608841,1.776398909604052,1.110855616186912,0.4740822331273817,161.0,46023
CHARLES MIX,2021,46,0.1182886149053189,0.1347305549557998,0.3237233635962769,0.5885208315895076,0.5076210934264301,0.18351385916187,0.1055858719772374,0.0774667788900238,0.1138592572037106,0.4317444022884273,0.6916613210840297,0.6579322937211475,0.2762912267169912,0.1246654781704239,0.3264755349688235,0.3855941749863666,1.069383906156272,2.027431188687224,1.73473187276347,0.5621161628661757,0.2801726982817058,121.0,46023
CHARLES MIX,2022,46,0.1112709449171356,0.1393538458552635,0.2729527748730836,0.5028958783474818,0.45097989555688,0.2430378189560781,0.1290749219852137,0.0503712657942034,0.0879310896219588,0.3347768169550876,0.6950420544730269,0.6370948439413869,0.3424586744488898,0.1390577679522562,0.3010537825412113,0.403845529917137,0.8861085742388543,1.719053611865407,1.530272539053559,0.7778816899279273,0.3655152184605442,97.4,46023
CLARK,2020,46,0.0977893632107815,0.1096097261114537,0.3036999977184368,0.5958113699698787,0.5291023772839499,0.3375633431288634,0.1513289851828018,0.0629507816480006,0.0923489133528425,0.4020481157578255,0.7826650898795406,0.6995038251506601,0.5064123801755818,0.2041763924619974,0.253223422893555,0.2960007389438576,0.9982208904697948,2.055080303703364,1.813725171923966,1.120739040672359,0.4469431336235071,174.6,46025
CLARK,2021,46,0.1059938150550208,0.1225532289593336,0.4118439330052106,0.6343635904321335,0.5664633858277229,0.279235545629973,0.1132406214520615,0.0776377569279236,0.1212222738269175,0.5672460826281964,0.7452657723613857,0.7381313867683094,0.4380700612914883,0.1572385962525361,0.2797472019402649,0.3396712805856903,1.386334477291908,2.191417614818869,1.945757535687624,0.9065772352377224,0.3060075995620333,171.2,46025
CLAY,2020,46,0.0972686777679005,0.1631571243446021,0.3955781468908823,0.6400921857097241,0.5549775525627643,0.3020909661540901,0.1471558673039935,0.0375105445720745,0.1311689415690752,0.5067097977808187,0.8212740323399462,0.762816975585027,0.4860838019447589,0.1929290195668709,0.2495232620231996,0.4856022813148667,1.325613158379558,2.210264629119656,1.902320416074814,0.9873766192091727,0.4268262874733634,187.3,46027
CLAY,2021,46,0.101697469220079,0.1805281099182692,0.4917417414913664,0.6157389813802971,0.5394138624120696,0.2683365840605431,0.1075664793863741,0.0798425609910966,0.2034192025740041,0.6611406104803599,0.7282366010606126,0.7360685390056209,0.4394646151995494,0.1564446458079482,0.2623740428254733,0.5472192803918596,1.673191247479109,2.121815584582858,1.845669895413858,0.8649392377149137,0.2832473674172255,156.2,46027
CLAY,2022,46,0.1011523682036489,0.1194027270788969,0.3802581854977676,0.559904292557025,0.4638682285049537,0.2755319635491542,0.1284291880803137,0.0505219454747151,0.0915276739369039,0.5141921426163633,0.7531164012177379,0.6732963040310518,0.4456591419073064,0.1688745113890758,0.2609249198348334,0.3254398803420055,1.269249708194964,1.919557751593254,1.571751873449724,0.8903378726685681,0.3580895150688333,110.8,46027
CODINGTON,2020,46,0.092729129755752,0.1074384614632732,0.2184223657315678,0.6001134792298314,0.53036297840876,0.3370953792391218,0.1487843741624943,0.0672158616944138,0.1044598909570247,0.2762185921914576,0.7709722255460735,0.6975729614999017,0.477008235368516,0.1999701972409064,0.2358235474791093,0.2890492182655397,0.6905902543997738,2.071550825284045,1.819172773919402,1.119951719987991,0.4386423354680763,180.7,46029
CODINGTON,2021,46,0.1008649249769878,0.1384666829921058,0.4846240184296603,0.632109246250901,0.5787433237653408,0.3888121566163636,0.1284317435209792,0.0800260875219084,0.141724514831361,0.6515785744797117,0.7319348622564916,0.7508918200365122,0.5820490285360281,0.2161645498416582,0.2623682003257594,0.398390347180742,1.651119222555047,2.184417296485715,1.991345047411016,1.30418128788996,0.362124952626671,195.3,46029
CORSON,2020,46,0.1085366206367088,0.1316545360507206,0.1829176265007257,0.4912704618365504,0.4699024536103419,0.1803506184031661,0.142496697201718,0.058393078895132,0.0878270520266572,0.1743675778635907,0.6576704298285211,0.6397136276674749,0.2066112297097349,0.113381690229209,0.2940096821269818,0.3790414949964516,0.564510691571514,1.680132243823415,1.602822790061,0.5552238950566778,0.4182679976347406,93.1,46031
CORSON,2021,46,0.1142447596720429,0.1127628630804852,0.1899778526428043,0.4148556785304577,0.3303258250919801,0.2250224076767993,0.1354153363578902,0.0533016753901856,0.0565545061438912,0.1825027226449368,0.5023916212139286,0.4550440088583837,0.3420872976514333,0.130551923533263,0.3127730918522316,0.3100546472609262,0.5894191282743014,1.403027683313567,1.097198259409904,0.716210577605955,0.3920125253332142,80.7,46031
DAVISON,2020,46,0.1251941940771861,0.1253783670194798,0.3690892846836253,0.6116309477203856,0.5366668933335131,0.3155578045151173,0.1553637565237042,0.1099990138092689,0.104417314690062,0.4655072948931934,0.7916597631847293,0.7150942331357978,0.448288857931962,0.1905869347463127,0.3494811257520382,0.3501449464515146,1.23189242467495,2.109408084250864,1.838188212770253,1.038215529425274,0.4586334637923546,164.7,46035
DAY,2020,46,0.0926116720190597,0.0928418617926995,0.2316594220984074,0.5670536336982084,0.4889827754683742,0.3041225165030201,0.1488606640216727,0.0465044250806686,0.0689954270885865,0.3028282063069962,0.7463375111752992,0.6409463580533397,0.4363333249022667,0.1982857947948622,0.2404130989354913,0.2412488300427315,0.7434918961150179,1.956948498032473,1.674487123112687,1.005663658756404,0.4439262764788893,164.0,46037
DAY,2021,46,0.0994051428094991,0.1060946874788027,0.3576070722290717,0.6139645315121599,0.5298285698655633,0.2963794875246632,0.1278645543439337,0.0683529225880003,0.0945267479508861,0.5194474586822793,0.706221231695494,0.6995853152366687,0.4734833326641595,0.1895195340434991,0.2592307147466306,0.2834562631847367,1.193433713251051,2.12095201246899,1.816541587156115,0.9719301132344418,0.3622430549849134,152.8,46037
DEUEL,2020,46,0.0872935126345183,0.1102973212821945,0.1904206954073228,0.6090839905199088,0.534306800366718,0.3302498564346211,0.1505406164726709,0.0627868466832133,0.1120920634008867,0.2405525521929273,0.7792013734785946,0.7216526881866122,0.464884914567549,0.204516269003748,0.2132325726131777,0.2963599690612147,0.5862474475219827,2.100970099416726,1.830425699710181,1.092148908494484,0.4419959786509621,178.2,46039
DEWEY,2020,46,0.1085662744233086,0.1353820673653772,0.1802155854766733,0.4501617969826445,0.4156773163924038,0.1438490904944352,0.130207130524291,0.0741823716643083,0.0967399411769624,0.1728818660665415,0.6212372204249966,0.5819161107233615,0.1493558892508769,0.0939795435510588,0.2982059151314434,0.3923875425753254,0.5545958603808334,1.531263343831548,1.406498493056051,0.4230228990480514,0.3736671941063703,84.4,46041
DOUGLAS,2020,46,0.1242526270642006,0.1274438240315344,0.3481167868123541,0.5751846982966979,0.5258516862914553,0.3433865004922827,0.161833476292422,0.110321095010691,0.1112864154157255,0.4384355138152043,0.7575766734919751,0.7184233114221794,0.5033514875957029,0.20862070782643,0.3481684526422891,0.3597118481620902,1.158108746693012,1.979640580663981,1.801153801280663,1.140994759059271,0.4841359175041603,182.8,46043
DOUGLAS,2021,46,0.1175780729184801,0.1352179591322295,0.3518849135550771,0.599220168801003,0.5062484763019105,0.1735367946337854,0.0976472122098021,0.0793254424058934,0.1175896312618235,0.4749568625769836,0.7111295052070181,0.6607048883572965,0.2565292188011949,0.1008106528606258,0.3227204468227823,0.3865914683821522,1.17049911628292,2.065373085888107,1.728998260533419,0.5252547637942293,0.2506862545842603,142.5,46043
EDMUNDS,2019,46,0.0352765956914414,0.123928361194059,0.1610725804720382,0.5479195595335169,0.5659333197774341,0.500634816235203,0.2320006555841045,0.0215616155888619,0.0826158626062351,0.1670083556185757,0.7581133126883695,0.7817432200761546,0.7358228515229827,0.4076531507020157,0.0363826193854752,0.3451368490887759,0.4795026905029589,1.879113876766898,1.944355283967911,1.708068808668455,0.7359741609220378,132.4,46045
EDMUNDS,2020,46,0.0990494599745703,0.1125795024814417,0.2240831401597098,0.544593135220571,0.4563802944651774,0.2500529458669015,0.1372048337166134,0.0499513601727756,0.0777472103631839,0.27268983254712,0.7599977529295286,0.6461006753269836,0.3712637793518853,0.1303366898083976,0.2597753663327282,0.3085275106537023,0.7119652147445915,1.871556267222144,1.552402351921127,0.8059100046925525,0.3976255349328078,144.5,46045
FAULK,2020,46,0.1085454480977035,0.1287158040394653,0.3239072319841318,0.5743534818574894,0.5062670079958267,0.3114955840087061,0.152433306853427,0.0679625949773872,0.0994330389342673,0.4013390711775278,0.7958725872024464,0.699962749626902,0.4605205353996155,0.1789649951414916,0.291623644944493,0.3646385031724219,1.070976958914121,1.976684007378423,1.730347158633334,1.025664405028924,0.4502262367767985,158.8,46049
FAULK,2021,46,0.12092372192179,0.1266516969394825,0.2743941188083434,0.5467926431035652,0.4129575512758652,0.1944212510201345,0.1246710665531302,0.0893411558975448,0.0895367296829747,0.3558040376251394,0.6904598309704377,0.5646134440844117,0.3259595096905781,0.1983078326796565,0.3338480730958712,0.3525384479176121,0.8870751411180904,1.872641108452973,1.388423592368746,0.5977704306845726,0.345414263282944,92.6,46049
GRANT,2020,46,0.0942880801451379,0.1106351310357579,0.2488157199291533,0.6023494950138878,0.5035657966732916,0.2879198188715069,0.1376432718382325,0.0704780931091752,0.1068328474843219,0.3633475043317056,0.8030168522979595,0.7207229039845844,0.3801552002932819,0.1624920313182358,0.237475407927221,0.2966187227909848,0.7965580611518005,2.075642449906586,1.718244461750746,0.9380359042421266,0.3944167910875306,169.3,46051
GRANT,2021,46,0.0964443894217453,0.1273095285664779,0.4489970770941053,0.6267233044689233,0.5579765767453534,0.3591072671002632,0.1316326132111937,0.0726152629410484,0.1269425824475043,0.665754835607756,0.7615197811717493,0.7445672824838563,0.5565621580482372,0.2266427368204495,0.2448734709943683,0.3565442356637802,1.520593194998192,2.163425767086624,1.914699756755085,1.195190943886822,0.3722928307966511,175.0,46051
GREGORY,2020,46,0.1079947814401233,0.1349751739797006,0.2823491854640478,0.4368368380605396,0.4526444884742955,0.2693353120601945,0.1473347026824032,0.0790228588424061,0.1044133091382981,0.3467825815013554,0.5875742738732534,0.6195231098725043,0.3692958999251133,0.1676993075478248,0.2979980823008383,0.3957877453472361,0.928811468132432,1.487158822640537,1.54494071947281,0.8817267896922215,0.4403299144777393,129.7,46053
GREGORY,2021,46,0.1027038839740864,0.1200199142306654,0.2524499104628482,0.5128250548476523,0.4179156829774866,0.1746780534105275,0.1066318093838943,0.0630533213998325,0.0858244887983473,0.3160056010641439,0.5956173735783025,0.5329002890566245,0.2489988600410437,0.1361156856275325,0.2797099900779228,0.3384769185341422,0.8176112728998055,1.759650295969203,1.416267696796964,0.5362345418913644,0.2900432310030054,99.4,46053
HAMLIN,2020,46,0.0940220744729775,0.116372233236408,0.2420620441783218,0.6340918272281678,0.5611809053176083,0.3193005189635361,0.1437260102444735,0.0677208389835037,0.1145863575193229,0.3163088228761704,0.7936760289192933,0.7428518052645663,0.4498138621084767,0.1880096278747644,0.2370595763716029,0.317939862286599,0.7726850274525842,2.191051512586462,1.927256804737444,1.052136707360226,0.4169081876705879,184.9,46057
HAMLIN,2021,46,0.1029667836926651,0.1535281313044764,0.5052777934529957,0.6349452154143813,0.5665187237072725,0.3300799727868918,0.1126218967331685,0.0836444508020696,0.1594394455512987,0.6835429900642636,0.7216932679698619,0.7373077075146857,0.5022722463737677,0.1762420169668618,0.2681010732359468,0.4510326522793179,1.724115615499767,2.192808417409026,1.94524138686957,1.089806574154948,0.3030440985751115,178.3,46057
HAND,2020,46,0.1097885950953805,0.1349744720380018,0.3965738666997779,0.5814889271326389,0.53400118836578,0.3084533647553138,0.1485370770745949,0.0739402708646569,0.1056919188882968,0.5171144930035539,0.7898516641541686,0.70386583981489,0.4468812873359943,0.1903868857379775,0.2953784240293722,0.3863948639261295,1.333373071032444,2.001891898321518,1.830059913670513,1.014028092147916,0.4354509633190751,143.1,46059
HAND,2021,46,0.1237074756843673,0.1228350208098509,0.2440048810855862,0.5554036578480972,0.4884471857586512,0.2476039848628044,0.1247133345832125,0.0849279957643497,0.0863354072256926,0.2988445699148659,0.6535428370329945,0.6491336539871998,0.4008304928413395,0.1951494884879789,0.3426625606817164,0.3390648036861275,0.7774690789889909,1.904117499497543,1.661864704477181,0.7905009516203423,0.345954126059293,140.0,46059
HANSON,2020,46,0.1214957677473197,0.1248043460640615,0.3102346766601434,0.5970669247229494,0.510308477064789,0.3165619031161455,0.1585420734568861,0.1125218982027768,0.1211805174537926,0.398328315558236,0.7873950372184382,0.6929012233109052,0.4520946985059307,0.1973097170208416,0.3365672608754432,0.3485302123605749,1.019418473022509,2.057177902671997,1.743280768600159,1.04231107188968,0.4705953935052283,167.5,46061
HANSON,2021,46,0.117357028919958,0.1691974876505556,0.4234032982589745,0.6077697185946117,0.5419068294150154,0.2047292936647226,0.1035975230062853,0.0908642962237845,0.165384723553238,0.5615606149099516,0.726228309007871,0.7109131891135552,0.3383520537617226,0.1316134747792235,0.3194275237283897,0.5069781716058933,1.426721509492124,2.093846806715957,1.855462506145169,0.6355532329983583,0.2696647400653634,146.0,46061
HARDING,2021,46,0.0702864376858882,0.0853015598034746,0.1143973172845323,0.2775449354068014,0.2090578020221846,0.1319980360969319,0.0914194579346666,0.0146582686423811,0.0324789405270912,0.0765324931815481,0.3537439008957628,0.2821924355756587,0.1509708182116304,0.0680249346627145,0.1758731543430053,0.2303868745729134,0.3354749861427922,0.9257430685091608,0.677956619923617,0.3991543868060536,0.2523410910149778,29.8,46063
HUGHES,2020,46,0.1084633423316753,0.1278476852964755,0.3587422845796875,0.559587969949401,0.5050203458291371,0.2434607116959482,0.1561954607098855,0.0658332468586683,0.0734950014641097,0.4345994269228251,0.7512634021088854,0.6843718092921822,0.3205459290256823,0.1414949558542439,0.2896890267892411,0.3597950993378148,1.195206438613094,1.921892159701854,1.724440558122894,0.7781178018290235,0.4623921237614481,128.9,46065
HUGHES,2021,46,0.1178100885914848,0.1186135290254352,0.2385822897270976,0.490305201522686,0.4178388837555297,0.2601273666758132,0.1409043530366239,0.0644729768737047,0.0543998162978003,0.2534893382168655,0.6125267064352871,0.515960995265374,0.3864331790980739,0.2264007070095822,0.3226388618384893,0.3242038413988078,0.7583713077896852,1.668991786227294,1.406809171534244,0.836209017510402,0.4048599158722474,93.6,46065
HUTCHINSON,2020,46,0.1208362639424876,0.1279121940331358,0.3171539341431756,0.6217766532200704,0.5470959127408022,0.2993154275652758,0.1570573419704632,0.0988658866387687,0.1028553283601588,0.37845597691858,0.7921468863122577,0.7149848336836225,0.4289400610677225,0.1837976981807229,0.3337072589501911,0.3593072614374685,1.044100076704756,2.146226212915799,1.876029892509687,0.9795616800532536,0.464871926371229,173.9,46067
HUTCHINSON,2021,46,0.1128599972473047,0.1643087506878682,0.4008388638817231,0.6129826736105325,0.5110557430210773,0.1771450698949554,0.1036559724425179,0.0819924819451031,0.1597436205141014,0.5372911799090878,0.7102782321702885,0.6728456508101397,0.2724877736888436,0.1052916570349427,0.3040611405886908,0.4901309482663939,1.345916586765541,2.113528880110547,1.744679664417354,0.5365870315861113,0.2707108762854422,123.3,46067
HYDE,2020,46,0.1098600891713153,0.1388495265689929,0.3298128486213508,0.5366111295502172,0.4994205422017215,0.2805570177841183,0.1520197146019748,0.0713442152550279,0.1034886352998517,0.4196426110788527,0.7392223473265214,0.6797564059921993,0.3886845057379087,0.1692427127438343,0.2984656062164516,0.4032154486700791,1.094416864274823,1.842433720746772,1.707877391341972,0.9160291599990846,0.4509811970860878,156.0,46069
JERAULD,2020,46,0.1123442650832906,0.1238128701725686,0.3598308874054939,0.5963878877569331,0.5193320407287737,0.3301311911808953,0.1604634521411118,0.0759685757764968,0.0891016842237382,0.4515543310340363,0.7787265112733304,0.6903497940796911,0.4704380078634362,0.2012926496045942,0.305575120295217,0.3470970979185123,1.200982234479665,2.056845461751178,1.778057276897002,1.093528733539075,0.4796708536931365,156.5,46073
JERAULD,2021,46,0.1181049747753348,0.1323575310492761,0.31087805100508,0.5522555742961072,0.5013436949894948,0.2342339859406993,0.1281119541605561,0.0734783239491396,0.0992130035563391,0.3881053022821615,0.7173135708786916,0.6562200111101408,0.3568393863767376,0.1609154578592936,0.3248060594916365,0.3763741349552095,1.0222727679474,1.895578497608169,1.711379641793112,0.7449777003918285,0.3610281894112681,127.6,46073
JONES,2020,46,0.1117657054671617,0.1205183471147294,0.2286078222934129,0.3949549227819723,0.3664295006845461,0.1664854330289764,0.1189574794526572,0.0730229490161104,0.0820908855268185,0.2643302514038434,0.5690866154920978,0.5356416582831145,0.2017258265954545,0.0980123822117647,0.3101133639870574,0.3417873324483405,0.7328503958844902,1.33466870477083,1.231489228303609,0.5080915915257624,0.3361354554866406,91.6,46075
KINGSBURY,2020,46,0.1005285338436392,0.1177401755025253,0.2555609583362554,0.6122181580102682,0.5577611636482102,0.3265683464568859,0.1524546640463658,0.0775221615043671,0.1169993147870726,0.3587682763206845,0.7753652335077778,0.7311100558796768,0.4604677313117515,0.2021488264985674,0.2608297734261019,0.3231077853617882,0.8217413812822265,2.112130474249414,1.915100298435908,1.078649465675686,0.4487062813312198,180.5,46077
KINGSBURY,2021,46,0.1071235922317228,0.1488248651800891,0.4451869854599947,0.6131215092140935,0.5242207403571032,0.2443263486384444,0.1013055939474837,0.0816568121720781,0.1540082503975681,0.6280479333131492,0.7238068424111862,0.689483171423994,0.3835798004521819,0.1446761571095659,0.2836032017189668,0.4344792000333435,1.506725564636245,2.114319355885181,1.792675640101874,0.7800197967210134,0.2625706918242101,155.2,46077
LAKE,2020,46,0.0889296968212456,0.1141724269586692,0.22403935120928,0.6511126873929299,0.5286505155812561,0.2776666080812537,0.1488644427278196,0.0768115747170037,0.1201560226576,0.2909208511333187,0.8241869470615933,0.6852030309702538,0.3504393499832385,0.1934112204206539,0.2177213801279088,0.3090515834889552,0.706550616187336,2.251701906656504,1.808631909351099,0.9005749712559881,0.4345688157865179,184.2,46079
LAKE,2021,46,0.1009862950542664,0.1597187966996328,0.4524814350521755,0.6157609467474044,0.5340095730905646,0.2462624002856193,0.1071166519445562,0.0844194609965741,0.1716547989659449,0.6448080107692422,0.720201126550469,0.6975332131807268,0.4176637074715973,0.1511577236300415,0.2606181123494598,0.4731116192617249,1.532334982598094,2.123083157187557,1.827306338238178,0.7864173726998132,0.2828093948004929,137.7,46079
LINCOLN,2019,46,0.1153343497662553,0.1287472393846783,0.1583109285062193,0.6134181061357045,0.6150148980559625,0.5069519950141933,0.2959386517365203,0.0774333316542118,0.0790265412802355,0.1862565275742996,0.7786302132896535,0.7927180751561557,0.7252571175575283,0.4748715189945833,0.3111240199377926,0.3615953900428812,0.4685449475509253,2.115153098103497,2.120900938424556,1.729931575507114,0.9645145191708449,162.7,46083
LINCOLN,2020,46,0.1061390098827815,0.13286615859811,0.323458543484753,0.6506171460970268,0.5361746601726243,0.241090675226084,0.1448281234542543,0.0712094424623252,0.1286327537699411,0.407504051580444,0.7997403697929437,0.7103120745019473,0.2988921536009754,0.1623954022468254,0.280516824580348,0.37712786823064,1.066280222539483,2.249936286598635,1.83588742094137,0.7682747795206427,0.4199968672101537,161.0,46083
LINCOLN,2021,46,0.106374304008056,0.1786985974495948,0.4800500266862509,0.6369656440065045,0.5757029013966889,0.3518272768457045,0.1214384508054331,0.0788785127016248,0.1974245721552083,0.6562257170307745,0.7368258329227441,0.7621355652340427,0.5310567310304122,0.1872667786130029,0.2790329403415492,0.5407024111122917,1.630994089339389,2.198727077837306,1.977066670931852,1.167086476976378,0.3335397992106014,160.2,46083
LINCOLN,2022,46,0.1003775037224122,0.1221414848711378,0.375847935877985,0.5931209193833381,0.5128850175122371,0.2869083918774597,0.1314135732961303,0.0615419635167892,0.1013657159188542,0.4850449121428279,0.765417322507926,0.703008848123843,0.4321920914842799,0.1489241168000507,0.2581861791480286,0.3367902886556447,1.254908344208132,2.041501537005524,1.750704791155898,0.933021477203084,0.3703748148767336,132.4,46083
LYMAN,2019,46,0.0712078657239388,0.1169806168899918,0.1246494201527675,0.3911544689717505,0.3944677484120789,0.4040089576396562,0.1902165413183754,0.0338344783018118,0.0860985783459939,0.0906076981994508,0.551051199375702,0.5728013590257088,0.6471632816102922,0.282272802068277,0.1780745051668344,0.3249856393425335,0.3528353225294905,1.317050480974859,1.338957537981996,1.363539138375504,0.5902045204644953,130.1,46085
LYMAN,2020,46,0.1049240940030545,0.1179680408943715,0.3008320855359637,0.4057287825869311,0.4559577159641848,0.2128632211229282,0.1348520861893828,0.0597987161922525,0.065915142247972,0.3691378409056537,0.5645124556936703,0.6129013038580914,0.2784961848774387,0.1292923880171967,0.2836088107016521,0.3307218366766957,0.9924027114814784,1.379279097913157,1.55365388045702,0.6741380870248164,0.3918938008352476,113.6,46085
LYMAN,2021,46,0.1078920529706224,0.1058395810405535,0.1648612557360579,0.4443625926307176,0.3613294788589867,0.2040165566594666,0.1370788259229005,0.0525848065972609,0.0478196644193121,0.1393916135653915,0.5824097035002741,0.464115599326614,0.3014460784447667,0.2140796623262708,0.2940331337608087,0.2855855165556898,0.4994359410983306,1.510373724970549,1.209962001209463,0.6408038486915957,0.3986230289152172,89.4,46085
MARSHALL,2020,46,0.0951862887231738,0.0942399364184818,0.2480984808703666,0.5910116500614835,0.5095323795854207,0.2581002962259187,0.1283404622004888,0.053467844530404,0.0745602385135664,0.3347173521718902,0.7565941379350135,0.6444855455445089,0.3461721685791806,0.1415876248629909,0.2492406953200459,0.2458196428700615,0.8024810765333775,2.04314021036229,1.748348589622231,0.8386677355558233,0.3691966560518166,166.2,46091
MARSHALL,2021,46,0.1076802670415092,0.1159362827511215,0.3801936234247142,0.6490784909005923,0.5520147534768026,0.2980046261623944,0.1352678637500905,0.0820980548116436,0.1070038545442864,0.5315456427320581,0.7391652248874683,0.7199894393617889,0.4772955403840307,0.201600170939052,0.2863896535363597,0.3162709168574065,1.272358980469541,2.245186834201776,1.894009641887627,0.9750019998040904,0.3862203933963761,157.5,46091
MEADE,2021,46,0.0818484482174687,0.0897668411502358,0.1305418750629068,0.2729465061440513,0.1902076427590819,0.1126755021973547,0.0885477380578156,0.0446875140914782,0.0375262510226916,0.0987043383857377,0.3488877101337379,0.2058146169521627,0.0912679771368954,0.0503448754554031,0.214522249077138,0.2398819832317619,0.3875346209501064,0.9027548286008608,0.6034056208740441,0.3228943363217139,0.235600085664862,41.2,46093
MELLETTE,2020,46,0.1026021761654699,0.1105482891015727,0.2281685514731328,0.3809137016702982,0.3884011834877505,0.1790153587084962,0.1230149972734833,0.0616986747443268,0.0687131194689302,0.2579048960105004,0.5439664954610023,0.5463376771259124,0.2071856247472759,0.099501246003675,0.281395939218643,0.3101385742574066,0.7356958182102618,1.288568143178788,1.315417480839151,0.5578595667878069,0.3552502591159297,70.8,46095
MINER,2020,46,0.1083104280379059,0.1173705683513218,0.2555122876410183,0.6290580934456201,0.5021569537975143,0.2644888465333889,0.1461731482410165,0.0867710875065304,0.1121194929285746,0.3247170902255598,0.7929300876927079,0.6499015493455996,0.3385538009207188,0.1746129964762262,0.2894278588287841,0.3221738383905433,0.8219706158325847,2.173459489306883,1.714329846602547,0.8544482851696393,0.426382088747852,162.1,46097
MINER,2021,46,0.1113643584028783,0.1557325094290753,0.4156900452430995,0.5683824174156444,0.4648813384340318,0.154230380134193,0.0953267041882419,0.0864597073495369,0.1502604192607018,0.5615680269897114,0.6859997555113855,0.6143567447328941,0.2444817937030727,0.1005418623536156,0.3009784763312941,0.461503962772516,1.402042753000288,1.954483740428802,1.580009923491785,0.4561022750550975,0.2429693580620321,106.0,46097
MINNEHAHA,2019,46,0.1148828440905297,0.1313196696837638,0.1339031046949682,0.6213354504540272,0.5838425527323807,0.4500834920784692,0.2051472845976744,0.083232161304245,0.0826259054939866,0.1504868208043891,0.7846571253069314,0.7533281107573488,0.6795888453151409,0.3382211055157976,0.3128287075376675,0.3731252386606897,0.3824679247467084,2.146010580536064,2.010367910088304,1.526423718906833,0.6392643378919474,160.0,46099
MINNEHAHA,2020,46,0.1019784842187883,0.1217112966755252,0.2512259243847761,0.6606455774844353,0.5187548066625699,0.2501711370182905,0.1467792129818102,0.0700720512492169,0.1147425338582349,0.3151585954851832,0.8092675953919992,0.6919375687261529,0.3071432812329736,0.1793246412262847,0.265339271132852,0.33673424986251,0.8053180665765529,2.286594116418931,1.77323800835796,0.8015046047273225,0.4274326556130741,182.8,46099
MINNEHAHA,2022,46,0.1063135242045815,0.1176364688192876,0.3522958585136679,0.6087805198528415,0.561404975869174,0.3793592574372286,0.1443762592140817,0.0601617630847471,0.0882656669488679,0.4580028992579622,0.7906543750166695,0.759155051470083,0.5628976113314221,0.183077527245404,0.2817524592773022,0.3216906865331763,1.17081241160031,2.099033778011683,1.927473012774132,1.268756570247292,0.4185518862139258,181.2,46099
MOODY,2020,46,0.0870399857005342,0.1138934172620882,0.2341177084504738,0.6775693280217996,0.5631620882371177,0.3221563444979826,0.1587055837735179,0.0683095480820227,0.1159402060715728,0.3083892152900522,0.84113470038369,0.73245522977939,0.4180816703571312,0.2187770699969603,0.2090801950091889,0.3058644396540033,0.7408356744940033,2.34524015284099,1.931317001200527,1.059360419500929,0.4679955671998224,194.2,46101
OGLALA LAKOTA,2020,46,0.1030735101313884,0.1193109543994559,0.1885422513578702,0.311434026082404,0.3171570653216615,0.1604767724007294,0.1018222281391625,0.0658059272755113,0.07030420026305,0.1733683221050574,0.4082121490192066,0.4254547950982472,0.1500777074926652,0.0569447094806451,0.2885916705210822,0.3344898670398166,0.5858701514025347,1.030492095762949,1.051198051730582,0.4843292485356038,0.2810761026707229,51.9,46102
OGLALA LAKOTA,2021,46,0.0953529820387702,0.1307675873013561,0.1501001485438582,0.3420396095653642,0.2524730950203353,0.1485589738013372,0.1197280109811933,0.0389214342454864,0.0933546914619789,0.1008413824023341,0.4435743186494598,0.2804644606116249,0.1829564684028714,0.1077890007618843,0.2470981484756422,0.3824295730571325,0.4447095007582529,1.139146470734063,0.8150948211101444,0.4391335305398129,0.3348210631341312,37.0,46102
PENNINGTON,2021,46,0.0866957396317765,0.0886951597033715,0.1287156181503277,0.300633567893456,0.2811003900449342,0.1819115348024307,0.1078203273772392,0.0427078414113678,0.0241329019400305,0.0805050525850586,0.3882014808690794,0.3609019273953629,0.2250538302824099,0.0872648097091657,0.2195723483173947,0.2285130049202154,0.3731419123335601,0.9951412467810828,0.9244702093251316,0.5656049310577557,0.2975429425934091,54.6,46103
POTTER,2020,46,0.1117387103029361,0.1336059968638819,0.301096431226282,0.5913921811984751,0.5397427218602897,0.2562827781711697,0.1618575253035712,0.0641465872255191,0.0818143126444231,0.3420920862117313,0.7941694284424117,0.7371719075890822,0.335838067334761,0.1538970813722784,0.3010680006769251,0.3799049631725171,0.9859027119872136,2.036191341016961,1.849325154785284,0.8237670785180568,0.4821364888780027,140.9,46107
POTTER,2021,46,0.119629165906138,0.1209856305977038,0.2432793968049071,0.5424156665530421,0.4253619764678885,0.2348268031985803,0.122459920337009,0.0553662930427102,0.0537934176794207,0.259662272158602,0.6644064441567787,0.5543818178919586,0.3693338732927248,0.1704305307868725,0.3270571604108787,0.3320789186566131,0.7745378818762099,1.856810446852015,1.433314394431032,0.7439674938342652,0.3374241116410997,103.6,46107
ROBERTS,2020,46,0.0936550706247677,0.1039518804762929,0.2547839180555943,0.6187383864804749,0.5128389540525665,0.3043307154965383,0.1450383771796412,0.0673253354245118,0.0965329467064443,0.3589927767911752,0.8091083930137589,0.6228421971167694,0.4027809430678307,0.1683929679389358,0.2369108534991454,0.2741390716657523,0.8198509921430424,2.136638459850916,1.75717543948128,0.99939404463476,0.4227919828371917,168.1,46109
SANBORN,2020,46,0.1141863308228155,0.1228897946563475,0.34252524763286,0.5625571654040609,0.4981926916099551,0.3052411656872726,0.1454835889238728,0.0888400158620936,0.1038013053235733,0.4562990797958175,0.7302883109898733,0.6619867326107662,0.434696578760845,0.1773963872006295,0.3153293617606982,0.3468222190625298,1.141464575308592,1.937540143567515,1.704669237530589,1.006570856592178,0.4285679438621945,156.1,46111
SANBORN,2021,46,0.1182740244762545,0.1366198467370092,0.3352344392711652,0.5370914153062082,0.4799306984409968,0.2080724538012832,0.1161843317012242,0.0829400440712493,0.1172632626304025,0.4299797132923656,0.6924106665498586,0.6507248161209893,0.3335288635784926,0.1528765037968894,0.3278755813592467,0.3942737811516557,1.112865287375907,1.843196756372042,1.636385928452573,0.6528112711526947,0.3203600453946821,135.7,46111
SPINK,2020,46,0.1103406331751714,0.1217364937586057,0.3352292845849814,0.636106734236491,0.548498219195856,0.3428906443701035,0.1611465898925417,0.0652795729285663,0.0824267688830192,0.4225548571718649,0.8055764164726977,0.6870397448291067,0.501477664492837,0.2060988479817375,0.2969562124394284,0.3380725574829724,1.110627539748896,2.199202428783908,1.882234878079427,1.138346672359862,0.4807966720107221,177.9,46115
SULLY,2020,46,0.1134794874777661,0.1308614156062298,0.3279124894631348,0.581716714660382,0.5200372376323553,0.2471424624635094,0.1637031088096736,0.0693549870782431,0.0719397544704649,0.3794082708995084,0.7950112292766106,0.7189330416840427,0.3262050742534404,0.1534135785064555,0.3049262040057475,0.367819955427149,1.080751458220789,1.999015696926532,1.775859655886658,0.7885263593257572,0.4866427778061821,148.0,46119
SULLY,2021,46,0.1176479402091637,0.1192910469454245,0.245736879686069,0.5329501689813216,0.412522490036651,0.2428233832479363,0.1309950261809653,0.0521935342211758,0.0441544613189299,0.2557905123219667,0.6637960756981814,0.5325755330679373,0.3847941929323538,0.196192969887371,0.3187236210248101,0.323801578232563,0.7812856754108856,1.820424708636023,1.384718989552489,0.7707483694381075,0.3661533735698091,114.4,46119
TODD,2021,46,0.1615422495360607,0.1331292701594208,0.2794697680385384,0.5242171379255797,0.456055780964851,0.3203586196617839,0.1798188669664508,0.1429449384609164,0.098655661650233,0.3324267853856269,0.6519287512091039,0.5622342583965989,0.4339007040087683,0.263830475227327,0.4844147558865719,0.3828572091398545,0.9123174707959948,1.797813847858812,1.551206858852261,1.060255302939947,0.5517824776882412,106.5,46121
TRIPP,2020,46,0.1063462750288933,0.1237843146087984,0.2792442668271527,0.3726118427694986,0.4367789142707861,0.240059225378842,0.1367247412347146,0.0638628299763407,0.079373276224876,0.3379862486703374,0.489650961907987,0.5959834936061565,0.3108581661400931,0.1379807928668792,0.294915569010154,0.3580178714117447,0.920463884375508,1.2608234882491,1.490424529230153,0.7786904051301624,0.4048285199205352,118.5,46123
TRIPP,2021,46,0.1032399739642298,0.1094703870425872,0.1997648315959536,0.4201765851389741,0.330454821450257,0.1707346531974597,0.1136178661649809,0.0516233050169093,0.0582504312774135,0.2179286099082924,0.5307682357392067,0.4348111677877598,0.2261535885836424,0.1492077131955538,0.2821730607922739,0.3021550336830834,0.6288407160025453,1.426292809505319,1.101680023332002,0.5238129565688635,0.3171644210853559,70.6,46123
TURNER,2020,46,0.1031180300350571,0.1222341567075677,0.3168257444915857,0.6423552949939977,0.5266575306728337,0.2513328798089619,0.1483984565949239,0.0831316583629288,0.1225794444119915,0.4022029147835307,0.8126401017477478,0.6996523350996697,0.3293150357876095,0.1717741848417776,0.2685869701552332,0.3377495978210815,1.042178293677162,2.219944845950801,1.80135011287469,0.8052259911540881,0.4328094122474544,177.0,46125
TURNER,2021,46,0.1066860071836304,0.1732370451171205,0.4541685442104294,0.6107051807868812,0.5315191565499855,0.2669220259867276,0.1143539448133401,0.0804588249040693,0.1914522292297541,0.619197606917338,0.7128048186601007,0.7132604994034446,0.4303064594555472,0.1611528082927267,0.2808180973882389,0.52160100236756,1.538013560250668,2.104386703510029,1.817867420047615,0.8605553625133208,0.308565284877252,149.5,46125
TURNER,2022,46,0.1070012053265429,0.1147370322697887,0.3665912986882876,0.5505323598679247,0.4364716137844005,0.2333157108465643,0.120291264320471,0.0601450920716334,0.0913327039267093,0.4814497812992042,0.7378363031266606,0.632655794239973,0.3563134027499053,0.1473113520844163,0.2885295986298896,0.3101317599442171,1.221004597117641,1.887367056807559,1.473777291421952,0.7387362217670762,0.3297994423726975,105.8,46125
UNION,2019,46,0.1078256993697475,0.1268216692413959,0.2655002380237,0.6696996802751004,0.6175179814442642,0.4712834069329017,0.2307738756784656,0.0580977985821331,0.0649550477584063,0.320384602600458,0.8053880953828546,0.8051834416257109,0.6728538802580727,0.3811058805419933,0.2858043893594968,0.3545184011711192,0.8562616993751949,2.318654153796651,2.129862049501685,1.60078380089009,0.7306416249040645,177.5,46127
UNION,2020,46,0.1056510911859314,0.1602737133166533,0.3924117869576414,0.670585474215249,0.5632637038247443,0.3239678028048082,0.1506325845658078,0.0385459947413992,0.1251061614072653,0.4909903187796712,0.7945777599732362,0.7464174475996678,0.4407762879973227,0.18512852941545,0.2774399613302222,0.4749087116342177,1.31475623826183,2.3211889508,1.932898880161941,1.067126310271816,0.4399994906831211,186.4,46127
UNION,2022,46,0.0976646006219484,0.1406531496379868,0.4304987996571554,0.6212347819970684,0.5244183404251856,0.305619643985965,0.1448948800281584,0.0395281085101865,0.0933048135544194,0.5396464141675155,0.7729747965069992,0.6990126397846707,0.4506129339949655,0.15735305251552,0.2475841696624799,0.4030829632930825,1.451804440482599,2.142210147166364,1.791587705675791,0.9999585826462132,0.4184501532620322,134.8,46127
WALWORTH,2020,46,0.104113858609333,0.1309370599116384,0.2660094995819545,0.5740074125901454,0.5097682065110714,0.2334344063256204,0.1619205729026798,0.0478756526142916,0.0868222653040812,0.2997580807817344,0.780458107231872,0.7127789357023979,0.3019353124231287,0.1505189411293921,0.2745323786425703,0.3711065884050355,0.8597993708117528,1.974136112847074,1.741718665252998,0.7419429761820239,0.4832059268578292,151.0,46129
WALWORTH,2021,46,0.1224835966480549,0.123421935122859,0.2356130728788911,0.525139354287598,0.4228458362132022,0.2516265122924268,0.1376842521805321,0.0696637817812102,0.064563976024419,0.2577617636627565,0.6371925101064347,0.5579308840599637,0.3843558456764055,0.1959901796380679,0.3414388880117244,0.3428696338327678,0.7487733999738159,1.796281688831402,1.426185049556182,0.806715769030567,0.394472671945733,108.8,46129
YANKTON,2021,46,0.110303509373776,0.1675857471016781,0.4221968786499419,0.5897778742574935,0.4915628614466918,0.2279838453399609,0.1185412086144856,0.0788025705121587,0.1688638270601684,0.5592022936898603,0.6880306552766242,0.6477259154282472,0.3495199188042247,0.1515465615705615,0.2970671849520344,0.5032170235720619,1.424408844169051,2.030721571257174,1.67537472792466,0.7217526194500545,0.3257874491495589,131.0,46135
YANKTON,2022,46,0.1182321629497089,0.1264340714936957,0.3044759671346685,0.5063415111358865,0.4095331691773367,0.2621216886507923,0.1306067996700379,0.0502950842508154,0.0926649495329436,0.3899171973840324,0.6771800960477415,0.5811424089949335,0.3961261568284561,0.1627446254027548,0.3337135881626811,0.3543751975432321,1.00019127516006,1.73241338856071,1.378558853412283,0.8451173590785066,0.3692894015273175,103.7,46135
ZIEBACH,2019,46,0.1191673222874006,0.1482480838039193,0.1785812272965251,0.344688594316171,0.4909669431622682,0.3928020897486946,0.2861418040578382,0.1074466650649727,0.1362123839188415,0.2175672867293888,0.4952925392206232,0.6861188855990221,0.6328733244234389,0.5069033261294268,0.3329830185247812,0.4350673537908226,0.540492731701384,1.146462363023541,1.675682657964473,1.320784293736496,0.934647178492259,96.8,46137
ZIEBACH,2020,46,0.0708663971355262,0.1480143532145097,0.1580366587790418,0.411759064002292,0.4356129394798497,0.1401128664350701,0.1306701003204651,0.0044449333589613,0.1240185748785425,0.1366666676131163,0.5660299195348074,0.6075202995135285,0.1344504025983081,0.0983680845697181,0.1473391876968502,0.4397921482586496,0.4758141530727836,1.393782318238019,1.480085639715827,0.4109660172632159,0.3768024476371727,92.9,46137
ADAMS,2019,55,0.112101085298378,0.1398860258646821,0.1544857889770526,0.5197653056742398,0.507734121117472,0.3918252889180566,0.1878090624027596,0.0887018683290482,0.1171231090110872,0.165936325051173,0.625769327560277,0.6415763837555378,0.5537969963752836,0.3313669565459979,0.3162888310064967,0.4168068959562829,0.4700074079974664,1.791291029157029,1.747865903938148,1.32849483201013,0.5987735358948203,116.8,55001
ADAMS,2020,55,0.1069393196679763,0.1136481297331701,0.2132716386018345,0.4612700222387931,0.4409642952009802,0.2459750985965414,0.1127940208992233,0.0790778007746852,0.0815008446712366,0.2459588158440211,0.5921212717981931,0.5989651654067695,0.3492957906872808,0.142388631232851,0.300028418444646,0.3243158646163677,0.6861451566966221,1.584532564527251,1.508574299173654,0.8031044176058373,0.3212556873665455,124.8,55001
BARRON,2020,55,0.1228126086140388,0.1542087641125696,0.3781609396265376,0.5257032766070054,0.5071070277341079,0.2518245378074439,0.1098904578373573,0.0891365563207432,0.1308761346635198,0.4637456246896081,0.6676732813637162,0.6740210704173104,0.3829772834753737,0.1554046103330384,0.353494047883045,0.4670851844807337,1.27740885474292,1.811405141119512,1.743913723100212,0.8202894872437276,0.306741528762573,165.7,55005
BROWN,2020,55,0.1299342143493711,0.1227080620572816,0.2315214406765299,0.5113998917051535,0.5118388939389246,0.2937596046603752,0.1369171906642017,0.1069852104745764,0.108516666747913,0.2667808660548085,0.6627088730931402,0.6555578056200756,0.397232775214895,0.1706200997049773,0.3771769451629674,0.3510460969879606,0.7447330635909871,1.757332521153007,1.758909948251582,0.9699107708249304,0.402454885941377,157.5,55009
BUFFALO,2020,55,0.1162844003656359,0.1633096920919907,0.3998936847276823,0.4721987093470248,0.4332155834552914,0.2704632327421833,0.1376081080884553,0.0950882821924195,0.1740162124505571,0.5028682423098821,0.5984745535649397,0.5932960689418308,0.3990984437586702,0.2040127037415544,0.3401453508892737,0.5102920121996389,1.366196350360653,1.627880441266142,1.486828381097503,0.8979712257093235,0.4172947362629947,170.9,55011
BURNETT,2020,55,0.1055119014128084,0.1448608206371217,0.28489641994072,0.4097615993361577,0.4093602890607407,0.196064231267329,0.1097843962888218,0.0791070859300907,0.1375885351288508,0.3369863081949395,0.5360389955212196,0.5363795983452068,0.2712032573723498,0.1484247074220178,0.3045388028443011,0.4469031925978688,0.9535396305615762,1.405304326189103,1.403856692712881,0.6321526320646711,0.3199966893057226,143.5,55013
CALUMET,2020,55,0.1266906261709273,0.1176992760007012,0.2664250995661519,0.5694239676812054,0.5498142411788999,0.3469826036850977,0.1384863717122584,0.1003715366281563,0.0981481288331759,0.3039857748393872,0.715137039489235,0.7023844444058069,0.4645375629648997,0.1654883096595198,0.3626225734096199,0.3300958019734883,0.8681860865117539,1.964435226310145,1.893487085229027,1.159643224874897,0.4053038575971603,164.8,55015
CHIPPEWA,2019,55,0.1197428536028467,0.1632535282691018,0.1588442733647295,0.507904566012332,0.5287070689748344,0.3973194583507702,0.1977230827221966,0.1109799216230631,0.1570544362738194,0.1372317202599743,0.6372908503944357,0.6796312978723329,0.5684887404687543,0.3209616022540495,0.3449363831674708,0.5005770863035349,0.4872223238804248,1.747519989644388,1.822806588250629,1.348001386396716,0.6252398844775242,152.0,55017
CHIPPEWA,2020,55,0.1183022797430494,0.1631816454686868,0.410451025199728,0.5135081567105256,0.4879745015946851,0.2626306074209316,0.1192457518133888,0.0890234810117717,0.1688893393089933,0.5169146933662525,0.6513865224656705,0.6673153592481131,0.3912874913938967,0.1876442779465366,0.3381887406690503,0.5005666126656356,1.395649844187141,1.768416424228452,1.675674506374539,0.8603657097352365,0.3416030209496313,163.4,55017
CHIPPEWA,2021,55,0.1377691346958358,0.1642070675783628,0.224775293053234,0.5726805951797779,0.5472406569960211,0.2435823368142986,0.1697139253591424,0.1144064276036927,0.167911426984483,0.2311686412059333,0.7141566125440165,0.7237194456629804,0.3720934401129168,0.2255368632971697,0.4053282644841989,0.5023471761702912,0.7201558196395109,1.978852733703516,1.886795845628028,0.7881638646689084,0.5228689412047071,170.3,55017
CLARK,2019,55,0.1252876844836632,0.157406272646038,0.1435187480802846,0.3993843875797073,0.500557203559656,0.4454969693469068,0.3014034232537805,0.1365987689018797,0.1509054979916703,0.143304480656915,0.5071275646044574,0.6469665760238836,0.6285069905862611,0.45858005628177,0.36437912242072,0.4803304128888702,0.4301431293965458,1.355806994891989,1.721849196999809,1.522676936893414,1.001311783242782,121.6,55019
CLARK,2020,55,0.1316567371401717,0.1539910544630436,0.3168152366861864,0.5223439398483045,0.5252589049545094,0.3822529471123169,0.1434708723938013,0.1208964015071584,0.1661293255662235,0.3846002495722524,0.6627769711165816,0.6703167785289319,0.5184675195032881,0.1980616771714672,0.385864553154549,0.4666632752004917,1.055767673606451,1.799362907117443,1.809911493468874,1.292511709212715,0.428607812478895,167.2,55019
CLARK,2021,55,0.1512829015681187,0.1621309872695755,0.2772131254514717,0.5729970474120297,0.5495105363330701,0.344811389243027,0.1897663596819664,0.1417362239060196,0.1996157726021008,0.315506666411409,0.6795438956595429,0.7061013543166862,0.4769940836538457,0.259949651237959,0.4548281430818561,0.4941524249566032,0.91044512031359,1.980591990723287,1.89561726630746,1.155015965453881,0.594147901614873,162.7,55019
COLUMBIA,2019,55,0.1254406793578863,0.1596245784379532,0.1659023877355014,0.5987798266612433,0.6101744962686826,0.4803400500960152,0.3337494703697147,0.0994590984820982,0.131140298860955,0.1913352855541696,0.7242922227875397,0.7696249097169419,0.688862062412361,0.4974920589175311,0.3544067627966491,0.4780841979345222,0.5020690201890392,2.066939561779878,2.108180899935709,1.638430623555631,1.106919622640968,166.8,55021
COLUMBIA,2020,55,0.1266706654055815,0.1379827253626792,0.2874273777670612,0.6067889804693763,0.5675732446755717,0.3742464683853972,0.1501042703554541,0.0974335685489441,0.1052505843839275,0.3373523517666033,0.7617424071689717,0.7510153109359992,0.5525160125310414,0.2232673939807738,0.3597617334979086,0.4007236610006179,0.9420105989883456,2.096901642707177,1.954944588745667,1.255493235820634,0.4445415282068274,181.2,55021
COLUMBIA,2021,55,0.1407175702440328,0.1590191116900846,0.390435894255394,0.637773002608612,0.5329502864524438,0.3549167259917977,0.1464751418231799,0.1008102745884737,0.1447928292620944,0.4733381822040463,0.6675398701030029,0.6986404027997472,0.5180021044942071,0.2442962398749938,0.4096936406090615,0.4821614768000811,1.314427721657614,2.210532086217974,1.833575219288277,1.185910968260929,0.4330033218250164,191.7,55021
CRAWFORD,2019,55,0.1179556591552214,0.1620097657146942,0.1638472372056243,0.4536839156580488,0.459664562958924,0.3679672694583511,0.1901545121783086,0.0999024794379226,0.1389302847765776,0.1832180088529205,0.539947135118302,0.552530207556082,0.5068254934143628,0.3217937519792224,0.3514801677139288,0.5108789640018125,0.5175233282362861,1.566147260017132,1.587782787609396,1.256040732648835,0.6100614402316893,159.4,55023
CRAWFORD,2020,55,0.1150225774424912,0.1566259666735782,0.2557101490333031,0.476034183630127,0.4343176787087832,0.2793126568479172,0.1295700219587832,0.0912605712128411,0.1453425666022812,0.2774120870811653,0.584418336298372,0.5561012297643324,0.4000793084562988,0.1967204508780771,0.341135898735706,0.4916575173992014,0.8501462498188053,1.647283717961232,1.496344543526266,0.9355363744336398,0.3937675214047602,169.5,55023
CRAWFORD,2021,55,0.148937211346693,0.1538931761361606,0.2693214243802698,0.4976541035645574,0.4482254146743133,0.2686347492427621,0.1467981204408664,0.1378133474121812,0.1459053511511562,0.309356615796498,0.5098644913058896,0.5779634025683419,0.3997069677943903,0.2113951233094319,0.4640140893661659,0.4812609368540774,0.8988058138690156,1.724951321012835,1.546078162362235,0.8963222377512499,0.4555335956360511,178.5,55023
CRAWFORD,2022,55,0.1060754901614747,0.1665313983501229,0.2187266549555281,0.5104730803799511,0.4786827376652941,0.3866412178992671,0.2215042875682315,0.0782294932211959,0.1490626957425802,0.2358533581815042,0.5784336232737299,0.5868225432168307,0.5085389194680546,0.321467922908475,0.308481900110102,0.526885429721126,0.7156696062000464,1.77127785676993,1.656256099362967,1.323234654373364,0.725714997831956,184.6,55023
DANE,2019,55,0.1283680726913094,0.1568895754458771,0.1752874059334342,0.5745071033342242,0.5884463115021863,0.464144831631888,0.2902981528882307,0.1154500477977924,0.1340445740173564,0.2111287227580001,0.693319023152843,0.7341501007393877,0.6561312472134877,0.4399529148278763,0.3688220480540677,0.4720958053373185,0.5389524721247361,1.982970077875852,2.033375362605758,1.583652826725953,0.9525994403133606,178.7,55025
DANE,2020,55,0.1310603155535467,0.149182734650162,0.2808577374951273,0.576056432796356,0.5340492789791278,0.3278832265812895,0.1512801887608423,0.1039486732485229,0.123472775722419,0.3365391371123528,0.7093340671940743,0.7003221203194058,0.4600385168398781,0.1941901438368792,0.3789499347099128,0.4443722718774152,0.9209426541375816,1.988996332252546,1.836937276286113,1.091029030981148,0.4520792401467587,187.8,55025
DANE,2021,55,0.1472191265259413,0.1736280751187328,0.3994398454706722,0.6453327023393599,0.5839454210029243,0.3620332045787399,0.1675048175994695,0.1086481580270535,0.1498256862307742,0.5005389864846292,0.6484124700762995,0.7152799053688806,0.5092279763806776,0.2411423012514159,0.433844268622326,0.5302946900028549,1.34983149439866,2.240428047533429,2.014702035842541,1.214494761665317,0.5136278319360154,192.4,55025
DANE,2022,55,0.1267323234960419,0.1576335112962408,0.3250310775037989,0.6236571964965735,0.5976110218736655,0.4585790835379608,0.2249973268633963,0.0704132380894128,0.1373165256477191,0.4226206338153431,0.724062490601511,0.7424946200825677,0.5610531640624836,0.334522575088237,0.363386040048429,0.4743144961842051,1.080280398069674,2.160856287432147,2.066623739963191,1.564042815017083,0.7181128706786509,197.4,55025
DODGE,2019,55,0.1238561978672853,0.1572014180394903,0.1620543990080362,0.5399083156182652,0.6039199407975213,0.4921312206660352,0.3044933618625624,0.1033243366071852,0.1420070646592493,0.1396630622473609,0.6301460911272695,0.7575388208677856,0.6706441853286588,0.4590910249369704,0.3521023181561592,0.4727487250581086,0.4903134727032129,1.857379168692163,2.088972937695845,1.684521405825647,1.005647632674685,170.9,55027
DODGE,2020,55,0.1301001489311266,0.131124633477223,0.3348843040247558,0.5962557093176767,0.5640319832686286,0.3869376057255387,0.1572089993588505,0.1056024263131212,0.1107387832377415,0.396548260274917,0.7304172077009393,0.7311903762843344,0.5439307225702087,0.2244388280127501,0.3747271224311513,0.3784283424668534,1.11563061782969,2.061275894042381,1.944687211867804,1.303959828100872,0.4728017495679294,200.4,55027
DOOR,2019,55,0.108055069884244,0.1293602227420102,0.1441926835045766,0.416842283747967,0.5223570160072052,0.4076168432555196,0.3092026743306237,0.112504761013109,0.1194923067283451,0.1799586152969494,0.5144907140488146,0.6735963045674505,0.5984961318416128,0.4769330614185505,0.301881832148579,0.3792005428737836,0.4333864643199568,1.419756274279224,1.801507892576733,1.38637967473304,1.030317724045108,132.5,55029
DOOR,2020,55,0.1172747546591339,0.1208064036612732,0.2119188630626061,0.4911764894575967,0.4884223494604089,0.3660366445371216,0.1581087119063423,0.1001808858508621,0.1129483443018014,0.237125845424086,0.6210393085884276,0.6320856939725357,0.5001916555378427,0.2291785297564665,0.3370317397961757,0.3499267715847801,0.67956902806582,1.689924200567192,1.679958381913936,1.23716321107801,0.4836416809155625,124.6,55029
DOOR,2021,55,0.1379558188403967,0.127069281387208,0.251203383468389,0.5018772075383042,0.4868319706376792,0.3712956387884236,0.1407871928938771,0.144853672099892,0.1121435592227938,0.3153125523070875,0.6288018371827024,0.6334445981518665,0.5479558387440518,0.2545624437806412,0.4107649782661649,0.3708297247185111,0.8203353322736058,1.727419477096088,1.673001680894006,1.25467312265922,0.4397399394542884,176.0,55029
DUNN,2020,55,0.1256502985364058,0.1579249256450644,0.4308006182721594,0.52874748415026,0.4697864879143854,0.2456969564604276,0.1198505418309092,0.0973903983047615,0.1619655513134536,0.5466727007822381,0.6809912523306285,0.6684559335232134,0.3741601043117436,0.1763764050926006,0.3647408674608788,0.4815103714010654,1.468810297776059,1.823165914458839,1.609828695565654,0.7990666916486692,0.3437559810596554,170.2,55033
EAU CLAIRE,2019,55,0.1237769042490704,0.1629160404186959,0.1678661809869625,0.496110641815648,0.5052258111495616,0.3790129102944062,0.2094079621031654,0.1087095869022997,0.1603654960795236,0.1891845040954387,0.615531367080478,0.6492504967140268,0.5622814410408995,0.3470585398568357,0.3630448251371151,0.5032898119894926,0.5221668905030409,1.708767962212672,1.741808635445133,1.284940826722378,0.6714540117121367,161.9,55035
EAU CLAIRE,2020,55,0.0980842782517741,0.1632471598027139,0.3704869451751088,0.4593960148075218,0.4325484644219619,0.2462650341139566,0.1203095556680686,0.0751436907658333,0.1734550338959457,0.469441919469885,0.5915361600823258,0.58294489228747,0.3739953764870516,0.1879006309336232,0.2738301769442253,0.509582808223139,1.259417433588401,1.581070047008187,1.483910957231432,0.8099430156911841,0.3542397943610409,168.5,55035
EAU CLAIRE,2021,55,0.1448710972581322,0.1672888713095941,0.2167213112203923,0.5553609367850522,0.5299720626951427,0.2598370057387904,0.1874316738891537,0.1273287418769431,0.179224779473037,0.2251770750433468,0.6811862932658648,0.7006800686205922,0.4005793363988679,0.2705089297230262,0.4346927046239479,0.5155551228034324,0.6943398096406177,1.919523989857426,1.827679085947089,0.8503349557016958,0.5886580460202571,177.9,55035
GRANT,2019,55,0.1325465420628935,0.1745872551442152,0.1841579687179613,0.5663180925401373,0.5606473270492487,0.4370351969377239,0.1628989905899973,0.1071247438784156,0.1410136195077764,0.2121103874319314,0.6607127742727927,0.6840488159997076,0.5979279642202858,0.2800033227795487,0.3907835892863328,0.5428752328602837,0.577549287384995,1.960157622722566,1.939641369247119,1.492466363293837,0.5091646854699036,196.0,55043
GRANT,2020,55,0.1248387058812048,0.1653065023075801,0.2663507132623554,0.5490846248526158,0.5018807109805772,0.2999040957346622,0.1483873580917125,0.0978308366729414,0.1418848494113538,0.2938434829074926,0.6683516631424348,0.6393137274457699,0.423712544244874,0.1885986124937547,0.3657464175178734,0.5122437110716108,0.8777405157258478,1.9006686440524,1.729885966316438,0.9991347594647778,0.45094714342451,190.0,55043
GRANT,2021,55,0.1429710680334419,0.1562106350794399,0.3057401210541516,0.5691715864134486,0.5055162956346884,0.2988290627637298,0.1516053452971059,0.1244712667612604,0.1447712001560202,0.3554066722854967,0.5918214967602025,0.6400021280052199,0.4344626195226609,0.1836365033425844,0.4321283075671073,0.4808609129965461,1.020792797535223,1.973844308543034,1.744175113641852,0.9958436503790152,0.4631800537892829,208.3,55043
GRANT,2022,55,0.1213098944299937,0.1573872466852958,0.3130060843904512,0.5826156103503776,0.5411746527049133,0.3654668821797132,0.1972817414314338,0.0964643498443061,0.1336536336132063,0.377800730360644,0.6593867571105482,0.6522162818538098,0.4880752425541846,0.2783313965139348,0.3541121849378916,0.4835441915517789,1.046620814798883,2.022151727061011,1.872180539715165,1.236406948976873,0.6279121974403004,211.4,55043
GREEN,2019,55,0.1319814158097395,0.1625790200927747,0.1824096817783694,0.5995529826920177,0.5934403589450828,0.470538625980839,0.290201135161766,0.1181241597140079,0.1485651192197289,0.2381142349633798,0.7219549297463668,0.7546864634829334,0.6843297669345149,0.4437143800199538,0.3804686004151701,0.491215525682095,0.563958776995917,2.072141939641942,2.05002666099129,1.605366825899382,0.9456663038260308,186.8,55045
GREEN,2020,55,0.1395076161360569,0.1562159848251514,0.2684364528067092,0.5759586192302922,0.5495999897627655,0.3394037390106174,0.1539154437018699,0.1201390940539693,0.1360871171913996,0.3211855437744774,0.7153159433838572,0.7249166653379441,0.5081338390019575,0.1911937423431306,0.4083715583670553,0.4689896456537998,0.8748331912858468,1.987513393685846,1.892071874104723,1.131581838883407,0.4604849707736944,194.0,55045
GREEN,2021,55,0.1275708575491192,0.2104151581080771,0.3766701343575406,0.6269151601901183,0.6064356717443125,0.3624356426062656,0.1552888095591415,0.1055448878486174,0.2117721368296912,0.4858899588319537,0.4921946632005385,0.764597642941318,0.5199552392184202,0.201454583948603,0.3583715093144808,0.660373866129066,1.267623399557128,2.178058831353668,2.089458926076416,1.216129029760183,0.4666736135972996,196.7,55045
GREEN,2022,55,0.1377540270712485,0.1645856148371133,0.3267339312316487,0.6171704323910633,0.5959935335437125,0.4446285367493277,0.2199535296161371,0.1062166713868484,0.1461226992821487,0.4380525034399657,0.7445761980955123,0.7605411653615738,0.5996242271495444,0.3277647195163841,0.4137040688044504,0.4984105467117853,1.085142471168402,2.135985100693091,2.059376466064428,1.511545598281842,0.6987651377120804,199.1,55045
GREEN LAKE,2019,55,0.1268463115605429,0.1552321957096367,0.1674321491371551,0.5835432928198985,0.6065002918071095,0.440427342640035,0.293509409359869,0.0993935636778944,0.1293955008612946,0.1443151892441415,0.7081235978080791,0.7725626843874627,0.6517245573700561,0.4467157881163815,0.3604892538402857,0.4632701287579138,0.5045822026100315,2.012861139249879,2.095881082952954,1.49505645091595,0.9587731515809492,187.2,55047
GREEN LAKE,2020,55,0.1320720660338228,0.1314872324147757,0.2871094186136584,0.5889868148131367,0.5480666768467505,0.3737024561688081,0.1573333541659137,0.1042678200820638,0.1031372363520004,0.3226727787585056,0.7240967236576341,0.7172950969962377,0.5392287371205158,0.2438204748820462,0.3814737830708525,0.3793687381027478,0.9425072468094132,2.034599601504288,1.886543024392234,1.255798477326439,0.472870688712959,165.4,55047
GREEN LAKE,2021,55,0.1433823428178448,0.1419570709325164,0.3662240520332361,0.617529947383866,0.4447168169227913,0.3748630293289773,0.1371744351573414,0.111946919831805,0.1437059603714338,0.443025052090109,0.6973297848277473,0.6139937811375945,0.5577883520650326,0.2293315092083514,0.4166992834597047,0.4288948470257934,1.228352761230862,2.137568613041621,1.525075744024736,1.259599149026336,0.4111441015955415,178.4,55047
IOWA,2020,55,0.1270743604698041,0.1477948275643271,0.2583301594386465,0.5552470464345003,0.507634530605202,0.3041796953299463,0.1428662270072571,0.1042387389089291,0.1254028593262198,0.2981629856070384,0.6684344075076484,0.6516633452995271,0.4309682459082245,0.181770229020193,0.3717550516822981,0.4466919826205253,0.8466391149780262,1.920884807358178,1.748623000176887,1.012523747467494,0.4288916190759992,191.5,55049
IOWA,2022,55,0.0167591956048442,0.1549973738270464,0.2989667911976959,0.5877191632505281,0.5519482553177137,0.389476262522398,0.2022427092742074,0.0030565992231786,0.1335065354608998,0.3837634552113549,0.6787046282746824,0.6730793613053252,0.5193578965701943,0.2933081432625241,0.0531621443499516,0.4720904978264299,0.993093948011103,2.037868317928891,1.908420873656896,1.318863979755368,0.6430951125186251,188.1,55049
JACKSON,2019,55,0.1211129878009868,0.1687688018892456,0.1814458640932484,0.4982238394995139,0.4946929299800201,0.3917529584798745,0.2040873499394244,0.1027508171949283,0.1540823708569221,0.2029155901486641,0.5925183213602889,0.6189113783197524,0.5647029688432361,0.3281303035524924,0.3545528600036644,0.5268666191494727,0.5727275028498373,1.718836958134306,1.706068812081143,1.333628261154773,0.6546427277052356,160.6,55053
JACKSON,2020,55,0.1118441539434575,0.162090918681548,0.3240792188762973,0.4886935988474348,0.4542282455435435,0.3226605760645376,0.1370939136724402,0.0873275272338936,0.1573266864343582,0.3723436313920776,0.6114614463530832,0.5964289322261239,0.4610481552239765,0.2089232764453614,0.3228565409258156,0.5046442794591071,1.090723898796083,1.68628902956299,1.56159999955535,1.085584217125419,0.4142115358730615,164.4,55053
JACKSON,2021,55,0.136976264614127,0.1663354960581373,0.2926388317167461,0.5279057346162612,0.4981562551203247,0.285871879900652,0.1587498994015161,0.1210600699277014,0.1653960283486453,0.3324746851049228,0.6230649040532538,0.6383515262742674,0.4218323403877359,0.238242355145353,0.4118161917753757,0.5179432312572005,0.9750164813996808,1.826227352055996,1.718569784513306,0.9505296001706206,0.4902184815387472,178.2,55053
JEFFERSON,2019,55,0.1190112656665711,0.1518108374564197,0.1879694020253975,0.5791054811688199,0.5929444873032079,0.4685497451924263,0.2451680948427687,0.1056354201477276,0.1434093485754128,0.2265490602960666,0.6869614618525133,0.7444463290222657,0.6562051934703049,0.3899102713489615,0.3351989391793828,0.4540622901947977,0.5846916763664943,1.999819652974276,2.049886869534247,1.599829160459074,0.7916346260064491,174.3,55055
JEFFERSON,2020,55,0.1244817102624941,0.1452378354447195,0.3372721812542933,0.5744171541156796,0.5299694618591857,0.3196409384915612,0.1507020421427583,0.1042337892600332,0.1350377603029779,0.4184837351422676,0.7130114709988297,0.6959904682948025,0.4593218945869189,0.2133656800858135,0.3552528309221742,0.4302496779482277,1.125020058470401,1.983023850883792,1.822198890747747,1.06123029320367,0.4500093662136978,172.8,55055
JEFFERSON,2022,55,0.1277079570944123,0.1496473101868079,0.2984920965175311,0.619461966880492,0.597461529996149,0.4476069190106639,0.2262461638206714,0.0897688010819338,0.1339166316976674,0.3910009800177163,0.7237713753260602,0.7376278273261495,0.5693465605268717,0.3253120914933098,0.3675310513346821,0.445050160945659,0.9837582046712166,2.14500187722917,2.065285032851225,1.523077803528475,0.7221815316717153,190.4,55055
JUNEAU,2019,55,0.1180893633126815,0.1577467074225395,0.15643704351831,0.5060510891580293,0.5180908567988347,0.4370378427705827,0.1795125133722126,0.1030123414887459,0.1262118303278595,0.1772524964361176,0.5977379495330559,0.6382811766317351,0.6151754620874214,0.2987827058211059,0.3414621976631647,0.4849291737941011,0.4803976872913864,1.745116613370204,1.788652022228534,1.495223990904775,0.5669922612659142,150.5,55057
JUNEAU,2020,55,0.1208449702553178,0.1349727601740102,0.2479834756377368,0.485331407856478,0.4590408115719073,0.2805734663603759,0.1254504671031355,0.0990509915394508,0.1102414606129789,0.2663647050529212,0.6081248817317206,0.608563449693738,0.4182615037924699,0.1857460036391864,0.3535685493537576,0.4047061068419622,0.8141797790394385,1.67339836813699,1.57718246617525,0.9314871053920868,0.3702526775561188,156.7,55057
JUNEAU,2021,55,0.1335152026400968,0.1645128007388413,0.3024510116799027,0.4987575366107142,0.4641489825264639,0.2217768756269894,0.1287129060725512,0.1204615786774449,0.149526448357853,0.3470450382452397,0.6206942033204644,0.6030992718360106,0.3248846743599283,0.1693829117142039,0.4030493476218033,0.5135414067748961,1.012504304758398,1.723151390958332,1.597694141578317,0.7206496619438054,0.3840699219318093,155.3,55057
KENOSHA,2020,55,0.1085058136088499,0.0972669265400765,0.2039041029922127,0.5242094398070003,0.5024762689082426,0.4033132634043078,0.1552918785737079,0.0940797717536984,0.1003583313623735,0.2294719636718926,0.6681249274417431,0.6569244564468835,0.5567747045614097,0.2322555204362,0.3026270830740548,0.262033450658853,0.6466588165871179,1.805693371100993,1.726900624268499,1.368121081754032,0.4707746848827673,177.7,55059
KENOSHA,2022,55,0.1063622489275053,0.1326777194314349,0.2415302565301239,0.5457742275432109,0.544469125538061,0.4316792533729872,0.245881224982759,0.077532166586144,0.1203945426251287,0.3092331772774761,0.6915439844154866,0.6853035282458725,0.5951755383430788,0.3802342204581506,0.2931635976094727,0.3874786470756335,0.7810954922196838,1.882354874257749,1.877755230767444,1.469889578601175,0.7971921659049471,180.7,55059
KEWAUNEE,2020,55,0.1193754722500311,0.1243103741332844,0.2187508983247298,0.5121247862927744,0.5181216065959101,0.3733426102118295,0.1560049526960079,0.0877588487340833,0.1047753816369952,0.2391673007737652,0.6461423296492099,0.6571065421388546,0.5094850513425006,0.2057526667570997,0.3384994775545276,0.356347232002739,0.6980327784477537,1.759458976074973,1.781148270698755,1.257344973243262,0.4710171024671007,152.0,55061
LA CROSSE,2019,55,0.1229208410774279,0.154372939638445,0.1711735095500647,0.5008177246058941,0.4993901984135049,0.3771366140311032,0.1760091655902468,0.1070598569884742,0.1352158700156535,0.2091281803752507,0.5927711855833909,0.6127688017922573,0.5478940316770852,0.3031681894189258,0.3623016560671035,0.476094072159886,0.5368923354530171,1.729532622306583,1.724367153962023,1.28205450099355,0.5543755417926751,171.4,55063
LA CROSSE,2020,55,0.1161658382325765,0.1641649594548895,0.318397524678444,0.4954726773238771,0.4627585722139878,0.3242370751179089,0.1312517559549754,0.0960811497453793,0.1670825765320624,0.3668626157693549,0.6265881333730444,0.5918293225805665,0.4643729064155723,0.2029017229487633,0.3397703436286794,0.5134289740126764,1.071445295911273,1.712102348476478,1.593743652983461,1.092571310526385,0.3943519917583541,168.0,55063
LA CROSSE,2021,55,0.1541485143043634,0.170658744979902,0.3226481228837606,0.5492300543396145,0.4878242115764595,0.256002769792879,0.1395888666171325,0.1471294740236932,0.1694922392757026,0.3895287873479091,0.617067233329522,0.619932023244209,0.3824697317731889,0.2069018468431448,0.4755138176080576,0.5350552556140094,1.084883865601403,1.904773284157132,1.682491580630888,0.8437616176081075,0.4225761250225047,172.3,55063
LAFAYETTE,2020,55,0.1343702295438718,0.1573715743800329,0.2907260259613397,0.6242698844100009,0.5845248294956229,0.3774326827381051,0.1741637429594738,0.1033277910309839,0.1273514613628618,0.3375903444806261,0.7584446967966155,0.746389456786829,0.5556936302084984,0.2157023631600093,0.3878044426193877,0.4712960688244325,0.9535185851973348,2.160266243660412,2.016463928633643,1.267204541664951,0.5317775175458741,204.0,55065
LAFAYETTE,2022,55,0.1227610533328251,0.162820053225414,0.3541598725605597,0.6636098762549095,0.6237135016787371,0.4781352100455234,0.226661369951709,0.0794143874497902,0.1394195088396221,0.4664201533274135,0.7561300871360104,0.7655355762891084,0.620407940312733,0.3260796446821254,0.3542414224711716,0.4905016394842591,1.18277828039399,2.302353953918657,2.15802044849542,1.631253115717578,0.7215118922883459,217.6,55065
LANGLADE,2020,55,0.1204482200189344,0.1277819594173437,0.2115278870763914,0.4730565056940581,0.4948249681917188,0.367135199667343,0.1168390093073593,0.09836073078559,0.1360260053485068,0.2318654191191399,0.6267208574597256,0.6217284267129466,0.4932544031123218,0.1424264677583499,0.3521660385289488,0.3786919347218594,0.6817088024268894,1.627866044364816,1.706673940320841,1.244687009769954,0.3391257946008831,139.1,55067
LANGLADE,2021,55,0.1130078221506472,0.1191580515549844,0.2595627772550273,0.4852319230729065,0.4982340835515271,0.4067791344102952,0.1736463837320131,0.1148347178910261,0.084552528713608,0.3197418997962299,0.602219330050642,0.6390478631813977,0.5636906132714378,0.272037006931169,0.3253567627370314,0.3479429875146127,0.8554415956819685,1.672033327076199,1.718981827464299,1.387752587516001,0.5447877582245281,166.5,55067
LINCOLN,2020,55,0.1282829662287247,0.1442589122231048,0.2162695116701173,0.3961698482682497,0.4358919754154151,0.2954780865321798,0.1211390715706429,0.1268598114989064,0.1595806518393086,0.2663174073323778,0.5460607847828759,0.5551007198030473,0.4067030223674806,0.1811107365844252,0.3874254759244796,0.4452180939404375,0.705785196833296,1.356628151498133,1.500355940661046,0.9923314170506125,0.3615800314790038,136.4,55069
LINCOLN,2021,55,0.1222961678380216,0.1306516688336833,0.2378931726745211,0.4271807589853909,0.4488646956641023,0.334470389463112,0.2176392216697888,0.1345709281197724,0.1245129517650532,0.3197700436177895,0.5376149203467275,0.5888541790882564,0.4797092894563693,0.3276211602454304,0.36482837993418,0.3942955446993292,0.7819162967799625,1.466760135151005,1.545360385000193,1.131336361158134,0.7082622735383872,159.7,55069
MANITOWOC,2019,55,0.1022557449504442,0.1478610084261169,0.1418561214162798,0.4251314953301984,0.5391719740971371,0.4689593591727273,0.3556407347534611,0.098458323223342,0.1342747226973794,0.1234123211023798,0.489292163268168,0.6940235592846478,0.6404268730834853,0.5215497023607939,0.2771382917751226,0.4421064689271679,0.422562030078273,1.445274660885913,1.857871234584952,1.603843877676904,1.193857028279042,163.0,55071
MANITOWOC,2020,55,0.1183188727732846,0.1159702723405545,0.2428218915161514,0.5216997894848583,0.5217684957586752,0.3495617889091617,0.1338540370297085,0.0893570811774781,0.0971263438228394,0.280081635502624,0.6650057880887921,0.6736917406894172,0.479839876006299,0.1657732206667623,0.3349711683922636,0.3264696960926231,0.7854171877313225,1.794394451268072,1.794644680985209,1.171602207047796,0.3911717856653918,156.5,55071
MARATHON,2020,55,0.1214933099614043,0.1465358073915243,0.2630650860856225,0.508342998739392,0.513604021512837,0.3456208129752012,0.1307075804224188,0.1088932537303671,0.1534692075218431,0.3381175110112807,0.6434764216944034,0.6531619718958692,0.4716813154089987,0.1803413993827164,0.3520869679580492,0.4425625350004237,0.8641889661812023,1.751571749643122,1.770620176133833,1.162853597569686,0.385303699146273,136.3,55073
MARATHON,2021,55,0.1396296179218933,0.1566923181174578,0.2731995323628841,0.543533784717498,0.5253950316087939,0.3725514364922244,0.2216927746240356,0.1504646126457078,0.1707387199065219,0.3433975044650973,0.6474150536858099,0.664551764098737,0.5189007202702163,0.3246762818335986,0.4143637516705339,0.4775199595828068,0.8998374125518365,1.877913484679765,1.812330553828829,1.259298376131674,0.7151955972610446,156.7,55073
MARINETTE,2019,55,0.1075164335409719,0.1264709337435902,0.160701221181029,0.4747709227844993,0.5195643696589755,0.3708031446369546,0.2571279319850262,0.0945959559046355,0.1055462412459738,0.1755933806267795,0.5790033902475982,0.6600897221645697,0.5630776164901169,0.415627144209425,0.2996295431884535,0.3681917462008556,0.4929184186238367,1.628289782397958,1.790404087687825,1.252208580751302,0.8409163339842737,126.9,55075
MARINETTE,2020,55,0.1155607045593657,0.1230597980437974,0.225579916553664,0.5063965267059028,0.497200095611119,0.3687222999708973,0.1238824171262047,0.0986993274215974,0.1139187184173982,0.2491250581001022,0.645855298615436,0.6386448233663253,0.5018882790265445,0.1690106124203239,0.3297218896873826,0.3568183043798211,0.7277347810747095,1.743726229658217,1.710451767812419,1.245618887645866,0.3580734561355634,140.8,55075
MARINETTE,2021,55,0.1244157167786083,0.1346097106327693,0.3789859621680545,0.5356213753453049,0.5458033165111593,0.4069691295036556,0.1240160911295806,0.1115996310709748,0.1190496238894395,0.4685872123078528,0.6760094289296236,0.6768470813874421,0.5720152622581023,0.2037887570883993,0.3594248017162771,0.3963073003313497,1.28115424592541,1.847164692320205,1.884020419729166,1.381846753835343,0.3587707189412431,169.6,55075
MARQUETTE,2020,55,0.1109816897546796,0.1174144967640001,0.2087387882469193,0.4526700620070786,0.4124908774435389,0.2459035618878235,0.1186858411931504,0.0884902354825832,0.0937168130099343,0.236553638037795,0.5908808952474599,0.5753863254721032,0.3839123564998463,0.1758610217870182,0.315839801619333,0.3390920993801072,0.6704714455132121,1.552848412947568,1.406628087876482,0.8039163967198831,0.3436417654701476,126.2,55077
MILWAUKEE,2020,55,0.0808749118457217,0.0803639719205332,0.1386204065916227,0.3345968193578538,0.3206215048750181,0.2519515636652017,0.1123050630318376,0.0815120728173996,0.0924508893979988,0.1468521544921044,0.4259173037068212,0.4168261916642736,0.3532508005119687,0.1710218959593999,0.2309694862055422,0.228356721535452,0.4400423397367135,1.148113091077471,1.097515587246409,0.8490676413585518,0.3437662240428214,191.1,55079
MONROE,2019,55,0.1206050885282389,0.1556430701209482,0.1618112975179609,0.4424441940575774,0.4774368461704512,0.3848650669108377,0.2019642794188323,0.1055073312168524,0.1362710206555204,0.1832235224625615,0.5339331656808607,0.5860871965531035,0.5507969844041355,0.329945255566437,0.3573273388642135,0.4840965428905975,0.5065059356855317,1.521741872862724,1.648344533617601,1.313420286588484,0.651685237442402,156.8,55081
MONROE,2020,55,0.1214314918667062,0.15374829825924,0.2539792668734176,0.451564512146345,0.430853095405097,0.3050857122181543,0.132109801944991,0.1000901649188213,0.1439427064884391,0.2812325607969076,0.5801038572686084,0.5643054471335793,0.4379219347686354,0.1994769033574057,0.361230062620889,0.4781522145831149,0.8407977734537374,1.555684095619644,1.480717956929322,1.025690758141781,0.3998647211906521,154.2,55081
MONROE,2021,55,0.15721951923987,0.1625386360233994,0.2887028850354792,0.5187359314075991,0.47484911779916,0.257070177408739,0.1411150350559258,0.1559623103442971,0.1483626215781947,0.3421784679424284,0.5876326972222813,0.6028798744494325,0.3772890982222844,0.2052246408055198,0.489798537240284,0.5084817797194772,0.9641417556045848,1.796706929576781,1.637612052852387,0.849689422969372,0.4301636406525767,146.3,55081
OCONTO,2019,55,0.1061871978206416,0.1288094543498849,0.1420747586675933,0.4534486296568193,0.5261226262807357,0.4049120991981876,0.2857546039662582,0.0974458501039827,0.1102886733439117,0.148572797335781,0.5546837926947347,0.6746396905596804,0.6003044447321525,0.4497143421996568,0.2941657944471523,0.3760169588196543,0.4241616143159421,1.550448224427747,1.813478216266854,1.374949884494303,0.9438385667663944,118.8,55083
OCONTO,2020,55,0.1215920780591811,0.118586626008987,0.2313186901876991,0.5174153197597684,0.5180863429715729,0.3736404211974965,0.1365331084026698,0.1107124881452224,0.1095540774732554,0.2560244334225572,0.6629588002109634,0.6545776571459345,0.502171922811421,0.1937731344444598,0.3489333431537551,0.3380497171530658,0.7459151365758458,1.781010977396248,1.783437449177447,1.260834011806561,0.4029811067034723,149.7,55083
OCONTO,2021,55,0.1322536279503637,0.1254511308010972,0.3404330887789918,0.5824224666924418,0.5518530090690666,0.4189609117541613,0.1439954157874078,0.1203280943156726,0.1104952219512846,0.4208970684239742,0.682007975486911,0.6947724702242608,0.5944834425305254,0.2512655033540047,0.3860288926208891,0.3614463967341657,1.139234656257141,2.014752680567139,1.904143563083651,1.423321609949304,0.4338584823260197,168.7,55083
OUTAGAMIE,2019,55,0.1054051378363499,0.1490333417588271,0.138614461483347,0.432601490689207,0.5469303585099526,0.4577386726471212,0.357723378003873,0.0995664118428259,0.1435770584107129,0.1468614891006925,0.5245663390655245,0.7061226967905209,0.6582044797249299,0.5417330930396017,0.2878326614898654,0.4456449046243754,0.4090107084260103,1.471625599795834,1.88525804069345,1.562567449603732,1.200710678989186,127.5,55087
OUTAGAMIE,2020,55,0.1262772130543113,0.1177216295035578,0.2653448605824034,0.5587726013899653,0.5410313444267295,0.3537833258988923,0.1410774632985506,0.1191438799144113,0.105812159942288,0.3157965819564938,0.7025658996493648,0.6905414307736353,0.4877493060895911,0.1985840475627744,0.3626817869785221,0.3317301286093569,0.8658306582409941,1.927451761756657,1.863261278337612,1.18579877540395,0.4162313844838548,173.4,55087
OZAUKEE,2019,55,0.1070372073565963,0.1482868536702781,0.1344690966578921,0.405043099667893,0.5257583978120881,0.4612152107859677,0.338747270386745,0.1087687666175034,0.1480376102614563,0.1140082797528652,0.4851726666894458,0.6708530819774176,0.6272848841843627,0.4971255001339922,0.2992919089167083,0.4485205621075674,0.3987770277144008,1.37744641240125,1.814217275059395,1.580700812236331,1.137610716656836,154.6,55089
OZAUKEE,2020,55,0.1112729390183138,0.1148543379486775,0.2277072726914507,0.4581274643380377,0.4623619588911066,0.3279990668463548,0.1442791290079426,0.0897039801159374,0.1012419234265283,0.2594743105018626,0.588273635274525,0.6113237563258995,0.4669723932469541,0.1910375658087652,0.3162333413681218,0.3292163125425849,0.7374932116420762,1.571149800683984,1.586468987710556,1.100346402743348,0.4356518559836854,151.7,55089
PEPIN,2020,55,0.1246741967238283,0.1613072015197119,0.4078486348140628,0.4998581439480239,0.4322689848950946,0.2300324105574521,0.1281289693287598,0.1028341926394348,0.1610909744436753,0.5211027262469815,0.6367299839526351,0.6091674698792372,0.3401495806309627,0.1822672893031589,0.3659882851672082,0.4985272812327343,1.390515206521914,1.723420525349568,1.478896241257956,0.747313599340221,0.3784873207015705,168.4,55091
PIERCE,2020,55,0.1226534643369109,0.1684354877493665,0.4459192424863354,0.5350831535364928,0.5045323973450769,0.2952230269262033,0.1373221115222987,0.0884051081189816,0.1684902037380878,0.5462392831969038,0.6538854553904639,0.6609138530952118,0.4130988375028723,0.1862336050480821,0.3565883186111437,0.5222277944220249,1.526164193721049,1.848783674093548,1.738226447549074,0.9809578751942928,0.4096595204329894,186.4,55093
POLK,2020,55,0.1197796850259921,0.1642175845360583,0.3978230197776448,0.5227099383228198,0.5068339239567689,0.2504439401459731,0.116392683659442,0.0841386209849934,0.1506080836359255,0.4783041259204548,0.6692577193042117,0.6566402568552481,0.358728384640344,0.1557579781919155,0.3451782832723245,0.5059550205533274,1.351136047461159,1.802973366826816,1.745532811056016,0.8179215328664545,0.3329245291817224,170.3,55095
PORTAGE,2019,55,0.1121662093882142,0.1461071370192857,0.150897393271169,0.5009510915520652,0.4970261567947597,0.3562353056549195,0.23439706164552,0.0980224935650718,0.1310393358882504,0.1765785084059879,0.6217787611512956,0.6383934300947575,0.5481539338226208,0.401115827610897,0.3182800903566828,0.4410742429083999,0.4600453063452983,1.724952685230053,1.71071988007492,1.20134841506963,0.760508032473145,170.6,55097
PORTAGE,2020,55,0.1142820512486405,0.1225084334391116,0.2513169786374437,0.4897785015081866,0.4725857821763985,0.3035843795882702,0.1248152228381251,0.0843404285971071,0.0997703516241245,0.3206858427817646,0.6438221203074976,0.6285651214803099,0.4342196277332494,0.18893136773047,0.3263378044806155,0.3559120155324276,0.8219970663124633,1.684780162941083,1.6225463608103,1.011137309335121,0.3643149080007324,146.9,55097
RACINE,2019,55,0.0923817482786211,0.1346857792386627,0.1443070504335363,0.451188747879312,0.5036512302012013,0.4222767266159687,0.2427264034457955,0.0930630367895939,0.1357121904734577,0.1542744908570435,0.5529376511308126,0.657133519479278,0.5969758337040557,0.4007806689561718,0.2474438128735265,0.4010888834357832,0.4352596877987149,1.545605659665952,1.735420516570232,1.441066486504023,0.791400575210174,161.0,55101
RACINE,2020,55,0.1155419888596185,0.1004472140596407,0.1948311763457333,0.5137111978158111,0.4962416107651499,0.3734337639426701,0.1454678838775891,0.1075026320070674,0.1015535466303284,0.2261045263308511,0.6652912482796534,0.652179682568971,0.5223684058516713,0.2171287925520411,0.3291367388350057,0.2753524593215475,0.6162459307223721,1.769854075627366,1.706679867430933,1.26235054155061,0.4375686072142876,180.7,55101
RACINE,2022,55,0.1133550137167935,0.1374540937269271,0.2426903847549489,0.538956714771884,0.5418326014698893,0.4388927984850366,0.2347530267879935,0.0890714526809662,0.1301269326312374,0.3183418996585283,0.6838963584939745,0.6919392499598752,0.589710207213178,0.3526452640926889,0.3194367959122503,0.4050534320815138,0.7855495431595613,1.858403702449534,1.868405748697073,1.495971029406109,0.7570378717173685,179.3,55101
RICHLAND,2019,55,0.1323638053887806,0.1722211765208923,0.1721178043819008,0.4901648488825853,0.4881864299394996,0.3919314224842857,0.1887560187590326,0.1216016093889408,0.1573212253537726,0.2032879622827205,0.5876670419643281,0.59873780308841,0.5587785687890301,0.3288609166950849,0.3968662563033045,0.5410707253667058,0.5407397522629444,1.691396803167997,1.684239089380723,1.335983742428433,0.6013533211881242,151.8,55103
RICHLAND,2020,55,0.1316077875237251,0.1558329413968891,0.2602962242207232,0.5011524885958251,0.4625485887353804,0.2813169081774205,0.1314271159428028,0.1141362639469996,0.1451250776201452,0.2993775177627649,0.6264911566695988,0.6004296815040842,0.4089472260305947,0.1874724610264597,0.3951203098043125,0.4827701122320392,0.8606793677755655,1.732141905768749,1.592466614058392,0.9367703332425444,0.3944690649377039,163.2,55103
RICHLAND,2021,55,0.15281925168649,0.1686370897784957,0.3082096012318433,0.5452216408113226,0.4693675143083252,0.2961576564632487,0.149185896620866,0.1417914848971158,0.1646763631437114,0.3607021494642086,0.6103574969542541,0.6060888023092419,0.4341701124558293,0.2171922818919979,0.4699570873649077,0.530666702458182,1.034877473235168,1.889630087246526,1.618748689925254,0.9912855816723536,0.4595807090923572,164.8,55103
RICHLAND,2022,55,0.1110240952101718,0.1984306544897943,0.2618304696422706,0.5591715403029999,0.5390154270947195,0.4196762411883176,0.2124970803977651,0.0820715926621145,0.1824584759255551,0.3104311323979687,0.6565811677450686,0.6591287156757166,0.5419110921115852,0.3107962135321849,0.3192982427095645,0.6329062983425285,0.8623444813699442,1.938131704697098,1.865203894191935,1.435008369770802,0.6838079141590171,179.5,55103
ROCK,2019,55,0.1232834365951413,0.1637109187524329,0.2120209235393064,0.653888073113388,0.6292491373655102,0.4644374391552058,0.230880906146094,0.1038716820776264,0.1401005143356419,0.2216709828246164,0.7723649814698154,0.7905842106435756,0.6748558137048672,0.3726485172164279,0.3442220319703714,0.4904862867331583,0.6653148612828471,2.263949448488757,2.174805085532038,1.578518010620773,0.7336171667588729,198.1,55105
ROCK,2020,55,0.1299706901699628,0.1545118941034626,0.34822637198333,0.6136651622610775,0.5775117715132883,0.3642438919361491,0.1658218324447834,0.0965093765190546,0.1262099679958781,0.4147955218748193,0.7577239602839272,0.7455332903753067,0.5331394250917223,0.2354077602475442,0.3694527477924571,0.4582448446111145,1.159102642153042,2.119632126832968,1.98865768007274,1.217054491762656,0.4991634805228947,193.4,55105
ROCK,2021,55,0.1367846693753111,0.1836202101449877,0.438316224302907,0.6935537699015656,0.5836853803362884,0.3225450140553879,0.1538322996922507,0.1011705407468878,0.1562185625182418,0.5432856928925597,0.7511216069962554,0.7300713506849579,0.4568686108956432,0.2219825550380975,0.3933184686595162,0.5627890828402945,1.484309599105245,2.407975880914615,2.010269109169479,1.065450249820667,0.4590203766319041,194.4,55105
ROCK,2022,55,0.1286085618925901,0.1571280242876055,0.3380059095494254,0.6500153120276451,0.6265675059564348,0.4428951038267735,0.2294923803051047,0.086431098251184,0.1361117256539495,0.4369917310587438,0.7772752965160471,0.7711816274573744,0.5841108830929308,0.3315819312709909,0.3653979491072157,0.4669803183294388,1.121498088407227,2.250486233740832,2.165581688138062,1.501011139481936,0.7288301301668131,204.8,55105
RUSK,2019,55,0.1142812235090709,0.1414028052838522,0.1293273216647767,0.4438234328236263,0.5033129304393736,0.4421140830410046,0.2324194080671855,0.1034412154845094,0.146332283334793,0.1009236105447353,0.5776831382667336,0.6554633255624257,0.5861042247234908,0.3937798451292333,0.3278001070528601,0.4251799225603813,0.3863479106980375,1.519337822968506,1.734631839974496,1.518041899070002,0.7544771737405932,111.1,55107
RUSK,2020,55,0.1174432120337382,0.1413436644626575,0.2757062013702742,0.4309712215713788,0.4514466209621673,0.2614554876114222,0.1179116004945426,0.1016090531257941,0.1326056150774135,0.3687228834965768,0.5663643846950585,0.6197542146484127,0.3969542581982063,0.1739038514921846,0.3408907283288482,0.4273703988378293,0.9137528848194876,1.47661112539478,1.54992526729029,0.8619339352426252,0.3425854469805613,136.1,55107
RUSK,2021,55,0.1310326506101013,0.1490032974352043,0.1819243654156796,0.5133021246951674,0.5140397289966219,0.3016139002727181,0.2262485380089827,0.1200488216692732,0.1319283164556485,0.1722422224704839,0.6735446170057254,0.701169296517105,0.4561261558495275,0.3273444650559394,0.383497520984787,0.4486408203091137,0.5679816500662619,1.766553453536571,1.76921772311485,1.000666811164073,0.7326074819053519,161.4,55107
SAUK,2019,55,0.129786509993336,0.1623282153921401,0.1639055716488381,0.5107964074343299,0.5134390780786184,0.428502358132044,0.2112823715505667,0.1158729281892866,0.143803784388006,0.1967547697657626,0.6144378581471118,0.6433084608894581,0.6089425854176405,0.3274610193141246,0.3824975723390125,0.5002804498087297,0.5065367877432247,1.761042165529086,1.770555884304452,1.46326561254447,0.692407581991514,152.6,55111
SAUK,2020,55,0.1319543465930806,0.1422726584820021,0.2569400222280542,0.5140711080605738,0.4781383703105906,0.2819982137103587,0.1349520598342591,0.1124966461084029,0.1203957681819098,0.292598335330342,0.6535197802910165,0.6362430981794287,0.4158896303911324,0.1855648964110406,0.3914984026294991,0.4287614034096255,0.8440202420488254,1.774295238195721,1.643908348627278,0.9342731979027734,0.4022602131790359,168.9,55111
SAUK,2021,55,0.2159049524379103,0.1658957262256632,0.3240492582354352,0.5598888719218219,0.4774914586146438,0.3327463408185894,0.152298903751175,0.2372488039261813,0.1585576576195451,0.3812717929587161,0.5728312172092218,0.6153608994600919,0.479146397265616,0.2183222621562013,0.710908931967935,0.5172030987520553,1.087996931705921,1.938617203456819,1.644607641040277,1.119431709013056,0.4671052478388054,171.3,55111
SAWYER,2020,55,0.1111865558422939,0.1302104991497005,0.2890679991312057,0.4544805635582919,0.4751306596976403,0.2052656191043674,0.1066187490852824,0.0821973179671702,0.1039051866920229,0.3898688824271448,0.5869634139286847,0.6173420112829955,0.2986885898208255,0.1471859954003183,0.316856902429487,0.3855158022220782,0.960556633852704,1.561119671929337,1.634442233123939,0.6570747803685266,0.3001845035541031,143.2,55113
SAWYER,2021,55,0.116252245969614,0.1396003785950606,0.1576848741272796,0.5274343152705508,0.5219771863159889,0.249761362602374,0.0443933208221494,0.0896888806549277,0.1067580704644072,0.1274116312593403,0.6884383649667412,0.7097105286153998,0.3754499272057038,0.0758909736509727,0.3283674580801782,0.4125390668812718,0.4782765696561514,1.81603958086064,1.796243732334383,0.8114248142665499,0.1442660424721924,150.9,55113
SHAWANO,2019,55,0.1170892660486527,0.1480455800941707,0.1415423602458504,0.4965839271905327,0.5340060103917503,0.4240175524053497,0.3101935931354299,0.1076890138587452,0.1332144842141368,0.1609829239193304,0.6105518863231171,0.6825426529565746,0.6158320764388328,0.4847320460931864,0.3331756882924344,0.4451721934630341,0.4222344105716307,1.706358871960618,1.841599812071963,1.443644298126334,1.031820813267152,131.1,55115
SHAWANO,2020,55,0.1294079883795421,0.1243762743813374,0.2574704949631357,0.5385155197623793,0.5304213672463817,0.3024518684237104,0.1247068021282697,0.1148092624777277,0.1094763435486589,0.2965677902549802,0.6704784346197128,0.6692550051880614,0.4236347128212028,0.1682468851724827,0.3769215210443972,0.3586868043523758,0.8402330844726219,1.857086823182992,1.827743699546762,1.002957219967845,0.359873443200419,152.1,55115
SHAWANO,2021,55,0.1633821072659934,0.1362785272387349,0.3875280756545968,0.5929870943337204,0.5531100559055274,0.4212119787912278,0.2973915512845309,0.1486985172810458,0.1074865198350441,0.4752540554562975,0.7002349321489202,0.7067135198166199,0.5978047656387537,0.4400443170315405,0.4949134988526998,0.401446342762398,1.310064741157758,2.053421331660341,1.908890975525939,1.431933767216114,1.004676786038253,176.2,55115
SHEBOYGAN,2019,55,0.1015685487432019,0.1521905769618426,0.1415506025333719,0.4213343807840653,0.5216728306231286,0.455769022727771,0.3316294667708513,0.0980212005686851,0.1448457898766412,0.1182478642262956,0.4884641956975646,0.6712050416733385,0.6235963562894951,0.4928448342256846,0.2787502453045183,0.461838543943247,0.4248914232731941,1.435614822368949,1.798630359185623,1.560192693529482,1.11105578007735,183.2,55117
SHEBOYGAN,2020,55,0.117836664788518,0.1149219118877356,0.2613899273115762,0.5048681104575388,0.5040866298416192,0.361580040308845,0.1551864859847549,0.089207880700359,0.0933384260134512,0.3027970975480913,0.6387059000524498,0.6611704900993172,0.5122763129975205,0.2140470790556683,0.3353731080543888,0.3247814383032401,0.8546983510902767,1.73560589017243,1.732771038117602,1.217185761352995,0.4704542369503317,161.3,55117
TAYLOR,2020,55,0.1304984637766669,0.1419329840280022,0.2662089404078475,0.4789425489027775,0.5134406048022622,0.3536143409418944,0.1283268164239814,0.1281965703587461,0.1520006224511776,0.3359152538576418,0.6214114604765422,0.6450629583675515,0.4821173189115428,0.1793856626290618,0.3842988866018136,0.4256584073796449,0.8752997285907095,1.644964692327465,1.769782616895357,1.191532331790918,0.3764422907075674,146.9,55119
TAYLOR,2021,55,0.1351678449825985,0.1437196307019146,0.2634744883097754,0.5300698150830103,0.5303497277275685,0.3596945070867229,0.2263566552801715,0.1386091078471505,0.1371410110424247,0.3238505884395976,0.6538211883110471,0.6900663677529282,0.5126132804927168,0.3278144112753278,0.3984085764813523,0.4293682021683159,0.862623794912638,1.827167047499267,1.828179227663404,1.210749752723718,0.7283350817694031,174.3,55119
TREMPEALEAU,2019,55,0.1215190447797007,0.1715656427803815,0.1882522232153507,0.5017799955354852,0.5107294353534206,0.3742766173676032,0.1945815240490001,0.0953360027492258,0.1667245920614235,0.2072634553816935,0.6137263293462023,0.6458124557608967,0.5648471356385122,0.3229314747092261,0.3535568748610508,0.5345040420109649,0.5952486203475152,1.728680046046561,1.761216374102553,1.268289486913516,0.6172830113281182,158.3,55121
TREMPEALEAU,2020,55,0.1018955498088556,0.166067075842954,0.3871458442154337,0.4893694257771411,0.4493097301023609,0.2835991509878434,0.1296686078921798,0.0772733514937118,0.1710219618435816,0.4668080767812663,0.6286411723083153,0.6006384145459885,0.419319032027402,0.197726483699142,0.2854513035389245,0.5176301335370118,1.318147680688688,1.687350225256278,1.54239892084334,0.942856694769913,0.385935001538768,161.6,55121
TREMPEALEAU,2021,55,0.1552925250819006,0.174676954250234,0.2531280550666207,0.5460483433476897,0.516305028866182,0.2513553460561338,0.1651972736019846,0.1426951470847017,0.1773542095841142,0.2842408111306777,0.6605728625465774,0.6755985036040028,0.3814566361013433,0.2476724297339558,0.4753138701149127,0.5449479934297288,0.8284096173054414,1.888364981899516,1.780585311194476,0.8219961906220254,0.5109633571958141,164.9,55121
VERNON,2019,55,0.1210010889845736,0.157222341828342,0.1614959251073131,0.462264703161469,0.493851220026046,0.3908941235834742,0.184421396176347,0.1064745598225333,0.1357311802640328,0.1862846292640054,0.5549974406347687,0.6003150565474633,0.5523276409476329,0.3102595410631434,0.3587449483764137,0.4897934116061345,0.5053020030579506,1.593436775106046,1.707716374202896,1.335176705237451,0.588199961702756,155.3,55123
VERNON,2020,55,0.1191991650042049,0.1601281661089507,0.2887796506713914,0.4784957599609074,0.4524339122168084,0.3062151631641649,0.1361364138173569,0.0971880718795139,0.1477270432860866,0.3254884325102579,0.6030699824238595,0.5829028212895131,0.4389820569688296,0.2014942619844521,0.3532617730087074,0.5013425273219813,0.9669827393369312,1.653219767965368,1.55890602654788,1.029886173529933,0.4145416773386606,176.0,55123
VERNON,2021,55,0.1550262212270219,0.1619461417892248,0.2997163832288502,0.5385618058268761,0.4779136305692625,0.2570002540044386,0.141962331144643,0.147596425090779,0.1454735450441198,0.3512881905768311,0.6040420014543215,0.6149526911428114,0.3812561804994377,0.2011196797630641,0.4819599393550198,0.506139441253437,1.004550330621566,1.868658009788371,1.649267668235709,0.850003658407069,0.4344591365753233,169.3,55123
VERNON,2022,55,0.1114742134760615,0.1678150372416815,0.2317942628452891,0.5248604975933466,0.5091725773568117,0.4278122992409452,0.2195560687217654,0.0827191001209501,0.1461769451093308,0.2494372849176093,0.601934761956371,0.6030491442934188,0.5483418543615368,0.3176372643648557,0.324093535617066,0.527226138197164,0.7587494675492539,1.819039922335709,1.762292632507399,1.467911820209316,0.7144355170426456,172.4,55123
WALWORTH,2019,55,0.1162085344977153,0.1582809637234049,0.1992698925005258,0.6122703819218672,0.6085198984418818,0.4897620368349995,0.2683087820367076,0.1018048153865923,0.1389946132186353,0.2330266601158145,0.7131772650560163,0.7729066005225562,0.6910296222139006,0.4326830743518,0.3208468489034979,0.4730830740526401,0.6213646966409003,2.115598858561679,2.102028789873389,1.672363662200274,0.8711456574456383,174.1,55127
WALWORTH,2020,55,0.1288305980384149,0.1422986683153234,0.3219818497496035,0.6077038932444803,0.5786748865669841,0.4103225315680507,0.1848585487721089,0.1010708765999003,0.1149125021774814,0.3858164329811773,0.7655737541895712,0.7494484406068915,0.5880519191844256,0.276463110933599,0.3660546178187311,0.4147700727676239,1.06486107670594,2.098610259766218,1.993576507276229,1.384477686890081,0.5687489971343697,190.5,55127
WALWORTH,2022,55,0.125364021869542,0.1466345892662546,0.2750972435011363,0.6204620084440243,0.6328742726293323,0.5225881583726963,0.288424042497593,0.0822675479941167,0.1228935654132889,0.3452764610077835,0.7618586958052092,0.7740391422465384,0.6670798151332684,0.4332684919194867,0.3526867383816242,0.4288297496720941,0.8936420842477364,2.143413079906248,2.188206568801847,1.78912713628003,0.9418646736440118,197.1,55127
WASHBURN,2019,55,0.1026352492145962,0.1430689878779243,0.2034191442362615,0.5416777506283343,0.5565517426255254,0.2768062762341077,0.2099805632282891,0.073115678038895,0.1280435363787128,0.261417638243657,0.6550088817735094,0.6834443537398652,0.4508893531692413,0.3436045651744625,0.2810621622057715,0.4269618055365261,0.6622231763344965,1.869127339085746,1.923190536432574,0.9290963888003584,0.6690477241698546,155.1,55129
WASHBURN,2020,55,0.1102291291047101,0.1412208922554932,0.3489556104494867,0.4727984669506386,0.4555524329106876,0.1733725807933121,0.0932893185852918,0.0807987155480078,0.12038241181399,0.4185868042655232,0.5959756394443687,0.5979978768853251,0.2497030262840012,0.1265076866978141,0.3148756993166585,0.4270024063716801,1.178587538608391,1.627183707882789,1.56422095645831,0.543312728586983,0.2535880299333934,158.1,55129
WASHINGTON,2019,55,0.1202909832225895,0.1472932506311045,0.1515771682931958,0.4667443418848828,0.5285136013364848,0.4288584495028445,0.2634569593293822,0.106870987618444,0.1387325381337276,0.1306857317674098,0.5422035186482346,0.6720686983596914,0.5986188115289879,0.4019809882496182,0.3484575804616638,0.4461422746312818,0.4617072904555242,1.601918074586258,1.825397485578861,1.464847072081665,0.8664240076247324,166.7,55131
WASHINGTON,2020,55,0.1252426634230296,0.1235501548214682,0.2640583610064881,0.5097739848626933,0.4788154536062515,0.3209947422566878,0.1384316197731627,0.106528904486976,0.1100601964052281,0.3167015363582284,0.6374953618275381,0.6237405953794282,0.4558043137779354,0.1934933248853007,0.3679198197390101,0.3617965969511001,0.8701556746863212,1.759153541238268,1.647147556368462,1.076152295803048,0.4156389186576478,171.0,55131
WAUKESHA,2019,55,0.1159734170495007,0.1445996607301909,0.1811370136851131,0.5061167684779704,0.5101521691917132,0.4127454547129253,0.2240162213792545,0.1011022127114333,0.136738865783055,0.1988560402230555,0.5939955666523568,0.6591159753644709,0.5883346147560097,0.3692427553750525,0.3339026808700877,0.4374956246011588,0.5696510143341567,1.745441060554839,1.760028264619217,1.407623899210755,0.7248014483781873,169.3,55133
WAUKESHA,2020,55,0.1204063113420789,0.1329243786289135,0.2712733118164698,0.4823797472135044,0.439177561932646,0.277943970559187,0.1373507223721829,0.1080389147992391,0.1227448449558159,0.3272009726097448,0.6182740686636286,0.5830251668447133,0.4093228553629788,0.2084871950367043,0.3525709499318026,0.3978487195924641,0.8983939966613574,1.662165428668529,1.50587241331317,0.922529279723992,0.4138629077834144,166.2,55133
WAUKESHA,2022,55,0.1105578001247748,0.1478210413425069,0.2527684471082435,0.514208323003968,0.4958530023980222,0.4005415090837046,0.2157450573357457,0.0817779046459362,0.1349036414620431,0.3172613921095416,0.630066105931686,0.6338906376305662,0.5282812258827401,0.327121159655113,0.3165479609211978,0.4493018510219277,0.829611734958405,1.776235999990888,1.709150320206096,1.364215979294579,0.6953469036455413,181.1,55133
WAUPACA,2019,55,0.1112764969108368,0.1459593346966345,0.1405531244021205,0.4795172744373803,0.4918097984974623,0.384902398891114,0.2836628624614148,0.1024475613237367,0.1311786439837513,0.1685717589419791,0.6124934648471182,0.6571429040138942,0.578690612914188,0.4596559914836317,0.3150570570329985,0.4404772086061534,0.4220051103202373,1.647453867575704,1.691785813851917,1.304956404909509,0.9386828595949336,138.8,55135
WAUPACA,2020,55,0.1222034289598299,0.1193289431874327,0.2389855883354872,0.4839192594172075,0.4798670023815482,0.2855283653474077,0.1252374669344927,0.0996442957511556,0.1008385148988698,0.2978339565877935,0.6479779905634157,0.6358184174592786,0.4181216194348101,0.1825952538607171,0.3543292897378522,0.3439022533322408,0.7768279196182861,1.662993894514061,1.648323388562967,0.9454442635285204,0.3652768987582929,159.4,55135
WAUSHARA,2019,55,0.106149856505428,0.1390602003755155,0.1492385995712809,0.4588265648812603,0.4906571697214363,0.3430604379733215,0.2348931281679104,0.0851988538418336,0.1228847010431884,0.1615778127676176,0.573802758732601,0.6398768151054689,0.5219908165157633,0.402451931655512,0.2967549242224538,0.415829014149682,0.4539605074022555,1.572696977396699,1.687901566217124,1.153926886547931,0.7616887444665768,172.0,55137
WAUSHARA,2020,55,0.1166620237215827,0.1150432848416811,0.2166655685923475,0.4573122870872852,0.4332573588727063,0.2851430607282274,0.1320103268583221,0.0956791939680767,0.0907078832278138,0.2618113498135963,0.5871090197062115,0.5828401933678775,0.4096962200017582,0.1961549873272745,0.3364826374350779,0.3306136232206718,0.6983358169391539,1.56916641286821,1.481916505898181,0.946182240151697,0.392004903406666,151.8,55137
WAUSHARA,2021,55,0.1137925949011811,0.1330893837354395,0.3274135614219658,0.5317616318402109,0.480297188346952,0.3129737500734338,0.1084149126361852,0.0797450011119037,0.1205476145915662,0.4121544534309438,0.6325313814593393,0.6339885701549205,0.4731673448628387,0.158449402458665,0.3285986150388521,0.3979084863604131,1.096026833839233,1.835413342465314,1.650949319224975,1.043778270780289,0.3109662226197127,187.8,55137
WINNEBAGO,2019,55,0.0966036764340339,0.1335952313746637,0.1385846743285567,0.440793321132289,0.5495133162736578,0.4397683300655132,0.2780852299282957,0.0815937518479342,0.1193723463194776,0.1265937021336546,0.5284494032433847,0.7046082043916091,0.6140169470718232,0.4127488950979873,0.2572508351577693,0.3910938688618388,0.4091791834464268,1.50252614794761,1.895872040799796,1.4988206452598,0.913786956933612,140.2,55139
WINNEBAGO,2020,55,0.1095311227774794,0.1057003788747555,0.271732477811781,0.5317104172566517,0.5069340763818048,0.336712443670837,0.1343432874645959,0.0903590681633058,0.0909056266886209,0.3150123160163426,0.6764225666723177,0.6593643318638884,0.4740441373890852,0.1841917280763136,0.3043343640836514,0.2904663312026067,0.8911731447206337,1.831770525826908,1.742129421569584,1.126277443759235,0.3940967366247333,149.9,55139
WOOD,2019,55,0.1126915692655761,0.1562529462576844,0.1351777418091586,0.3811370752310404,0.4664547709061013,0.4114585247131697,0.2907481260984494,0.117500238033212,0.1643040326904509,0.1642542100772496,0.4719793398811146,0.6035955378774072,0.5777321595962431,0.4460673086707994,0.3256253579658402,0.4831961470502807,0.4072169325249979,1.296822653693452,1.605508218942137,1.406545822093168,0.9698156767665668,141.0,55141
WOOD,2020,55,0.127786933722395,0.1464813822878426,0.2710352856671522,0.4759721762133038,0.4936397869917562,0.3685588264617517,0.1465512129513359,0.109063796456365,0.1615404896146041,0.3686269039768245,0.6083205627538508,0.6335361526248814,0.4903856933398913,0.2069798376457946,0.3773663450307857,0.4449545671566442,0.8955960748094709,1.637041912354969,1.700983977190333,1.248428093143278,0.4452213272034083,160.9,55141
